product_id,date,units
84077,2009-12-01,48
84077,2009-12-02,435
84077,2009-12-03,56
84077,2009-12-04,144
84077,2009-12-05,48
84077,2009-12-06,0
84077,2009-12-07,96
84077,2009-12-08,576
84077,2009-12-09,0
84077,2009-12-10,384
84077,2009-12-11,48
84077,2009-12-12,0
84077,2009-12-13,100
84077,2009-12-14,288
84077,2009-12-15,144
84077,2009-12-16,96
84077,2009-12-17,144
84077,2009-12-18,48
84077,2009-12-19,0
84077,2009-12-20,0
84077,2009-12-21,48
84077,2009-12-22,0
84077,2009-12-23,0
84077,2009-12-24,0
84077,2009-12-25,0
84077,2009-12-26,0
84077,2009-12-27,0
84077,2009-12-28,0
84077,2009-12-29,0
84077,2009-12-30,0
84077,2009-12-31,0
84077,2010-01-01,0
84077,2010-01-02,0
84077,2010-01-03,0
84077,2010-01-04,0
84077,2010-01-05,288
84077,2010-01-06,0
84077,2010-01-07,0
84077,2010-01-08,48
84077,2010-01-09,0
84077,2010-01-10,0
84077,2010-01-11,0
84077,2010-01-12,288
84077,2010-01-13,0
84077,2010-01-14,0
84077,2010-01-15,48
84077,2010-01-16,0
84077,2010-01-17,48
84077,2010-01-18,0
84077,2010-01-19,0
84077,2010-01-20,3
84077,2010-01-21,0
84077,2010-01-22,192
84077,2010-01-23,0
84077,2010-01-24,96
84077,2010-01-25,336
84077,2010-01-26,0
84077,2010-01-27,0
84077,2010-01-28,48
84077,2010-01-29,0
84077,2010-01-30,0
84077,2010-01-31,48
84077,2010-02-01,144
84077,2010-02-02,96
84077,2010-02-03,96
84077,2010-02-04,48
84077,2010-02-05,96
84077,2010-02-06,0
84077,2010-02-07,96
84077,2010-02-08,48
84077,2010-02-09,48
84077,2010-02-10,48
84077,2010-02-11,48
84077,2010-02-12,0
84077,2010-02-13,0
84077,2010-02-14,48
84077,2010-02-15,96
84077,2010-02-16,432
84077,2010-02-17,144
84077,2010-02-18,240
84077,2010-02-19,48
84077,2010-02-20,0
84077,2010-02-21,48
84077,2010-02-22,192
84077,2010-02-23,48
84077,2010-02-24,0
84077,2010-02-25,48
84077,2010-02-26,240
84077,2010-02-27,0
84077,2010-02-28,48
84077,2010-03-01,336
84077,2010-03-02,48
84077,2010-03-03,144
84077,2010-03-04,288
84077,2010-03-05,96
84077,2010-03-06,0
84077,2010-03-07,96
84077,2010-03-08,144
84077,2010-03-09,144
84077,2010-03-10,192
84077,2010-03-11,0
84077,2010-03-12,0
84077,2010-03-13,0
84077,2010-03-14,48
84077,2010-03-15,2016
84077,2010-03-16,48
84077,2010-03-17,96
84077,2010-03-18,384
84077,2010-03-19,0
84077,2010-03-20,0
84077,2010-03-21,48
84077,2010-03-22,96
84077,2010-03-23,96
84077,2010-03-24,0
84077,2010-03-25,0
84077,2010-03-26,48
84077,2010-03-27,0
84077,2010-03-28,147
84077,2010-03-29,48
84077,2010-03-30,0
84077,2010-03-31,0
84077,2010-04-01,144
84077,2010-04-02,0
84077,2010-04-03,0
84077,2010-04-04,0
84077,2010-04-05,0
84077,2010-04-06,1200
84077,2010-04-07,48
84077,2010-04-08,49
84077,2010-04-09,48
84077,2010-04-10,0
84077,2010-04-11,48
84077,2010-04-12,95
84077,2010-04-13,0
84077,2010-04-14,144
84077,2010-04-15,48
84077,2010-04-16,720
84077,2010-04-17,0
84077,2010-04-18,0
84077,2010-04-19,48
84077,2010-04-20,0
84077,2010-04-21,0
84077,2010-04-22,384
84077,2010-04-23,48
84077,2010-04-24,0
84077,2010-04-25,96
84077,2010-04-26,96
84077,2010-04-27,48
84077,2010-04-28,336
84077,2010-04-29,144
84077,2010-04-30,0
84077,2010-05-01,0
84077,2010-05-02,48
84077,2010-05-03,0
84077,2010-05-04,0
84077,2010-05-05,144
84077,2010-05-06,0
84077,2010-05-07,48
84077,2010-05-08,0
84077,2010-05-09,48
84077,2010-05-10,144
84077,2010-05-11,432
84077,2010-05-12,48
84077,2010-05-13,1152
84077,2010-05-14,48
84077,2010-05-15,0
84077,2010-05-16,0
84077,2010-05-17,48
84077,2010-05-18,48
84077,2010-05-19,96
84077,2010-05-20,336
84077,2010-05-21,0
84077,2010-05-22,0
84077,2010-05-23,0
84077,2010-05-24,112
84077,2010-05-25,48
84077,2010-05-26,0
84077,2010-05-27,384
84077,2010-05-28,48
84077,2010-05-29,0
84077,2010-05-30,0
84077,2010-05-31,0
84077,2010-06-01,0
84077,2010-06-02,0
84077,2010-06-03,98
84077,2010-06-04,0
84077,2010-06-05,0
84077,2010-06-06,240
84077,2010-06-07,192
84077,2010-06-08,144
84077,2010-06-09,1536
84077,2010-06-10,0
84077,2010-06-11,96
84077,2010-06-12,0
84077,2010-06-13,240
84077,2010-06-14,432
84077,2010-06-15,192
84077,2010-06-16,106
84077,2010-06-17,336
84077,2010-06-18,0
84077,2010-06-19,0
84077,2010-06-20,0
84077,2010-06-21,96
84077,2010-06-22,0
84077,2010-06-23,58
84077,2010-06-24,96
84077,2010-06-25,54
84077,2010-06-26,0
84077,2010-06-27,240
84077,2010-06-28,144
84077,2010-06-29,912
84077,2010-06-30,192
84077,2010-07-01,144
84077,2010-07-02,48
84077,2010-07-03,0
84077,2010-07-04,8
84077,2010-07-05,0
84077,2010-07-06,96
84077,2010-07-07,48
84077,2010-07-08,0
84077,2010-07-09,49
84077,2010-07-10,0
84077,2010-07-11,0
84077,2010-07-12,48
84077,2010-07-13,102
84077,2010-07-14,288
84077,2010-07-15,288
84077,2010-07-16,49
84077,2010-07-17,0
84077,2010-07-18,48
84077,2010-07-19,720
84077,2010-07-20,48
84077,2010-07-21,0
84077,2010-07-22,192
84077,2010-07-23,97
84077,2010-07-24,0
84077,2010-07-25,0
84077,2010-07-26,192
84077,2010-07-27,96
84077,2010-07-28,48
84077,2010-07-29,308
84077,2010-07-30,98
84077,2010-07-31,0
84077,2010-08-01,96
84077,2010-08-02,144
84077,2010-08-03,2362
84077,2010-08-04,96
84077,2010-08-05,336
84077,2010-08-06,48
84077,2010-08-07,0
84077,2010-08-08,0
84077,2010-08-09,336
84077,2010-08-10,96
84077,2010-08-11,1
84077,2010-08-12,48
84077,2010-08-13,48
84077,2010-08-14,0
84077,2010-08-15,288
84077,2010-08-16,0
84077,2010-08-17,48
84077,2010-08-18,576
84077,2010-08-19,0
84077,2010-08-20,96
84077,2010-08-21,0
84077,2010-08-22,96
84077,2010-08-23,48
84077,2010-08-24,48
84077,2010-08-25,96
84077,2010-08-26,0
84077,2010-08-27,54
84077,2010-08-28,0
84077,2010-08-29,0
84077,2010-08-30,0
84077,2010-08-31,48
84077,2010-09-01,48
84077,2010-09-02,240
84077,2010-09-03,1488
84077,2010-09-04,0
84077,2010-09-05,96
84077,2010-09-06,625
84077,2010-09-07,144
84077,2010-09-08,48
84077,2010-09-09,48
84077,2010-09-10,0
84077,2010-09-11,0
84077,2010-09-12,0
84077,2010-09-13,48
84077,2010-09-14,0
84077,2010-09-15,19
84077,2010-09-16,48
84077,2010-09-17,48
84077,2010-09-18,0
84077,2010-09-19,144
84077,2010-09-20,96
84077,2010-09-21,192
84077,2010-09-22,384
84077,2010-09-23,96
84077,2010-09-24,48
84077,2010-09-25,0
84077,2010-09-26,101
84077,2010-09-27,98
84077,2010-09-28,288
84077,2010-09-29,96
84077,2010-09-30,144
84077,2010-10-01,0
84077,2010-10-02,0
84077,2010-10-03,144
84077,2010-10-04,192
84077,2010-10-05,240
84077,2010-10-06,0
84077,2010-10-07,96
84077,2010-10-08,2976
84077,2010-10-09,0
84077,2010-10-10,48
84077,2010-10-11,192
84077,2010-10-12,384
84077,2010-10-13,48
84077,2010-10-14,96
84077,2010-10-15,0
84077,2010-10-16,0
84077,2010-10-17,0
84077,2010-10-18,49
84077,2010-10-19,144
84077,2010-10-20,48
84077,2010-10-21,48
84077,2010-10-22,48
84077,2010-10-23,0
84077,2010-10-24,144
84077,2010-10-25,53
84077,2010-10-26,437
84077,2010-10-27,48
84077,2010-10-28,48
84077,2010-10-29,96
84077,2010-10-30,0
84077,2010-10-31,48
84077,2010-11-01,98
84077,2010-11-02,99
84077,2010-11-03,0
84077,2010-11-04,4575
84077,2010-11-05,96
84077,2010-11-06,0
84077,2010-11-07,481
84077,2010-11-08,579
84077,2010-11-09,1296
84077,2010-11-10,390
84077,2010-11-11,48
84077,2010-11-12,240
84077,2010-11-13,0
84077,2010-11-14,3
84077,2010-11-15,148
84077,2010-11-16,240
84077,2010-11-17,192
84077,2010-11-18,54
84077,2010-11-19,48
84077,2010-11-20,0
84077,2010-11-21,144
84077,2010-11-22,98
84077,2010-11-23,2
84077,2010-11-24,192
84077,2010-11-25,240
84077,2010-11-26,49
84077,2010-11-27,0
84077,2010-11-28,48
84077,2010-11-29,53
84077,2010-11-30,192
84077,2010-12-01,0
84077,2010-12-02,3264
84077,2010-12-03,49
84077,2010-12-04,0
84077,2010-12-05,96
84077,2010-12-06,8
84077,2010-12-07,50
84077,2010-12-08,240
84077,2010-12-09,52
84077,2010-12-10,67
84077,2010-12-11,0
84077,2010-12-12,96
84077,2010-12-13,242
84077,2010-12-14,144
84077,2010-12-15,0
84077,2010-12-16,51
84077,2010-12-17,637
84077,2010-12-18,0
84077,2010-12-19,99
84077,2010-12-20,52
84077,2010-12-21,48
84077,2010-12-22,0
84077,2010-12-23,0
84077,2010-12-24,0
84077,2010-12-25,0
84077,2010-12-26,0
84077,2010-12-27,0
84077,2010-12-28,0
84077,2010-12-29,0
84077,2010-12-30,0
84077,2010-12-31,0
84077,2011-01-01,0
84077,2011-01-02,0
84077,2011-01-03,0
84077,2011-01-04,1
84077,2011-01-05,624
84077,2011-01-06,0
84077,2011-01-07,0
84077,2011-01-08,0
84077,2011-01-09,0
84077,2011-01-10,48
84077,2011-01-11,144
84077,2011-01-12,48
84077,2011-01-13,0
84077,2011-01-14,49
84077,2011-01-15,0
84077,2011-01-16,0
84077,2011-01-17,0
84077,2011-01-18,0
84077,2011-01-19,0
84077,2011-01-20,0
84077,2011-01-21,0
84077,2011-01-22,0
84077,2011-01-23,0
84077,2011-01-24,288
84077,2011-01-25,2
84077,2011-01-26,48
84077,2011-01-27,144
84077,2011-01-28,48
84077,2011-01-29,0
84077,2011-01-30,0
84077,2011-01-31,48
84077,2011-02-01,48
84077,2011-02-02,100
84077,2011-02-03,2640
84077,2011-02-04,1
84077,2011-02-05,0
84077,2011-02-06,0
84077,2011-02-07,0
84077,2011-02-08,48
84077,2011-02-09,0
84077,2011-02-10,0
84077,2011-02-11,0
84077,2011-02-12,0
84077,2011-02-13,0
84077,2011-02-14,48
84077,2011-02-15,0
84077,2011-02-16,0
84077,2011-02-17,96
84077,2011-02-18,88
84077,2011-02-19,0
84077,2011-02-20,192
84077,2011-02-21,65
84077,2011-02-22,0
84077,2011-02-23,144
84077,2011-02-24,0
84077,2011-02-25,0
84077,2011-02-26,0
84077,2011-02-27,48
84077,2011-02-28,0
84077,2011-03-01,96
84077,2011-03-02,288
84077,2011-03-03,0
84077,2011-03-04,1296
84077,2011-03-05,0
84077,2011-03-06,0
84077,2011-03-07,576
84077,2011-03-08,144
84077,2011-03-09,48
84077,2011-03-10,336
84077,2011-03-11,0
84077,2011-03-12,0
84077,2011-03-13,96
84077,2011-03-14,240
84077,2011-03-15,48
84077,2011-03-16,48
84077,2011-03-17,96
84077,2011-03-18,0
84077,2011-03-19,0
84077,2011-03-20,48
84077,2011-03-21,0
84077,2011-03-22,48
84077,2011-03-23,48
84077,2011-03-24,0
84077,2011-03-25,96
84077,2011-03-26,0
84077,2011-03-27,0
84077,2011-03-28,96
84077,2011-03-29,0
84077,2011-03-30,144
84077,2011-03-31,96
84077,2011-04-01,2304
84077,2011-04-02,0
84077,2011-04-03,576
84077,2011-04-04,0
84077,2011-04-05,48
84077,2011-04-06,48
84077,2011-04-07,200
84077,2011-04-08,48
84077,2011-04-09,0
84077,2011-04-10,48
84077,2011-04-11,96
84077,2011-04-12,336
84077,2011-04-13,1776
84077,2011-04-14,0
84077,2011-04-15,48
84077,2011-04-16,0
84077,2011-04-17,192
84077,2011-04-18,626
84077,2011-04-19,53
84077,2011-04-20,48
84077,2011-04-21,1200
84077,2011-04-22,0
84077,2011-04-23,0
84077,2011-04-24,0
84077,2011-04-25,0
84077,2011-04-26,1248
84077,2011-04-27,1152
84077,2011-04-28,192
84077,2011-04-29,0
84077,2011-04-30,0
84077,2011-05-01,0
84077,2011-05-02,0
84077,2011-05-03,48
84077,2011-05-04,432
84077,2011-05-05,53
84077,2011-05-06,240
84077,2011-05-07,0
84077,2011-05-08,144
84077,2011-05-09,0
84077,2011-05-10,288
84077,2011-05-11,288
84077,2011-05-12,576
84077,2011-05-13,0
84077,2011-05-14,0
84077,2011-05-15,96
84077,2011-05-16,48
84077,2011-05-17,432
84077,2011-05-18,144
84077,2011-05-19,96
84077,2011-05-20,288
84077,2011-05-21,0
84077,2011-05-22,0
84077,2011-05-23,144
84077,2011-05-24,192
84077,2011-05-25,96
84077,2011-05-26,96
84077,2011-05-27,48
84077,2011-05-28,0
84077,2011-05-29,0
84077,2011-05-30,0
84077,2011-05-31,1200
84077,2011-06-01,50
84077,2011-06-02,3
84077,2011-06-03,48
84077,2011-06-04,0
84077,2011-06-05,144
84077,2011-06-06,0
84077,2011-06-07,336
84077,2011-06-08,96
84077,2011-06-09,48
84077,2011-06-10,0
84077,2011-06-11,0
84077,2011-06-12,0
84077,2011-06-13,1
84077,2011-06-14,48
84077,2011-06-15,0
84077,2011-06-16,0
84077,2011-06-17,48
84077,2011-06-18,0
84077,2011-06-19,48
84077,2011-06-20,384
84077,2011-06-21,96
84077,2011-06-22,240
84077,2011-06-23,97
84077,2011-06-24,144
84077,2011-06-25,0
84077,2011-06-26,0
84077,2011-06-27,48
84077,2011-06-28,96
84077,2011-06-29,3
84077,2011-06-30,144
84077,2011-07-01,0
84077,2011-07-02,0
84077,2011-07-03,0
84077,2011-07-04,97
84077,2011-07-05,56
84077,2011-07-06,625
84077,2011-07-07,235
84077,2011-07-08,96
84077,2011-07-09,0
84077,2011-07-10,0
84077,2011-07-11,672
84077,2011-07-12,0
84077,2011-07-13,48
84077,2011-07-14,48
84077,2011-07-15,192
84077,2011-07-16,0
84077,2011-07-17,144
84077,2011-07-18,0
84077,2011-07-19,240
84077,2011-07-20,96
84077,2011-07-21,240
84077,2011-07-22,102
84077,2011-07-23,0
84077,2011-07-24,48
84077,2011-07-25,290
84077,2011-07-26,100
84077,2011-07-27,49
84077,2011-07-28,288
84077,2011-07-29,48
84077,2011-07-30,0
84077,2011-07-31,48
84077,2011-08-01,0
84077,2011-08-02,0
84077,2011-08-03,96
84077,2011-08-04,2
84077,2011-08-05,0
84077,2011-08-06,0
84077,2011-08-07,0
84077,2011-08-08,96
84077,2011-08-09,0
84077,2011-08-10,97
84077,2011-08-11,336
84077,2011-08-12,48
84077,2011-08-13,0
84077,2011-08-14,0
84077,2011-08-15,144
84077,2011-08-16,144
84077,2011-08-17,48
84077,2011-08-18,0
84077,2011-08-19,144
84077,2011-08-20,0
84077,2011-08-21,48
84077,2011-08-22,48
84077,2011-08-23,240
84077,2011-08-24,576
84077,2011-08-25,0
84077,2011-08-26,96
84077,2011-08-27,0
84077,2011-08-28,96
84077,2011-08-29,0
84077,2011-08-30,2
84077,2011-08-31,0
84077,2011-09-01,144
84077,2011-09-02,48
84077,2011-09-03,0
84077,2011-09-04,96
84077,2011-09-05,144
84077,2011-09-06,0
84077,2011-09-07,48
84077,2011-09-08,48
84077,2011-09-09,48
84077,2011-09-10,0
84077,2011-09-11,144
84077,2011-09-12,48
84077,2011-09-13,384
84077,2011-09-14,0
84077,2011-09-15,624
84077,2011-09-16,192
84077,2011-09-17,0
84077,2011-09-18,48
84077,2011-09-19,48
84077,2011-09-20,96
84077,2011-09-21,11
84077,2011-09-22,240
84077,2011-09-23,96
84077,2011-09-24,0
84077,2011-09-25,96
84077,2011-09-26,101
84077,2011-09-27,144
84077,2011-09-28,184
84077,2011-09-29,144
84077,2011-09-30,339
84077,2011-10-01,0
84077,2011-10-02,96
84077,2011-10-03,151
84077,2011-10-04,118
84077,2011-10-05,384
84077,2011-10-06,0
84077,2011-10-07,96
84077,2011-10-08,0
84077,2011-10-09,240
84077,2011-10-10,196
84077,2011-10-11,145
84077,2011-10-12,101
84077,2011-10-13,96
84077,2011-10-14,48
84077,2011-10-15,0
84077,2011-10-16,144
84077,2011-10-17,63
84077,2011-10-18,48
84077,2011-10-19,192
84077,2011-10-20,192
84077,2011-10-21,432
84077,2011-10-22,0
84077,2011-10-23,48
84077,2011-10-24,240
84077,2011-10-25,48
84077,2011-10-26,144
84077,2011-10-27,4848
84077,2011-10-28,0
84077,2011-10-29,0
84077,2011-10-30,48
84077,2011-10-31,62
84077,2011-11-01,0
84077,2011-11-02,288
84077,2011-11-03,240
84077,2011-11-04,288
84077,2011-11-05,0
84077,2011-11-06,96
84077,2011-11-07,0
84077,2011-11-08,384
84077,2011-11-09,144
84077,2011-11-10,245
84077,2011-11-11,250
84077,2011-11-12,0
84077,2011-11-13,144
84077,2011-11-14,340
84077,2011-11-15,101
84077,2011-11-16,293
84077,2011-11-17,192
84077,2011-11-18,148
84077,2011-11-19,0
84077,2011-11-20,96
84077,2011-11-21,348
84077,2011-11-22,97
84077,2011-11-23,257
84077,2011-11-24,19
84077,2011-11-25,98
84077,2011-11-26,0
84077,2011-11-27,96
84077,2011-11-28,58
84077,2011-11-29,96
84077,2011-11-30,241
84077,2011-12-01,198
84077,2011-12-02,96
84077,2011-12-03,0
84077,2011-12-04,0
84077,2011-12-05,205
84077,2011-12-06,243
84077,2011-12-07,240
84077,2011-12-08,336
21212,2009-12-01,312
21212,2009-12-02,599
21212,2009-12-03,190
21212,2009-12-04,204
21212,2009-12-05,48
21212,2009-12-06,175
21212,2009-12-07,89
21212,2009-12-08,103
21212,2009-12-09,213
21212,2009-12-10,308
21212,2009-12-11,305
21212,2009-12-12,0
21212,2009-12-13,105
21212,2009-12-14,148
21212,2009-12-15,653
21212,2009-12-16,464
21212,2009-12-17,168
21212,2009-12-18,86
21212,2009-12-19,0
21212,2009-12-20,72
21212,2009-12-21,264
21212,2009-12-22,499
21212,2009-12-23,1
21212,2009-12-24,0
21212,2009-12-25,0
21212,2009-12-26,0
21212,2009-12-27,0
21212,2009-12-28,0
21212,2009-12-29,0
21212,2009-12-30,0
21212,2009-12-31,0
21212,2010-01-01,0
21212,2010-01-02,0
21212,2010-01-03,0
21212,2010-01-04,0
21212,2010-01-05,27
21212,2010-01-06,0
21212,2010-01-07,636
21212,2010-01-08,48
21212,2010-01-09,0
21212,2010-01-10,60
21212,2010-01-11,64
21212,2010-01-12,247
21212,2010-01-13,7
21212,2010-01-14,31
21212,2010-01-15,48
21212,2010-01-16,0
21212,2010-01-17,108
21212,2010-01-18,331
21212,2010-01-19,68
21212,2010-01-20,513
21212,2010-01-21,57
21212,2010-01-22,125
21212,2010-01-23,0
21212,2010-01-24,109
21212,2010-01-25,51
21212,2010-01-26,799
21212,2010-01-27,243
21212,2010-01-28,168
21212,2010-01-29,73
21212,2010-01-30,0
21212,2010-01-31,111
21212,2010-02-01,33
21212,2010-02-02,240
21212,2010-02-03,26
21212,2010-02-04,187
21212,2010-02-05,75
21212,2010-02-06,0
21212,2010-02-07,413
21212,2010-02-08,151
21212,2010-02-09,99
21212,2010-02-10,33
21212,2010-02-11,78
21212,2010-02-12,315
21212,2010-02-13,0
21212,2010-02-14,229
21212,2010-02-15,96
21212,2010-02-16,112
21212,2010-02-17,368
21212,2010-02-18,198
21212,2010-02-19,31
21212,2010-02-20,0
21212,2010-02-21,76
21212,2010-02-22,330
21212,2010-02-23,216
21212,2010-02-24,53
21212,2010-02-25,709
21212,2010-02-26,4
21212,2010-02-27,0
21212,2010-02-28,195
21212,2010-03-01,385
21212,2010-03-02,56
21212,2010-03-03,338
21212,2010-03-04,360
21212,2010-03-05,124
21212,2010-03-06,0
21212,2010-03-07,56
21212,2010-03-08,77
21212,2010-03-09,96
21212,2010-03-10,324
21212,2010-03-11,28
21212,2010-03-12,31
21212,2010-03-13,0
21212,2010-03-14,133
21212,2010-03-15,83
21212,2010-03-16,180
21212,2010-03-17,600
21212,2010-03-18,220
21212,2010-03-19,157
21212,2010-03-20,0
21212,2010-03-21,62
21212,2010-03-22,145
21212,2010-03-23,3
21212,2010-03-24,101
21212,2010-03-25,156
21212,2010-03-26,338
21212,2010-03-27,0
21212,2010-03-28,137
21212,2010-03-29,157
21212,2010-03-30,187
21212,2010-03-31,109
21212,2010-04-01,106
21212,2010-04-02,0
21212,2010-04-03,0
21212,2010-04-04,0
21212,2010-04-05,0
21212,2010-04-06,864
21212,2010-04-07,534
21212,2010-04-08,201
21212,2010-04-09,96
21212,2010-04-10,0
21212,2010-04-11,29
21212,2010-04-12,48
21212,2010-04-13,480
21212,2010-04-14,264
21212,2010-04-15,120
21212,2010-04-16,360
21212,2010-04-17,0
21212,2010-04-18,28
21212,2010-04-19,148
21212,2010-04-20,110
21212,2010-04-21,79
21212,2010-04-22,302
21212,2010-04-23,76
21212,2010-04-24,0
21212,2010-04-25,77
21212,2010-04-26,443
21212,2010-04-27,242
21212,2010-04-28,340
21212,2010-04-29,277
21212,2010-04-30,141
21212,2010-05-01,0
21212,2010-05-02,29
21212,2010-05-03,0
21212,2010-05-04,320
21212,2010-05-05,53
21212,2010-05-06,135
21212,2010-05-07,245
21212,2010-05-08,0
21212,2010-05-09,208
21212,2010-05-10,96
21212,2010-05-11,464
21212,2010-05-12,169
21212,2010-05-13,121
21212,2010-05-14,26
21212,2010-05-15,0
21212,2010-05-16,36
21212,2010-05-17,108
21212,2010-05-18,121
21212,2010-05-19,78
21212,2010-05-20,364
21212,2010-05-21,28
21212,2010-05-22,0
21212,2010-05-23,240
21212,2010-05-24,155
21212,2010-05-25,604
21212,2010-05-26,171
21212,2010-05-27,296
21212,2010-05-28,98
21212,2010-05-29,0
21212,2010-05-30,171
21212,2010-05-31,0
21212,2010-06-01,31
21212,2010-06-02,146
21212,2010-06-03,316
21212,2010-06-04,103
21212,2010-06-05,0
21212,2010-06-06,241
21212,2010-06-07,545
21212,2010-06-08,172
21212,2010-06-09,408
21212,2010-06-10,52
21212,2010-06-11,179
21212,2010-06-12,0
21212,2010-06-13,103
21212,2010-06-14,29
21212,2010-06-15,462
21212,2010-06-16,171
21212,2010-06-17,26
21212,2010-06-18,27
21212,2010-06-19,0
21212,2010-06-20,2
21212,2010-06-21,62
21212,2010-06-22,75
21212,2010-06-23,27
21212,2010-06-24,90
21212,2010-06-25,201
21212,2010-06-26,0
21212,2010-06-27,29
21212,2010-06-28,460
21212,2010-06-29,336
21212,2010-06-30,391
21212,2010-07-01,180
21212,2010-07-02,82
21212,2010-07-03,0
21212,2010-07-04,48
21212,2010-07-05,175
21212,2010-07-06,222
21212,2010-07-07,50
21212,2010-07-08,99
21212,2010-07-09,343
21212,2010-07-10,0
21212,2010-07-11,248
21212,2010-07-12,9
21212,2010-07-13,86
21212,2010-07-14,146
21212,2010-07-15,131
21212,2010-07-16,444
21212,2010-07-17,0
21212,2010-07-18,34
21212,2010-07-19,697
21212,2010-07-20,73
21212,2010-07-21,265
21212,2010-07-22,290
21212,2010-07-23,97
21212,2010-07-24,0
21212,2010-07-25,59
21212,2010-07-26,293
21212,2010-07-27,27
21212,2010-07-28,216
21212,2010-07-29,83
21212,2010-07-30,96
21212,2010-07-31,0
21212,2010-08-01,80
21212,2010-08-02,49
21212,2010-08-03,54
21212,2010-08-04,25
21212,2010-08-05,101
21212,2010-08-06,99
21212,2010-08-07,0
21212,2010-08-08,2
21212,2010-08-09,55
21212,2010-08-10,75
21212,2010-08-11,49
21212,2010-08-12,257
21212,2010-08-13,404
21212,2010-08-14,0
21212,2010-08-15,1060
21212,2010-08-16,24
21212,2010-08-17,168
21212,2010-08-18,400
21212,2010-08-19,422
21212,2010-08-20,627
21212,2010-08-21,0
21212,2010-08-22,218
21212,2010-08-23,49
21212,2010-08-24,97
21212,2010-08-25,100
21212,2010-08-26,126
21212,2010-08-27,25
21212,2010-08-28,0
21212,2010-08-29,0
21212,2010-08-30,0
21212,2010-08-31,182
21212,2010-09-01,147
21212,2010-09-02,255
21212,2010-09-03,172
21212,2010-09-04,0
21212,2010-09-05,341
21212,2010-09-06,326
21212,2010-09-07,25
21212,2010-09-08,3
21212,2010-09-09,86
21212,2010-09-10,216
21212,2010-09-11,0
21212,2010-09-12,31
21212,2010-09-13,99
21212,2010-09-14,273
21212,2010-09-15,417
21212,2010-09-16,72
21212,2010-09-17,49
21212,2010-09-18,0
21212,2010-09-19,96
21212,2010-09-20,199
21212,2010-09-21,337
21212,2010-09-22,27
21212,2010-09-23,59
21212,2010-09-24,171
21212,2010-09-25,0
21212,2010-09-26,271
21212,2010-09-27,305
21212,2010-09-28,125
21212,2010-09-29,363
21212,2010-09-30,203
21212,2010-10-01,149
21212,2010-10-02,0
21212,2010-10-03,154
21212,2010-10-04,313
21212,2010-10-05,217
21212,2010-10-06,1234
21212,2010-10-07,71
21212,2010-10-08,883
21212,2010-10-09,0
21212,2010-10-10,13
21212,2010-10-11,154
21212,2010-10-12,201
21212,2010-10-13,441
21212,2010-10-14,133
21212,2010-10-15,148
21212,2010-10-16,0
21212,2010-10-17,484
21212,2010-10-18,104
21212,2010-10-19,492
21212,2010-10-20,444
21212,2010-10-21,213
21212,2010-10-22,34
21212,2010-10-23,0
21212,2010-10-24,73
21212,2010-10-25,76
21212,2010-10-26,104
21212,2010-10-27,195
21212,2010-10-28,81
21212,2010-10-29,152
21212,2010-10-30,0
21212,2010-10-31,5
21212,2010-11-01,108
21212,2010-11-02,517
21212,2010-11-03,72
21212,2010-11-04,102
21212,2010-11-05,122
21212,2010-11-06,0
21212,2010-11-07,176
21212,2010-11-08,178
21212,2010-11-09,255
21212,2010-11-10,135
21212,2010-11-11,136
21212,2010-11-12,110
21212,2010-11-13,0
21212,2010-11-14,82
21212,2010-11-15,28
21212,2010-11-16,995
21212,2010-11-17,150
21212,2010-11-18,132
21212,2010-11-19,338
21212,2010-11-20,0
21212,2010-11-21,44
21212,2010-11-22,113
21212,2010-11-23,97
21212,2010-11-24,239
21212,2010-11-25,766
21212,2010-11-26,56
21212,2010-11-27,0
21212,2010-11-28,36
21212,2010-11-29,594
21212,2010-11-30,270
21212,2010-12-01,241
21212,2010-12-02,459
21212,2010-12-03,254
21212,2010-12-04,0
21212,2010-12-05,21
21212,2010-12-06,141
21212,2010-12-07,261
21212,2010-12-08,134
21212,2010-12-09,77
21212,2010-12-10,486
21212,2010-12-11,0
21212,2010-12-12,5
21212,2010-12-13,33
21212,2010-12-14,188
21212,2010-12-15,194
21212,2010-12-16,0
21212,2010-12-17,249
21212,2010-12-18,0
21212,2010-12-19,0
21212,2010-12-20,991
21212,2010-12-21,300
21212,2010-12-22,24
21212,2010-12-23,48
21212,2010-12-24,0
21212,2010-12-25,0
21212,2010-12-26,0
21212,2010-12-27,0
21212,2010-12-28,0
21212,2010-12-29,0
21212,2010-12-30,0
21212,2010-12-31,0
21212,2011-01-01,0
21212,2011-01-02,0
21212,2011-01-03,0
21212,2011-01-04,25
21212,2011-01-05,24
21212,2011-01-06,80
21212,2011-01-07,171
21212,2011-01-08,0
21212,2011-01-09,24
21212,2011-01-10,28
21212,2011-01-11,169
21212,2011-01-12,179
21212,2011-01-13,73
21212,2011-01-14,170
21212,2011-01-15,0
21212,2011-01-16,0
21212,2011-01-17,2
21212,2011-01-18,73
21212,2011-01-19,1540
21212,2011-01-20,1
21212,2011-01-21,129
21212,2011-01-22,0
21212,2011-01-23,8
21212,2011-01-24,170
21212,2011-01-25,151
21212,2011-01-26,169
21212,2011-01-27,47
21212,2011-01-28,16
21212,2011-01-29,0
21212,2011-01-30,4
21212,2011-01-31,158
21212,2011-02-01,148
21212,2011-02-02,2
21212,2011-02-03,160
21212,2011-02-04,90
21212,2011-02-05,0
21212,2011-02-06,0
21212,2011-02-07,50
21212,2011-02-08,58
21212,2011-02-09,53
21212,2011-02-10,26
21212,2011-02-11,134
21212,2011-02-12,0
21212,2011-02-13,26
21212,2011-02-14,102
21212,2011-02-15,144
21212,2011-02-16,27
21212,2011-02-17,43
21212,2011-02-18,197
21212,2011-02-19,0
21212,2011-02-20,13
21212,2011-02-21,47
21212,2011-02-22,339
21212,2011-02-23,82
21212,2011-02-24,74
21212,2011-02-25,76
21212,2011-02-26,0
21212,2011-02-27,100
21212,2011-02-28,104
21212,2011-03-01,120
21212,2011-03-02,121
21212,2011-03-03,25
21212,2011-03-04,199
21212,2011-03-05,0
21212,2011-03-06,120
21212,2011-03-07,86
21212,2011-03-08,229
21212,2011-03-09,97
21212,2011-03-10,336
21212,2011-03-11,64
21212,2011-03-12,0
21212,2011-03-13,2
21212,2011-03-14,555
21212,2011-03-15,100
21212,2011-03-16,360
21212,2011-03-17,27
21212,2011-03-18,35
21212,2011-03-19,0
21212,2011-03-20,226
21212,2011-03-21,53
21212,2011-03-22,59
21212,2011-03-23,125
21212,2011-03-24,211
21212,2011-03-25,51
21212,2011-03-26,0
21212,2011-03-27,28
21212,2011-03-28,50
21212,2011-03-29,524
21212,2011-03-30,78
21212,2011-03-31,94
21212,2011-04-01,30
21212,2011-04-02,0
21212,2011-04-03,9
21212,2011-04-04,295
21212,2011-04-05,98
21212,2011-04-06,162
21212,2011-04-07,13
21212,2011-04-08,76
21212,2011-04-09,0
21212,2011-04-10,25
21212,2011-04-11,131
21212,2011-04-12,86
21212,2011-04-13,24
21212,2011-04-14,240
21212,2011-04-15,65
21212,2011-04-16,0
21212,2011-04-17,54
21212,2011-04-18,208
21212,2011-04-19,79
21212,2011-04-20,1108
21212,2011-04-21,26
21212,2011-04-22,0
21212,2011-04-23,0
21212,2011-04-24,0
21212,2011-04-25,0
21212,2011-04-26,139
21212,2011-04-27,53
21212,2011-04-28,99
21212,2011-04-29,0
21212,2011-04-30,0
21212,2011-05-01,24
21212,2011-05-02,0
21212,2011-05-03,116
21212,2011-05-04,56
21212,2011-05-05,146
21212,2011-05-06,392
21212,2011-05-07,0
21212,2011-05-08,78
21212,2011-05-09,105
21212,2011-05-10,97
21212,2011-05-11,52
21212,2011-05-12,1236
21212,2011-05-13,128
21212,2011-05-14,0
21212,2011-05-15,29
21212,2011-05-16,129
21212,2011-05-17,38
21212,2011-05-18,217
21212,2011-05-19,50
21212,2011-05-20,29
21212,2011-05-21,0
21212,2011-05-22,136
21212,2011-05-23,63
21212,2011-05-24,98
21212,2011-05-25,27
21212,2011-05-26,24
21212,2011-05-27,136
21212,2011-05-28,0
21212,2011-05-29,12
21212,2011-05-30,0
21212,2011-05-31,47
21212,2011-06-01,25
21212,2011-06-02,78
21212,2011-06-03,3
21212,2011-06-04,0
21212,2011-06-05,76
21212,2011-06-06,48
21212,2011-06-07,173
21212,2011-06-08,124
21212,2011-06-09,78
21212,2011-06-10,160
21212,2011-06-11,0
21212,2011-06-12,36
21212,2011-06-13,1
21212,2011-06-14,38
21212,2011-06-15,409
21212,2011-06-16,122
21212,2011-06-17,139
21212,2011-06-18,0
21212,2011-06-19,147
21212,2011-06-20,57
21212,2011-06-21,36
21212,2011-06-22,26
21212,2011-06-23,59
21212,2011-06-24,0
21212,2011-06-25,0
21212,2011-06-26,3
21212,2011-06-27,36
21212,2011-06-28,53
21212,2011-06-29,7
21212,2011-06-30,2
21212,2011-07-01,24
21212,2011-07-02,0
21212,2011-07-03,1
21212,2011-07-04,97
21212,2011-07-05,378
21212,2011-07-06,32
21212,2011-07-07,564
21212,2011-07-08,35
21212,2011-07-09,0
21212,2011-07-10,6
21212,2011-07-11,27
21212,2011-07-12,73
21212,2011-07-13,29
21212,2011-07-14,27
21212,2011-07-15,73
21212,2011-07-16,0
21212,2011-07-17,24
21212,2011-07-18,66
21212,2011-07-19,112
21212,2011-07-20,95
21212,2011-07-21,1
21212,2011-07-22,33
21212,2011-07-23,0
21212,2011-07-24,28
21212,2011-07-25,195
21212,2011-07-26,184
21212,2011-07-27,48
21212,2011-07-28,50
21212,2011-07-29,72
21212,2011-07-30,0
21212,2011-07-31,534
21212,2011-08-01,24
21212,2011-08-02,40
21212,2011-08-03,127
21212,2011-08-04,198
21212,2011-08-05,30
21212,2011-08-06,0
21212,2011-08-07,26
21212,2011-08-08,51
21212,2011-08-09,144
21212,2011-08-10,36
21212,2011-08-11,27
21212,2011-08-12,74
21212,2011-08-13,0
21212,2011-08-14,3
21212,2011-08-15,78
21212,2011-08-16,51
21212,2011-08-17,72
21212,2011-08-18,1369
21212,2011-08-19,72
21212,2011-08-20,0
21212,2011-08-21,8
21212,2011-08-22,72
21212,2011-08-23,132
21212,2011-08-24,78
21212,2011-08-25,24
21212,2011-08-26,197
21212,2011-08-27,0
21212,2011-08-28,5
21212,2011-08-29,0
21212,2011-08-30,39
21212,2011-08-31,37
21212,2011-09-01,75
21212,2011-09-02,229
21212,2011-09-03,0
21212,2011-09-04,79
21212,2011-09-05,156
21212,2011-09-06,37
21212,2011-09-07,50
21212,2011-09-08,122
21212,2011-09-09,179
21212,2011-09-10,0
21212,2011-09-11,168
21212,2011-09-12,0
21212,2011-09-13,810
21212,2011-09-14,36
21212,2011-09-15,65
21212,2011-09-16,41
21212,2011-09-17,0
21212,2011-09-18,3
21212,2011-09-19,362
21212,2011-09-20,94
21212,2011-09-21,230
21212,2011-09-22,248
21212,2011-09-23,83
21212,2011-09-24,0
21212,2011-09-25,11
21212,2011-09-26,28
21212,2011-09-27,89
21212,2011-09-28,34
21212,2011-09-29,148
21212,2011-09-30,49
21212,2011-10-01,0
21212,2011-10-02,11
21212,2011-10-03,26
21212,2011-10-04,83
21212,2011-10-05,24
21212,2011-10-06,146
21212,2011-10-07,186
21212,2011-10-08,0
21212,2011-10-09,12
21212,2011-10-10,105
21212,2011-10-11,83
21212,2011-10-12,73
21212,2011-10-13,169
21212,2011-10-14,45
21212,2011-10-15,0
21212,2011-10-16,24
21212,2011-10-17,278
21212,2011-10-18,80
21212,2011-10-19,0
21212,2011-10-20,72
21212,2011-10-21,49
21212,2011-10-22,0
21212,2011-10-23,28
21212,2011-10-24,14
21212,2011-10-25,61
21212,2011-10-26,60
21212,2011-10-27,61
21212,2011-10-28,244
21212,2011-10-29,0
21212,2011-10-30,81
21212,2011-10-31,64
21212,2011-11-01,28
21212,2011-11-02,219
21212,2011-11-03,529
21212,2011-11-04,56
21212,2011-11-05,0
21212,2011-11-06,146
21212,2011-11-07,77
21212,2011-11-08,66
21212,2011-11-09,4
21212,2011-11-10,78
21212,2011-11-11,50
21212,2011-11-12,0
21212,2011-11-13,87
21212,2011-11-14,164
21212,2011-11-15,62
21212,2011-11-16,89
21212,2011-11-17,84
21212,2011-11-18,109
21212,2011-11-19,0
21212,2011-11-20,82
21212,2011-11-21,100
21212,2011-11-22,99
21212,2011-11-23,82
21212,2011-11-24,1
21212,2011-11-25,45
21212,2011-11-26,0
21212,2011-11-27,15
21212,2011-11-28,60
21212,2011-11-29,52
21212,2011-11-30,241
21212,2011-12-01,29
21212,2011-12-02,116
21212,2011-12-03,0
21212,2011-12-04,48
21212,2011-12-05,42
21212,2011-12-06,90
21212,2011-12-07,74
21212,2011-12-08,51
85123A,2009-12-01,261
85123A,2009-12-02,750
85123A,2009-12-03,359
85123A,2009-12-04,179
85123A,2009-12-05,96
85123A,2009-12-06,206
85123A,2009-12-07,408
85123A,2009-12-08,1610
85123A,2009-12-09,248
85123A,2009-12-10,271
85123A,2009-12-11,231
85123A,2009-12-12,0
85123A,2009-12-13,404
85123A,2009-12-14,239
85123A,2009-12-15,357
85123A,2009-12-16,178
85123A,2009-12-17,390
85123A,2009-12-18,106
85123A,2009-12-19,0
85123A,2009-12-20,24
85123A,2009-12-21,116
85123A,2009-12-22,12
85123A,2009-12-23,0
85123A,2009-12-24,0
85123A,2009-12-25,0
85123A,2009-12-26,0
85123A,2009-12-27,0
85123A,2009-12-28,0
85123A,2009-12-29,0
85123A,2009-12-30,0
85123A,2009-12-31,0
85123A,2010-01-01,0
85123A,2010-01-02,0
85123A,2010-01-03,0
85123A,2010-01-04,37
85123A,2010-01-05,162
85123A,2010-01-06,89
85123A,2010-01-07,1193
85123A,2010-01-08,214
85123A,2010-01-09,0
85123A,2010-01-10,78
85123A,2010-01-11,34
85123A,2010-01-12,105
85123A,2010-01-13,89
85123A,2010-01-14,374
85123A,2010-01-15,162
85123A,2010-01-16,0
85123A,2010-01-17,157
85123A,2010-01-18,106
85123A,2010-01-19,251
85123A,2010-01-20,244
85123A,2010-01-21,92
85123A,2010-01-22,614
85123A,2010-01-23,0
85123A,2010-01-24,103
85123A,2010-01-25,169
85123A,2010-01-26,219
85123A,2010-01-27,411
85123A,2010-01-28,176
85123A,2010-01-29,137
85123A,2010-01-30,0
85123A,2010-01-31,270
85123A,2010-02-01,106
85123A,2010-02-02,167
85123A,2010-02-03,193
85123A,2010-02-04,190
85123A,2010-02-05,42
85123A,2010-02-06,0
85123A,2010-02-07,29
85123A,2010-02-08,209
85123A,2010-02-09,23
85123A,2010-02-10,54
85123A,2010-02-11,198
85123A,2010-02-12,51
85123A,2010-02-13,0
85123A,2010-02-14,51
85123A,2010-02-15,194
85123A,2010-02-16,139
85123A,2010-02-17,141
85123A,2010-02-18,113
85123A,2010-02-19,45
85123A,2010-02-20,0
85123A,2010-02-21,37
85123A,2010-02-22,104
85123A,2010-02-23,149
85123A,2010-02-24,312
85123A,2010-02-25,196
85123A,2010-02-26,75
85123A,2010-02-27,0
85123A,2010-02-28,93
85123A,2010-03-01,118
85123A,2010-03-02,88
85123A,2010-03-03,214
85123A,2010-03-04,141
85123A,2010-03-05,68
85123A,2010-03-06,0
85123A,2010-03-07,213
85123A,2010-03-08,285
85123A,2010-03-09,166
85123A,2010-03-10,176
85123A,2010-03-11,79
85123A,2010-03-12,100
85123A,2010-03-13,0
85123A,2010-03-14,42
85123A,2010-03-15,98
85123A,2010-03-16,180
85123A,2010-03-17,146
85123A,2010-03-18,167
85123A,2010-03-19,139
85123A,2010-03-20,0
85123A,2010-03-21,766
85123A,2010-03-22,118
85123A,2010-03-23,391
85123A,2010-03-24,78
85123A,2010-03-25,123
85123A,2010-03-26,394
85123A,2010-03-27,0
85123A,2010-03-28,80
85123A,2010-03-29,470
85123A,2010-03-30,87
85123A,2010-03-31,149
85123A,2010-04-01,194
85123A,2010-04-02,0
85123A,2010-04-03,0
85123A,2010-04-04,0
85123A,2010-04-05,0
85123A,2010-04-06,71
85123A,2010-04-07,140
85123A,2010-04-08,128
85123A,2010-04-09,121
85123A,2010-04-10,0
85123A,2010-04-11,449
85123A,2010-04-12,112
85123A,2010-04-13,123
85123A,2010-04-14,42
85123A,2010-04-15,143
85123A,2010-04-16,30
85123A,2010-04-17,0
85123A,2010-04-18,398
85123A,2010-04-19,201
85123A,2010-04-20,70
85123A,2010-04-21,83
85123A,2010-04-22,159
85123A,2010-04-23,128
85123A,2010-04-24,0
85123A,2010-04-25,55
85123A,2010-04-26,180
85123A,2010-04-27,238
85123A,2010-04-28,358
85123A,2010-04-29,185
85123A,2010-04-30,94
85123A,2010-05-01,0
85123A,2010-05-02,65
85123A,2010-05-03,0
85123A,2010-05-04,137
85123A,2010-05-05,187
85123A,2010-05-06,434
85123A,2010-05-07,200
85123A,2010-05-08,0
85123A,2010-05-09,95
85123A,2010-05-10,142
85123A,2010-05-11,72
85123A,2010-05-12,179
85123A,2010-05-13,581
85123A,2010-05-14,59
85123A,2010-05-15,0
85123A,2010-05-16,72
85123A,2010-05-17,103
85123A,2010-05-18,294
85123A,2010-05-19,262
85123A,2010-05-20,219
85123A,2010-05-21,241
85123A,2010-05-22,0
85123A,2010-05-23,139
85123A,2010-05-24,92
85123A,2010-05-25,209
85123A,2010-05-26,184
85123A,2010-05-27,300
85123A,2010-05-28,75
85123A,2010-05-29,0
85123A,2010-05-30,94
85123A,2010-05-31,0
85123A,2010-06-01,29
85123A,2010-06-02,75
85123A,2010-06-03,156
85123A,2010-06-04,92
85123A,2010-06-05,0
85123A,2010-06-06,193
85123A,2010-06-07,609
85123A,2010-06-08,99
85123A,2010-06-09,384
85123A,2010-06-10,130
85123A,2010-06-11,243
85123A,2010-06-12,0
85123A,2010-06-13,131
85123A,2010-06-14,23
85123A,2010-06-15,129
85123A,2010-06-16,148
85123A,2010-06-17,112
85123A,2010-06-18,72
85123A,2010-06-19,0
85123A,2010-06-20,102
85123A,2010-06-21,240
85123A,2010-06-22,90
85123A,2010-06-23,27
85123A,2010-06-24,39
85123A,2010-06-25,139
85123A,2010-06-26,0
85123A,2010-06-27,250
85123A,2010-06-28,568
85123A,2010-06-29,90
85123A,2010-06-30,194
85123A,2010-07-01,295
85123A,2010-07-02,47
85123A,2010-07-03,0
85123A,2010-07-04,15
85123A,2010-07-05,122
85123A,2010-07-06,157
85123A,2010-07-07,137
85123A,2010-07-08,107
85123A,2010-07-09,108
85123A,2010-07-10,0
85123A,2010-07-11,88
85123A,2010-07-12,55
85123A,2010-07-13,759
85123A,2010-07-14,104
85123A,2010-07-15,80
85123A,2010-07-16,175
85123A,2010-07-17,0
85123A,2010-07-18,92
85123A,2010-07-19,127
85123A,2010-07-20,331
85123A,2010-07-21,98
85123A,2010-07-22,135
85123A,2010-07-23,390
85123A,2010-07-24,0
85123A,2010-07-25,87
85123A,2010-07-26,86
85123A,2010-07-27,69
85123A,2010-07-28,113
85123A,2010-07-29,229
85123A,2010-07-30,37
85123A,2010-07-31,0
85123A,2010-08-01,60
85123A,2010-08-02,120
85123A,2010-08-03,76
85123A,2010-08-04,42
85123A,2010-08-05,104
85123A,2010-08-06,92
85123A,2010-08-07,0
85123A,2010-08-08,113
85123A,2010-08-09,75
85123A,2010-08-10,603
85123A,2010-08-11,128
85123A,2010-08-12,199
85123A,2010-08-13,167
85123A,2010-08-14,0
85123A,2010-08-15,57
85123A,2010-08-16,505
85123A,2010-08-17,247
85123A,2010-08-18,262
85123A,2010-08-19,172
85123A,2010-08-20,115
85123A,2010-08-21,0
85123A,2010-08-22,385
85123A,2010-08-23,194
85123A,2010-08-24,189
85123A,2010-08-25,266
85123A,2010-08-26,301
85123A,2010-08-27,51
85123A,2010-08-28,0
85123A,2010-08-29,117
85123A,2010-08-30,0
85123A,2010-08-31,92
85123A,2010-09-01,107
85123A,2010-09-02,419
85123A,2010-09-03,163
85123A,2010-09-04,0
85123A,2010-09-05,101
85123A,2010-09-06,205
85123A,2010-09-07,104
85123A,2010-09-08,71
85123A,2010-09-09,124
85123A,2010-09-10,169
85123A,2010-09-11,0
85123A,2010-09-12,241
85123A,2010-09-13,494
85123A,2010-09-14,247
85123A,2010-09-15,86
85123A,2010-09-16,31
85123A,2010-09-17,131
85123A,2010-09-18,0
85123A,2010-09-19,59
85123A,2010-09-20,109
85123A,2010-09-21,176
85123A,2010-09-22,151
85123A,2010-09-23,300
85123A,2010-09-24,266
85123A,2010-09-25,0
85123A,2010-09-26,86
85123A,2010-09-27,128
85123A,2010-09-28,297
85123A,2010-09-29,110
85123A,2010-09-30,38
85123A,2010-10-01,245
85123A,2010-10-02,0
85123A,2010-10-03,96
85123A,2010-10-04,46
85123A,2010-10-05,349
85123A,2010-10-06,53
85123A,2010-10-07,81
85123A,2010-10-08,381
85123A,2010-10-09,0
85123A,2010-10-10,95
85123A,2010-10-11,192
85123A,2010-10-12,131
85123A,2010-10-13,97
85123A,2010-10-14,363
85123A,2010-10-15,117
85123A,2010-10-16,0
85123A,2010-10-17,101
85123A,2010-10-18,133
85123A,2010-10-19,88
85123A,2010-10-20,93
85123A,2010-10-21,230
85123A,2010-10-22,114
85123A,2010-10-23,0
85123A,2010-10-24,141
85123A,2010-10-25,472
85123A,2010-10-26,75
85123A,2010-10-27,170
85123A,2010-10-28,418
85123A,2010-10-29,175
85123A,2010-10-30,0
85123A,2010-10-31,157
85123A,2010-11-01,97
85123A,2010-11-02,191
85123A,2010-11-03,494
85123A,2010-11-04,252
85123A,2010-11-05,228
85123A,2010-11-06,0
85123A,2010-11-07,105
85123A,2010-11-08,112
85123A,2010-11-09,102
85123A,2010-11-10,924
85123A,2010-11-11,142
85123A,2010-11-12,200
85123A,2010-11-13,0
85123A,2010-11-14,146
85123A,2010-11-15,86
85123A,2010-11-16,161
85123A,2010-11-17,237
85123A,2010-11-18,201
85123A,2010-11-19,95
85123A,2010-11-20,0
85123A,2010-11-21,111
85123A,2010-11-22,245
85123A,2010-11-23,516
85123A,2010-11-24,250
85123A,2010-11-25,896
85123A,2010-11-26,121
85123A,2010-11-27,0
85123A,2010-11-28,127
85123A,2010-11-29,341
85123A,2010-11-30,287
85123A,2010-12-01,454
85123A,2010-12-02,309
85123A,2010-12-03,60
85123A,2010-12-04,0
85123A,2010-12-05,198
85123A,2010-12-06,161
85123A,2010-12-07,377
85123A,2010-12-08,151
85123A,2010-12-09,195
85123A,2010-12-10,196
85123A,2010-12-11,0
85123A,2010-12-12,42
85123A,2010-12-13,337
85123A,2010-12-14,190
85123A,2010-12-15,112
85123A,2010-12-16,790
85123A,2010-12-17,58
85123A,2010-12-18,0
85123A,2010-12-19,42
85123A,2010-12-20,85
85123A,2010-12-21,42
85123A,2010-12-22,24
85123A,2010-12-23,47
85123A,2010-12-24,0
85123A,2010-12-25,0
85123A,2010-12-26,0
85123A,2010-12-27,0
85123A,2010-12-28,0
85123A,2010-12-29,0
85123A,2010-12-30,0
85123A,2010-12-31,0
85123A,2011-01-01,0
85123A,2011-01-02,0
85123A,2011-01-03,0
85123A,2011-01-04,67
85123A,2011-01-05,304
85123A,2011-01-06,171
85123A,2011-01-07,334
85123A,2011-01-08,0
85123A,2011-01-09,97
85123A,2011-01-10,12
85123A,2011-01-11,3114
85123A,2011-01-12,83
85123A,2011-01-13,8
85123A,2011-01-14,89
85123A,2011-01-15,0
85123A,2011-01-16,23
85123A,2011-01-17,220
85123A,2011-01-18,18
85123A,2011-01-19,271
85123A,2011-01-20,42
85123A,2011-01-21,64
85123A,2011-01-22,0
85123A,2011-01-23,47
85123A,2011-01-24,11
85123A,2011-01-25,97
85123A,2011-01-26,183
85123A,2011-01-27,64
85123A,2011-01-28,68
85123A,2011-01-29,0
85123A,2011-01-30,123
85123A,2011-01-31,31
85123A,2011-02-01,195
85123A,2011-02-02,222
85123A,2011-02-03,63
85123A,2011-02-04,42
85123A,2011-02-05,0
85123A,2011-02-06,35
85123A,2011-02-07,69
85123A,2011-02-08,153
85123A,2011-02-09,14
85123A,2011-02-10,66
85123A,2011-02-11,209
85123A,2011-02-12,0
85123A,2011-02-13,6
85123A,2011-02-14,66
85123A,2011-02-15,12
85123A,2011-02-16,203
85123A,2011-02-17,50
85123A,2011-02-18,6
85123A,2011-02-19,0
85123A,2011-02-20,28
85123A,2011-02-21,23
85123A,2011-02-22,96
85123A,2011-02-23,116
85123A,2011-02-24,99
85123A,2011-02-25,40
85123A,2011-02-26,0
85123A,2011-02-27,27
85123A,2011-02-28,37
85123A,2011-03-01,86
85123A,2011-03-02,33
85123A,2011-03-03,96
85123A,2011-03-04,27
85123A,2011-03-05,0
85123A,2011-03-06,101
85123A,2011-03-07,26
85123A,2011-03-08,145
85123A,2011-03-09,98
85123A,2011-03-10,57
85123A,2011-03-11,125
85123A,2011-03-12,0
85123A,2011-03-13,3
85123A,2011-03-14,19
85123A,2011-03-15,114
85123A,2011-03-16,141
85123A,2011-03-17,87
85123A,2011-03-18,56
85123A,2011-03-19,0
85123A,2011-03-20,47
85123A,2011-03-21,38
85123A,2011-03-22,84
85123A,2011-03-23,83
85123A,2011-03-24,52
85123A,2011-03-25,31
85123A,2011-03-26,0
85123A,2011-03-27,77
85123A,2011-03-28,44
85123A,2011-03-29,185
85123A,2011-03-30,68
85123A,2011-03-31,75
85123A,2011-04-01,133
85123A,2011-04-02,0
85123A,2011-04-03,77
85123A,2011-04-04,66
85123A,2011-04-05,51
85123A,2011-04-06,65
85123A,2011-04-07,50
85123A,2011-04-08,68
85123A,2011-04-09,0
85123A,2011-04-10,74
85123A,2011-04-11,45
85123A,2011-04-12,198
85123A,2011-04-13,73
85123A,2011-04-14,127
85123A,2011-04-15,8
85123A,2011-04-16,0
85123A,2011-04-17,23
85123A,2011-04-18,2102
85123A,2011-04-19,110
85123A,2011-04-20,73
85123A,2011-04-21,137
85123A,2011-04-22,0
85123A,2011-04-23,0
85123A,2011-04-24,0
85123A,2011-04-25,0
85123A,2011-04-26,179
85123A,2011-04-27,73
85123A,2011-04-28,111
85123A,2011-04-29,0
85123A,2011-04-30,0
85123A,2011-05-01,12
85123A,2011-05-02,0
85123A,2011-05-03,317
85123A,2011-05-04,85
85123A,2011-05-05,421
85123A,2011-05-06,179
85123A,2011-05-07,0
85123A,2011-05-08,142
85123A,2011-05-09,216
85123A,2011-05-10,161
85123A,2011-05-11,120
85123A,2011-05-12,227
85123A,2011-05-13,25
85123A,2011-05-14,0
85123A,2011-05-15,143
85123A,2011-05-16,201
85123A,2011-05-17,166
85123A,2011-05-18,73
85123A,2011-05-19,109
85123A,2011-05-20,92
85123A,2011-05-21,0
85123A,2011-05-22,153
85123A,2011-05-23,113
85123A,2011-05-24,144
85123A,2011-05-25,68
85123A,2011-05-26,653
85123A,2011-05-27,22
85123A,2011-05-28,0
85123A,2011-05-29,26
85123A,2011-05-30,0
85123A,2011-05-31,168
85123A,2011-06-01,29
85123A,2011-06-02,354
85123A,2011-06-03,29
85123A,2011-06-04,0
85123A,2011-06-05,49
85123A,2011-06-06,108
85123A,2011-06-07,56
85123A,2011-06-08,110
85123A,2011-06-09,15
85123A,2011-06-10,68
85123A,2011-06-11,0
85123A,2011-06-12,33
85123A,2011-06-13,17
85123A,2011-06-14,50
85123A,2011-06-15,120
85123A,2011-06-16,42
85123A,2011-06-17,15
85123A,2011-06-18,0
85123A,2011-06-19,147
85123A,2011-06-20,29
85123A,2011-06-21,13
85123A,2011-06-22,18
85123A,2011-06-23,106
85123A,2011-06-24,38
85123A,2011-06-25,0
85123A,2011-06-26,32
85123A,2011-06-27,66
85123A,2011-06-28,12
85123A,2011-06-29,77
85123A,2011-06-30,46
85123A,2011-07-01,39
85123A,2011-07-02,0
85123A,2011-07-03,18
85123A,2011-07-04,9
85123A,2011-07-05,134
85123A,2011-07-06,5
85123A,2011-07-07,59
85123A,2011-07-08,37
85123A,2011-07-09,0
85123A,2011-07-10,20
85123A,2011-07-11,81
85123A,2011-07-12,789
85123A,2011-07-13,58
85123A,2011-07-14,224
85123A,2011-07-15,23
85123A,2011-07-16,0
85123A,2011-07-17,23
85123A,2011-07-18,120
85123A,2011-07-19,157
85123A,2011-07-20,104
85123A,2011-07-21,56
85123A,2011-07-22,132
85123A,2011-07-23,0
85123A,2011-07-24,160
85123A,2011-07-25,43
85123A,2011-07-26,8
85123A,2011-07-27,58
85123A,2011-07-28,490
85123A,2011-07-29,74
85123A,2011-07-30,0
85123A,2011-07-31,107
85123A,2011-08-01,61
85123A,2011-08-02,32
85123A,2011-08-03,91
85123A,2011-08-04,130
85123A,2011-08-05,38
85123A,2011-08-06,0
85123A,2011-08-07,89
85123A,2011-08-08,73
85123A,2011-08-09,121
85123A,2011-08-10,132
85123A,2011-08-11,71
85123A,2011-08-12,28
85123A,2011-08-13,0
85123A,2011-08-14,52
85123A,2011-08-15,104
85123A,2011-08-16,87
85123A,2011-08-17,70
85123A,2011-08-18,15
85123A,2011-08-19,6
85123A,2011-08-20,0
85123A,2011-08-21,15
85123A,2011-08-22,420
85123A,2011-08-23,122
85123A,2011-08-24,61
85123A,2011-08-25,106
85123A,2011-08-26,24
85123A,2011-08-27,0
85123A,2011-08-28,42
85123A,2011-08-29,0
85123A,2011-08-30,63
85123A,2011-08-31,39
85123A,2011-09-01,112
85123A,2011-09-02,166
85123A,2011-09-03,0
85123A,2011-09-04,16
85123A,2011-09-05,95
85123A,2011-09-06,184
85123A,2011-09-07,25
85123A,2011-09-08,27
85123A,2011-09-09,29
85123A,2011-09-10,0
85123A,2011-09-11,89
85123A,2011-09-12,117
85123A,2011-09-13,133
85123A,2011-09-14,85
85123A,2011-09-15,146
85123A,2011-09-16,101
85123A,2011-09-17,0
85123A,2011-09-18,81
85123A,2011-09-19,42
85123A,2011-09-20,399
85123A,2011-09-21,11
85123A,2011-09-22,58
85123A,2011-09-23,131
85123A,2011-09-24,0
85123A,2011-09-25,69
85123A,2011-09-26,48
85123A,2011-09-27,21
85123A,2011-09-28,125
85123A,2011-09-29,80
85123A,2011-09-30,113
85123A,2011-10-01,0
85123A,2011-10-02,21
85123A,2011-10-03,23
85123A,2011-10-04,20
85123A,2011-10-05,49
85123A,2011-10-06,13
85123A,2011-10-07,34
85123A,2011-10-08,0
85123A,2011-10-09,26
85123A,2011-10-10,127
85123A,2011-10-11,46
85123A,2011-10-12,25
85123A,2011-10-13,243
85123A,2011-10-14,187
85123A,2011-10-15,0
85123A,2011-10-16,55
85123A,2011-10-17,69
85123A,2011-10-18,21
85123A,2011-10-19,42
85123A,2011-10-20,26
85123A,2011-10-21,13
85123A,2011-10-22,0
85123A,2011-10-23,63
85123A,2011-10-24,76
85123A,2011-10-25,16
85123A,2011-10-26,20
85123A,2011-10-27,117
85123A,2011-10-28,90
85123A,2011-10-29,0
85123A,2011-10-30,128
85123A,2011-10-31,152
85123A,2011-11-01,39
85123A,2011-11-02,80
85123A,2011-11-03,1265
85123A,2011-11-04,85
85123A,2011-11-05,0
85123A,2011-11-06,86
85123A,2011-11-07,98
85123A,2011-11-08,111
85123A,2011-11-09,113
85123A,2011-11-10,71
85123A,2011-11-11,134
85123A,2011-11-12,0
85123A,2011-11-13,67
85123A,2011-11-14,380
85123A,2011-11-15,457
85123A,2011-11-16,160
85123A,2011-11-17,102
85123A,2011-11-18,125
85123A,2011-11-19,0
85123A,2011-11-20,102
85123A,2011-11-21,36
85123A,2011-11-22,253
85123A,2011-11-23,251
85123A,2011-11-24,131
85123A,2011-11-25,225
85123A,2011-11-26,0
85123A,2011-11-27,8
85123A,2011-11-28,133
85123A,2011-11-29,117
85123A,2011-11-30,315
85123A,2011-12-01,41
85123A,2011-12-02,117
85123A,2011-12-03,0
85123A,2011-12-04,8
85123A,2011-12-05,313
85123A,2011-12-06,39
85123A,2011-12-07,202
85123A,2011-12-08,115
85099B,2009-12-01,164
85099B,2009-12-02,246
85099B,2009-12-03,143
85099B,2009-12-04,587
85099B,2009-12-05,40
85099B,2009-12-06,18
85099B,2009-12-07,24
85099B,2009-12-08,282
85099B,2009-12-09,102
85099B,2009-12-10,376
85099B,2009-12-11,435
85099B,2009-12-12,0
85099B,2009-12-13,14
85099B,2009-12-14,159
85099B,2009-12-15,746
85099B,2009-12-16,204
85099B,2009-12-17,120
85099B,2009-12-18,45
85099B,2009-12-19,0
85099B,2009-12-20,30
85099B,2009-12-21,11
85099B,2009-12-22,5
85099B,2009-12-23,20
85099B,2009-12-24,0
85099B,2009-12-25,0
85099B,2009-12-26,0
85099B,2009-12-27,0
85099B,2009-12-28,0
85099B,2009-12-29,0
85099B,2009-12-30,0
85099B,2009-12-31,0
85099B,2010-01-01,0
85099B,2010-01-02,0
85099B,2010-01-03,0
85099B,2010-01-04,432
85099B,2010-01-05,4
85099B,2010-01-06,110
85099B,2010-01-07,447
85099B,2010-01-08,35
85099B,2010-01-09,0
85099B,2010-01-10,124
85099B,2010-01-11,219
85099B,2010-01-12,275
85099B,2010-01-13,130
85099B,2010-01-14,171
85099B,2010-01-15,10
85099B,2010-01-16,0
85099B,2010-01-17,124
85099B,2010-01-18,23
85099B,2010-01-19,264
85099B,2010-01-20,43
85099B,2010-01-21,123
85099B,2010-01-22,164
85099B,2010-01-23,0
85099B,2010-01-24,10
85099B,2010-01-25,32
85099B,2010-01-26,522
85099B,2010-01-27,187
85099B,2010-01-28,51
85099B,2010-01-29,62
85099B,2010-01-30,0
85099B,2010-01-31,10
85099B,2010-02-01,113
85099B,2010-02-02,3
85099B,2010-02-03,50
85099B,2010-02-04,116
85099B,2010-02-05,174
85099B,2010-02-06,0
85099B,2010-02-07,32
85099B,2010-02-08,42
85099B,2010-02-09,126
85099B,2010-02-10,0
85099B,2010-02-11,119
85099B,2010-02-12,14
85099B,2010-02-13,0
85099B,2010-02-14,246
85099B,2010-02-15,554
85099B,2010-02-16,41
85099B,2010-02-17,122
85099B,2010-02-18,82
85099B,2010-02-19,183
85099B,2010-02-20,0
85099B,2010-02-21,32
85099B,2010-02-22,85
85099B,2010-02-23,153
85099B,2010-02-24,19
85099B,2010-02-25,262
85099B,2010-02-26,52
85099B,2010-02-27,0
85099B,2010-02-28,42
85099B,2010-03-01,50
85099B,2010-03-02,4
85099B,2010-03-03,61
85099B,2010-03-04,164
85099B,2010-03-05,434
85099B,2010-03-06,0
85099B,2010-03-07,41
85099B,2010-03-08,222
85099B,2010-03-09,272
85099B,2010-03-10,256
85099B,2010-03-11,5
85099B,2010-03-12,32
85099B,2010-03-13,0
85099B,2010-03-14,13
85099B,2010-03-15,30
85099B,2010-03-16,124
85099B,2010-03-17,78
85099B,2010-03-18,183
85099B,2010-03-19,97
85099B,2010-03-20,0
85099B,2010-03-21,43
85099B,2010-03-22,56
85099B,2010-03-23,39
85099B,2010-03-24,175
85099B,2010-03-25,274
85099B,2010-03-26,269
85099B,2010-03-27,0
85099B,2010-03-28,117
85099B,2010-03-29,53
85099B,2010-03-30,119
85099B,2010-03-31,48
85099B,2010-04-01,368
85099B,2010-04-02,0
85099B,2010-04-03,0
85099B,2010-04-04,0
85099B,2010-04-05,0
85099B,2010-04-06,122
85099B,2010-04-07,71
85099B,2010-04-08,55
85099B,2010-04-09,46
85099B,2010-04-10,0
85099B,2010-04-11,122
85099B,2010-04-12,530
85099B,2010-04-13,38
85099B,2010-04-14,209
85099B,2010-04-15,54
85099B,2010-04-16,146
85099B,2010-04-17,0
85099B,2010-04-18,30
85099B,2010-04-19,60
85099B,2010-04-20,25
85099B,2010-04-21,210
85099B,2010-04-22,242
85099B,2010-04-23,72
85099B,2010-04-24,0
85099B,2010-04-25,36
85099B,2010-04-26,383
85099B,2010-04-27,113
85099B,2010-04-28,532
85099B,2010-04-29,298
85099B,2010-04-30,185
85099B,2010-05-01,0
85099B,2010-05-02,28
85099B,2010-05-03,0
85099B,2010-05-04,88
85099B,2010-05-05,413
85099B,2010-05-06,396
85099B,2010-05-07,290
85099B,2010-05-08,0
85099B,2010-05-09,20
85099B,2010-05-10,238
85099B,2010-05-11,85
85099B,2010-05-12,414
85099B,2010-05-13,56
85099B,2010-05-14,52
85099B,2010-05-15,0
85099B,2010-05-16,152
85099B,2010-05-17,23
85099B,2010-05-18,309
85099B,2010-05-19,36
85099B,2010-05-20,89
85099B,2010-05-21,122
85099B,2010-05-22,0
85099B,2010-05-23,45
85099B,2010-05-24,141
85099B,2010-05-25,262
85099B,2010-05-26,151
85099B,2010-05-27,172
85099B,2010-05-28,32
85099B,2010-05-29,0
85099B,2010-05-30,2
85099B,2010-05-31,0
85099B,2010-06-01,26
85099B,2010-06-02,338
85099B,2010-06-03,150
85099B,2010-06-04,51
85099B,2010-06-05,0
85099B,2010-06-06,169
85099B,2010-06-07,207
85099B,2010-06-08,139
85099B,2010-06-09,219
85099B,2010-06-10,24
85099B,2010-06-11,224
85099B,2010-06-12,0
85099B,2010-06-13,174
85099B,2010-06-14,39
85099B,2010-06-15,42
85099B,2010-06-16,126
85099B,2010-06-17,108
85099B,2010-06-18,361
85099B,2010-06-19,0
85099B,2010-06-20,20
85099B,2010-06-21,70
85099B,2010-06-22,177
85099B,2010-06-23,127
85099B,2010-06-24,191
85099B,2010-06-25,73
85099B,2010-06-26,0
85099B,2010-06-27,123
85099B,2010-06-28,295
85099B,2010-06-29,756
85099B,2010-06-30,124
85099B,2010-07-01,170
85099B,2010-07-02,60
85099B,2010-07-03,0
85099B,2010-07-04,10
85099B,2010-07-05,365
85099B,2010-07-06,21
85099B,2010-07-07,184
85099B,2010-07-08,15
85099B,2010-07-09,100
85099B,2010-07-10,0
85099B,2010-07-11,3
85099B,2010-07-12,259
85099B,2010-07-13,120
85099B,2010-07-14,212
85099B,2010-07-15,91
85099B,2010-07-16,67
85099B,2010-07-17,0
85099B,2010-07-18,116
85099B,2010-07-19,176
85099B,2010-07-20,383
85099B,2010-07-21,215
85099B,2010-07-22,78
85099B,2010-07-23,313
85099B,2010-07-24,0
85099B,2010-07-25,103
85099B,2010-07-26,75
85099B,2010-07-27,32
85099B,2010-07-28,77
85099B,2010-07-29,342
85099B,2010-07-30,40
85099B,2010-07-31,0
85099B,2010-08-01,52
85099B,2010-08-02,93
85099B,2010-08-03,94
85099B,2010-08-04,131
85099B,2010-08-05,330
85099B,2010-08-06,60
85099B,2010-08-07,0
85099B,2010-08-08,18
85099B,2010-08-09,21
85099B,2010-08-10,363
85099B,2010-08-11,174
85099B,2010-08-12,66
85099B,2010-08-13,163
85099B,2010-08-14,0
85099B,2010-08-15,138
85099B,2010-08-16,171
85099B,2010-08-17,8
85099B,2010-08-18,0
85099B,2010-08-19,0
85099B,2010-08-20,9
85099B,2010-08-21,0
85099B,2010-08-22,1
85099B,2010-08-23,0
85099B,2010-08-24,1
85099B,2010-08-25,0
85099B,2010-08-26,0
85099B,2010-08-27,0
85099B,2010-08-28,0
85099B,2010-08-29,0
85099B,2010-08-30,0
85099B,2010-08-31,0
85099B,2010-09-01,0
85099B,2010-09-02,702
85099B,2010-09-03,1132
85099B,2010-09-04,0
85099B,2010-09-05,64
85099B,2010-09-06,392
85099B,2010-09-07,453
85099B,2010-09-08,133
85099B,2010-09-09,57
85099B,2010-09-10,256
85099B,2010-09-11,0
85099B,2010-09-12,22
85099B,2010-09-13,142
85099B,2010-09-14,191
85099B,2010-09-15,275
85099B,2010-09-16,220
85099B,2010-09-17,131
85099B,2010-09-18,0
85099B,2010-09-19,159
85099B,2010-09-20,220
85099B,2010-09-21,904
85099B,2010-09-22,59
85099B,2010-09-23,21
85099B,2010-09-24,275
85099B,2010-09-25,0
85099B,2010-09-26,36
85099B,2010-09-27,241
85099B,2010-09-28,162
85099B,2010-09-29,464
85099B,2010-09-30,586
85099B,2010-10-01,156
85099B,2010-10-02,0
85099B,2010-10-03,109
85099B,2010-10-04,221
85099B,2010-10-05,316
85099B,2010-10-06,63
85099B,2010-10-07,184
85099B,2010-10-08,193
85099B,2010-10-09,0
85099B,2010-10-10,38
85099B,2010-10-11,576
85099B,2010-10-12,486
85099B,2010-10-13,381
85099B,2010-10-14,180
85099B,2010-10-15,197
85099B,2010-10-16,0
85099B,2010-10-17,46
85099B,2010-10-18,249
85099B,2010-10-19,151
85099B,2010-10-20,44
85099B,2010-10-21,44
85099B,2010-10-22,222
85099B,2010-10-23,0
85099B,2010-10-24,73
85099B,2010-10-25,75
85099B,2010-10-26,148
85099B,2010-10-27,62
85099B,2010-10-28,75
85099B,2010-10-29,113
85099B,2010-10-30,0
85099B,2010-10-31,42
85099B,2010-11-01,42
85099B,2010-11-02,214
85099B,2010-11-03,159
85099B,2010-11-04,158
85099B,2010-11-05,172
85099B,2010-11-06,0
85099B,2010-11-07,48
85099B,2010-11-08,56
85099B,2010-11-09,452
85099B,2010-11-10,147
85099B,2010-11-11,1343
85099B,2010-11-12,99
85099B,2010-11-13,0
85099B,2010-11-14,32
85099B,2010-11-15,411
85099B,2010-11-16,257
85099B,2010-11-17,78
85099B,2010-11-18,304
85099B,2010-11-19,95
85099B,2010-11-20,0
85099B,2010-11-21,70
85099B,2010-11-22,253
85099B,2010-11-23,165
85099B,2010-11-24,230
85099B,2010-11-25,456
85099B,2010-11-26,113
85099B,2010-11-27,0
85099B,2010-11-28,6
85099B,2010-11-29,280
85099B,2010-11-30,795
85099B,2010-12-01,556
85099B,2010-12-02,48
85099B,2010-12-03,49
85099B,2010-12-04,0
85099B,2010-12-05,39
85099B,2010-12-06,157
85099B,2010-12-07,343
85099B,2010-12-08,205
85099B,2010-12-09,21
85099B,2010-12-10,125
85099B,2010-12-11,0
85099B,2010-12-12,1
85099B,2010-12-13,28
85099B,2010-12-14,63
85099B,2010-12-15,80
85099B,2010-12-16,210
85099B,2010-12-17,45
85099B,2010-12-18,0
85099B,2010-12-19,1
85099B,2010-12-20,47
85099B,2010-12-21,122
85099B,2010-12-22,0
85099B,2010-12-23,11
85099B,2010-12-24,0
85099B,2010-12-25,0
85099B,2010-12-26,0
85099B,2010-12-27,0
85099B,2010-12-28,0
85099B,2010-12-29,0
85099B,2010-12-30,0
85099B,2010-12-31,0
85099B,2011-01-01,0
85099B,2011-01-02,0
85099B,2011-01-03,0
85099B,2011-01-04,27
85099B,2011-01-05,436
85099B,2011-01-06,354
85099B,2011-01-07,514
85099B,2011-01-08,0
85099B,2011-01-09,43
85099B,2011-01-10,57
85099B,2011-01-11,1
85099B,2011-01-12,4
85099B,2011-01-13,33
85099B,2011-01-14,120
85099B,2011-01-15,0
85099B,2011-01-16,10
85099B,2011-01-17,37
85099B,2011-01-18,87
85099B,2011-01-19,242
85099B,2011-01-20,4
85099B,2011-01-21,124
85099B,2011-01-22,0
85099B,2011-01-23,100
85099B,2011-01-24,56
85099B,2011-01-25,393
85099B,2011-01-26,1
85099B,2011-01-27,51
85099B,2011-01-28,1
85099B,2011-01-29,0
85099B,2011-01-30,0
85099B,2011-01-31,52
85099B,2011-02-01,390
85099B,2011-02-02,310
85099B,2011-02-03,126
85099B,2011-02-04,23
85099B,2011-02-05,0
85099B,2011-02-06,64
85099B,2011-02-07,30
85099B,2011-02-08,139
85099B,2011-02-09,36
85099B,2011-02-10,0
85099B,2011-02-11,43
85099B,2011-02-12,0
85099B,2011-02-13,40
85099B,2011-02-14,426
85099B,2011-02-15,54
85099B,2011-02-16,30
85099B,2011-02-17,131
85099B,2011-02-18,314
85099B,2011-02-19,0
85099B,2011-02-20,30
85099B,2011-02-21,102
85099B,2011-02-22,324
85099B,2011-02-23,48
85099B,2011-02-24,161
85099B,2011-02-25,169
85099B,2011-02-26,0
85099B,2011-02-27,6
85099B,2011-02-28,84
85099B,2011-03-01,288
85099B,2011-03-02,16
85099B,2011-03-03,30
85099B,2011-03-04,181
85099B,2011-03-05,0
85099B,2011-03-06,25
85099B,2011-03-07,453
85099B,2011-03-08,117
85099B,2011-03-09,26
85099B,2011-03-10,41
85099B,2011-03-11,101
85099B,2011-03-12,0
85099B,2011-03-13,0
85099B,2011-03-14,141
85099B,2011-03-15,45
85099B,2011-03-16,10
85099B,2011-03-17,1246
85099B,2011-03-18,33
85099B,2011-03-19,0
85099B,2011-03-20,71
85099B,2011-03-21,161
85099B,2011-03-22,45
85099B,2011-03-23,337
85099B,2011-03-24,315
85099B,2011-03-25,521
85099B,2011-03-26,0
85099B,2011-03-27,0
85099B,2011-03-28,143
85099B,2011-03-29,563
85099B,2011-03-30,331
85099B,2011-03-31,40
85099B,2011-04-01,16
85099B,2011-04-02,0
85099B,2011-04-03,10
85099B,2011-04-04,329
85099B,2011-04-05,333
85099B,2011-04-06,118
85099B,2011-04-07,43
85099B,2011-04-08,118
85099B,2011-04-09,0
85099B,2011-04-10,34
85099B,2011-04-11,22
85099B,2011-04-12,120
85099B,2011-04-13,40
85099B,2011-04-14,148
85099B,2011-04-15,66
85099B,2011-04-16,0
85099B,2011-04-17,220
85099B,2011-04-18,169
85099B,2011-04-19,146
85099B,2011-04-20,110
85099B,2011-04-21,124
85099B,2011-04-22,0
85099B,2011-04-23,0
85099B,2011-04-24,0
85099B,2011-04-25,0
85099B,2011-04-26,190
85099B,2011-04-27,67
85099B,2011-04-28,33
85099B,2011-04-29,0
85099B,2011-04-30,0
85099B,2011-05-01,95
85099B,2011-05-02,0
85099B,2011-05-03,51
85099B,2011-05-04,48
85099B,2011-05-05,77
85099B,2011-05-06,94
85099B,2011-05-07,0
85099B,2011-05-08,110
85099B,2011-05-09,76
85099B,2011-05-10,396
85099B,2011-05-11,154
85099B,2011-05-12,237
85099B,2011-05-13,340
85099B,2011-05-14,0
85099B,2011-05-15,3
85099B,2011-05-16,133
85099B,2011-05-17,161
85099B,2011-05-18,178
85099B,2011-05-19,162
85099B,2011-05-20,273
85099B,2011-05-21,0
85099B,2011-05-22,71
85099B,2011-05-23,365
85099B,2011-05-24,251
85099B,2011-05-25,255
85099B,2011-05-26,6
85099B,2011-05-27,44
85099B,2011-05-28,0
85099B,2011-05-29,12
85099B,2011-05-30,0
85099B,2011-05-31,29
85099B,2011-06-01,21
85099B,2011-06-02,155
85099B,2011-06-03,33
85099B,2011-06-04,0
85099B,2011-06-05,35
85099B,2011-06-06,123
85099B,2011-06-07,317
85099B,2011-06-08,135
85099B,2011-06-09,88
85099B,2011-06-10,72
85099B,2011-06-11,0
85099B,2011-06-12,148
85099B,2011-06-13,35
85099B,2011-06-14,234
85099B,2011-06-15,313
85099B,2011-06-16,134
85099B,2011-06-17,120
85099B,2011-06-18,0
85099B,2011-06-19,123
85099B,2011-06-20,356
85099B,2011-06-21,162
85099B,2011-06-22,120
85099B,2011-06-23,142
85099B,2011-06-24,31
85099B,2011-06-25,0
85099B,2011-06-26,30
85099B,2011-06-27,237
85099B,2011-06-28,222
85099B,2011-06-29,60
85099B,2011-06-30,235
85099B,2011-07-01,57
85099B,2011-07-02,0
85099B,2011-07-03,4
85099B,2011-07-04,51
85099B,2011-07-05,296
85099B,2011-07-06,200
85099B,2011-07-07,376
85099B,2011-07-08,434
85099B,2011-07-09,0
85099B,2011-07-10,7
85099B,2011-07-11,22
85099B,2011-07-12,31
85099B,2011-07-13,76
85099B,2011-07-14,123
85099B,2011-07-15,44
85099B,2011-07-16,0
85099B,2011-07-17,135
85099B,2011-07-18,71
85099B,2011-07-19,273
85099B,2011-07-20,279
85099B,2011-07-21,45
85099B,2011-07-22,40
85099B,2011-07-23,0
85099B,2011-07-24,25
85099B,2011-07-25,59
85099B,2011-07-26,148
85099B,2011-07-27,162
85099B,2011-07-28,48
85099B,2011-07-29,111
85099B,2011-07-30,0
85099B,2011-07-31,12
85099B,2011-08-01,348
85099B,2011-08-02,54
85099B,2011-08-03,38
85099B,2011-08-04,453
85099B,2011-08-05,134
85099B,2011-08-06,0
85099B,2011-08-07,23
85099B,2011-08-08,358
85099B,2011-08-09,263
85099B,2011-08-10,557
85099B,2011-08-11,147
85099B,2011-08-12,26
85099B,2011-08-13,0
85099B,2011-08-14,22
85099B,2011-08-15,62
85099B,2011-08-16,45
85099B,2011-08-17,281
85099B,2011-08-18,390
85099B,2011-08-19,100
85099B,2011-08-20,0
85099B,2011-08-21,478
85099B,2011-08-22,130
85099B,2011-08-23,151
85099B,2011-08-24,1068
85099B,2011-08-25,108
85099B,2011-08-26,50
85099B,2011-08-27,0
85099B,2011-08-28,11
85099B,2011-08-29,0
85099B,2011-08-30,38
85099B,2011-08-31,167
85099B,2011-09-01,301
85099B,2011-09-02,153
85099B,2011-09-03,0
85099B,2011-09-04,58
85099B,2011-09-05,54
85099B,2011-09-06,84
85099B,2011-09-07,265
85099B,2011-09-08,47
85099B,2011-09-09,53
85099B,2011-09-10,0
85099B,2011-09-11,53
85099B,2011-09-12,83
85099B,2011-09-13,144
85099B,2011-09-14,3
85099B,2011-09-15,167
85099B,2011-09-16,119
85099B,2011-09-17,0
85099B,2011-09-18,227
85099B,2011-09-19,493
85099B,2011-09-20,150
85099B,2011-09-21,419
85099B,2011-09-22,268
85099B,2011-09-23,276
85099B,2011-09-24,0
85099B,2011-09-25,61
85099B,2011-09-26,220
85099B,2011-09-27,174
85099B,2011-09-28,91
85099B,2011-09-29,372
85099B,2011-09-30,66
85099B,2011-10-01,0
85099B,2011-10-02,6
85099B,2011-10-03,43
85099B,2011-10-04,77
85099B,2011-10-05,361
85099B,2011-10-06,1583
85099B,2011-10-07,623
85099B,2011-10-08,0
85099B,2011-10-09,22
85099B,2011-10-10,62
85099B,2011-10-11,368
85099B,2011-10-12,78
85099B,2011-10-13,274
85099B,2011-10-14,147
85099B,2011-10-15,0
85099B,2011-10-16,18
85099B,2011-10-17,409
85099B,2011-10-18,112
85099B,2011-10-19,54
85099B,2011-10-20,341
85099B,2011-10-21,122
85099B,2011-10-22,0
85099B,2011-10-23,7
85099B,2011-10-24,287
85099B,2011-10-25,161
85099B,2011-10-26,48
85099B,2011-10-27,41
85099B,2011-10-28,12
85099B,2011-10-29,0
85099B,2011-10-30,51
85099B,2011-10-31,105
85099B,2011-11-01,84
85099B,2011-11-02,244
85099B,2011-11-03,452
85099B,2011-11-04,58
85099B,2011-11-05,0
85099B,2011-11-06,120
85099B,2011-11-07,146
85099B,2011-11-08,159
85099B,2011-11-09,725
85099B,2011-11-10,1074
85099B,2011-11-11,48
85099B,2011-11-12,0
85099B,2011-11-13,48
85099B,2011-11-14,660
85099B,2011-11-15,380
85099B,2011-11-16,316
85099B,2011-11-17,97
85099B,2011-11-18,62
85099B,2011-11-19,0
85099B,2011-11-20,87
85099B,2011-11-21,147
85099B,2011-11-22,132
85099B,2011-11-23,146
85099B,2011-11-24,245
85099B,2011-11-25,55
85099B,2011-11-26,0
85099B,2011-11-27,28
85099B,2011-11-28,42
85099B,2011-11-29,165
85099B,2011-11-30,189
85099B,2011-12-01,149
85099B,2011-12-02,493
85099B,2011-12-03,0
85099B,2011-12-04,12
85099B,2011-12-05,66
85099B,2011-12-06,175
85099B,2011-12-07,89
85099B,2011-12-08,106
84879,2009-12-01,1272
84879,2009-12-02,121
84879,2009-12-03,312
84879,2009-12-04,258
84879,2009-12-05,24
84879,2009-12-06,36
84879,2009-12-07,104
84879,2009-12-08,218
84879,2009-12-09,26
84879,2009-12-10,361
84879,2009-12-11,208
84879,2009-12-12,0
84879,2009-12-13,296
84879,2009-12-14,527
84879,2009-12-15,377
84879,2009-12-16,264
84879,2009-12-17,88
84879,2009-12-18,60
84879,2009-12-19,0
84879,2009-12-20,8
84879,2009-12-21,48
84879,2009-12-22,2
84879,2009-12-23,32
84879,2009-12-24,0
84879,2009-12-25,0
84879,2009-12-26,0
84879,2009-12-27,0
84879,2009-12-28,0
84879,2009-12-29,0
84879,2009-12-30,0
84879,2009-12-31,0
84879,2010-01-01,0
84879,2010-01-02,0
84879,2010-01-03,0
84879,2010-01-04,0
84879,2010-01-05,8
84879,2010-01-06,0
84879,2010-01-07,0
84879,2010-01-08,88
84879,2010-01-09,0
84879,2010-01-10,72
84879,2010-01-11,32
84879,2010-01-12,72
84879,2010-01-13,54
84879,2010-01-14,67
84879,2010-01-15,8
84879,2010-01-16,0
84879,2010-01-17,0
84879,2010-01-18,49
84879,2010-01-19,168
84879,2010-01-20,56
84879,2010-01-21,24
84879,2010-01-22,344
84879,2010-01-23,0
84879,2010-01-24,256
84879,2010-01-25,42
84879,2010-01-26,32
84879,2010-01-27,72
84879,2010-01-28,32
84879,2010-01-29,33
84879,2010-01-30,0
84879,2010-01-31,0
84879,2010-02-01,60
84879,2010-02-02,80
84879,2010-02-03,48
84879,2010-02-04,46
84879,2010-02-05,8
84879,2010-02-06,0
84879,2010-02-07,32
84879,2010-02-08,32
84879,2010-02-09,56
84879,2010-02-10,16
84879,2010-02-11,0
84879,2010-02-12,64
84879,2010-02-13,0
84879,2010-02-14,344
84879,2010-02-15,48
84879,2010-02-16,108
84879,2010-02-17,16
84879,2010-02-18,407
84879,2010-02-19,8
84879,2010-02-20,0
84879,2010-02-21,0
84879,2010-02-22,0
84879,2010-02-23,0
84879,2010-02-24,96
84879,2010-02-25,88
84879,2010-02-26,73
84879,2010-02-27,0
84879,2010-02-28,37
84879,2010-03-01,48
84879,2010-03-02,162
84879,2010-03-03,56
84879,2010-03-04,216
84879,2010-03-05,194
84879,2010-03-06,0
84879,2010-03-07,59
84879,2010-03-08,177
84879,2010-03-09,48
84879,2010-03-10,265
84879,2010-03-11,352
84879,2010-03-12,35
84879,2010-03-13,0
84879,2010-03-14,40
84879,2010-03-15,176
84879,2010-03-16,123
84879,2010-03-17,72
84879,2010-03-18,92
84879,2010-03-19,24
84879,2010-03-20,0
84879,2010-03-21,64
84879,2010-03-22,40
84879,2010-03-23,240
84879,2010-03-24,248
84879,2010-03-25,34
84879,2010-03-26,176
84879,2010-03-27,0
84879,2010-03-28,102
84879,2010-03-29,34
84879,2010-03-30,128
84879,2010-03-31,128
84879,2010-04-01,41
84879,2010-04-02,0
84879,2010-04-03,0
84879,2010-04-04,0
84879,2010-04-05,0
84879,2010-04-06,40
84879,2010-04-07,240
84879,2010-04-08,256
84879,2010-04-09,8
84879,2010-04-10,0
84879,2010-04-11,192
84879,2010-04-12,192
84879,2010-04-13,96
84879,2010-04-14,58
84879,2010-04-15,240
84879,2010-04-16,43
84879,2010-04-17,0
84879,2010-04-18,24
84879,2010-04-19,144
84879,2010-04-20,160
84879,2010-04-21,80
84879,2010-04-22,40
84879,2010-04-23,56
84879,2010-04-24,0
84879,2010-04-25,24
84879,2010-04-26,248
84879,2010-04-27,206
84879,2010-04-28,165
84879,2010-04-29,224
84879,2010-04-30,16
84879,2010-05-01,0
84879,2010-05-02,60
84879,2010-05-03,0
84879,2010-05-04,32
84879,2010-05-05,112
84879,2010-05-06,32
84879,2010-05-07,104
84879,2010-05-08,0
84879,2010-05-09,62
84879,2010-05-10,64
84879,2010-05-11,72
84879,2010-05-12,422
84879,2010-05-13,104
84879,2010-05-14,56
84879,2010-05-15,0
84879,2010-05-16,205
84879,2010-05-17,40
84879,2010-05-18,24
84879,2010-05-19,72
84879,2010-05-20,96
84879,2010-05-21,16
84879,2010-05-22,0
84879,2010-05-23,35
84879,2010-05-24,120
84879,2010-05-25,82
84879,2010-05-26,40
84879,2010-05-27,286
84879,2010-05-28,24
84879,2010-05-29,0
84879,2010-05-30,8
84879,2010-05-31,0
84879,2010-06-01,97
84879,2010-06-02,32
84879,2010-06-03,56
84879,2010-06-04,24
84879,2010-06-05,0
84879,2010-06-06,100
84879,2010-06-07,24
84879,2010-06-08,112
84879,2010-06-09,40
84879,2010-06-10,24
84879,2010-06-11,48
84879,2010-06-12,0
84879,2010-06-13,16
84879,2010-06-14,288
84879,2010-06-15,32
84879,2010-06-16,80
84879,2010-06-17,137
84879,2010-06-18,0
84879,2010-06-19,0
84879,2010-06-20,32
84879,2010-06-21,44
84879,2010-06-22,24
84879,2010-06-23,40
84879,2010-06-24,40
84879,2010-06-25,64
84879,2010-06-26,0
84879,2010-06-27,40
84879,2010-06-28,168
84879,2010-06-29,248
84879,2010-06-30,52
84879,2010-07-01,128
84879,2010-07-02,96
84879,2010-07-03,0
84879,2010-07-04,0
84879,2010-07-05,360
84879,2010-07-06,144
84879,2010-07-07,16
84879,2010-07-08,18
84879,2010-07-09,224
84879,2010-07-10,0
84879,2010-07-11,112
84879,2010-07-12,0
84879,2010-07-13,112
84879,2010-07-14,56
84879,2010-07-15,40
84879,2010-07-16,32
84879,2010-07-17,0
84879,2010-07-18,160
84879,2010-07-19,272
84879,2010-07-20,72
84879,2010-07-21,240
84879,2010-07-22,408
84879,2010-07-23,23
84879,2010-07-24,0
84879,2010-07-25,28
84879,2010-07-26,216
84879,2010-07-27,112
84879,2010-07-28,232
84879,2010-07-29,32
84879,2010-07-30,0
84879,2010-07-31,0
84879,2010-08-01,29
84879,2010-08-02,80
84879,2010-08-03,72
84879,2010-08-04,56
84879,2010-08-05,40
84879,2010-08-06,264
84879,2010-08-07,0
84879,2010-08-08,136
84879,2010-08-09,72
84879,2010-08-10,0
84879,2010-08-11,192
84879,2010-08-12,486
84879,2010-08-13,8
84879,2010-08-14,0
84879,2010-08-15,0
84879,2010-08-16,72
84879,2010-08-17,192
84879,2010-08-18,32
84879,2010-08-19,64
84879,2010-08-20,48
84879,2010-08-21,0
84879,2010-08-22,256
84879,2010-08-23,56
84879,2010-08-24,648
84879,2010-08-25,56
84879,2010-08-26,168
84879,2010-08-27,16
84879,2010-08-28,0
84879,2010-08-29,56
84879,2010-08-30,0
84879,2010-08-31,72
84879,2010-09-01,48
84879,2010-09-02,288
84879,2010-09-03,552
84879,2010-09-04,0
84879,2010-09-05,3
84879,2010-09-06,25
84879,2010-09-07,24
84879,2010-09-08,160
84879,2010-09-09,64
84879,2010-09-10,16
84879,2010-09-11,0
84879,2010-09-12,98
84879,2010-09-13,32
84879,2010-09-14,104
84879,2010-09-15,203
84879,2010-09-16,128
84879,2010-09-17,128
84879,2010-09-18,0
84879,2010-09-19,24
84879,2010-09-20,131
84879,2010-09-21,917
84879,2010-09-22,104
84879,2010-09-23,320
84879,2010-09-24,220
84879,2010-09-25,0
84879,2010-09-26,100
84879,2010-09-27,80
84879,2010-09-28,136
84879,2010-09-29,368
84879,2010-09-30,0
84879,2010-10-01,79
84879,2010-10-02,0
84879,2010-10-03,110
84879,2010-10-04,152
84879,2010-10-05,344
84879,2010-10-06,0
84879,2010-10-07,161
84879,2010-10-08,16
84879,2010-10-09,0
84879,2010-10-10,80
84879,2010-10-11,216
84879,2010-10-12,886
84879,2010-10-13,385
84879,2010-10-14,536
84879,2010-10-15,130
84879,2010-10-16,0
84879,2010-10-17,124
84879,2010-10-18,56
84879,2010-10-19,72
84879,2010-10-20,200
84879,2010-10-21,80
84879,2010-10-22,1256
84879,2010-10-23,0
84879,2010-10-24,72
84879,2010-10-25,152
84879,2010-10-26,165
84879,2010-10-27,24
84879,2010-10-28,168
84879,2010-10-29,354
84879,2010-10-30,0
84879,2010-10-31,176
84879,2010-11-01,48
84879,2010-11-02,336
84879,2010-11-03,120
84879,2010-11-04,284
84879,2010-11-05,48
84879,2010-11-06,0
84879,2010-11-07,156
84879,2010-11-08,88
84879,2010-11-09,179
84879,2010-11-10,1173
84879,2010-11-11,3136
84879,2010-11-12,880
84879,2010-11-13,0
84879,2010-11-14,128
84879,2010-11-15,92
84879,2010-11-16,452
84879,2010-11-17,197
84879,2010-11-18,326
84879,2010-11-19,129
84879,2010-11-20,0
84879,2010-11-21,280
84879,2010-11-22,176
84879,2010-11-23,420
84879,2010-11-24,43
84879,2010-11-25,160
84879,2010-11-26,81
84879,2010-11-27,0
84879,2010-11-28,67
84879,2010-11-29,160
84879,2010-11-30,128
84879,2010-12-01,224
84879,2010-12-02,503
84879,2010-12-03,48
84879,2010-12-04,0
84879,2010-12-05,129
84879,2010-12-06,130
84879,2010-12-07,271
84879,2010-12-08,91
84879,2010-12-09,120
84879,2010-12-10,152
84879,2010-12-11,0
84879,2010-12-12,25
84879,2010-12-13,82
84879,2010-12-14,228
84879,2010-12-15,120
84879,2010-12-16,160
84879,2010-12-17,40
84879,2010-12-18,0
84879,2010-12-19,8
84879,2010-12-20,0
84879,2010-12-21,24
84879,2010-12-22,0
84879,2010-12-23,16
84879,2010-12-24,0
84879,2010-12-25,0
84879,2010-12-26,0
84879,2010-12-27,0
84879,2010-12-28,0
84879,2010-12-29,0
84879,2010-12-30,0
84879,2010-12-31,0
84879,2011-01-01,0
84879,2011-01-02,0
84879,2011-01-03,0
84879,2011-01-04,72
84879,2011-01-05,232
84879,2011-01-06,88
84879,2011-01-07,24
84879,2011-01-08,0
84879,2011-01-09,64
84879,2011-01-10,88
84879,2011-01-11,256
84879,2011-01-12,32
84879,2011-01-13,38
84879,2011-01-14,24
84879,2011-01-15,0
84879,2011-01-16,4
84879,2011-01-17,33
84879,2011-01-18,16
84879,2011-01-19,8
84879,2011-01-20,24
84879,2011-01-21,24
84879,2011-01-22,0
84879,2011-01-23,34
84879,2011-01-24,208
84879,2011-01-25,32
84879,2011-01-26,24
84879,2011-01-27,16
84879,2011-01-28,40
84879,2011-01-29,0
84879,2011-01-30,24
84879,2011-01-31,366
84879,2011-02-01,304
84879,2011-02-02,224
84879,2011-02-03,24
84879,2011-02-04,8
84879,2011-02-05,0
84879,2011-02-06,11
84879,2011-02-07,8
84879,2011-02-08,8
84879,2011-02-09,16
84879,2011-02-10,72
84879,2011-02-11,32
84879,2011-02-12,0
84879,2011-02-13,24
84879,2011-02-14,236
84879,2011-02-15,84
84879,2011-02-16,156
84879,2011-02-17,24
84879,2011-02-18,80
84879,2011-02-19,0
84879,2011-02-20,8
84879,2011-02-21,40
84879,2011-02-22,40
84879,2011-02-23,96
84879,2011-02-24,32
84879,2011-02-25,24
84879,2011-02-26,0
84879,2011-02-27,96
84879,2011-02-28,20
84879,2011-03-01,24
84879,2011-03-02,6
84879,2011-03-03,48
84879,2011-03-04,72
84879,2011-03-05,0
84879,2011-03-06,43
84879,2011-03-07,200
84879,2011-03-08,80
84879,2011-03-09,40
84879,2011-03-10,72
84879,2011-03-11,216
84879,2011-03-12,0
84879,2011-03-13,34
84879,2011-03-14,272
84879,2011-03-15,363
84879,2011-03-16,176
84879,2011-03-17,64
84879,2011-03-18,37
84879,2011-03-19,0
84879,2011-03-20,56
84879,2011-03-21,138
84879,2011-03-22,69
84879,2011-03-23,56
84879,2011-03-24,80
84879,2011-03-25,40
84879,2011-03-26,0
84879,2011-03-27,8
84879,2011-03-28,96
84879,2011-03-29,24
84879,2011-03-30,24
84879,2011-03-31,324
84879,2011-04-01,117
84879,2011-04-02,0
84879,2011-04-03,0
84879,2011-04-04,147
84879,2011-04-05,248
84879,2011-04-06,32
84879,2011-04-07,57
84879,2011-04-08,232
84879,2011-04-09,0
84879,2011-04-10,37
84879,2011-04-11,57
84879,2011-04-12,168
84879,2011-04-13,162
84879,2011-04-14,280
84879,2011-04-15,24
84879,2011-04-16,0
84879,2011-04-17,124
84879,2011-04-18,60
84879,2011-04-19,248
84879,2011-04-20,16
84879,2011-04-21,288
84879,2011-04-22,0
84879,2011-04-23,0
84879,2011-04-24,0
84879,2011-04-25,0
84879,2011-04-26,111
84879,2011-04-27,88
84879,2011-04-28,64
84879,2011-04-29,0
84879,2011-04-30,0
84879,2011-05-01,1
84879,2011-05-02,0
84879,2011-05-03,52
84879,2011-05-04,96
84879,2011-05-05,114
84879,2011-05-06,128
84879,2011-05-07,0
84879,2011-05-08,204
84879,2011-05-09,40
84879,2011-05-10,192
84879,2011-05-11,448
84879,2011-05-12,360
84879,2011-05-13,117
84879,2011-05-14,0
84879,2011-05-15,44
84879,2011-05-16,64
84879,2011-05-17,168
84879,2011-05-18,136
84879,2011-05-19,48
84879,2011-05-20,136
84879,2011-05-21,0
84879,2011-05-22,43
84879,2011-05-23,116
84879,2011-05-24,100
84879,2011-05-25,29
84879,2011-05-26,264
84879,2011-05-27,16
84879,2011-05-28,0
84879,2011-05-29,40
84879,2011-05-30,0
84879,2011-05-31,104
84879,2011-06-01,64
84879,2011-06-02,56
84879,2011-06-03,64
84879,2011-06-04,0
84879,2011-06-05,96
84879,2011-06-06,64
84879,2011-06-07,44
84879,2011-06-08,104
84879,2011-06-09,32
84879,2011-06-10,40
84879,2011-06-11,0
84879,2011-06-12,8
84879,2011-06-13,16
84879,2011-06-14,52
84879,2011-06-15,48
84879,2011-06-16,57
84879,2011-06-17,233
84879,2011-06-18,0
84879,2011-06-19,40
84879,2011-06-20,24
84879,2011-06-21,82
84879,2011-06-22,60
84879,2011-06-23,48
84879,2011-06-24,56
84879,2011-06-25,0
84879,2011-06-26,0
84879,2011-06-27,76
84879,2011-06-28,40
84879,2011-06-29,104
84879,2011-06-30,56
84879,2011-07-01,16
84879,2011-07-02,0
84879,2011-07-03,0
84879,2011-07-04,32
84879,2011-07-05,92
84879,2011-07-06,136
84879,2011-07-07,120
84879,2011-07-08,64
84879,2011-07-09,0
84879,2011-07-10,16
84879,2011-07-11,119
84879,2011-07-12,8
84879,2011-07-13,82
84879,2011-07-14,64
84879,2011-07-15,16
84879,2011-07-16,0
84879,2011-07-17,83
84879,2011-07-18,82
84879,2011-07-19,134
84879,2011-07-20,18
84879,2011-07-21,160
84879,2011-07-22,56
84879,2011-07-23,0
84879,2011-07-24,69
84879,2011-07-25,104
84879,2011-07-26,16
84879,2011-07-27,56
84879,2011-07-28,86
84879,2011-07-29,152
84879,2011-07-30,0
84879,2011-07-31,64
84879,2011-08-01,88
84879,2011-08-02,24
84879,2011-08-03,82
84879,2011-08-04,3359
84879,2011-08-05,86
84879,2011-08-06,0
84879,2011-08-07,161
84879,2011-08-08,128
84879,2011-08-09,48
84879,2011-08-10,96
84879,2011-08-11,1008
84879,2011-08-12,32
84879,2011-08-13,0
84879,2011-08-14,11
84879,2011-08-15,64
84879,2011-08-16,60
84879,2011-08-17,32
84879,2011-08-18,95
84879,2011-08-19,224
84879,2011-08-20,0
84879,2011-08-21,81
84879,2011-08-22,206
84879,2011-08-23,48
84879,2011-08-24,96
84879,2011-08-25,400
84879,2011-08-26,40
84879,2011-08-27,0
84879,2011-08-28,60
84879,2011-08-29,0
84879,2011-08-30,8
84879,2011-08-31,16
84879,2011-09-01,96
84879,2011-09-02,16
84879,2011-09-03,0
84879,2011-09-04,80
84879,2011-09-05,48
84879,2011-09-06,88
84879,2011-09-07,72
84879,2011-09-08,136
84879,2011-09-09,40
84879,2011-09-10,0
84879,2011-09-11,104
84879,2011-09-12,48
84879,2011-09-13,296
84879,2011-09-14,48
84879,2011-09-15,400
84879,2011-09-16,68
84879,2011-09-17,0
84879,2011-09-18,48
84879,2011-09-19,104
84879,2011-09-20,64
84879,2011-09-21,56
84879,2011-09-22,348
84879,2011-09-23,32
84879,2011-09-24,0
84879,2011-09-25,97
84879,2011-09-26,245
84879,2011-09-27,74
84879,2011-09-28,224
84879,2011-09-29,184
84879,2011-09-30,48
84879,2011-10-01,0
84879,2011-10-02,24
84879,2011-10-03,72
84879,2011-10-04,84
84879,2011-10-05,91
84879,2011-10-06,285
84879,2011-10-07,48
84879,2011-10-08,0
84879,2011-10-09,9
84879,2011-10-10,40
84879,2011-10-11,76
84879,2011-10-12,56
84879,2011-10-13,116
84879,2011-10-14,72
84879,2011-10-15,0
84879,2011-10-16,60
84879,2011-10-17,392
84879,2011-10-18,48
84879,2011-10-19,158
84879,2011-10-20,156
84879,2011-10-21,16
84879,2011-10-22,0
84879,2011-10-23,59
84879,2011-10-24,128
84879,2011-10-25,80
84879,2011-10-26,217
84879,2011-10-27,40
84879,2011-10-28,49
84879,2011-10-29,0
84879,2011-10-30,264
84879,2011-10-31,120
84879,2011-11-01,294
84879,2011-11-02,128
84879,2011-11-03,210
84879,2011-11-04,80
84879,2011-11-05,0
84879,2011-11-06,136
84879,2011-11-07,24
84879,2011-11-08,56
84879,2011-11-09,1312
84879,2011-11-10,200
84879,2011-11-11,100
84879,2011-11-12,0
84879,2011-11-13,56
84879,2011-11-14,303
84879,2011-11-15,107
84879,2011-11-16,297
84879,2011-11-17,94
84879,2011-11-18,368
84879,2011-11-19,0
84879,2011-11-20,157
84879,2011-11-21,190
84879,2011-11-22,132
84879,2011-11-23,80
84879,2011-11-24,355
84879,2011-11-25,272
84879,2011-11-26,0
84879,2011-11-27,8
84879,2011-11-28,56
84879,2011-11-29,127
84879,2011-11-30,112
84879,2011-12-01,88
84879,2011-12-02,504
84879,2011-12-03,0
84879,2011-12-04,66
84879,2011-12-05,133
84879,2011-12-06,240
84879,2011-12-07,256
84879,2011-12-08,11
17003,2009-12-01,144
17003,2009-12-02,38
17003,2009-12-03,0
17003,2009-12-04,1
17003,2009-12-05,0
17003,2009-12-06,0
17003,2009-12-07,2
17003,2009-12-08,72
17003,2009-12-09,36
17003,2009-12-10,9
17003,2009-12-11,1
17003,2009-12-12,0
17003,2009-12-13,72
17003,2009-12-14,6
17003,2009-12-15,158
17003,2009-12-16,117
17003,2009-12-17,72
17003,2009-12-18,0
17003,2009-12-19,0
17003,2009-12-20,72
17003,2009-12-21,0
17003,2009-12-22,1
17003,2009-12-23,0
17003,2009-12-24,0
17003,2009-12-25,0
17003,2009-12-26,0
17003,2009-12-27,0
17003,2009-12-28,0
17003,2009-12-29,0
17003,2009-12-30,0
17003,2009-12-31,0
17003,2010-01-01,0
17003,2010-01-02,0
17003,2010-01-03,0
17003,2010-01-04,0
17003,2010-01-05,2
17003,2010-01-06,0
17003,2010-01-07,0
17003,2010-01-08,0
17003,2010-01-09,0
17003,2010-01-10,0
17003,2010-01-11,0
17003,2010-01-12,722
17003,2010-01-13,0
17003,2010-01-14,0
17003,2010-01-15,0
17003,2010-01-16,0
17003,2010-01-17,36
17003,2010-01-18,0
17003,2010-01-19,0
17003,2010-01-20,0
17003,2010-01-21,1
17003,2010-01-22,50
17003,2010-01-23,0
17003,2010-01-24,0
17003,2010-01-25,0
17003,2010-01-26,66
17003,2010-01-27,36
17003,2010-01-28,12
17003,2010-01-29,36
17003,2010-01-30,0
17003,2010-01-31,0
17003,2010-02-01,0
17003,2010-02-02,36
17003,2010-02-03,0
17003,2010-02-04,0
17003,2010-02-05,0
17003,2010-02-06,0
17003,2010-02-07,770
17003,2010-02-08,0
17003,2010-02-09,150
17003,2010-02-10,1
17003,2010-02-11,0
17003,2010-02-12,0
17003,2010-02-13,0
17003,2010-02-14,0
17003,2010-02-15,0
17003,2010-02-16,0
17003,2010-02-17,792
17003,2010-02-18,1
17003,2010-02-19,0
17003,2010-02-20,0
17003,2010-02-21,36
17003,2010-02-22,36
17003,2010-02-23,0
17003,2010-02-24,73
17003,2010-02-25,0
17003,2010-02-26,0
17003,2010-02-27,0
17003,2010-02-28,0
17003,2010-03-01,0
17003,2010-03-02,110
17003,2010-03-03,2
17003,2010-03-04,0
17003,2010-03-05,0
17003,2010-03-06,0
17003,2010-03-07,72
17003,2010-03-08,2
17003,2010-03-09,0
17003,2010-03-10,16
17003,2010-03-11,3
17003,2010-03-12,0
17003,2010-03-13,0
17003,2010-03-14,0
17003,2010-03-15,36
17003,2010-03-16,0
17003,2010-03-17,0
17003,2010-03-18,720
17003,2010-03-19,0
17003,2010-03-20,0
17003,2010-03-21,36
17003,2010-03-22,0
17003,2010-03-23,0
17003,2010-03-24,0
17003,2010-03-25,0
17003,2010-03-26,0
17003,2010-03-27,0
17003,2010-03-28,0
17003,2010-03-29,0
17003,2010-03-30,0
17003,2010-03-31,0
17003,2010-04-01,0
17003,2010-04-02,0
17003,2010-04-03,0
17003,2010-04-04,0
17003,2010-04-05,0
17003,2010-04-06,0
17003,2010-04-07,0
17003,2010-04-08,0
17003,2010-04-09,0
17003,2010-04-10,0
17003,2010-04-11,61
17003,2010-04-12,0
17003,2010-04-13,0
17003,2010-04-14,0
17003,2010-04-15,0
17003,2010-04-16,0
17003,2010-04-17,0
17003,2010-04-18,0
17003,2010-04-19,6
17003,2010-04-20,5
17003,2010-04-21,36
17003,2010-04-22,72
17003,2010-04-23,0
17003,2010-04-24,0
17003,2010-04-25,0
17003,2010-04-26,1
17003,2010-04-27,0
17003,2010-04-28,0
17003,2010-04-29,720
17003,2010-04-30,0
17003,2010-05-01,0
17003,2010-05-02,0
17003,2010-05-03,0
17003,2010-05-04,0
17003,2010-05-05,828
17003,2010-05-06,0
17003,2010-05-07,0
17003,2010-05-08,0
17003,2010-05-09,0
17003,2010-05-10,72
17003,2010-05-11,730
17003,2010-05-12,0
17003,2010-05-13,0
17003,2010-05-14,1440
17003,2010-05-15,0
17003,2010-05-16,100
17003,2010-05-17,4
17003,2010-05-18,0
17003,2010-05-19,0
17003,2010-05-20,4
17003,2010-05-21,4
17003,2010-05-22,0
17003,2010-05-23,50
17003,2010-05-24,0
17003,2010-05-25,0
17003,2010-05-26,720
17003,2010-05-27,18
17003,2010-05-28,0
17003,2010-05-29,0
17003,2010-05-30,0
17003,2010-05-31,0
17003,2010-06-01,0
17003,2010-06-02,6
17003,2010-06-03,37
17003,2010-06-04,0
17003,2010-06-05,0
17003,2010-06-06,0
17003,2010-06-07,900
17003,2010-06-08,72
17003,2010-06-09,0
17003,2010-06-10,36
17003,2010-06-11,281
17003,2010-06-12,0
17003,2010-06-13,0
17003,2010-06-14,20
17003,2010-06-15,0
17003,2010-06-16,37
17003,2010-06-17,36
17003,2010-06-18,36
17003,2010-06-19,0
17003,2010-06-20,180
17003,2010-06-21,0
17003,2010-06-22,36
17003,2010-06-23,879
17003,2010-06-24,0
17003,2010-06-25,0
17003,2010-06-26,0
17003,2010-06-27,72
17003,2010-06-28,0
17003,2010-06-29,2
17003,2010-06-30,720
17003,2010-07-01,0
17003,2010-07-02,36
17003,2010-07-03,0
17003,2010-07-04,0
17003,2010-07-05,108
17003,2010-07-06,36
17003,2010-07-07,0
17003,2010-07-08,50
17003,2010-07-09,0
17003,2010-07-10,0
17003,2010-07-11,0
17003,2010-07-12,0
17003,2010-07-13,6
17003,2010-07-14,0
17003,2010-07-15,0
17003,2010-07-16,0
17003,2010-07-17,0
17003,2010-07-18,0
17003,2010-07-19,0
17003,2010-07-20,36
17003,2010-07-21,738
17003,2010-07-22,1
17003,2010-07-23,0
17003,2010-07-24,0
17003,2010-07-25,0
17003,2010-07-26,180
17003,2010-07-27,0
17003,2010-07-28,0
17003,2010-07-29,0
17003,2010-07-30,0
17003,2010-07-31,0
17003,2010-08-01,0
17003,2010-08-02,0
17003,2010-08-03,0
17003,2010-08-04,72
17003,2010-08-05,0
17003,2010-08-06,0
17003,2010-08-07,0
17003,2010-08-08,144
17003,2010-08-09,36
17003,2010-08-10,0
17003,2010-08-11,0
17003,2010-08-12,0
17003,2010-08-13,0
17003,2010-08-14,0
17003,2010-08-15,0
17003,2010-08-16,0
17003,2010-08-17,72
17003,2010-08-18,36
17003,2010-08-19,720
17003,2010-08-20,0
17003,2010-08-21,0
17003,2010-08-22,0
17003,2010-08-23,72
17003,2010-08-24,720
17003,2010-08-25,72
17003,2010-08-26,0
17003,2010-08-27,0
17003,2010-08-28,0
17003,2010-08-29,0
17003,2010-08-30,0
17003,2010-08-31,0
17003,2010-09-01,36
17003,2010-09-02,50
17003,2010-09-03,11124
17003,2010-09-04,0
17003,2010-09-05,0
17003,2010-09-06,1440
17003,2010-09-07,108
17003,2010-09-08,0
17003,2010-09-09,36
17003,2010-09-10,6
17003,2010-09-11,0
17003,2010-09-12,0
17003,2010-09-13,0
17003,2010-09-14,0
17003,2010-09-15,0
17003,2010-09-16,36
17003,2010-09-17,0
17003,2010-09-18,0
17003,2010-09-19,38
17003,2010-09-20,3
17003,2010-09-21,156
17003,2010-09-22,0
17003,2010-09-23,7
17003,2010-09-24,0
17003,2010-09-25,0
17003,2010-09-26,756
17003,2010-09-27,63
17003,2010-09-28,72
17003,2010-09-29,0
17003,2010-09-30,0
17003,2010-10-01,10
17003,2010-10-02,0
17003,2010-10-03,4
17003,2010-10-04,720
17003,2010-10-05,0
17003,2010-10-06,0
17003,2010-10-07,40
17003,2010-10-08,4752
17003,2010-10-09,0
17003,2010-10-10,120
17003,2010-10-11,0
17003,2010-10-12,723
17003,2010-10-13,36
17003,2010-10-14,36
17003,2010-10-15,46
17003,2010-10-16,0
17003,2010-10-17,84
17003,2010-10-18,1
17003,2010-10-19,5
17003,2010-10-20,72
17003,2010-10-21,36
17003,2010-10-22,36
17003,2010-10-23,0
17003,2010-10-24,8
17003,2010-10-25,0
17003,2010-10-26,0
17003,2010-10-27,36
17003,2010-10-28,0
17003,2010-10-29,0
17003,2010-10-30,0
17003,2010-10-31,0
17003,2010-11-01,0
17003,2010-11-02,3
17003,2010-11-03,9
17003,2010-11-04,6732
17003,2010-11-05,36
17003,2010-11-06,0
17003,2010-11-07,36
17003,2010-11-08,44
17003,2010-11-09,252
17003,2010-11-10,72
17003,2010-11-11,36
17003,2010-11-12,0
17003,2010-11-13,0
17003,2010-11-14,144
17003,2010-11-15,108
17003,2010-11-16,406
17003,2010-11-17,900
17003,2010-11-18,36
17003,2010-11-19,36
17003,2010-11-20,0
17003,2010-11-21,36
17003,2010-11-22,0
17003,2010-11-23,40
17003,2010-11-24,1584
17003,2010-11-25,25
17003,2010-11-26,0
17003,2010-11-27,0
17003,2010-11-28,108
17003,2010-11-29,0
17003,2010-11-30,0
17003,2010-12-01,39
17003,2010-12-02,36
17003,2010-12-03,0
17003,2010-12-04,0
17003,2010-12-05,723
17003,2010-12-06,185
17003,2010-12-07,3
17003,2010-12-08,0
17003,2010-12-09,39
17003,2010-12-10,36
17003,2010-12-11,0
17003,2010-12-12,0
17003,2010-12-13,17
17003,2010-12-14,0
17003,2010-12-15,36
17003,2010-12-16,36
17003,2010-12-17,1
17003,2010-12-18,0
17003,2010-12-19,0
17003,2010-12-20,0
17003,2010-12-21,0
17003,2010-12-22,0
17003,2010-12-23,0
17003,2010-12-24,0
17003,2010-12-25,0
17003,2010-12-26,0
17003,2010-12-27,0
17003,2010-12-28,0
17003,2010-12-29,0
17003,2010-12-30,0
17003,2010-12-31,0
17003,2011-01-01,0
17003,2011-01-02,0
17003,2011-01-03,0
17003,2011-01-04,0
17003,2011-01-05,828
17003,2011-01-06,0
17003,2011-01-07,0
17003,2011-01-08,0
17003,2011-01-09,36
17003,2011-01-10,2
17003,2011-01-11,0
17003,2011-01-12,6
17003,2011-01-13,0
17003,2011-01-14,0
17003,2011-01-15,0
17003,2011-01-16,0
17003,2011-01-17,3
17003,2011-01-18,720
17003,2011-01-19,36
17003,2011-01-20,72
17003,2011-01-21,0
17003,2011-01-22,0
17003,2011-01-23,0
17003,2011-01-24,0
17003,2011-01-25,0
17003,2011-01-26,1440
17003,2011-01-27,0
17003,2011-01-28,0
17003,2011-01-29,0
17003,2011-01-30,0
17003,2011-01-31,38
17003,2011-02-01,36
17003,2011-02-02,72
17003,2011-02-03,0
17003,2011-02-04,0
17003,2011-02-05,0
17003,2011-02-06,0
17003,2011-02-07,0
17003,2011-02-08,0
17003,2011-02-09,0
17003,2011-02-10,0
17003,2011-02-11,0
17003,2011-02-12,0
17003,2011-02-13,0
17003,2011-02-14,36
17003,2011-02-15,36
17003,2011-02-16,0
17003,2011-02-17,38
17003,2011-02-18,36
17003,2011-02-19,0
17003,2011-02-20,144
17003,2011-02-21,0
17003,2011-02-22,0
17003,2011-02-23,0
17003,2011-02-24,0
17003,2011-02-25,0
17003,2011-02-26,0
17003,2011-02-27,0
17003,2011-02-28,0
17003,2011-03-01,108
17003,2011-03-02,36
17003,2011-03-03,0
17003,2011-03-04,0
17003,2011-03-05,0
17003,2011-03-06,0
17003,2011-03-07,0
17003,2011-03-08,0
17003,2011-03-09,144
17003,2011-03-10,0
17003,2011-03-11,0
17003,2011-03-12,0
17003,2011-03-13,108
17003,2011-03-14,0
17003,2011-03-15,36
17003,2011-03-16,720
17003,2011-03-17,720
17003,2011-03-18,720
17003,2011-03-19,0
17003,2011-03-20,0
17003,2011-03-21,12
17003,2011-03-22,0
17003,2011-03-23,36
17003,2011-03-24,0
17003,2011-03-25,0
17003,2011-03-26,0
17003,2011-03-27,0
17003,2011-03-28,0
17003,2011-03-29,756
17003,2011-03-30,0
17003,2011-03-31,0
17003,2011-04-01,0
17003,2011-04-02,0
17003,2011-04-03,13
17003,2011-04-04,0
17003,2011-04-05,110
17003,2011-04-06,36
17003,2011-04-07,0
17003,2011-04-08,0
17003,2011-04-09,0
17003,2011-04-10,0
17003,2011-04-11,1
17003,2011-04-12,0
17003,2011-04-13,0
17003,2011-04-14,36
17003,2011-04-15,36
17003,2011-04-16,0
17003,2011-04-17,0
17003,2011-04-18,0
17003,2011-04-19,7
17003,2011-04-20,0
17003,2011-04-21,4
17003,2011-04-22,0
17003,2011-04-23,0
17003,2011-04-24,0
17003,2011-04-25,0
17003,2011-04-26,15
17003,2011-04-27,108
17003,2011-04-28,144
17003,2011-04-29,0
17003,2011-04-30,0
17003,2011-05-01,0
17003,2011-05-02,0
17003,2011-05-03,6
17003,2011-05-04,36
17003,2011-05-05,0
17003,2011-05-06,36
17003,2011-05-07,0
17003,2011-05-08,0
17003,2011-05-09,24
17003,2011-05-10,0
17003,2011-05-11,0
17003,2011-05-12,144
17003,2011-05-13,342
17003,2011-05-14,0
17003,2011-05-15,0
17003,2011-05-16,36
17003,2011-05-17,0
17003,2011-05-18,756
17003,2011-05-19,0
17003,2011-05-20,0
17003,2011-05-21,0
17003,2011-05-22,0
17003,2011-05-23,720
17003,2011-05-24,1
17003,2011-05-25,72
17003,2011-05-26,0
17003,2011-05-27,0
17003,2011-05-28,0
17003,2011-05-29,0
17003,2011-05-30,0
17003,2011-05-31,36
17003,2011-06-01,324
17003,2011-06-02,0
17003,2011-06-03,0
17003,2011-06-04,0
17003,2011-06-05,0
17003,2011-06-06,0
17003,2011-06-07,85
17003,2011-06-08,756
17003,2011-06-09,36
17003,2011-06-10,0
17003,2011-06-11,0
17003,2011-06-12,36
17003,2011-06-13,0
17003,2011-06-14,0
17003,2011-06-15,720
17003,2011-06-16,0
17003,2011-06-17,0
17003,2011-06-18,0
17003,2011-06-19,117
17003,2011-06-20,0
17003,2011-06-21,144
17003,2011-06-22,720
17003,2011-06-23,0
17003,2011-06-24,0
17003,2011-06-25,0
17003,2011-06-26,0
17003,2011-06-27,14
17003,2011-06-28,0
17003,2011-06-29,38
17003,2011-06-30,0
17003,2011-07-01,36
17003,2011-07-02,0
17003,2011-07-03,0
17003,2011-07-04,180
17003,2011-07-05,0
17003,2011-07-06,36
17003,2011-07-07,30
17003,2011-07-08,0
17003,2011-07-09,0
17003,2011-07-10,72
17003,2011-07-11,0
17003,2011-07-12,36
17003,2011-07-13,0
17003,2011-07-14,36
17003,2011-07-15,216
17003,2011-07-16,0
17003,2011-07-17,724
17003,2011-07-18,0
17003,2011-07-19,144
17003,2011-07-20,36
17003,2011-07-21,1
17003,2011-07-22,0
17003,2011-07-23,0
17003,2011-07-24,108
17003,2011-07-25,0
17003,2011-07-26,149
17003,2011-07-27,0
17003,2011-07-28,0
17003,2011-07-29,0
17003,2011-07-30,0
17003,2011-07-31,0
17003,2011-08-01,72
17003,2011-08-02,1
17003,2011-08-03,36
17003,2011-08-04,0
17003,2011-08-05,1
17003,2011-08-06,0
17003,2011-08-07,36
17003,2011-08-08,0
17003,2011-08-09,0
17003,2011-08-10,36
17003,2011-08-11,36
17003,2011-08-12,72
17003,2011-08-13,0
17003,2011-08-14,0
17003,2011-08-15,0
17003,2011-08-16,42
17003,2011-08-17,0
17003,2011-08-18,36
17003,2011-08-19,0
17003,2011-08-20,0
17003,2011-08-21,0
17003,2011-08-22,0
17003,2011-08-23,108
17003,2011-08-24,760
17003,2011-08-25,36
17003,2011-08-26,0
17003,2011-08-27,0
17003,2011-08-28,36
17003,2011-08-29,0
17003,2011-08-30,2
17003,2011-08-31,180
17003,2011-09-01,108
17003,2011-09-02,1
17003,2011-09-03,0
17003,2011-09-04,0
17003,2011-09-05,0
17003,2011-09-06,0
17003,2011-09-07,72
17003,2011-09-08,108
17003,2011-09-09,0
17003,2011-09-10,0
17003,2011-09-11,0
17003,2011-09-12,0
17003,2011-09-13,0
17003,2011-09-14,1
17003,2011-09-15,72
17003,2011-09-16,36
17003,2011-09-17,0
17003,2011-09-18,0
17003,2011-09-19,720
17003,2011-09-20,0
17003,2011-09-21,0
17003,2011-09-22,108
17003,2011-09-23,0
17003,2011-09-24,0
17003,2011-09-25,29
17003,2011-09-26,108
17003,2011-09-27,0
17003,2011-09-28,760
17003,2011-09-29,36
17003,2011-09-30,0
17003,2011-10-01,0
17003,2011-10-02,27
17003,2011-10-03,36
17003,2011-10-04,0
17003,2011-10-05,36
17003,2011-10-06,0
17003,2011-10-07,252
17003,2011-10-08,0
17003,2011-10-09,52
17003,2011-10-10,36
17003,2011-10-11,0
17003,2011-10-12,0
17003,2011-10-13,0
17003,2011-10-14,36
17003,2011-10-15,0
17003,2011-10-16,0
17003,2011-10-17,0
17003,2011-10-18,108
17003,2011-10-19,0
17003,2011-10-20,36
17003,2011-10-21,0
17003,2011-10-22,0
17003,2011-10-23,60
17003,2011-10-24,0
17003,2011-10-25,54
17003,2011-10-26,0
17003,2011-10-27,1476
17003,2011-10-28,0
17003,2011-10-29,0
17003,2011-10-30,154
17003,2011-10-31,37
17003,2011-11-01,0
17003,2011-11-02,0
17003,2011-11-03,0
17003,2011-11-04,27
17003,2011-11-05,0
17003,2011-11-06,36
17003,2011-11-07,0
17003,2011-11-08,0
17003,2011-11-09,9
17003,2011-11-10,36
17003,2011-11-11,0
17003,2011-11-12,0
17003,2011-11-13,64
17003,2011-11-14,190
17003,2011-11-15,0
17003,2011-11-16,87
17003,2011-11-17,0
17003,2011-11-18,2
17003,2011-11-19,0
17003,2011-11-20,36
17003,2011-11-21,108
17003,2011-11-22,130
17003,2011-11-23,4
17003,2011-11-24,51
17003,2011-11-25,37
17003,2011-11-26,0
17003,2011-11-27,144
17003,2011-11-28,0
17003,2011-11-29,38
17003,2011-11-30,72
17003,2011-12-01,14
17003,2011-12-02,1
17003,2011-12-03,0
17003,2011-12-04,5
17003,2011-12-05,17
17003,2011-12-06,114
17003,2011-12-07,70
17003,2011-12-08,76
22197,2009-12-01,34
22197,2009-12-02,456
22197,2009-12-03,30
22197,2009-12-04,151
22197,2009-12-05,0
22197,2009-12-06,6
22197,2009-12-07,44
22197,2009-12-08,31
22197,2009-12-09,12
22197,2009-12-10,6
22197,2009-12-11,48
22197,2009-12-12,0
22197,2009-12-13,12
22197,2009-12-14,132
22197,2009-12-15,424
22197,2009-12-16,20
22197,2009-12-17,2
22197,2009-12-18,60
22197,2009-12-19,0
22197,2009-12-20,6
22197,2009-12-21,0
22197,2009-12-22,2
22197,2009-12-23,0
22197,2009-12-24,0
22197,2009-12-25,0
22197,2009-12-26,0
22197,2009-12-27,0
22197,2009-12-28,0
22197,2009-12-29,0
22197,2009-12-30,0
22197,2009-12-31,0
22197,2010-01-01,0
22197,2010-01-02,0
22197,2010-01-03,0
22197,2010-01-04,9
22197,2010-01-05,0
22197,2010-01-06,12
22197,2010-01-07,0
22197,2010-01-08,0
22197,2010-01-09,0
22197,2010-01-10,0
22197,2010-01-11,23
22197,2010-01-12,11
22197,2010-01-13,1
22197,2010-01-14,23
22197,2010-01-15,2
22197,2010-01-16,0
22197,2010-01-17,12
22197,2010-01-18,4
22197,2010-01-19,12
22197,2010-01-20,1
22197,2010-01-21,0
22197,2010-01-22,0
22197,2010-01-23,0
22197,2010-01-24,6
22197,2010-01-25,0
22197,2010-01-26,24
22197,2010-01-27,14
22197,2010-01-28,52
22197,2010-01-29,531
22197,2010-01-30,0
22197,2010-01-31,0
22197,2010-02-01,29
22197,2010-02-02,12
22197,2010-02-03,16
22197,2010-02-04,0
22197,2010-02-05,12
22197,2010-02-06,0
22197,2010-02-07,12
22197,2010-02-08,3
22197,2010-02-09,0
22197,2010-02-10,0
22197,2010-02-11,13
22197,2010-02-12,40
22197,2010-02-13,0
22197,2010-02-14,12
22197,2010-02-15,0
22197,2010-02-16,7
22197,2010-02-17,0
22197,2010-02-18,0
22197,2010-02-19,0
22197,2010-02-20,0
22197,2010-02-21,12
22197,2010-02-22,100
22197,2010-02-23,0
22197,2010-02-24,1226
22197,2010-02-25,48
22197,2010-02-26,8
22197,2010-02-27,0
22197,2010-02-28,25
22197,2010-03-01,4
22197,2010-03-02,31
22197,2010-03-03,0
22197,2010-03-04,21
22197,2010-03-05,13
22197,2010-03-06,0
22197,2010-03-07,64
22197,2010-03-08,2
22197,2010-03-09,12
22197,2010-03-10,12
22197,2010-03-11,0
22197,2010-03-12,11
22197,2010-03-13,0
22197,2010-03-14,10
22197,2010-03-15,304
22197,2010-03-16,2
22197,2010-03-17,55
22197,2010-03-18,54
22197,2010-03-19,309
22197,2010-03-20,0
22197,2010-03-21,102
22197,2010-03-22,13
22197,2010-03-23,6
22197,2010-03-24,16
22197,2010-03-25,35
22197,2010-03-26,15
22197,2010-03-27,0
22197,2010-03-28,18
22197,2010-03-29,363
22197,2010-03-30,25
22197,2010-03-31,15
22197,2010-04-01,20
22197,2010-04-02,0
22197,2010-04-03,0
22197,2010-04-04,0
22197,2010-04-05,0
22197,2010-04-06,306
22197,2010-04-07,0
22197,2010-04-08,42
22197,2010-04-09,350
22197,2010-04-10,0
22197,2010-04-11,18
22197,2010-04-12,4
22197,2010-04-13,42
22197,2010-04-14,106
22197,2010-04-15,46
22197,2010-04-16,25
22197,2010-04-17,0
22197,2010-04-18,1
22197,2010-04-19,72
22197,2010-04-20,28
22197,2010-04-21,6
22197,2010-04-22,236
22197,2010-04-23,12
22197,2010-04-24,0
22197,2010-04-25,24
22197,2010-04-26,0
22197,2010-04-27,64
22197,2010-04-28,34
22197,2010-04-29,56
22197,2010-04-30,341
22197,2010-05-01,0
22197,2010-05-02,5
22197,2010-05-03,0
22197,2010-05-04,52
22197,2010-05-05,19
22197,2010-05-06,12
22197,2010-05-07,60
22197,2010-05-08,0
22197,2010-05-09,60
22197,2010-05-10,75
22197,2010-05-11,21
22197,2010-05-12,0
22197,2010-05-13,63
22197,2010-05-14,9
22197,2010-05-15,0
22197,2010-05-16,12
22197,2010-05-17,24
22197,2010-05-18,9
22197,2010-05-19,20
22197,2010-05-20,23
22197,2010-05-21,3
22197,2010-05-22,0
22197,2010-05-23,113
22197,2010-05-24,36
22197,2010-05-25,0
22197,2010-05-26,136
22197,2010-05-27,18
22197,2010-05-28,25
22197,2010-05-29,0
22197,2010-05-30,3
22197,2010-05-31,0
22197,2010-06-01,27
22197,2010-06-02,26
22197,2010-06-03,42
22197,2010-06-04,32
22197,2010-06-05,0
22197,2010-06-06,18
22197,2010-06-07,17
22197,2010-06-08,17
22197,2010-06-09,63
22197,2010-06-10,60
22197,2010-06-11,429
22197,2010-06-12,0
22197,2010-06-13,31
22197,2010-06-14,23
22197,2010-06-15,12
22197,2010-06-16,123
22197,2010-06-17,31
22197,2010-06-18,36
22197,2010-06-19,0
22197,2010-06-20,400
22197,2010-06-21,12
22197,2010-06-22,26
22197,2010-06-23,98
22197,2010-06-24,10
22197,2010-06-25,7
22197,2010-06-26,0
22197,2010-06-27,15
22197,2010-06-28,26
22197,2010-06-29,48
22197,2010-06-30,137
22197,2010-07-01,6
22197,2010-07-02,112
22197,2010-07-03,0
22197,2010-07-04,36
22197,2010-07-05,6
22197,2010-07-06,0
22197,2010-07-07,105
22197,2010-07-08,117
22197,2010-07-09,42
22197,2010-07-10,0
22197,2010-07-11,8
22197,2010-07-12,59
22197,2010-07-13,504
22197,2010-07-14,94
22197,2010-07-15,73
22197,2010-07-16,36
22197,2010-07-17,0
22197,2010-07-18,0
22197,2010-07-19,14
22197,2010-07-20,47
22197,2010-07-21,24
22197,2010-07-22,0
22197,2010-07-23,528
22197,2010-07-24,0
22197,2010-07-25,78
22197,2010-07-26,1
22197,2010-07-27,52
22197,2010-07-28,59
22197,2010-07-29,145
22197,2010-07-30,0
22197,2010-07-31,0
22197,2010-08-01,8
22197,2010-08-02,12
22197,2010-08-03,24
22197,2010-08-04,3
22197,2010-08-05,18
22197,2010-08-06,0
22197,2010-08-07,0
22197,2010-08-08,38
22197,2010-08-09,48
22197,2010-08-10,4
22197,2010-08-11,36
22197,2010-08-12,18
22197,2010-08-13,444
22197,2010-08-14,0
22197,2010-08-15,2
22197,2010-08-16,24
22197,2010-08-17,107
22197,2010-08-18,33
22197,2010-08-19,608
22197,2010-08-20,243
22197,2010-08-21,0
22197,2010-08-22,10
22197,2010-08-23,14
22197,2010-08-24,225
22197,2010-08-25,532
22197,2010-08-26,77
22197,2010-08-27,18
22197,2010-08-28,0
22197,2010-08-29,14
22197,2010-08-30,0
22197,2010-08-31,14
22197,2010-09-01,12
22197,2010-09-02,89
22197,2010-09-03,14
22197,2010-09-04,0
22197,2010-09-05,6
22197,2010-09-06,36
22197,2010-09-07,170
22197,2010-09-08,12
22197,2010-09-09,17
22197,2010-09-10,5
22197,2010-09-11,0
22197,2010-09-12,30
22197,2010-09-13,128
22197,2010-09-14,12
22197,2010-09-15,77
22197,2010-09-16,28
22197,2010-09-17,267
22197,2010-09-18,0
22197,2010-09-19,22
22197,2010-09-20,10
22197,2010-09-21,58
22197,2010-09-22,1525
22197,2010-09-23,21
22197,2010-09-24,39
22197,2010-09-25,0
22197,2010-09-26,56
22197,2010-09-27,43
22197,2010-09-28,45
22197,2010-09-29,148
22197,2010-09-30,20
22197,2010-10-01,5
22197,2010-10-02,0
22197,2010-10-03,35
22197,2010-10-04,14
22197,2010-10-05,582
22197,2010-10-06,9
22197,2010-10-07,120
22197,2010-10-08,52
22197,2010-10-09,0
22197,2010-10-10,142
22197,2010-10-11,74
22197,2010-10-12,100
22197,2010-10-13,25
22197,2010-10-14,35
22197,2010-10-15,9
22197,2010-10-16,0
22197,2010-10-17,102
22197,2010-10-18,20
22197,2010-10-19,89
22197,2010-10-20,603
22197,2010-10-21,82
22197,2010-10-22,419
22197,2010-10-23,0
22197,2010-10-24,26
22197,2010-10-25,3
22197,2010-10-26,56
22197,2010-10-27,13
22197,2010-10-28,44
22197,2010-10-29,2405
22197,2010-10-30,0
22197,2010-10-31,61
22197,2010-11-01,261
22197,2010-11-02,136
22197,2010-11-03,172
22197,2010-11-04,106
22197,2010-11-05,63
22197,2010-11-06,0
22197,2010-11-07,188
22197,2010-11-08,1668
22197,2010-11-09,198
22197,2010-11-10,1684
22197,2010-11-11,369
22197,2010-11-12,164
22197,2010-11-13,0
22197,2010-11-14,32
22197,2010-11-15,1058
22197,2010-11-16,182
22197,2010-11-17,133
22197,2010-11-18,275
22197,2010-11-19,57
22197,2010-11-20,0
22197,2010-11-21,41
22197,2010-11-22,150
22197,2010-11-23,84
22197,2010-11-24,1307
22197,2010-11-25,477
22197,2010-11-26,173
22197,2010-11-27,0
22197,2010-11-28,16
22197,2010-11-29,143
22197,2010-11-30,47
22197,2010-12-01,271
22197,2010-12-02,74
22197,2010-12-03,67
22197,2010-12-04,0
22197,2010-12-05,81
22197,2010-12-06,265
22197,2010-12-07,130
22197,2010-12-08,213
22197,2010-12-09,260
22197,2010-12-10,95
22197,2010-12-11,0
22197,2010-12-12,49
22197,2010-12-13,45
22197,2010-12-14,282
22197,2010-12-15,355
22197,2010-12-16,19
22197,2010-12-17,272
22197,2010-12-18,0
22197,2010-12-19,8
22197,2010-12-20,169
22197,2010-12-21,75
22197,2010-12-22,0
22197,2010-12-23,8
22197,2010-12-24,0
22197,2010-12-25,0
22197,2010-12-26,0
22197,2010-12-27,0
22197,2010-12-28,0
22197,2010-12-29,0
22197,2010-12-30,0
22197,2010-12-31,0
22197,2011-01-01,0
22197,2011-01-02,0
22197,2011-01-03,0
22197,2011-01-04,23
22197,2011-01-05,3
22197,2011-01-06,736
22197,2011-01-07,36
22197,2011-01-08,0
22197,2011-01-09,9
22197,2011-01-10,7
22197,2011-01-11,20
22197,2011-01-12,24
22197,2011-01-13,29
22197,2011-01-14,34
22197,2011-01-15,0
22197,2011-01-16,230
22197,2011-01-17,41
22197,2011-01-18,4
22197,2011-01-19,52
22197,2011-01-20,12
22197,2011-01-21,152
22197,2011-01-22,0
22197,2011-01-23,0
22197,2011-01-24,23
22197,2011-01-25,134
22197,2011-01-26,103
22197,2011-01-27,57
22197,2011-01-28,24
22197,2011-01-29,0
22197,2011-01-30,10
22197,2011-01-31,61
22197,2011-02-01,6
22197,2011-02-02,6
22197,2011-02-03,0
22197,2011-02-04,34
22197,2011-02-05,0
22197,2011-02-06,0
22197,2011-02-07,13
22197,2011-02-08,39
22197,2011-02-09,36
22197,2011-02-10,44
22197,2011-02-11,102
22197,2011-02-12,0
22197,2011-02-13,5
22197,2011-02-14,17
22197,2011-02-15,633
22197,2011-02-16,21
22197,2011-02-17,311
22197,2011-02-18,48
22197,2011-02-19,0
22197,2011-02-20,10
22197,2011-02-21,9
22197,2011-02-22,106
22197,2011-02-23,1048
22197,2011-02-24,48
22197,2011-02-25,101
22197,2011-02-26,0
22197,2011-02-27,0
22197,2011-02-28,29
22197,2011-03-01,17
22197,2011-03-02,112
22197,2011-03-03,134
22197,2011-03-04,78
22197,2011-03-05,0
22197,2011-03-06,0
22197,2011-03-07,67
22197,2011-03-08,13
22197,2011-03-09,143
22197,2011-03-10,14
22197,2011-03-11,542
22197,2011-03-12,0
22197,2011-03-13,0
22197,2011-03-14,240
22197,2011-03-15,65
22197,2011-03-16,100
22197,2011-03-17,64
22197,2011-03-18,87
22197,2011-03-19,0
22197,2011-03-20,27
22197,2011-03-21,49
22197,2011-03-22,37
22197,2011-03-23,19
22197,2011-03-24,34
22197,2011-03-25,77
22197,2011-03-26,0
22197,2011-03-27,21
22197,2011-03-28,38
22197,2011-03-29,663
22197,2011-03-30,28
22197,2011-03-31,134
22197,2011-04-01,136
22197,2011-04-02,0
22197,2011-04-03,43
22197,2011-04-04,112
22197,2011-04-05,124
22197,2011-04-06,56
22197,2011-04-07,232
22197,2011-04-08,16
22197,2011-04-09,0
22197,2011-04-10,24
22197,2011-04-11,48
22197,2011-04-12,54
22197,2011-04-13,25
22197,2011-04-14,640
22197,2011-04-15,14
22197,2011-04-16,0
22197,2011-04-17,3
22197,2011-04-18,46
22197,2011-04-19,6
22197,2011-04-20,48
22197,2011-04-21,132
22197,2011-04-22,0
22197,2011-04-23,0
22197,2011-04-24,0
22197,2011-04-25,0
22197,2011-04-26,50
22197,2011-04-27,60
22197,2011-04-28,0
22197,2011-04-29,0
22197,2011-04-30,0
22197,2011-05-01,200
22197,2011-05-02,0
22197,2011-05-03,39
22197,2011-05-04,221
22197,2011-05-05,19
22197,2011-05-06,30
22197,2011-05-07,0
22197,2011-05-08,63
22197,2011-05-09,64
22197,2011-05-10,56
22197,2011-05-11,84
22197,2011-05-12,51
22197,2011-05-13,115
22197,2011-05-14,0
22197,2011-05-15,11
22197,2011-05-16,61
22197,2011-05-17,556
22197,2011-05-18,93
22197,2011-05-19,140
22197,2011-05-20,420
22197,2011-05-21,0
22197,2011-05-22,30
22197,2011-05-23,44
22197,2011-05-24,63
22197,2011-05-25,73
22197,2011-05-26,38
22197,2011-05-27,4314
22197,2011-05-28,0
22197,2011-05-29,30
22197,2011-05-30,0
22197,2011-05-31,34
22197,2011-06-01,6
22197,2011-06-02,44
22197,2011-06-03,368
22197,2011-06-04,0
22197,2011-06-05,81
22197,2011-06-06,17
22197,2011-06-07,19
22197,2011-06-08,51
22197,2011-06-09,161
22197,2011-06-10,105
22197,2011-06-11,0
22197,2011-06-12,57
22197,2011-06-13,33
22197,2011-06-14,127
22197,2011-06-15,128
22197,2011-06-16,13
22197,2011-06-17,82
22197,2011-06-18,0
22197,2011-06-19,54
22197,2011-06-20,59
22197,2011-06-21,49
22197,2011-06-22,1
22197,2011-06-23,110
22197,2011-06-24,126
22197,2011-06-25,0
22197,2011-06-26,0
22197,2011-06-27,60
22197,2011-06-28,56
22197,2011-06-29,24
22197,2011-06-30,264
22197,2011-07-01,26
22197,2011-07-02,0
22197,2011-07-03,0
22197,2011-07-04,57
22197,2011-07-05,227
22197,2011-07-06,16
22197,2011-07-07,48
22197,2011-07-08,259
22197,2011-07-09,0
22197,2011-07-10,29
22197,2011-07-11,14
22197,2011-07-12,20
22197,2011-07-13,35
22197,2011-07-14,70
22197,2011-07-15,4
22197,2011-07-16,0
22197,2011-07-17,14
22197,2011-07-18,48
22197,2011-07-19,97
22197,2011-07-20,74
22197,2011-07-21,168
22197,2011-07-22,100
22197,2011-07-23,0
22197,2011-07-24,134
22197,2011-07-25,31
22197,2011-07-26,25
22197,2011-07-27,72
22197,2011-07-28,18
22197,2011-07-29,86
22197,2011-07-30,0
22197,2011-07-31,204
22197,2011-08-01,21
22197,2011-08-02,45
22197,2011-08-03,15
22197,2011-08-04,2036
22197,2011-08-05,61
22197,2011-08-06,0
22197,2011-08-07,0
22197,2011-08-08,257
22197,2011-08-09,3
22197,2011-08-10,600
22197,2011-08-11,691
22197,2011-08-12,160
22197,2011-08-13,0
22197,2011-08-14,24
22197,2011-08-15,100
22197,2011-08-16,33
22197,2011-08-17,194
22197,2011-08-18,38
22197,2011-08-19,98
22197,2011-08-20,0
22197,2011-08-21,55
22197,2011-08-22,36
22197,2011-08-23,49
22197,2011-08-24,76
22197,2011-08-25,34
22197,2011-08-26,613
22197,2011-08-27,0
22197,2011-08-28,18
22197,2011-08-29,0
22197,2011-08-30,40
22197,2011-08-31,124
22197,2011-09-01,101
22197,2011-09-02,667
22197,2011-09-03,0
22197,2011-09-04,24
22197,2011-09-05,105
22197,2011-09-06,27
22197,2011-09-07,79
22197,2011-09-08,67
22197,2011-09-09,136
22197,2011-09-10,0
22197,2011-09-11,102
22197,2011-09-12,209
22197,2011-09-13,50
22197,2011-09-14,102
22197,2011-09-15,35
22197,2011-09-16,134
22197,2011-09-17,0
22197,2011-09-18,40
22197,2011-09-19,222
22197,2011-09-20,181
22197,2011-09-21,143
22197,2011-09-22,25
22197,2011-09-23,99
22197,2011-09-24,0
22197,2011-09-25,12
22197,2011-09-26,27
22197,2011-09-27,85
22197,2011-09-28,143
22197,2011-09-29,296
22197,2011-09-30,1085
22197,2011-10-01,0
22197,2011-10-02,39
22197,2011-10-03,76
22197,2011-10-04,147
22197,2011-10-05,50
22197,2011-10-06,389
22197,2011-10-07,47
22197,2011-10-08,0
22197,2011-10-09,126
22197,2011-10-10,159
22197,2011-10-11,124
22197,2011-10-12,210
22197,2011-10-13,133
22197,2011-10-14,252
22197,2011-10-15,0
22197,2011-10-16,6
22197,2011-10-17,534
22197,2011-10-18,294
22197,2011-10-19,247
22197,2011-10-20,15
22197,2011-10-21,62
22197,2011-10-22,0
22197,2011-10-23,12
22197,2011-10-24,232
22197,2011-10-25,251
22197,2011-10-26,43
22197,2011-10-27,47
22197,2011-10-28,2065
22197,2011-10-29,0
22197,2011-10-30,137
22197,2011-10-31,210
22197,2011-11-01,286
22197,2011-11-02,172
22197,2011-11-03,20
22197,2011-11-04,174
22197,2011-11-05,0
22197,2011-11-06,294
22197,2011-11-07,2012
22197,2011-11-08,172
22197,2011-11-09,1079
22197,2011-11-10,339
22197,2011-11-11,184
22197,2011-11-12,0
22197,2011-11-13,114
22197,2011-11-14,1767
22197,2011-11-15,224
22197,2011-11-16,352
22197,2011-11-17,135
22197,2011-11-18,449
22197,2011-11-19,0
22197,2011-11-20,218
22197,2011-11-21,349
22197,2011-11-22,1162
22197,2011-11-23,497
22197,2011-11-24,558
22197,2011-11-25,342
22197,2011-11-26,0
22197,2011-11-27,47
22197,2011-11-28,248
22197,2011-11-29,796
22197,2011-11-30,470
22197,2011-12-01,279
22197,2011-12-02,1369
22197,2011-12-03,0
22197,2011-12-04,113
22197,2011-12-05,410
22197,2011-12-06,337
22197,2011-12-07,368
22197,2011-12-08,3111
21977,2009-12-01,99
21977,2009-12-02,175
21977,2009-12-03,123
21977,2009-12-04,100
21977,2009-12-05,0
21977,2009-12-06,37
21977,2009-12-07,100
21977,2009-12-08,73
21977,2009-12-09,25
21977,2009-12-10,33
21977,2009-12-11,126
21977,2009-12-12,0
21977,2009-12-13,33
21977,2009-12-14,35
21977,2009-12-15,42
21977,2009-12-16,35
21977,2009-12-17,24
21977,2009-12-18,105
21977,2009-12-19,0
21977,2009-12-20,24
21977,2009-12-21,0
21977,2009-12-22,6
21977,2009-12-23,0
21977,2009-12-24,0
21977,2009-12-25,0
21977,2009-12-26,0
21977,2009-12-27,0
21977,2009-12-28,0
21977,2009-12-29,0
21977,2009-12-30,0
21977,2009-12-31,0
21977,2010-01-01,0
21977,2010-01-02,0
21977,2010-01-03,0
21977,2010-01-04,0
21977,2010-01-05,24
21977,2010-01-06,0
21977,2010-01-07,564
21977,2010-01-08,72
21977,2010-01-09,0
21977,2010-01-10,30
21977,2010-01-11,53
21977,2010-01-12,6
21977,2010-01-13,74
21977,2010-01-14,59
21977,2010-01-15,0
21977,2010-01-16,0
21977,2010-01-17,0
21977,2010-01-18,52
21977,2010-01-19,5
21977,2010-01-20,509
21977,2010-01-21,36
21977,2010-01-22,48
21977,2010-01-23,0
21977,2010-01-24,30
21977,2010-01-25,62
21977,2010-01-26,293
21977,2010-01-27,123
21977,2010-01-28,98
21977,2010-01-29,52
21977,2010-01-30,0
21977,2010-01-31,28
21977,2010-02-01,3
21977,2010-02-02,38
21977,2010-02-03,55
21977,2010-02-04,72
21977,2010-02-05,26
21977,2010-02-06,0
21977,2010-02-07,7
21977,2010-02-08,74
21977,2010-02-09,49
21977,2010-02-10,24
21977,2010-02-11,24
21977,2010-02-12,360
21977,2010-02-13,0
21977,2010-02-14,153
21977,2010-02-15,72
21977,2010-02-16,299
21977,2010-02-17,150
21977,2010-02-18,73
21977,2010-02-19,2
21977,2010-02-20,0
21977,2010-02-21,51
21977,2010-02-22,183
21977,2010-02-23,2
21977,2010-02-24,26
21977,2010-02-25,661
21977,2010-02-26,7
21977,2010-02-27,0
21977,2010-02-28,28
21977,2010-03-01,384
21977,2010-03-02,6
21977,2010-03-03,120
21977,2010-03-04,158
21977,2010-03-05,28
21977,2010-03-06,0
21977,2010-03-07,52
21977,2010-03-08,2
21977,2010-03-09,28
21977,2010-03-10,128
21977,2010-03-11,2
21977,2010-03-12,49
21977,2010-03-13,0
21977,2010-03-14,28
21977,2010-03-15,6
21977,2010-03-16,147
21977,2010-03-17,361
21977,2010-03-18,50
21977,2010-03-19,35
21977,2010-03-20,0
21977,2010-03-21,25
21977,2010-03-22,120
21977,2010-03-23,73
21977,2010-03-24,80
21977,2010-03-25,76
21977,2010-03-26,168
21977,2010-03-27,0
21977,2010-03-28,113
21977,2010-03-29,33
21977,2010-03-30,49
21977,2010-03-31,55
21977,2010-04-01,1
21977,2010-04-02,0
21977,2010-04-03,0
21977,2010-04-04,0
21977,2010-04-05,0
21977,2010-04-06,241
21977,2010-04-07,76
21977,2010-04-08,50
21977,2010-04-09,48
21977,2010-04-10,0
21977,2010-04-11,76
21977,2010-04-12,96
21977,2010-04-13,7
21977,2010-04-14,246
21977,2010-04-15,52
21977,2010-04-16,170
21977,2010-04-17,0
21977,2010-04-18,30
21977,2010-04-19,133
21977,2010-04-20,177
21977,2010-04-21,74
21977,2010-04-22,229
21977,2010-04-23,58
21977,2010-04-24,0
21977,2010-04-25,26
21977,2010-04-26,681
21977,2010-04-27,72
21977,2010-04-28,144
21977,2010-04-29,87
21977,2010-04-30,48
21977,2010-05-01,0
21977,2010-05-02,26
21977,2010-05-03,0
21977,2010-05-04,58
21977,2010-05-05,225
21977,2010-05-06,110
21977,2010-05-07,73
21977,2010-05-08,0
21977,2010-05-09,76
21977,2010-05-10,96
21977,2010-05-11,192
21977,2010-05-12,49
21977,2010-05-13,49
21977,2010-05-14,25
21977,2010-05-15,0
21977,2010-05-16,2
21977,2010-05-17,103
21977,2010-05-18,97
21977,2010-05-19,64
21977,2010-05-20,75
21977,2010-05-21,121
21977,2010-05-22,0
21977,2010-05-23,51
21977,2010-05-24,101
21977,2010-05-25,721
21977,2010-05-26,72
21977,2010-05-27,73
21977,2010-05-28,96
21977,2010-05-29,0
21977,2010-05-30,4
21977,2010-05-31,0
21977,2010-06-01,24
21977,2010-06-02,120
21977,2010-06-03,50
21977,2010-06-04,27
21977,2010-06-05,0
21977,2010-06-06,49
21977,2010-06-07,191
21977,2010-06-08,162
21977,2010-06-09,264
21977,2010-06-10,28
21977,2010-06-11,98
21977,2010-06-12,0
21977,2010-06-13,59
21977,2010-06-14,25
21977,2010-06-15,385
21977,2010-06-16,75
21977,2010-06-17,67
21977,2010-06-18,0
21977,2010-06-19,0
21977,2010-06-20,6
21977,2010-06-21,28
21977,2010-06-22,27
21977,2010-06-23,169
21977,2010-06-24,13
21977,2010-06-25,172
21977,2010-06-26,0
21977,2010-06-27,2
21977,2010-06-28,288
21977,2010-06-29,241
21977,2010-06-30,653
21977,2010-07-01,106
21977,2010-07-02,53
21977,2010-07-03,0
21977,2010-07-04,53
21977,2010-07-05,30
21977,2010-07-06,97
21977,2010-07-07,25
21977,2010-07-08,54
21977,2010-07-09,296
21977,2010-07-10,0
21977,2010-07-11,255
21977,2010-07-12,29
21977,2010-07-13,24
21977,2010-07-14,106
21977,2010-07-15,51
21977,2010-07-16,76
21977,2010-07-17,0
21977,2010-07-18,29
21977,2010-07-19,99
21977,2010-07-20,50
21977,2010-07-21,49
21977,2010-07-22,99
21977,2010-07-23,48
21977,2010-07-24,0
21977,2010-07-25,29
21977,2010-07-26,72
21977,2010-07-27,0
21977,2010-07-28,72
21977,2010-07-29,52
21977,2010-07-30,24
21977,2010-07-31,0
21977,2010-08-01,0
21977,2010-08-02,27
21977,2010-08-03,79
21977,2010-08-04,96
21977,2010-08-05,40
21977,2010-08-06,74
21977,2010-08-07,0
21977,2010-08-08,5
21977,2010-08-09,30
21977,2010-08-10,51
21977,2010-08-11,50
21977,2010-08-12,6
21977,2010-08-13,152
21977,2010-08-14,0
21977,2010-08-15,100
21977,2010-08-16,72
21977,2010-08-17,130
21977,2010-08-18,716
21977,2010-08-19,463
21977,2010-08-20,48
21977,2010-08-21,0
21977,2010-08-22,102
21977,2010-08-23,48
21977,2010-08-24,1011
21977,2010-08-25,49
21977,2010-08-26,72
21977,2010-08-27,0
21977,2010-08-28,0
21977,2010-08-29,1
21977,2010-08-30,0
21977,2010-08-31,91
21977,2010-09-01,144
21977,2010-09-02,196
21977,2010-09-03,26
21977,2010-09-04,0
21977,2010-09-05,24
21977,2010-09-06,253
21977,2010-09-07,72
21977,2010-09-08,148
21977,2010-09-09,90
21977,2010-09-10,120
21977,2010-09-11,0
21977,2010-09-12,27
21977,2010-09-13,51
21977,2010-09-14,219
21977,2010-09-15,385
21977,2010-09-16,48
21977,2010-09-17,24
21977,2010-09-18,0
21977,2010-09-19,32
21977,2010-09-20,52
21977,2010-09-21,328
21977,2010-09-22,26
21977,2010-09-23,26
21977,2010-09-24,24
21977,2010-09-25,0
21977,2010-09-26,89
21977,2010-09-27,108
21977,2010-09-28,51
21977,2010-09-29,169
21977,2010-09-30,104
21977,2010-10-01,121
21977,2010-10-02,0
21977,2010-10-03,97
21977,2010-10-04,105
21977,2010-10-05,60
21977,2010-10-06,512
21977,2010-10-07,63
21977,2010-10-08,68
21977,2010-10-09,0
21977,2010-10-10,24
21977,2010-10-11,81
21977,2010-10-12,101
21977,2010-10-13,175
21977,2010-10-14,76
21977,2010-10-15,81
21977,2010-10-16,0
21977,2010-10-17,279
21977,2010-10-18,136
21977,2010-10-19,388
21977,2010-10-20,159
21977,2010-10-21,133
21977,2010-10-22,28
21977,2010-10-23,0
21977,2010-10-24,53
21977,2010-10-25,1
21977,2010-10-26,315
21977,2010-10-27,49
21977,2010-10-28,4
21977,2010-10-29,76
21977,2010-10-30,0
21977,2010-10-31,28
21977,2010-11-01,6
21977,2010-11-02,385
21977,2010-11-03,73
21977,2010-11-04,74
21977,2010-11-05,55
21977,2010-11-06,0
21977,2010-11-07,17
21977,2010-11-08,73
21977,2010-11-09,212
21977,2010-11-10,135
21977,2010-11-11,84
21977,2010-11-12,32
21977,2010-11-13,0
21977,2010-11-14,27
21977,2010-11-15,11
21977,2010-11-16,586
21977,2010-11-17,132
21977,2010-11-18,32
21977,2010-11-19,12
21977,2010-11-20,0
21977,2010-11-21,4
21977,2010-11-22,50
21977,2010-11-23,9
21977,2010-11-24,11
21977,2010-11-25,805
21977,2010-11-26,15
21977,2010-11-27,0
21977,2010-11-28,5
21977,2010-11-29,53
21977,2010-11-30,206
21977,2010-12-01,122
21977,2010-12-02,144
21977,2010-12-03,133
21977,2010-12-04,0
21977,2010-12-05,10
21977,2010-12-06,56
21977,2010-12-07,9
21977,2010-12-08,57
21977,2010-12-09,33
21977,2010-12-10,75
21977,2010-12-11,0
21977,2010-12-12,2
21977,2010-12-13,36
21977,2010-12-14,53
21977,2010-12-15,24
21977,2010-12-16,168
21977,2010-12-17,267
21977,2010-12-18,0
21977,2010-12-19,1
21977,2010-12-20,507
21977,2010-12-21,27
21977,2010-12-22,0
21977,2010-12-23,0
21977,2010-12-24,0
21977,2010-12-25,0
21977,2010-12-26,0
21977,2010-12-27,0
21977,2010-12-28,0
21977,2010-12-29,0
21977,2010-12-30,0
21977,2010-12-31,0
21977,2011-01-01,0
21977,2011-01-02,0
21977,2011-01-03,0
21977,2011-01-04,3
21977,2011-01-05,74
21977,2011-01-06,26
21977,2011-01-07,28
21977,2011-01-08,0
21977,2011-01-09,48
21977,2011-01-10,77
21977,2011-01-11,0
21977,2011-01-12,4
21977,2011-01-13,24
21977,2011-01-14,2
21977,2011-01-15,0
21977,2011-01-16,0
21977,2011-01-17,25
21977,2011-01-18,2
21977,2011-01-19,2
21977,2011-01-20,1
21977,2011-01-21,124
21977,2011-01-22,0
21977,2011-01-23,0
21977,2011-01-24,32
21977,2011-01-25,51
21977,2011-01-26,4
21977,2011-01-27,54
21977,2011-01-28,0
21977,2011-01-29,0
21977,2011-01-30,3
21977,2011-01-31,174
21977,2011-02-01,103
21977,2011-02-02,3
21977,2011-02-03,504
21977,2011-02-04,3
21977,2011-02-05,0
21977,2011-02-06,24
21977,2011-02-07,24
21977,2011-02-08,3
21977,2011-02-09,24
21977,2011-02-10,24
21977,2011-02-11,0
21977,2011-02-12,0
21977,2011-02-13,0
21977,2011-02-14,30
21977,2011-02-15,181
21977,2011-02-16,25
21977,2011-02-17,57
21977,2011-02-18,171
21977,2011-02-19,0
21977,2011-02-20,0
21977,2011-02-21,30
21977,2011-02-22,89
21977,2011-02-23,0
21977,2011-02-24,48
21977,2011-02-25,48
21977,2011-02-26,0
21977,2011-02-27,24
21977,2011-02-28,125
21977,2011-03-01,0
21977,2011-03-02,72
21977,2011-03-03,49
21977,2011-03-04,27
21977,2011-03-05,0
21977,2011-03-06,3
21977,2011-03-07,49
21977,2011-03-08,183
21977,2011-03-09,76
21977,2011-03-10,352
21977,2011-03-11,24
21977,2011-03-12,0
21977,2011-03-13,0
21977,2011-03-14,528
21977,2011-03-15,29
21977,2011-03-16,96
21977,2011-03-17,3
21977,2011-03-18,391
21977,2011-03-19,0
21977,2011-03-20,80
21977,2011-03-21,55
21977,2011-03-22,56
21977,2011-03-23,78
21977,2011-03-24,207
21977,2011-03-25,11
21977,2011-03-26,0
21977,2011-03-27,1
21977,2011-03-28,77
21977,2011-03-29,76
21977,2011-03-30,121
21977,2011-03-31,53
21977,2011-04-01,48
21977,2011-04-02,0
21977,2011-04-03,11
21977,2011-04-04,2
21977,2011-04-05,53
21977,2011-04-06,1
21977,2011-04-07,5
21977,2011-04-08,96
21977,2011-04-09,0
21977,2011-04-10,2
21977,2011-04-11,421
21977,2011-04-12,81
21977,2011-04-13,168
21977,2011-04-14,72
21977,2011-04-15,5
21977,2011-04-16,0
21977,2011-04-17,4
21977,2011-04-18,76
21977,2011-04-19,51
21977,2011-04-20,1046
21977,2011-04-21,148
21977,2011-04-22,0
21977,2011-04-23,0
21977,2011-04-24,0
21977,2011-04-25,0
21977,2011-04-26,150
21977,2011-04-27,9
21977,2011-04-28,96
21977,2011-04-29,0
21977,2011-04-30,0
21977,2011-05-01,0
21977,2011-05-02,0
21977,2011-05-03,50
21977,2011-05-04,48
21977,2011-05-05,50
21977,2011-05-06,322
21977,2011-05-07,0
21977,2011-05-08,85
21977,2011-05-09,2
21977,2011-05-10,191
21977,2011-05-11,52
21977,2011-05-12,136
21977,2011-05-13,97
21977,2011-05-14,0
21977,2011-05-15,20
21977,2011-05-16,29
21977,2011-05-17,78
21977,2011-05-18,0
21977,2011-05-19,3
21977,2011-05-20,28
21977,2011-05-21,0
21977,2011-05-22,35
21977,2011-05-23,2724
21977,2011-05-24,25
21977,2011-05-25,26
21977,2011-05-26,2
21977,2011-05-27,48
21977,2011-05-28,0
21977,2011-05-29,0
21977,2011-05-30,0
21977,2011-05-31,4
21977,2011-06-01,7
21977,2011-06-02,7
21977,2011-06-03,1
21977,2011-06-04,0
21977,2011-06-05,1
21977,2011-06-06,48
21977,2011-06-07,52
21977,2011-06-08,4
21977,2011-06-09,202
21977,2011-06-10,2
21977,2011-06-11,0
21977,2011-06-12,29
21977,2011-06-13,51
21977,2011-06-14,28
21977,2011-06-15,266
21977,2011-06-16,48
21977,2011-06-17,72
21977,2011-06-18,0
21977,2011-06-19,6
21977,2011-06-20,27
21977,2011-06-21,2
21977,2011-06-22,444
21977,2011-06-23,72
21977,2011-06-24,0
21977,2011-06-25,0
21977,2011-06-26,0
21977,2011-06-27,39
21977,2011-06-28,24
21977,2011-06-29,49
21977,2011-06-30,24
21977,2011-07-01,0
21977,2011-07-02,0
21977,2011-07-03,24
21977,2011-07-04,48
21977,2011-07-05,49
21977,2011-07-06,7
21977,2011-07-07,12
21977,2011-07-08,1
21977,2011-07-09,0
21977,2011-07-10,0
21977,2011-07-11,9
21977,2011-07-12,8
21977,2011-07-13,27
21977,2011-07-14,51
21977,2011-07-15,72
21977,2011-07-16,0
21977,2011-07-17,24
21977,2011-07-18,28
21977,2011-07-19,624
21977,2011-07-20,27
21977,2011-07-21,49
21977,2011-07-22,3
21977,2011-07-23,0
21977,2011-07-24,600
21977,2011-07-25,175
21977,2011-07-26,78
21977,2011-07-27,51
21977,2011-07-28,100
21977,2011-07-29,72
21977,2011-07-30,0
21977,2011-07-31,266
21977,2011-08-01,49
21977,2011-08-02,24
21977,2011-08-03,78
21977,2011-08-04,72
21977,2011-08-05,0
21977,2011-08-06,0
21977,2011-08-07,48
21977,2011-08-08,25
21977,2011-08-09,149
21977,2011-08-10,0
21977,2011-08-11,26
21977,2011-08-12,48
21977,2011-08-13,0
21977,2011-08-14,0
21977,2011-08-15,4
21977,2011-08-16,24
21977,2011-08-17,24
21977,2011-08-18,792
21977,2011-08-19,24
21977,2011-08-20,0
21977,2011-08-21,11
21977,2011-08-22,24
21977,2011-08-23,698
21977,2011-08-24,150
21977,2011-08-25,0
21977,2011-08-26,0
21977,2011-08-27,0
21977,2011-08-28,4
21977,2011-08-29,0
21977,2011-08-30,4
21977,2011-08-31,5
21977,2011-09-01,48
21977,2011-09-02,147
21977,2011-09-03,0
21977,2011-09-04,1
21977,2011-09-05,49
21977,2011-09-06,4
21977,2011-09-07,26
21977,2011-09-08,79
21977,2011-09-09,144
21977,2011-09-10,0
21977,2011-09-11,362
21977,2011-09-12,48
21977,2011-09-13,700
21977,2011-09-14,28
21977,2011-09-15,11
21977,2011-09-16,0
21977,2011-09-17,0
21977,2011-09-18,3
21977,2011-09-19,48
21977,2011-09-20,105
21977,2011-09-21,124
21977,2011-09-22,72
21977,2011-09-23,52
21977,2011-09-24,0
21977,2011-09-25,1
21977,2011-09-26,29
21977,2011-09-27,72
21977,2011-09-28,36
21977,2011-09-29,72
21977,2011-09-30,0
21977,2011-10-01,0
21977,2011-10-02,4
21977,2011-10-03,26
21977,2011-10-04,2
21977,2011-10-05,674
21977,2011-10-06,74
21977,2011-10-07,99
21977,2011-10-08,0
21977,2011-10-09,2
21977,2011-10-10,33
21977,2011-10-11,27
21977,2011-10-12,24
21977,2011-10-13,133
21977,2011-10-14,29
21977,2011-10-15,0
21977,2011-10-16,24
21977,2011-10-17,30
21977,2011-10-18,7
21977,2011-10-19,24
21977,2011-10-20,56
21977,2011-10-21,0
21977,2011-10-22,0
21977,2011-10-23,1
21977,2011-10-24,5
21977,2011-10-25,28
21977,2011-10-26,0
21977,2011-10-27,11
21977,2011-10-28,50
21977,2011-10-29,0
21977,2011-10-30,4
21977,2011-10-31,51
21977,2011-11-01,27
21977,2011-11-02,3
21977,2011-11-03,27
21977,2011-11-04,2
21977,2011-11-05,0
21977,2011-11-06,48
21977,2011-11-07,2
21977,2011-11-08,28
21977,2011-11-09,25
21977,2011-11-10,146
21977,2011-11-11,40
21977,2011-11-12,0
21977,2011-11-13,62
21977,2011-11-14,6
21977,2011-11-15,53
21977,2011-11-16,243
21977,2011-11-17,6
21977,2011-11-18,97
21977,2011-11-19,0
21977,2011-11-20,10
21977,2011-11-21,221
21977,2011-11-22,49
21977,2011-11-23,77
21977,2011-11-24,29
21977,2011-11-25,5
21977,2011-11-26,0
21977,2011-11-27,11
21977,2011-11-28,29
21977,2011-11-29,58
21977,2011-11-30,124
21977,2011-12-01,13
21977,2011-12-02,6
21977,2011-12-03,0
21977,2011-12-04,9
21977,2011-12-05,57
21977,2011-12-06,26
21977,2011-12-07,55
21977,2011-12-08,66
84991,2009-12-01,173
84991,2009-12-02,159
84991,2009-12-03,201
84991,2009-12-04,99
84991,2009-12-05,0
84991,2009-12-06,31
84991,2009-12-07,53
84991,2009-12-08,24
84991,2009-12-09,68
84991,2009-12-10,241
84991,2009-12-11,55
84991,2009-12-12,0
84991,2009-12-13,69
84991,2009-12-14,57
84991,2009-12-15,63
84991,2009-12-16,112
84991,2009-12-17,24
84991,2009-12-18,124
84991,2009-12-19,0
84991,2009-12-20,24
84991,2009-12-21,240
84991,2009-12-22,5
84991,2009-12-23,0
84991,2009-12-24,0
84991,2009-12-25,0
84991,2009-12-26,0
84991,2009-12-27,0
84991,2009-12-28,0
84991,2009-12-29,0
84991,2009-12-30,0
84991,2009-12-31,0
84991,2010-01-01,0
84991,2010-01-02,0
84991,2010-01-03,0
84991,2010-01-04,48
84991,2010-01-05,144
84991,2010-01-06,0
84991,2010-01-07,576
84991,2010-01-08,72
84991,2010-01-09,0
84991,2010-01-10,120
84991,2010-01-11,53
84991,2010-01-12,5
84991,2010-01-13,24
84991,2010-01-14,34
84991,2010-01-15,289
84991,2010-01-16,0
84991,2010-01-17,24
84991,2010-01-18,85
84991,2010-01-19,160
84991,2010-01-20,534
84991,2010-01-21,62
84991,2010-01-22,105
84991,2010-01-23,0
84991,2010-01-24,24
84991,2010-01-25,49
84991,2010-01-26,388
84991,2010-01-27,25
84991,2010-01-28,122
84991,2010-01-29,1
84991,2010-01-30,0
84991,2010-01-31,53
84991,2010-02-01,25
84991,2010-02-02,168
84991,2010-02-03,26
84991,2010-02-04,52
84991,2010-02-05,24
84991,2010-02-06,0
84991,2010-02-07,369
84991,2010-02-08,73
84991,2010-02-09,74
84991,2010-02-10,1
84991,2010-02-11,30
84991,2010-02-12,288
84991,2010-02-13,0
84991,2010-02-14,153
84991,2010-02-15,24
84991,2010-02-16,81
84991,2010-02-17,246
84991,2010-02-18,126
84991,2010-02-19,74
84991,2010-02-20,0
84991,2010-02-21,82
84991,2010-02-22,72
84991,2010-02-23,72
84991,2010-02-24,1226
84991,2010-02-25,228
84991,2010-02-26,3
84991,2010-02-27,0
84991,2010-02-28,130
84991,2010-03-01,241
84991,2010-03-02,7
84991,2010-03-03,386
84991,2010-03-04,247
84991,2010-03-05,77
84991,2010-03-06,0
84991,2010-03-07,50
84991,2010-03-08,81
84991,2010-03-09,25
84991,2010-03-10,75
84991,2010-03-11,9
84991,2010-03-12,196
84991,2010-03-13,0
84991,2010-03-14,30
84991,2010-03-15,56
84991,2010-03-16,77
84991,2010-03-17,289
84991,2010-03-18,99
84991,2010-03-19,60
84991,2010-03-20,0
84991,2010-03-21,8
84991,2010-03-22,149
84991,2010-03-23,102
84991,2010-03-24,80
84991,2010-03-25,48
84991,2010-03-26,124
84991,2010-03-27,0
84991,2010-03-28,164
84991,2010-03-29,54
84991,2010-03-30,63
84991,2010-03-31,81
84991,2010-04-01,67
84991,2010-04-02,0
84991,2010-04-03,0
84991,2010-04-04,0
84991,2010-04-05,0
84991,2010-04-06,481
84991,2010-04-07,74
84991,2010-04-08,94
84991,2010-04-09,48
84991,2010-04-10,0
84991,2010-04-11,50
84991,2010-04-12,8
84991,2010-04-13,483
84991,2010-04-14,126
84991,2010-04-15,134
84991,2010-04-16,289
84991,2010-04-17,0
84991,2010-04-18,54
84991,2010-04-19,124
84991,2010-04-20,84
84991,2010-04-21,202
84991,2010-04-22,192
84991,2010-04-23,99
84991,2010-04-24,0
84991,2010-04-25,99
84991,2010-04-26,40
84991,2010-04-27,96
84991,2010-04-28,122
84991,2010-04-29,178
84991,2010-04-30,51
84991,2010-05-01,0
84991,2010-05-02,31
84991,2010-05-03,0
84991,2010-05-04,58
84991,2010-05-05,181
84991,2010-05-06,133
84991,2010-05-07,49
84991,2010-05-08,0
84991,2010-05-09,136
84991,2010-05-10,48
84991,2010-05-11,241
84991,2010-05-12,435
84991,2010-05-13,96
84991,2010-05-14,50
84991,2010-05-15,0
84991,2010-05-16,10
84991,2010-05-17,107
84991,2010-05-18,49
84991,2010-05-19,180
84991,2010-05-20,97
84991,2010-05-21,25
84991,2010-05-22,0
84991,2010-05-23,272
84991,2010-05-24,145
84991,2010-05-25,960
84991,2010-05-26,54
84991,2010-05-27,157
84991,2010-05-28,24
84991,2010-05-29,0
84991,2010-05-30,3
84991,2010-05-31,0
84991,2010-06-01,1
84991,2010-06-02,3
84991,2010-06-03,48
84991,2010-06-04,34
84991,2010-06-05,0
84991,2010-06-06,26
84991,2010-06-07,176
84991,2010-06-08,138
84991,2010-06-09,244
84991,2010-06-10,77
84991,2010-06-11,174
84991,2010-06-12,0
84991,2010-06-13,149
84991,2010-06-14,51
84991,2010-06-15,388
84991,2010-06-16,193
84991,2010-06-17,78
84991,2010-06-18,0
84991,2010-06-19,0
84991,2010-06-20,0
84991,2010-06-21,75
84991,2010-06-22,24
84991,2010-06-23,298
84991,2010-06-24,30
84991,2010-06-25,219
84991,2010-06-26,0
84991,2010-06-27,35
84991,2010-06-28,483
84991,2010-06-29,321
84991,2010-06-30,120
84991,2010-07-01,152
84991,2010-07-02,55
84991,2010-07-03,0
84991,2010-07-04,58
84991,2010-07-05,48
84991,2010-07-06,48
84991,2010-07-07,3
84991,2010-07-08,81
84991,2010-07-09,31
84991,2010-07-10,0
84991,2010-07-11,249
84991,2010-07-12,52
84991,2010-07-13,115
84991,2010-07-14,144
84991,2010-07-15,136
84991,2010-07-16,175
84991,2010-07-17,0
84991,2010-07-18,8
84991,2010-07-19,75
84991,2010-07-20,75
84991,2010-07-21,97
84991,2010-07-22,147
84991,2010-07-23,1
84991,2010-07-24,0
84991,2010-07-25,37
84991,2010-07-26,144
84991,2010-07-27,0
84991,2010-07-28,192
84991,2010-07-29,51
84991,2010-07-30,96
84991,2010-07-31,0
84991,2010-08-01,24
84991,2010-08-02,75
84991,2010-08-03,12
84991,2010-08-04,50
84991,2010-08-05,100
84991,2010-08-06,48
84991,2010-08-07,0
84991,2010-08-08,146
84991,2010-08-09,2
84991,2010-08-10,49
84991,2010-08-11,51
84991,2010-08-12,176
84991,2010-08-13,187
84991,2010-08-14,0
84991,2010-08-15,1230
84991,2010-08-16,24
84991,2010-08-17,144
84991,2010-08-18,525
84991,2010-08-19,79
84991,2010-08-20,72
84991,2010-08-21,0
84991,2010-08-22,96
84991,2010-08-23,25
84991,2010-08-24,200
84991,2010-08-25,51
84991,2010-08-26,35
84991,2010-08-27,25
84991,2010-08-28,0
84991,2010-08-29,29
84991,2010-08-30,0
84991,2010-08-31,88
84991,2010-09-01,0
84991,2010-09-02,255
84991,2010-09-03,48
84991,2010-09-04,0
84991,2010-09-05,28
84991,2010-09-06,270
84991,2010-09-07,76
84991,2010-09-08,170
84991,2010-09-09,130
84991,2010-09-10,216
84991,2010-09-11,0
84991,2010-09-12,27
84991,2010-09-13,169
84991,2010-09-14,196
84991,2010-09-15,388
84991,2010-09-16,48
84991,2010-09-17,1
84991,2010-09-18,0
84991,2010-09-19,66
84991,2010-09-20,10
84991,2010-09-21,154
84991,2010-09-22,40
84991,2010-09-23,45
84991,2010-09-24,123
84991,2010-09-25,0
84991,2010-09-26,67
84991,2010-09-27,211
84991,2010-09-28,26
84991,2010-09-29,74
84991,2010-09-30,205
84991,2010-10-01,50
84991,2010-10-02,0
84991,2010-10-03,122
84991,2010-10-04,26
84991,2010-10-05,167
84991,2010-10-06,552
84991,2010-10-07,41
84991,2010-10-08,368
84991,2010-10-09,0
84991,2010-10-10,72
84991,2010-10-11,101
84991,2010-10-12,81
84991,2010-10-13,146
84991,2010-10-14,153
84991,2010-10-15,200
84991,2010-10-16,0
84991,2010-10-17,64
84991,2010-10-18,178
84991,2010-10-19,85
84991,2010-10-20,154
84991,2010-10-21,130
84991,2010-10-22,27
84991,2010-10-23,0
84991,2010-10-24,109
84991,2010-10-25,50
84991,2010-10-26,319
84991,2010-10-27,75
84991,2010-10-28,2
84991,2010-10-29,55
84991,2010-10-30,0
84991,2010-10-31,32
84991,2010-11-01,53
84991,2010-11-02,393
84991,2010-11-03,78
84991,2010-11-04,43
84991,2010-11-05,24
84991,2010-11-06,0
84991,2010-11-07,57
84991,2010-11-08,56
84991,2010-11-09,160
84991,2010-11-10,135
84991,2010-11-11,110
84991,2010-11-12,33
84991,2010-11-13,0
84991,2010-11-14,68
84991,2010-11-15,28
84991,2010-11-16,532
84991,2010-11-17,64
84991,2010-11-18,78
84991,2010-11-19,58
84991,2010-11-20,0
84991,2010-11-21,7
84991,2010-11-22,7
84991,2010-11-23,33
84991,2010-11-24,17
84991,2010-11-25,125
84991,2010-11-26,8
84991,2010-11-27,0
84991,2010-11-28,24
84991,2010-11-29,79
84991,2010-11-30,42
84991,2010-12-01,78
84991,2010-12-02,168
84991,2010-12-03,30
84991,2010-12-04,0
84991,2010-12-05,9
84991,2010-12-06,57
84991,2010-12-07,30
84991,2010-12-08,77
84991,2010-12-09,61
84991,2010-12-10,34
84991,2010-12-11,0
84991,2010-12-12,7
84991,2010-12-13,43
84991,2010-12-14,128
84991,2010-12-15,24
84991,2010-12-16,232
84991,2010-12-17,1
84991,2010-12-18,0
84991,2010-12-19,1
84991,2010-12-20,482
84991,2010-12-21,77
84991,2010-12-22,0
84991,2010-12-23,48
84991,2010-12-24,0
84991,2010-12-25,0
84991,2010-12-26,0
84991,2010-12-27,0
84991,2010-12-28,0
84991,2010-12-29,0
84991,2010-12-30,0
84991,2010-12-31,0
84991,2011-01-01,0
84991,2011-01-02,0
84991,2011-01-03,0
84991,2011-01-04,6
84991,2011-01-05,29
84991,2011-01-06,81
84991,2011-01-07,24
84991,2011-01-08,0
84991,2011-01-09,30
84991,2011-01-10,38
84991,2011-01-11,31
84991,2011-01-12,51
84991,2011-01-13,24
84991,2011-01-14,30
84991,2011-01-15,0
84991,2011-01-16,120
84991,2011-01-17,0
84991,2011-01-18,120
84991,2011-01-19,124
84991,2011-01-20,0
84991,2011-01-21,6
84991,2011-01-22,0
84991,2011-01-23,24
84991,2011-01-24,30
84991,2011-01-25,58
84991,2011-01-26,48
84991,2011-01-27,9
84991,2011-01-28,3
84991,2011-01-29,0
84991,2011-01-30,24
84991,2011-01-31,224
84991,2011-02-01,16
84991,2011-02-02,52
84991,2011-02-03,60
84991,2011-02-04,29
84991,2011-02-05,0
84991,2011-02-06,4
84991,2011-02-07,48
84991,2011-02-08,9
84991,2011-02-09,0
84991,2011-02-10,0
84991,2011-02-11,2
84991,2011-02-12,0
84991,2011-02-13,24
84991,2011-02-14,51
84991,2011-02-15,27
84991,2011-02-16,0
84991,2011-02-17,36
84991,2011-02-18,145
84991,2011-02-19,0
84991,2011-02-20,0
84991,2011-02-21,14
84991,2011-02-22,26
84991,2011-02-23,31
84991,2011-02-24,48
84991,2011-02-25,75
84991,2011-02-26,0
84991,2011-02-27,0
84991,2011-02-28,26
84991,2011-03-01,0
84991,2011-03-02,72
84991,2011-03-03,25
84991,2011-03-04,3
84991,2011-03-05,0
84991,2011-03-06,8
84991,2011-03-07,159
84991,2011-03-08,73
84991,2011-03-09,72
84991,2011-03-10,264
84991,2011-03-11,29
84991,2011-03-12,0
84991,2011-03-13,1
84991,2011-03-14,26
84991,2011-03-15,15
84991,2011-03-16,384
84991,2011-03-17,52
84991,2011-03-18,29
84991,2011-03-19,0
84991,2011-03-20,32
84991,2011-03-21,61
84991,2011-03-22,67
84991,2011-03-23,57
84991,2011-03-24,25
84991,2011-03-25,26
84991,2011-03-26,0
84991,2011-03-27,3
84991,2011-03-28,77
84991,2011-03-29,423
84991,2011-03-30,2
84991,2011-03-31,80
84991,2011-04-01,146
84991,2011-04-02,0
84991,2011-04-03,8
84991,2011-04-04,50
84991,2011-04-05,54
84991,2011-04-06,64
84991,2011-04-07,5
84991,2011-04-08,73
84991,2011-04-09,0
84991,2011-04-10,25
84991,2011-04-11,181
84991,2011-04-12,52
84991,2011-04-13,0
84991,2011-04-14,120
84991,2011-04-15,108
84991,2011-04-16,0
84991,2011-04-17,16
84991,2011-04-18,57
84991,2011-04-19,26
84991,2011-04-20,1069
84991,2011-04-21,30
84991,2011-04-22,0
84991,2011-04-23,0
84991,2011-04-24,0
84991,2011-04-25,0
84991,2011-04-26,48
84991,2011-04-27,28
84991,2011-04-28,146
84991,2011-04-29,0
84991,2011-04-30,0
84991,2011-05-01,24
84991,2011-05-02,0
84991,2011-05-03,28
84991,2011-05-04,30
84991,2011-05-05,25
84991,2011-05-06,153
84991,2011-05-07,0
84991,2011-05-08,29
84991,2011-05-09,31
84991,2011-05-10,77
84991,2011-05-11,97
84991,2011-05-12,266
84991,2011-05-13,49
84991,2011-05-14,0
84991,2011-05-15,12
84991,2011-05-16,26
84991,2011-05-17,48
84991,2011-05-18,48
84991,2011-05-19,2
84991,2011-05-20,78
84991,2011-05-21,0
84991,2011-05-22,30
84991,2011-05-23,10
84991,2011-05-24,28
84991,2011-05-25,25
84991,2011-05-26,120
84991,2011-05-27,105
84991,2011-05-28,0
84991,2011-05-29,13
84991,2011-05-30,0
84991,2011-05-31,24
84991,2011-06-01,2
84991,2011-06-02,9
84991,2011-06-03,1
84991,2011-06-04,0
84991,2011-06-05,100
84991,2011-06-06,28
84991,2011-06-07,0
84991,2011-06-08,27
84991,2011-06-09,11
84991,2011-06-10,4
84991,2011-06-11,0
84991,2011-06-12,20
84991,2011-06-13,4
84991,2011-06-14,27
84991,2011-06-15,177
84991,2011-06-16,48
84991,2011-06-17,48
84991,2011-06-18,0
84991,2011-06-19,0
84991,2011-06-20,61
84991,2011-06-21,3
84991,2011-06-22,0
84991,2011-06-23,28
84991,2011-06-24,0
84991,2011-06-25,0
84991,2011-06-26,2
84991,2011-06-27,3
84991,2011-06-28,24
84991,2011-06-29,133
84991,2011-06-30,24
84991,2011-07-01,0
84991,2011-07-02,0
84991,2011-07-03,1
84991,2011-07-04,1
84991,2011-07-05,556
84991,2011-07-06,2
84991,2011-07-07,86
84991,2011-07-08,0
84991,2011-07-09,0
84991,2011-07-10,0
84991,2011-07-11,30
84991,2011-07-12,5
84991,2011-07-13,26
84991,2011-07-14,72
84991,2011-07-15,0
84991,2011-07-16,0
84991,2011-07-17,0
84991,2011-07-18,8
84991,2011-07-19,24
84991,2011-07-20,37
84991,2011-07-21,0
84991,2011-07-22,49
84991,2011-07-23,0
84991,2011-07-24,6
84991,2011-07-25,56
84991,2011-07-26,30
84991,2011-07-27,146
84991,2011-07-28,74
84991,2011-07-29,72
84991,2011-07-30,0
84991,2011-07-31,24
84991,2011-08-01,25
84991,2011-08-02,49
84991,2011-08-03,32
84991,2011-08-04,48
84991,2011-08-05,90
84991,2011-08-06,0
84991,2011-08-07,4
84991,2011-08-08,122
84991,2011-08-09,145
84991,2011-08-10,25
84991,2011-08-11,0
84991,2011-08-12,48
84991,2011-08-13,0
84991,2011-08-14,0
84991,2011-08-15,54
84991,2011-08-16,0
84991,2011-08-17,48
84991,2011-08-18,492
84991,2011-08-19,48
84991,2011-08-20,0
84991,2011-08-21,6
84991,2011-08-22,0
84991,2011-08-23,41
84991,2011-08-24,17
84991,2011-08-25,0
84991,2011-08-26,96
84991,2011-08-27,0
84991,2011-08-28,1
84991,2011-08-29,0
84991,2011-08-30,4
84991,2011-08-31,28
84991,2011-09-01,48
84991,2011-09-02,27
84991,2011-09-03,0
84991,2011-09-04,34
84991,2011-09-05,296
84991,2011-09-06,0
84991,2011-09-07,2
84991,2011-09-08,33
84991,2011-09-09,145
84991,2011-09-10,0
84991,2011-09-11,434
84991,2011-09-12,0
84991,2011-09-13,654
84991,2011-09-14,0
84991,2011-09-15,28
84991,2011-09-16,48
84991,2011-09-17,0
84991,2011-09-18,3
84991,2011-09-19,147
84991,2011-09-20,52
84991,2011-09-21,145
84991,2011-09-22,29
84991,2011-09-23,29
84991,2011-09-24,0
84991,2011-09-25,24
84991,2011-09-26,73
84991,2011-09-27,0
84991,2011-09-28,41
84991,2011-09-29,52
84991,2011-09-30,48
84991,2011-10-01,0
84991,2011-10-02,6
84991,2011-10-03,28
84991,2011-10-04,0
84991,2011-10-05,25
84991,2011-10-06,3
84991,2011-10-07,101
84991,2011-10-08,0
84991,2011-10-09,0
84991,2011-10-10,35
84991,2011-10-11,6
84991,2011-10-12,48
84991,2011-10-13,98
84991,2011-10-14,6
84991,2011-10-15,0
84991,2011-10-16,0
84991,2011-10-17,296
84991,2011-10-18,0
84991,2011-10-19,25
84991,2011-10-20,408
84991,2011-10-21,0
84991,2011-10-22,0
84991,2011-10-23,0
84991,2011-10-24,3
84991,2011-10-25,52
84991,2011-10-26,0
84991,2011-10-27,14
84991,2011-10-28,340
84991,2011-10-29,0
84991,2011-10-30,31
84991,2011-10-31,26
84991,2011-11-01,1
84991,2011-11-02,27
84991,2011-11-03,120
84991,2011-11-04,27
84991,2011-11-05,0
84991,2011-11-06,62
84991,2011-11-07,25
84991,2011-11-08,2
84991,2011-11-09,73
84991,2011-11-10,51
84991,2011-11-11,10
84991,2011-11-12,0
84991,2011-11-13,36
84991,2011-11-14,31
84991,2011-11-15,225
84991,2011-11-16,247
84991,2011-11-17,10
84991,2011-11-18,26
84991,2011-11-19,0
84991,2011-11-20,8
84991,2011-11-21,183
84991,2011-11-22,50
84991,2011-11-23,103
84991,2011-11-24,14
84991,2011-11-25,0
84991,2011-11-26,0
84991,2011-11-27,10
84991,2011-11-28,1
84991,2011-11-29,37
84991,2011-11-30,50
84991,2011-12-01,0
84991,2011-12-02,27
84991,2011-12-03,0
84991,2011-12-04,21
84991,2011-12-05,34
84991,2011-12-06,3
84991,2011-12-07,31
84991,2011-12-08,20
15036,2009-12-01,55
15036,2009-12-02,15
15036,2009-12-03,243
15036,2009-12-04,12
15036,2009-12-05,12
15036,2009-12-06,0
15036,2009-12-07,67
15036,2009-12-08,29
15036,2009-12-09,3
15036,2009-12-10,4
15036,2009-12-11,0
15036,2009-12-12,0
15036,2009-12-13,0
15036,2009-12-14,50
15036,2009-12-15,0
15036,2009-12-16,7
15036,2009-12-17,0
15036,2009-12-18,6
15036,2009-12-19,0
15036,2009-12-20,0
15036,2009-12-21,0
15036,2009-12-22,102
15036,2009-12-23,1
15036,2009-12-24,0
15036,2009-12-25,0
15036,2009-12-26,0
15036,2009-12-27,0
15036,2009-12-28,0
15036,2009-12-29,0
15036,2009-12-30,0
15036,2009-12-31,0
15036,2010-01-01,0
15036,2010-01-02,0
15036,2010-01-03,0
15036,2010-01-04,12
15036,2010-01-05,0
15036,2010-01-06,0
15036,2010-01-07,36
15036,2010-01-08,144
15036,2010-01-09,0
15036,2010-01-10,0
15036,2010-01-11,7
15036,2010-01-12,2
15036,2010-01-13,2
15036,2010-01-14,19
15036,2010-01-15,0
15036,2010-01-16,0
15036,2010-01-17,0
15036,2010-01-18,1
15036,2010-01-19,53
15036,2010-01-20,24
15036,2010-01-21,0
15036,2010-01-22,4
15036,2010-01-23,0
15036,2010-01-24,36
15036,2010-01-25,5
15036,2010-01-26,13
15036,2010-01-27,17
15036,2010-01-28,0
15036,2010-01-29,24
15036,2010-01-30,0
15036,2010-01-31,0
15036,2010-02-01,12
15036,2010-02-02,0
15036,2010-02-03,0
15036,2010-02-04,0
15036,2010-02-05,24
15036,2010-02-06,0
15036,2010-02-07,0
15036,2010-02-08,50
15036,2010-02-09,0
15036,2010-02-10,0
15036,2010-02-11,0
15036,2010-02-12,48
15036,2010-02-13,0
15036,2010-02-14,0
15036,2010-02-15,24
15036,2010-02-16,70
15036,2010-02-17,24
15036,2010-02-18,96
15036,2010-02-19,0
15036,2010-02-20,0
15036,2010-02-21,0
15036,2010-02-22,24
15036,2010-02-23,0
15036,2010-02-24,16
15036,2010-02-25,62
15036,2010-02-26,1
15036,2010-02-27,0
15036,2010-02-28,0
15036,2010-03-01,97
15036,2010-03-02,60
15036,2010-03-03,0
15036,2010-03-04,37
15036,2010-03-05,0
15036,2010-03-06,0
15036,2010-03-07,0
15036,2010-03-08,16
15036,2010-03-09,15
15036,2010-03-10,72
15036,2010-03-11,1
15036,2010-03-12,0
15036,2010-03-13,0
15036,2010-03-14,0
15036,2010-03-15,26
15036,2010-03-16,72
15036,2010-03-17,25
15036,2010-03-18,24
15036,2010-03-19,600
15036,2010-03-20,0
15036,2010-03-21,0
15036,2010-03-22,0
15036,2010-03-23,9
15036,2010-03-24,0
15036,2010-03-25,12
15036,2010-03-26,60
15036,2010-03-27,0
15036,2010-03-28,36
15036,2010-03-29,24
15036,2010-03-30,123
15036,2010-03-31,14
15036,2010-04-01,624
15036,2010-04-02,0
15036,2010-04-03,0
15036,2010-04-04,0
15036,2010-04-05,0
15036,2010-04-06,14
15036,2010-04-07,12
15036,2010-04-08,122
15036,2010-04-09,0
15036,2010-04-10,0
15036,2010-04-11,84
15036,2010-04-12,0
15036,2010-04-13,0
15036,2010-04-14,12
15036,2010-04-15,60
15036,2010-04-16,0
15036,2010-04-17,0
15036,2010-04-18,24
15036,2010-04-19,40
15036,2010-04-20,21
15036,2010-04-21,36
15036,2010-04-22,62
15036,2010-04-23,12
15036,2010-04-24,0
15036,2010-04-25,24
15036,2010-04-26,684
15036,2010-04-27,12
15036,2010-04-28,38
15036,2010-04-29,26
15036,2010-04-30,0
15036,2010-05-01,0
15036,2010-05-02,72
15036,2010-05-03,0
15036,2010-05-04,26
15036,2010-05-05,39
15036,2010-05-06,283
15036,2010-05-07,120
15036,2010-05-08,0
15036,2010-05-09,0
15036,2010-05-10,49
15036,2010-05-11,60
15036,2010-05-12,0
15036,2010-05-13,662
15036,2010-05-14,408
15036,2010-05-15,0
15036,2010-05-16,0
15036,2010-05-17,24
15036,2010-05-18,13
15036,2010-05-19,0
15036,2010-05-20,12
15036,2010-05-21,1
15036,2010-05-22,0
15036,2010-05-23,24
15036,2010-05-24,636
15036,2010-05-25,51
15036,2010-05-26,0
15036,2010-05-27,171
15036,2010-05-28,24
15036,2010-05-29,0
15036,2010-05-30,12
15036,2010-05-31,0
15036,2010-06-01,12
15036,2010-06-02,258
15036,2010-06-03,85
15036,2010-06-04,37
15036,2010-06-05,0
15036,2010-06-06,12
15036,2010-06-07,636
15036,2010-06-08,84
15036,2010-06-09,61
15036,2010-06-10,60
15036,2010-06-11,205
15036,2010-06-12,0
15036,2010-06-13,48
15036,2010-06-14,74
15036,2010-06-15,37
15036,2010-06-16,49
15036,2010-06-17,24
15036,2010-06-18,0
15036,2010-06-19,0
15036,2010-06-20,48
15036,2010-06-21,40
15036,2010-06-22,101
15036,2010-06-23,659
15036,2010-06-24,12
15036,2010-06-25,27
15036,2010-06-26,0
15036,2010-06-27,732
15036,2010-06-28,165
15036,2010-06-29,105
15036,2010-06-30,694
15036,2010-07-01,156
15036,2010-07-02,12
15036,2010-07-03,0
15036,2010-07-04,201
15036,2010-07-05,200
15036,2010-07-06,28
15036,2010-07-07,77
15036,2010-07-08,12
15036,2010-07-09,614
15036,2010-07-10,0
15036,2010-07-11,12
15036,2010-07-12,135
15036,2010-07-13,123
15036,2010-07-14,36
15036,2010-07-15,147
15036,2010-07-16,40
15036,2010-07-17,0
15036,2010-07-18,96
15036,2010-07-19,199
15036,2010-07-20,36
15036,2010-07-21,99
15036,2010-07-22,823
15036,2010-07-23,51
15036,2010-07-24,0
15036,2010-07-25,576
15036,2010-07-26,24
15036,2010-07-27,0
15036,2010-07-28,0
15036,2010-07-29,40
15036,2010-07-30,48
15036,2010-07-31,0
15036,2010-08-01,0
15036,2010-08-02,36
15036,2010-08-03,52
15036,2010-08-04,80
15036,2010-08-05,0
15036,2010-08-06,0
15036,2010-08-07,0
15036,2010-08-08,0
15036,2010-08-09,0
15036,2010-08-10,9
15036,2010-08-11,2
15036,2010-08-12,0
15036,2010-08-13,54
15036,2010-08-14,0
15036,2010-08-15,12
15036,2010-08-16,0
15036,2010-08-17,0
15036,2010-08-18,0
15036,2010-08-19,0
15036,2010-08-20,0
15036,2010-08-21,0
15036,2010-08-22,0
15036,2010-08-23,0
15036,2010-08-24,0
15036,2010-08-25,0
15036,2010-08-26,16
15036,2010-08-27,2
15036,2010-08-28,0
15036,2010-08-29,0
15036,2010-08-30,0
15036,2010-08-31,25
15036,2010-09-01,1
15036,2010-09-02,0
15036,2010-09-03,0
15036,2010-09-04,0
15036,2010-09-05,0
15036,2010-09-06,2
15036,2010-09-07,0
15036,2010-09-08,0
15036,2010-09-09,0
15036,2010-09-10,0
15036,2010-09-11,0
15036,2010-09-12,0
15036,2010-09-13,0
15036,2010-09-14,1
15036,2010-09-15,2
15036,2010-09-16,0
15036,2010-09-17,0
15036,2010-09-18,0
15036,2010-09-19,0
15036,2010-09-20,4
15036,2010-09-21,15
15036,2010-09-22,0
15036,2010-09-23,0
15036,2010-09-24,2
15036,2010-09-25,0
15036,2010-09-26,0
15036,2010-09-27,0
15036,2010-09-28,8
15036,2010-09-29,0
15036,2010-09-30,15
15036,2010-10-01,0
15036,2010-10-02,0
15036,2010-10-03,0
15036,2010-10-04,0
15036,2010-10-05,0
15036,2010-10-06,0
15036,2010-10-07,0
15036,2010-10-08,0
15036,2010-10-09,0
15036,2010-10-10,0
15036,2010-10-11,600
15036,2010-10-12,48
15036,2010-10-13,145
15036,2010-10-14,0
15036,2010-10-15,14
15036,2010-10-16,0
15036,2010-10-17,24
15036,2010-10-18,37
15036,2010-10-19,37
15036,2010-10-20,26
15036,2010-10-21,60
15036,2010-10-22,12
15036,2010-10-23,0
15036,2010-10-24,0
15036,2010-10-25,0
15036,2010-10-26,664
15036,2010-10-27,1244
15036,2010-10-28,84
15036,2010-10-29,18
15036,2010-10-30,0
15036,2010-10-31,0
15036,2010-11-01,8
15036,2010-11-02,4
15036,2010-11-03,23
15036,2010-11-04,146
15036,2010-11-05,24
15036,2010-11-06,0
15036,2010-11-07,0
15036,2010-11-08,42
15036,2010-11-09,0
15036,2010-11-10,18
15036,2010-11-11,55
15036,2010-11-12,15
15036,2010-11-13,0
15036,2010-11-14,0
15036,2010-11-15,45
15036,2010-11-16,240
15036,2010-11-17,13
15036,2010-11-18,57
15036,2010-11-19,0
15036,2010-11-20,0
15036,2010-11-21,0
15036,2010-11-22,22
15036,2010-11-23,27
15036,2010-11-24,636
15036,2010-11-25,194
15036,2010-11-26,36
15036,2010-11-27,0
15036,2010-11-28,12
15036,2010-11-29,31
15036,2010-11-30,24
15036,2010-12-01,0
15036,2010-12-02,48
15036,2010-12-03,15
15036,2010-12-04,0
15036,2010-12-05,12
15036,2010-12-06,4
15036,2010-12-07,0
15036,2010-12-08,13
15036,2010-12-09,1
15036,2010-12-10,3
15036,2010-12-11,0
15036,2010-12-12,0
15036,2010-12-13,4
15036,2010-12-14,12
15036,2010-12-15,0
15036,2010-12-16,12
15036,2010-12-17,7
15036,2010-12-18,0
15036,2010-12-19,0
15036,2010-12-20,6
15036,2010-12-21,24
15036,2010-12-22,0
15036,2010-12-23,0
15036,2010-12-24,0
15036,2010-12-25,0
15036,2010-12-26,0
15036,2010-12-27,0
15036,2010-12-28,0
15036,2010-12-29,0
15036,2010-12-30,0
15036,2010-12-31,0
15036,2011-01-01,0
15036,2011-01-02,0
15036,2011-01-03,0
15036,2011-01-04,0
15036,2011-01-05,0
15036,2011-01-06,13
15036,2011-01-07,5
15036,2011-01-08,0
15036,2011-01-09,0
15036,2011-01-10,19
15036,2011-01-11,12
15036,2011-01-12,4
15036,2011-01-13,121
15036,2011-01-14,3
15036,2011-01-15,0
15036,2011-01-16,0
15036,2011-01-17,15
15036,2011-01-18,0
15036,2011-01-19,12
15036,2011-01-20,0
15036,2011-01-21,0
15036,2011-01-22,0
15036,2011-01-23,12
15036,2011-01-24,3
15036,2011-01-25,48
15036,2011-01-26,12
15036,2011-01-27,48
15036,2011-01-28,1
15036,2011-01-29,0
15036,2011-01-30,0
15036,2011-01-31,649
15036,2011-02-01,36
15036,2011-02-02,4
15036,2011-02-03,12
15036,2011-02-04,1212
15036,2011-02-05,0
15036,2011-02-06,0
15036,2011-02-07,0
15036,2011-02-08,1
15036,2011-02-09,31
15036,2011-02-10,0
15036,2011-02-11,0
15036,2011-02-12,0
15036,2011-02-13,36
15036,2011-02-14,4
15036,2011-02-15,60
15036,2011-02-16,637
15036,2011-02-17,24
15036,2011-02-18,13
15036,2011-02-19,0
15036,2011-02-20,24
15036,2011-02-21,0
15036,2011-02-22,24
15036,2011-02-23,20
15036,2011-02-24,36
15036,2011-02-25,48
15036,2011-02-26,0
15036,2011-02-27,0
15036,2011-02-28,38
15036,2011-03-01,16
15036,2011-03-02,0
15036,2011-03-03,7
15036,2011-03-04,30
15036,2011-03-05,0
15036,2011-03-06,0
15036,2011-03-07,45
15036,2011-03-08,4
15036,2011-03-09,84
15036,2011-03-10,224
15036,2011-03-11,0
15036,2011-03-12,0
15036,2011-03-13,12
15036,2011-03-14,12
15036,2011-03-15,0
15036,2011-03-16,48
15036,2011-03-17,634
15036,2011-03-18,612
15036,2011-03-19,0
15036,2011-03-20,36
15036,2011-03-21,24
15036,2011-03-22,51
15036,2011-03-23,0
15036,2011-03-24,0
15036,2011-03-25,0
15036,2011-03-26,0
15036,2011-03-27,24
15036,2011-03-28,28
15036,2011-03-29,0
15036,2011-03-30,1212
15036,2011-03-31,1
15036,2011-04-01,12
15036,2011-04-02,0
15036,2011-04-03,0
15036,2011-04-04,6
15036,2011-04-05,0
15036,2011-04-06,0
15036,2011-04-07,48
15036,2011-04-08,93
15036,2011-04-09,0
15036,2011-04-10,0
15036,2011-04-11,12
15036,2011-04-12,12
15036,2011-04-13,684
15036,2011-04-14,24
15036,2011-04-15,12
15036,2011-04-16,0
15036,2011-04-17,120
15036,2011-04-18,47
15036,2011-04-19,78
15036,2011-04-20,48
15036,2011-04-21,1
15036,2011-04-22,0
15036,2011-04-23,0
15036,2011-04-24,0
15036,2011-04-25,0
15036,2011-04-26,615
15036,2011-04-27,94
15036,2011-04-28,60
15036,2011-04-29,0
15036,2011-04-30,0
15036,2011-05-01,24
15036,2011-05-02,0
15036,2011-05-03,221
15036,2011-05-04,0
15036,2011-05-05,665
15036,2011-05-06,74
15036,2011-05-07,0
15036,2011-05-08,12
15036,2011-05-09,306
15036,2011-05-10,266
15036,2011-05-11,70
15036,2011-05-12,939
15036,2011-05-13,25
15036,2011-05-14,0
15036,2011-05-15,12
15036,2011-05-16,124
15036,2011-05-17,601
15036,2011-05-18,720
15036,2011-05-19,78
15036,2011-05-20,12
15036,2011-05-21,0
15036,2011-05-22,108
15036,2011-05-23,60
15036,2011-05-24,118
15036,2011-05-25,15
15036,2011-05-26,144
15036,2011-05-27,48
15036,2011-05-28,0
15036,2011-05-29,12
15036,2011-05-30,0
15036,2011-05-31,30
15036,2011-06-01,26
15036,2011-06-02,97
15036,2011-06-03,40
15036,2011-06-04,0
15036,2011-06-05,0
15036,2011-06-06,27
15036,2011-06-07,136
15036,2011-06-08,672
15036,2011-06-09,762
15036,2011-06-10,1
15036,2011-06-11,0
15036,2011-06-12,12
15036,2011-06-13,83
15036,2011-06-14,68
15036,2011-06-15,12
15036,2011-06-16,1026
15036,2011-06-17,36
15036,2011-06-18,0
15036,2011-06-19,60
15036,2011-06-20,18
15036,2011-06-21,38
15036,2011-06-22,36
15036,2011-06-23,49
15036,2011-06-24,16
15036,2011-06-25,0
15036,2011-06-26,12
15036,2011-06-27,72
15036,2011-06-28,12
15036,2011-06-29,5
15036,2011-06-30,30
15036,2011-07-01,24
15036,2011-07-02,0
15036,2011-07-03,24
15036,2011-07-04,35
15036,2011-07-05,1846
15036,2011-07-06,38
15036,2011-07-07,19
15036,2011-07-08,0
15036,2011-07-09,0
15036,2011-07-10,0
15036,2011-07-11,156
15036,2011-07-12,36
15036,2011-07-13,0
15036,2011-07-14,97
15036,2011-07-15,3
15036,2011-07-16,0
15036,2011-07-17,60
15036,2011-07-18,173
15036,2011-07-19,12
15036,2011-07-20,73
15036,2011-07-21,72
15036,2011-07-22,24
15036,2011-07-23,0
15036,2011-07-24,156
15036,2011-07-25,9
15036,2011-07-26,5
15036,2011-07-27,0
15036,2011-07-28,0
15036,2011-07-29,624
15036,2011-07-30,0
15036,2011-07-31,0
15036,2011-08-01,48
15036,2011-08-02,12
15036,2011-08-03,0
15036,2011-08-04,745
15036,2011-08-05,114
15036,2011-08-06,0
15036,2011-08-07,24
15036,2011-08-08,17
15036,2011-08-09,3
15036,2011-08-10,50
15036,2011-08-11,48
15036,2011-08-12,150
15036,2011-08-13,0
15036,2011-08-14,0
15036,2011-08-15,0
15036,2011-08-16,12
15036,2011-08-17,12
15036,2011-08-18,24
15036,2011-08-19,0
15036,2011-08-20,0
15036,2011-08-21,12
15036,2011-08-22,0
15036,2011-08-23,24
15036,2011-08-24,0
15036,2011-08-25,12
15036,2011-08-26,0
15036,2011-08-27,0
15036,2011-08-28,24
15036,2011-08-29,0
15036,2011-08-30,93
15036,2011-08-31,3
15036,2011-09-01,48
15036,2011-09-02,13
15036,2011-09-03,0
15036,2011-09-04,24
15036,2011-09-05,0
15036,2011-09-06,24
15036,2011-09-07,17
15036,2011-09-08,126
15036,2011-09-09,48
15036,2011-09-10,0
15036,2011-09-11,0
15036,2011-09-12,12
15036,2011-09-13,40
15036,2011-09-14,12
15036,2011-09-15,0
15036,2011-09-16,0
15036,2011-09-17,0
15036,2011-09-18,0
15036,2011-09-19,0
15036,2011-09-20,24
15036,2011-09-21,45
15036,2011-09-22,24
15036,2011-09-23,0
15036,2011-09-24,0
15036,2011-09-25,0
15036,2011-09-26,0
15036,2011-09-27,2
15036,2011-09-28,14
15036,2011-09-29,14
15036,2011-09-30,0
15036,2011-10-01,0
15036,2011-10-02,0
15036,2011-10-03,96
15036,2011-10-04,601
15036,2011-10-05,12
15036,2011-10-06,12
15036,2011-10-07,0
15036,2011-10-08,0
15036,2011-10-09,0
15036,2011-10-10,62
15036,2011-10-11,16
15036,2011-10-12,36
15036,2011-10-13,84
15036,2011-10-14,26
15036,2011-10-15,0
15036,2011-10-16,0
15036,2011-10-17,87
15036,2011-10-18,5
15036,2011-10-19,18
15036,2011-10-20,48
15036,2011-10-21,36
15036,2011-10-22,0
15036,2011-10-23,0
15036,2011-10-24,4
15036,2011-10-25,25
15036,2011-10-26,0
15036,2011-10-27,24
15036,2011-10-28,0
15036,2011-10-29,0
15036,2011-10-30,48
15036,2011-10-31,15
15036,2011-11-01,36
15036,2011-11-02,27
15036,2011-11-03,3
15036,2011-11-04,2
15036,2011-11-05,0
15036,2011-11-06,0
15036,2011-11-07,0
15036,2011-11-08,9
15036,2011-11-09,48
15036,2011-11-10,12
15036,2011-11-11,14
15036,2011-11-12,0
15036,2011-11-13,24
15036,2011-11-14,0
15036,2011-11-15,30
15036,2011-11-16,61
15036,2011-11-17,1
15036,2011-11-18,12
15036,2011-11-19,0
15036,2011-11-20,0
15036,2011-11-21,24
15036,2011-11-22,2
15036,2011-11-23,84
15036,2011-11-24,113
15036,2011-11-25,14
15036,2011-11-26,0
15036,2011-11-27,0
15036,2011-11-28,84
15036,2011-11-29,2
15036,2011-11-30,2
15036,2011-12-01,1
15036,2011-12-02,54
15036,2011-12-03,0
15036,2011-12-04,0
15036,2011-12-05,5
15036,2011-12-06,0
15036,2011-12-07,0
15036,2011-12-08,8
84755,2009-12-01,9
84755,2009-12-02,40
84755,2009-12-03,17
84755,2009-12-04,16
84755,2009-12-05,0
84755,2009-12-06,0
84755,2009-12-07,29
84755,2009-12-08,32
84755,2009-12-09,16
84755,2009-12-10,144
84755,2009-12-11,0
84755,2009-12-12,0
84755,2009-12-13,40
84755,2009-12-14,32
84755,2009-12-15,0
84755,2009-12-16,0
84755,2009-12-17,64
84755,2009-12-18,4
84755,2009-12-19,0
84755,2009-12-20,0
84755,2009-12-21,16
84755,2009-12-22,1
84755,2009-12-23,0
84755,2009-12-24,0
84755,2009-12-25,0
84755,2009-12-26,0
84755,2009-12-27,0
84755,2009-12-28,0
84755,2009-12-29,0
84755,2009-12-30,0
84755,2009-12-31,0
84755,2010-01-01,0
84755,2010-01-02,0
84755,2010-01-03,0
84755,2010-01-04,0
84755,2010-01-05,0
84755,2010-01-06,16
84755,2010-01-07,576
84755,2010-01-08,16
84755,2010-01-09,0
84755,2010-01-10,40
84755,2010-01-11,0
84755,2010-01-12,40
84755,2010-01-13,0
84755,2010-01-14,2
84755,2010-01-15,0
84755,2010-01-16,0
84755,2010-01-17,0
84755,2010-01-18,9
84755,2010-01-19,56
84755,2010-01-20,24
84755,2010-01-21,0
84755,2010-01-22,193
84755,2010-01-23,0
84755,2010-01-24,8
84755,2010-01-25,144
84755,2010-01-26,18
84755,2010-01-27,16
84755,2010-01-28,0
84755,2010-01-29,0
84755,2010-01-30,0
84755,2010-01-31,8
84755,2010-02-01,8
84755,2010-02-02,0
84755,2010-02-03,1
84755,2010-02-04,0
84755,2010-02-05,8
84755,2010-02-06,0
84755,2010-02-07,0
84755,2010-02-08,48
84755,2010-02-09,16
84755,2010-02-10,48
84755,2010-02-11,0
84755,2010-02-12,2
84755,2010-02-13,0
84755,2010-02-14,8
84755,2010-02-15,0
84755,2010-02-16,97
84755,2010-02-17,0
84755,2010-02-18,200
84755,2010-02-19,8
84755,2010-02-20,0
84755,2010-02-21,0
84755,2010-02-22,16
84755,2010-02-23,16
84755,2010-02-24,160
84755,2010-02-25,32
84755,2010-02-26,16
84755,2010-02-27,0
84755,2010-02-28,120
84755,2010-03-01,41
84755,2010-03-02,16
84755,2010-03-03,40
84755,2010-03-04,56
84755,2010-03-05,0
84755,2010-03-06,0
84755,2010-03-07,56
84755,2010-03-08,2
84755,2010-03-09,32
84755,2010-03-10,16
84755,2010-03-11,144
84755,2010-03-12,40
84755,2010-03-13,0
84755,2010-03-14,48
84755,2010-03-15,16
84755,2010-03-16,288
84755,2010-03-17,160
84755,2010-03-18,312
84755,2010-03-19,72
84755,2010-03-20,0
84755,2010-03-21,816
84755,2010-03-22,64
84755,2010-03-23,24
84755,2010-03-24,312
84755,2010-03-25,208
84755,2010-03-26,65
84755,2010-03-27,0
84755,2010-03-28,160
84755,2010-03-29,80
84755,2010-03-30,121
84755,2010-03-31,194
84755,2010-04-01,48
84755,2010-04-02,0
84755,2010-04-03,0
84755,2010-04-04,0
84755,2010-04-05,0
84755,2010-04-06,18
84755,2010-04-07,113
84755,2010-04-08,18
84755,2010-04-09,0
84755,2010-04-10,0
84755,2010-04-11,744
84755,2010-04-12,160
84755,2010-04-13,8
84755,2010-04-14,16
84755,2010-04-15,104
84755,2010-04-16,16
84755,2010-04-17,0
84755,2010-04-18,72
84755,2010-04-19,54
84755,2010-04-20,0
84755,2010-04-21,64
84755,2010-04-22,208
84755,2010-04-23,89
84755,2010-04-24,0
84755,2010-04-25,72
84755,2010-04-26,128
84755,2010-04-27,296
84755,2010-04-28,176
84755,2010-04-29,320
84755,2010-04-30,48
84755,2010-05-01,0
84755,2010-05-02,144
84755,2010-05-03,0
84755,2010-05-04,32
84755,2010-05-05,161
84755,2010-05-06,653
84755,2010-05-07,144
84755,2010-05-08,0
84755,2010-05-09,48
84755,2010-05-10,88
84755,2010-05-11,80
84755,2010-05-12,81
84755,2010-05-13,1440
84755,2010-05-14,55
84755,2010-05-15,0
84755,2010-05-16,32
84755,2010-05-17,57
84755,2010-05-18,1
84755,2010-05-19,37
84755,2010-05-20,336
84755,2010-05-21,16
84755,2010-05-22,0
84755,2010-05-23,88
84755,2010-05-24,32
84755,2010-05-25,45
84755,2010-05-26,208
84755,2010-05-27,152
84755,2010-05-28,24
84755,2010-05-29,0
84755,2010-05-30,8
84755,2010-05-31,0
84755,2010-06-01,65
84755,2010-06-02,18
84755,2010-06-03,497
84755,2010-06-04,17
84755,2010-06-05,0
84755,2010-06-06,56
84755,2010-06-07,1278
84755,2010-06-08,48
84755,2010-06-09,48
84755,2010-06-10,32
84755,2010-06-11,96
84755,2010-06-12,0
84755,2010-06-13,240
84755,2010-06-14,152
84755,2010-06-15,472
84755,2010-06-16,64
84755,2010-06-17,112
84755,2010-06-18,24
84755,2010-06-19,0
84755,2010-06-20,0
84755,2010-06-21,44
84755,2010-06-22,96
84755,2010-06-23,200
84755,2010-06-24,52
84755,2010-06-25,84
84755,2010-06-26,0
84755,2010-06-27,76
84755,2010-06-28,336
84755,2010-06-29,128
84755,2010-06-30,80
84755,2010-07-01,188
84755,2010-07-02,56
84755,2010-07-03,0
84755,2010-07-04,0
84755,2010-07-05,40
84755,2010-07-06,80
84755,2010-07-07,324
84755,2010-07-08,320
84755,2010-07-09,104
84755,2010-07-10,0
84755,2010-07-11,0
84755,2010-07-12,322
84755,2010-07-13,32
84755,2010-07-14,40
84755,2010-07-15,128
84755,2010-07-16,48
84755,2010-07-17,0
84755,2010-07-18,16
84755,2010-07-19,88
84755,2010-07-20,52
84755,2010-07-21,64
84755,2010-07-22,40
84755,2010-07-23,36
84755,2010-07-24,0
84755,2010-07-25,48
84755,2010-07-26,96
84755,2010-07-27,184
84755,2010-07-28,136
84755,2010-07-29,24
84755,2010-07-30,96
84755,2010-07-31,0
84755,2010-08-01,17
84755,2010-08-02,80
84755,2010-08-03,204
84755,2010-08-04,56
84755,2010-08-05,36
84755,2010-08-06,192
84755,2010-08-07,0
84755,2010-08-08,160
84755,2010-08-09,0
84755,2010-08-10,36
84755,2010-08-11,20
84755,2010-08-12,45
84755,2010-08-13,248
84755,2010-08-14,0
84755,2010-08-15,120
84755,2010-08-16,48
84755,2010-08-17,32
84755,2010-08-18,56
84755,2010-08-19,112
84755,2010-08-20,0
84755,2010-08-21,0
84755,2010-08-22,304
84755,2010-08-23,32
84755,2010-08-24,144
84755,2010-08-25,88
84755,2010-08-26,24
84755,2010-08-27,16
84755,2010-08-28,0
84755,2010-08-29,48
84755,2010-08-30,0
84755,2010-08-31,48
84755,2010-09-01,0
84755,2010-09-02,316
84755,2010-09-03,32
84755,2010-09-04,0
84755,2010-09-05,40
84755,2010-09-06,160
84755,2010-09-07,176
84755,2010-09-08,0
84755,2010-09-09,0
84755,2010-09-10,0
84755,2010-09-11,0
84755,2010-09-12,0
84755,2010-09-13,8
84755,2010-09-14,0
84755,2010-09-15,64
84755,2010-09-16,48
84755,2010-09-17,0
84755,2010-09-18,0
84755,2010-09-19,16
84755,2010-09-20,0
84755,2010-09-21,32
84755,2010-09-22,0
84755,2010-09-23,48
84755,2010-09-24,80
84755,2010-09-25,0
84755,2010-09-26,0
84755,2010-09-27,64
84755,2010-09-28,0
84755,2010-09-29,40
84755,2010-09-30,24
84755,2010-10-01,0
84755,2010-10-02,0
84755,2010-10-03,144
84755,2010-10-04,144
84755,2010-10-05,80
84755,2010-10-06,16
84755,2010-10-07,32
84755,2010-10-08,0
84755,2010-10-09,0
84755,2010-10-10,24
84755,2010-10-11,16
84755,2010-10-12,0
84755,2010-10-13,32
84755,2010-10-14,0
84755,2010-10-15,8
84755,2010-10-16,0
84755,2010-10-17,0
84755,2010-10-18,0
84755,2010-10-19,0
84755,2010-10-20,0
84755,2010-10-21,0
84755,2010-10-22,32
84755,2010-10-23,0
84755,2010-10-24,0
84755,2010-10-25,40
84755,2010-10-26,32
84755,2010-10-27,8
84755,2010-10-28,8
84755,2010-10-29,0
84755,2010-10-30,0
84755,2010-10-31,48
84755,2010-11-01,8
84755,2010-11-02,6
84755,2010-11-03,4
84755,2010-11-04,112
84755,2010-11-05,16
84755,2010-11-06,0
84755,2010-11-07,32
84755,2010-11-08,20
84755,2010-11-09,40
84755,2010-11-10,24
84755,2010-11-11,48
84755,2010-11-12,20
84755,2010-11-13,0
84755,2010-11-14,0
84755,2010-11-15,28
84755,2010-11-16,48
84755,2010-11-17,30
84755,2010-11-18,16
84755,2010-11-19,16
84755,2010-11-20,0
84755,2010-11-21,32
84755,2010-11-22,4
84755,2010-11-23,36
84755,2010-11-24,0
84755,2010-11-25,0
84755,2010-11-26,0
84755,2010-11-27,0
84755,2010-11-28,40
84755,2010-11-29,32
84755,2010-11-30,112
84755,2010-12-01,68
84755,2010-12-02,72
84755,2010-12-03,0
84755,2010-12-04,0
84755,2010-12-05,0
84755,2010-12-06,48
84755,2010-12-07,12
84755,2010-12-08,48
84755,2010-12-09,16
84755,2010-12-10,4
84755,2010-12-11,0
84755,2010-12-12,16
84755,2010-12-13,32
84755,2010-12-14,48
84755,2010-12-15,0
84755,2010-12-16,48
84755,2010-12-17,32
84755,2010-12-18,0
84755,2010-12-19,0
84755,2010-12-20,0
84755,2010-12-21,0
84755,2010-12-22,0
84755,2010-12-23,8
84755,2010-12-24,0
84755,2010-12-25,0
84755,2010-12-26,0
84755,2010-12-27,0
84755,2010-12-28,0
84755,2010-12-29,0
84755,2010-12-30,0
84755,2010-12-31,0
84755,2011-01-01,0
84755,2011-01-02,0
84755,2011-01-03,0
84755,2011-01-04,0
84755,2011-01-05,0
84755,2011-01-06,144
84755,2011-01-07,56
84755,2011-01-08,0
84755,2011-01-09,32
84755,2011-01-10,8
84755,2011-01-11,16
84755,2011-01-12,16
84755,2011-01-13,16
84755,2011-01-14,0
84755,2011-01-15,0
84755,2011-01-16,0
84755,2011-01-17,32
84755,2011-01-18,144
84755,2011-01-19,16
84755,2011-01-20,0
84755,2011-01-21,16
84755,2011-01-22,0
84755,2011-01-23,8
84755,2011-01-24,16
84755,2011-01-25,60
84755,2011-01-26,8
84755,2011-01-27,0
84755,2011-01-28,0
84755,2011-01-29,0
84755,2011-01-30,8
84755,2011-01-31,0
84755,2011-02-01,8
84755,2011-02-02,32
84755,2011-02-03,0
84755,2011-02-04,8
84755,2011-02-05,0
84755,2011-02-06,0
84755,2011-02-07,32
84755,2011-02-08,0
84755,2011-02-09,12
84755,2011-02-10,0
84755,2011-02-11,164
84755,2011-02-12,0
84755,2011-02-13,0
84755,2011-02-14,8
84755,2011-02-15,16
84755,2011-02-16,104
84755,2011-02-17,32
84755,2011-02-18,16
84755,2011-02-19,0
84755,2011-02-20,0
84755,2011-02-21,0
84755,2011-02-22,152
84755,2011-02-23,24
84755,2011-02-24,73
84755,2011-02-25,16
84755,2011-02-26,0
84755,2011-02-27,32
84755,2011-02-28,52
84755,2011-03-01,16
84755,2011-03-02,32
84755,2011-03-03,16
84755,2011-03-04,32
84755,2011-03-05,0
84755,2011-03-06,16
84755,2011-03-07,8
84755,2011-03-08,8
84755,2011-03-09,224
84755,2011-03-10,48
84755,2011-03-11,176
84755,2011-03-12,0
84755,2011-03-13,8
84755,2011-03-14,24
84755,2011-03-15,0
84755,2011-03-16,8
84755,2011-03-17,48
84755,2011-03-18,16
84755,2011-03-19,0
84755,2011-03-20,76
84755,2011-03-21,40
84755,2011-03-22,16
84755,2011-03-23,16
84755,2011-03-24,160
84755,2011-03-25,16
84755,2011-03-26,0
84755,2011-03-27,16
84755,2011-03-28,24
84755,2011-03-29,0
84755,2011-03-30,76
84755,2011-03-31,12
84755,2011-04-01,32
84755,2011-04-02,0
84755,2011-04-03,6
84755,2011-04-04,24
84755,2011-04-05,36
84755,2011-04-06,0
84755,2011-04-07,48
84755,2011-04-08,80
84755,2011-04-09,0
84755,2011-04-10,48
84755,2011-04-11,80
84755,2011-04-12,216
84755,2011-04-13,32
84755,2011-04-14,240
84755,2011-04-15,40
84755,2011-04-16,0
84755,2011-04-17,24
84755,2011-04-18,68
84755,2011-04-19,304
84755,2011-04-20,48
84755,2011-04-21,184
84755,2011-04-22,0
84755,2011-04-23,0
84755,2011-04-24,0
84755,2011-04-25,0
84755,2011-04-26,76
84755,2011-04-27,94
84755,2011-04-28,128
84755,2011-04-29,0
84755,2011-04-30,0
84755,2011-05-01,0
84755,2011-05-02,0
84755,2011-05-03,48
84755,2011-05-04,184
84755,2011-05-05,268
84755,2011-05-06,68
84755,2011-05-07,0
84755,2011-05-08,224
84755,2011-05-09,184
84755,2011-05-10,180
84755,2011-05-11,176
84755,2011-05-12,120
84755,2011-05-13,48
84755,2011-05-14,0
84755,2011-05-15,16
84755,2011-05-16,320
84755,2011-05-17,148
84755,2011-05-18,76
84755,2011-05-19,48
84755,2011-05-20,16
84755,2011-05-21,0
84755,2011-05-22,114
84755,2011-05-23,240
84755,2011-05-24,112
84755,2011-05-25,200
84755,2011-05-26,76
84755,2011-05-27,32
84755,2011-05-28,0
84755,2011-05-29,16
84755,2011-05-30,0
84755,2011-05-31,60
84755,2011-06-01,296
84755,2011-06-02,16
84755,2011-06-03,44
84755,2011-06-04,0
84755,2011-06-05,80
84755,2011-06-06,32
84755,2011-06-07,240
84755,2011-06-08,60
84755,2011-06-09,88
84755,2011-06-10,96
84755,2011-06-11,0
84755,2011-06-12,56
84755,2011-06-13,40
84755,2011-06-14,228
84755,2011-06-15,88
84755,2011-06-16,204
84755,2011-06-17,0
84755,2011-06-18,0
84755,2011-06-19,72
84755,2011-06-20,52
84755,2011-06-21,4
84755,2011-06-22,32
84755,2011-06-23,60
84755,2011-06-24,48
84755,2011-06-25,0
84755,2011-06-26,0
84755,2011-06-27,180
84755,2011-06-28,192
84755,2011-06-29,36
84755,2011-06-30,104
84755,2011-07-01,0
84755,2011-07-02,0
84755,2011-07-03,8
84755,2011-07-04,56
84755,2011-07-05,148
84755,2011-07-06,32
84755,2011-07-07,68
84755,2011-07-08,184
84755,2011-07-09,0
84755,2011-07-10,8
84755,2011-07-11,36
84755,2011-07-12,176
84755,2011-07-13,24
84755,2011-07-14,40
84755,2011-07-15,40
84755,2011-07-16,0
84755,2011-07-17,16
84755,2011-07-18,116
84755,2011-07-19,160
84755,2011-07-20,72
84755,2011-07-21,100
84755,2011-07-22,32
84755,2011-07-23,0
84755,2011-07-24,40
84755,2011-07-25,24
84755,2011-07-26,208
84755,2011-07-27,32
84755,2011-07-28,16
84755,2011-07-29,18
84755,2011-07-30,0
84755,2011-07-31,8
84755,2011-08-01,64
84755,2011-08-02,0
84755,2011-08-03,88
84755,2011-08-04,68
84755,2011-08-05,8
84755,2011-08-06,0
84755,2011-08-07,0
84755,2011-08-08,0
84755,2011-08-09,56
84755,2011-08-10,216
84755,2011-08-11,412
84755,2011-08-12,4
84755,2011-08-13,0
84755,2011-08-14,0
84755,2011-08-15,64
84755,2011-08-16,16
84755,2011-08-17,20
84755,2011-08-18,32
84755,2011-08-19,32
84755,2011-08-20,0
84755,2011-08-21,40
84755,2011-08-22,88
84755,2011-08-23,32
84755,2011-08-24,144
84755,2011-08-25,184
84755,2011-08-26,0
84755,2011-08-27,0
84755,2011-08-28,16
84755,2011-08-29,0
84755,2011-08-30,8
84755,2011-08-31,48
84755,2011-09-01,144
84755,2011-09-02,48
84755,2011-09-03,0
84755,2011-09-04,24
84755,2011-09-05,0
84755,2011-09-06,64
84755,2011-09-07,196
84755,2011-09-08,64
84755,2011-09-09,16
84755,2011-09-10,0
84755,2011-09-11,40
84755,2011-09-12,0
84755,2011-09-13,360
84755,2011-09-14,0
84755,2011-09-15,16
84755,2011-09-16,0
84755,2011-09-17,0
84755,2011-09-18,16
84755,2011-09-19,0
84755,2011-09-20,0
84755,2011-09-21,36
84755,2011-09-22,160
84755,2011-09-23,32
84755,2011-09-24,0
84755,2011-09-25,16
84755,2011-09-26,0
84755,2011-09-27,0
84755,2011-09-28,16
84755,2011-09-29,0
84755,2011-09-30,16
84755,2011-10-01,0
84755,2011-10-02,16
84755,2011-10-03,16
84755,2011-10-04,32
84755,2011-10-05,160
84755,2011-10-06,32
84755,2011-10-07,48
84755,2011-10-08,0
84755,2011-10-09,0
84755,2011-10-10,16
84755,2011-10-11,16
84755,2011-10-12,16
84755,2011-10-13,16
84755,2011-10-14,0
84755,2011-10-15,0
84755,2011-10-16,0
84755,2011-10-17,0
84755,2011-10-18,44
84755,2011-10-19,144
84755,2011-10-20,0
84755,2011-10-21,8
84755,2011-10-22,0
84755,2011-10-23,0
84755,2011-10-24,32
84755,2011-10-25,40
84755,2011-10-26,24
84755,2011-10-27,8
84755,2011-10-28,0
84755,2011-10-29,0
84755,2011-10-30,8
84755,2011-10-31,40
84755,2011-11-01,0
84755,2011-11-02,28
84755,2011-11-03,24
84755,2011-11-04,8
84755,2011-11-05,0
84755,2011-11-06,8
84755,2011-11-07,32
84755,2011-11-08,40
84755,2011-11-09,0
84755,2011-11-10,52
84755,2011-11-11,168
84755,2011-11-12,0
84755,2011-11-13,32
84755,2011-11-14,72
84755,2011-11-15,24
84755,2011-11-16,20
84755,2011-11-17,16
84755,2011-11-18,16
84755,2011-11-19,0
84755,2011-11-20,4
84755,2011-11-21,0
84755,2011-11-22,40
84755,2011-11-23,256
84755,2011-11-24,48
84755,2011-11-25,4
84755,2011-11-26,0
84755,2011-11-27,0
84755,2011-11-28,16
84755,2011-11-29,0
84755,2011-11-30,4
84755,2011-12-01,20
84755,2011-12-02,0
84755,2011-12-03,0
84755,2011-12-04,0
84755,2011-12-05,72
84755,2011-12-06,16
84755,2011-12-07,16
84755,2011-12-08,36
84568,2009-12-01,288
84568,2009-12-02,305
84568,2009-12-03,9
84568,2009-12-04,31
84568,2009-12-05,0
84568,2009-12-06,0
84568,2009-12-07,11
84568,2009-12-08,0
84568,2009-12-09,14
84568,2009-12-10,0
84568,2009-12-11,0
84568,2009-12-12,0
84568,2009-12-13,0
84568,2009-12-14,321
84568,2009-12-15,291
84568,2009-12-16,36
84568,2009-12-17,0
84568,2009-12-18,16
84568,2009-12-19,0
84568,2009-12-20,0
84568,2009-12-21,0
84568,2009-12-22,34
84568,2009-12-23,0
84568,2009-12-24,0
84568,2009-12-25,0
84568,2009-12-26,0
84568,2009-12-27,0
84568,2009-12-28,0
84568,2009-12-29,0
84568,2009-12-30,0
84568,2009-12-31,0
84568,2010-01-01,0
84568,2010-01-02,0
84568,2010-01-03,0
84568,2010-01-04,0
84568,2010-01-05,0
84568,2010-01-06,0
84568,2010-01-07,0
84568,2010-01-08,0
84568,2010-01-09,0
84568,2010-01-10,0
84568,2010-01-11,9
84568,2010-01-12,0
84568,2010-01-13,20
84568,2010-01-14,0
84568,2010-01-15,0
84568,2010-01-16,0
84568,2010-01-17,0
84568,2010-01-18,10
84568,2010-01-19,0
84568,2010-01-20,0
84568,2010-01-21,0
84568,2010-01-22,9
84568,2010-01-23,0
84568,2010-01-24,0
84568,2010-01-25,0
84568,2010-01-26,0
84568,2010-01-27,5
84568,2010-01-28,0
84568,2010-01-29,0
84568,2010-01-30,0
84568,2010-01-31,0
84568,2010-02-01,0
84568,2010-02-02,0
84568,2010-02-03,7
84568,2010-02-04,0
84568,2010-02-05,20
84568,2010-02-06,0
84568,2010-02-07,0
84568,2010-02-08,0
84568,2010-02-09,0
84568,2010-02-10,0
84568,2010-02-11,288
84568,2010-02-12,288
84568,2010-02-13,0
84568,2010-02-14,0
84568,2010-02-15,288
84568,2010-02-16,5
84568,2010-02-17,288
84568,2010-02-18,0
84568,2010-02-19,0
84568,2010-02-20,0
84568,2010-02-21,0
84568,2010-02-22,0
84568,2010-02-23,9
84568,2010-02-24,0
84568,2010-02-25,0
84568,2010-02-26,0
84568,2010-02-27,0
84568,2010-02-28,0
84568,2010-03-01,0
84568,2010-03-02,0
84568,2010-03-03,288
84568,2010-03-04,0
84568,2010-03-05,0
84568,2010-03-06,0
84568,2010-03-07,0
84568,2010-03-08,36
84568,2010-03-09,0
84568,2010-03-10,1728
84568,2010-03-11,0
84568,2010-03-12,16
84568,2010-03-13,0
84568,2010-03-14,0
84568,2010-03-15,0
84568,2010-03-16,26
84568,2010-03-17,0
84568,2010-03-18,1152
84568,2010-03-19,864
84568,2010-03-20,0
84568,2010-03-21,0
84568,2010-03-22,42
84568,2010-03-23,288
84568,2010-03-24,288
84568,2010-03-25,0
84568,2010-03-26,288
84568,2010-03-27,0
84568,2010-03-28,288
84568,2010-03-29,288
84568,2010-03-30,303
84568,2010-03-31,5
84568,2010-04-01,0
84568,2010-04-02,0
84568,2010-04-03,0
84568,2010-04-04,0
84568,2010-04-05,0
84568,2010-04-06,0
84568,2010-04-07,6
84568,2010-04-08,594
84568,2010-04-09,0
84568,2010-04-10,0
84568,2010-04-11,0
84568,2010-04-12,0
84568,2010-04-13,0
84568,2010-04-14,0
84568,2010-04-15,0
84568,2010-04-16,0
84568,2010-04-17,0
84568,2010-04-18,0
84568,2010-04-19,9
84568,2010-04-20,0
84568,2010-04-21,0
84568,2010-04-22,4
84568,2010-04-23,8
84568,2010-04-24,0
84568,2010-04-25,0
84568,2010-04-26,0
84568,2010-04-27,33
84568,2010-04-28,587
84568,2010-04-29,0
84568,2010-04-30,0
84568,2010-05-01,0
84568,2010-05-02,0
84568,2010-05-03,0
84568,2010-05-04,0
84568,2010-05-05,0
84568,2010-05-06,74
84568,2010-05-07,288
84568,2010-05-08,0
84568,2010-05-09,0
84568,2010-05-10,0
84568,2010-05-11,0
84568,2010-05-12,0
84568,2010-05-13,0
84568,2010-05-14,0
84568,2010-05-15,0
84568,2010-05-16,0
84568,2010-05-17,0
84568,2010-05-18,7
84568,2010-05-19,0
84568,2010-05-20,0
84568,2010-05-21,0
84568,2010-05-22,0
84568,2010-05-23,0
84568,2010-05-24,0
84568,2010-05-25,0
84568,2010-05-26,1
84568,2010-05-27,288
84568,2010-05-28,0
84568,2010-05-29,0
84568,2010-05-30,0
84568,2010-05-31,0
84568,2010-06-01,0
84568,2010-06-02,0
84568,2010-06-03,6
84568,2010-06-04,0
84568,2010-06-05,0
84568,2010-06-06,0
84568,2010-06-07,0
84568,2010-06-08,0
84568,2010-06-09,0
84568,2010-06-10,288
84568,2010-06-11,0
84568,2010-06-12,0
84568,2010-06-13,0
84568,2010-06-14,288
84568,2010-06-15,8
84568,2010-06-16,576
84568,2010-06-17,0
84568,2010-06-18,0
84568,2010-06-19,0
84568,2010-06-20,0
84568,2010-06-21,13
84568,2010-06-22,0
84568,2010-06-23,9
84568,2010-06-24,0
84568,2010-06-25,0
84568,2010-06-26,0
84568,2010-06-27,0
84568,2010-06-28,0
84568,2010-06-29,0
84568,2010-06-30,14
84568,2010-07-01,0
84568,2010-07-02,288
84568,2010-07-03,0
84568,2010-07-04,0
84568,2010-07-05,0
84568,2010-07-06,0
84568,2010-07-07,0
84568,2010-07-08,0
84568,2010-07-09,3
84568,2010-07-10,0
84568,2010-07-11,0
84568,2010-07-12,0
84568,2010-07-13,0
84568,2010-07-14,2
84568,2010-07-15,288
84568,2010-07-16,0
84568,2010-07-17,0
84568,2010-07-18,0
84568,2010-07-19,0
84568,2010-07-20,0
84568,2010-07-21,0
84568,2010-07-22,0
84568,2010-07-23,3
84568,2010-07-24,0
84568,2010-07-25,0
84568,2010-07-26,12
84568,2010-07-27,0
84568,2010-07-28,0
84568,2010-07-29,15
84568,2010-07-30,0
84568,2010-07-31,0
84568,2010-08-01,0
84568,2010-08-02,0
84568,2010-08-03,34
84568,2010-08-04,10
84568,2010-08-05,0
84568,2010-08-06,0
84568,2010-08-07,0
84568,2010-08-08,0
84568,2010-08-09,0
84568,2010-08-10,25
84568,2010-08-11,7
84568,2010-08-12,290
84568,2010-08-13,1445
84568,2010-08-14,0
84568,2010-08-15,0
84568,2010-08-16,19
84568,2010-08-17,0
84568,2010-08-18,0
84568,2010-08-19,15
84568,2010-08-20,7
84568,2010-08-21,0
84568,2010-08-22,0
84568,2010-08-23,3
84568,2010-08-24,23
84568,2010-08-25,0
84568,2010-08-26,0
84568,2010-08-27,0
84568,2010-08-28,0
84568,2010-08-29,0
84568,2010-08-30,0
84568,2010-08-31,46
84568,2010-09-01,6
84568,2010-09-02,0
84568,2010-09-03,13
84568,2010-09-04,0
84568,2010-09-05,0
84568,2010-09-06,53
84568,2010-09-07,28
84568,2010-09-08,0
84568,2010-09-09,288
84568,2010-09-10,0
84568,2010-09-11,0
84568,2010-09-12,0
84568,2010-09-13,320
84568,2010-09-14,0
84568,2010-09-15,0
84568,2010-09-16,0
84568,2010-09-17,23
84568,2010-09-18,0
84568,2010-09-19,288
84568,2010-09-20,3
84568,2010-09-21,11
84568,2010-09-22,16
84568,2010-09-23,6
84568,2010-09-24,0
84568,2010-09-25,0
84568,2010-09-26,0
84568,2010-09-27,5
84568,2010-09-28,18
84568,2010-09-29,5
84568,2010-09-30,576
84568,2010-10-01,1440
84568,2010-10-02,0
84568,2010-10-03,0
84568,2010-10-04,0
84568,2010-10-05,0
84568,2010-10-06,0
84568,2010-10-07,322
84568,2010-10-08,0
84568,2010-10-09,0
84568,2010-10-10,0
84568,2010-10-11,0
84568,2010-10-12,3
84568,2010-10-13,864
84568,2010-10-14,288
84568,2010-10-15,0
84568,2010-10-16,0
84568,2010-10-17,288
84568,2010-10-18,15
84568,2010-10-19,0
84568,2010-10-20,4
84568,2010-10-21,0
84568,2010-10-22,2880
84568,2010-10-23,0
84568,2010-10-24,0
84568,2010-10-25,0
84568,2010-10-26,5
84568,2010-10-27,0
84568,2010-10-28,0
84568,2010-10-29,288
84568,2010-10-30,0
84568,2010-10-31,0
84568,2010-11-01,0
84568,2010-11-02,0
84568,2010-11-03,27
84568,2010-11-04,5
84568,2010-11-05,0
84568,2010-11-06,0
84568,2010-11-07,0
84568,2010-11-08,10
84568,2010-11-09,0
84568,2010-11-10,11
84568,2010-11-11,0
84568,2010-11-12,288
84568,2010-11-13,0
84568,2010-11-14,0
84568,2010-11-15,33
84568,2010-11-16,298
84568,2010-11-17,297
84568,2010-11-18,9
84568,2010-11-19,0
84568,2010-11-20,0
84568,2010-11-21,0
84568,2010-11-22,10
84568,2010-11-23,0
84568,2010-11-24,0
84568,2010-11-25,0
84568,2010-11-26,2
84568,2010-11-27,0
84568,2010-11-28,1440
84568,2010-11-29,0
84568,2010-11-30,0
84568,2010-12-01,0
84568,2010-12-02,0
84568,2010-12-03,0
84568,2010-12-04,0
84568,2010-12-05,0
84568,2010-12-06,58
84568,2010-12-07,10
84568,2010-12-08,0
84568,2010-12-09,0
84568,2010-12-10,0
84568,2010-12-11,0
84568,2010-12-12,0
84568,2010-12-13,0
84568,2010-12-14,0
84568,2010-12-15,0
84568,2010-12-16,0
84568,2010-12-17,57
84568,2010-12-18,0
84568,2010-12-19,0
84568,2010-12-20,0
84568,2010-12-21,0
84568,2010-12-22,0
84568,2010-12-23,0
84568,2010-12-24,0
84568,2010-12-25,0
84568,2010-12-26,0
84568,2010-12-27,0
84568,2010-12-28,0
84568,2010-12-29,0
84568,2010-12-30,0
84568,2010-12-31,0
84568,2011-01-01,0
84568,2011-01-02,0
84568,2011-01-03,0
84568,2011-01-04,0
84568,2011-01-05,0
84568,2011-01-06,0
84568,2011-01-07,0
84568,2011-01-08,0
84568,2011-01-09,0
84568,2011-01-10,9
84568,2011-01-11,5
84568,2011-01-12,10
84568,2011-01-13,0
84568,2011-01-14,0
84568,2011-01-15,0
84568,2011-01-16,0
84568,2011-01-17,6
84568,2011-01-18,0
84568,2011-01-19,0
84568,2011-01-20,12
84568,2011-01-21,14
84568,2011-01-22,0
84568,2011-01-23,0
84568,2011-01-24,16
84568,2011-01-25,0
84568,2011-01-26,0
84568,2011-01-27,0
84568,2011-01-28,0
84568,2011-01-29,0
84568,2011-01-30,0
84568,2011-01-31,0
84568,2011-02-01,0
84568,2011-02-02,0
84568,2011-02-03,0
84568,2011-02-04,0
84568,2011-02-05,0
84568,2011-02-06,96
84568,2011-02-07,0
84568,2011-02-08,0
84568,2011-02-09,0
84568,2011-02-10,0
84568,2011-02-11,0
84568,2011-02-12,0
84568,2011-02-13,0
84568,2011-02-14,0
84568,2011-02-15,0
84568,2011-02-16,12
84568,2011-02-17,288
84568,2011-02-18,0
84568,2011-02-19,0
84568,2011-02-20,0
84568,2011-02-21,7
84568,2011-02-22,0
84568,2011-02-23,0
84568,2011-02-24,288
84568,2011-02-25,0
84568,2011-02-26,0
84568,2011-02-27,0
84568,2011-02-28,35
84568,2011-03-01,0
84568,2011-03-02,0
84568,2011-03-03,294
84568,2011-03-04,8
84568,2011-03-05,0
84568,2011-03-06,0
84568,2011-03-07,3
84568,2011-03-08,0
84568,2011-03-09,0
84568,2011-03-10,288
84568,2011-03-11,0
84568,2011-03-12,0
84568,2011-03-13,0
84568,2011-03-14,0
84568,2011-03-15,0
84568,2011-03-16,0
84568,2011-03-17,34
84568,2011-03-18,0
84568,2011-03-19,0
84568,2011-03-20,13
84568,2011-03-21,0
84568,2011-03-22,81
84568,2011-03-23,0
84568,2011-03-24,0
84568,2011-03-25,0
84568,2011-03-26,0
84568,2011-03-27,0
84568,2011-03-28,6
84568,2011-03-29,0
84568,2011-03-30,1728
84568,2011-03-31,6
84568,2011-04-01,0
84568,2011-04-02,0
84568,2011-04-03,0
84568,2011-04-04,0
84568,2011-04-05,12
84568,2011-04-06,9
84568,2011-04-07,0
84568,2011-04-08,9
84568,2011-04-09,0
84568,2011-04-10,0
84568,2011-04-11,0
84568,2011-04-12,0
84568,2011-04-13,0
84568,2011-04-14,0
84568,2011-04-15,0
84568,2011-04-16,0
84568,2011-04-17,288
84568,2011-04-18,18
84568,2011-04-19,0
84568,2011-04-20,0
84568,2011-04-21,18
84568,2011-04-22,0
84568,2011-04-23,0
84568,2011-04-24,0
84568,2011-04-25,0
84568,2011-04-26,0
84568,2011-04-27,0
84568,2011-04-28,0
84568,2011-04-29,0
84568,2011-04-30,0
84568,2011-05-01,0
84568,2011-05-02,0
84568,2011-05-03,0
84568,2011-05-04,0
84568,2011-05-05,0
84568,2011-05-06,19
84568,2011-05-07,0
84568,2011-05-08,0
84568,2011-05-09,20
84568,2011-05-10,0
84568,2011-05-11,0
84568,2011-05-12,288
84568,2011-05-13,0
84568,2011-05-14,0
84568,2011-05-15,0
84568,2011-05-16,0
84568,2011-05-17,0
84568,2011-05-18,0
84568,2011-05-19,0
84568,2011-05-20,0
84568,2011-05-21,0
84568,2011-05-22,288
84568,2011-05-23,0
84568,2011-05-24,0
84568,2011-05-25,4
84568,2011-05-26,0
84568,2011-05-27,0
84568,2011-05-28,0
84568,2011-05-29,0
84568,2011-05-30,0
84568,2011-05-31,7
84568,2011-06-01,288
84568,2011-06-02,0
84568,2011-06-03,2
84568,2011-06-04,0
84568,2011-06-05,0
84568,2011-06-06,0
84568,2011-06-07,0
84568,2011-06-08,0
84568,2011-06-09,0
84568,2011-06-10,0
84568,2011-06-11,0
84568,2011-06-12,288
84568,2011-06-13,0
84568,2011-06-14,6
84568,2011-06-15,7
84568,2011-06-16,0
84568,2011-06-17,0
84568,2011-06-18,0
84568,2011-06-19,0
84568,2011-06-20,308
84568,2011-06-21,12
84568,2011-06-22,0
84568,2011-06-23,8
84568,2011-06-24,0
84568,2011-06-25,0
84568,2011-06-26,0
84568,2011-06-27,0
84568,2011-06-28,288
84568,2011-06-29,0
84568,2011-06-30,0
84568,2011-07-01,0
84568,2011-07-02,0
84568,2011-07-03,0
84568,2011-07-04,0
84568,2011-07-05,0
84568,2011-07-06,0
84568,2011-07-07,3
84568,2011-07-08,5
84568,2011-07-09,0
84568,2011-07-10,0
84568,2011-07-11,0
84568,2011-07-12,288
84568,2011-07-13,7
84568,2011-07-14,0
84568,2011-07-15,0
84568,2011-07-16,0
84568,2011-07-17,288
84568,2011-07-18,32
84568,2011-07-19,0
84568,2011-07-20,4
84568,2011-07-21,0
84568,2011-07-22,8
84568,2011-07-23,0
84568,2011-07-24,0
84568,2011-07-25,14
84568,2011-07-26,30
84568,2011-07-27,3
84568,2011-07-28,1452
84568,2011-07-29,5
84568,2011-07-30,0
84568,2011-07-31,2880
84568,2011-08-01,22
84568,2011-08-02,301
84568,2011-08-03,0
84568,2011-08-04,0
84568,2011-08-05,17
84568,2011-08-06,0
84568,2011-08-07,0
84568,2011-08-08,0
84568,2011-08-09,4
84568,2011-08-10,0
84568,2011-08-11,0
84568,2011-08-12,31
84568,2011-08-13,0
84568,2011-08-14,0
84568,2011-08-15,0
84568,2011-08-16,0
84568,2011-08-17,0
84568,2011-08-18,0
84568,2011-08-19,0
84568,2011-08-20,0
84568,2011-08-21,0
84568,2011-08-22,0
84568,2011-08-23,0
84568,2011-08-24,0
84568,2011-08-25,0
84568,2011-08-26,0
84568,2011-08-27,0
84568,2011-08-28,0
84568,2011-08-29,0
84568,2011-08-30,92
84568,2011-08-31,0
84568,2011-09-01,1440
84568,2011-09-02,0
84568,2011-09-03,0
84568,2011-09-04,0
84568,2011-09-05,3
84568,2011-09-06,0
84568,2011-09-07,26
84568,2011-09-08,6
84568,2011-09-09,10
84568,2011-09-10,0
84568,2011-09-11,0
84568,2011-09-12,28
84568,2011-09-13,4
84568,2011-09-14,0
84568,2011-09-15,0
84568,2011-09-16,0
84568,2011-09-17,0
84568,2011-09-18,0
84568,2011-09-19,0
84568,2011-09-20,0
84568,2011-09-21,18
84568,2011-09-22,1
84568,2011-09-23,5
84568,2011-09-24,0
84568,2011-09-25,0
84568,2011-09-26,0
84568,2011-09-27,0
84568,2011-09-28,2
84568,2011-09-29,7
84568,2011-09-30,0
84568,2011-10-01,0
84568,2011-10-02,0
84568,2011-10-03,0
84568,2011-10-04,0
84568,2011-10-05,0
84568,2011-10-06,0
84568,2011-10-07,0
84568,2011-10-08,0
84568,2011-10-09,0
84568,2011-10-10,0
84568,2011-10-11,12
84568,2011-10-12,6
84568,2011-10-13,0
84568,2011-10-14,0
84568,2011-10-15,0
84568,2011-10-16,0
84568,2011-10-17,5
84568,2011-10-18,0
84568,2011-10-19,19
84568,2011-10-20,0
84568,2011-10-21,0
84568,2011-10-22,0
84568,2011-10-23,0
84568,2011-10-24,0
84568,2011-10-25,0
84568,2011-10-26,0
84568,2011-10-27,0
84568,2011-10-28,0
84568,2011-10-29,0
84568,2011-10-30,0
84568,2011-10-31,11
84568,2011-11-01,0
84568,2011-11-02,0
84568,2011-11-03,7
84568,2011-11-04,12
84568,2011-11-05,0
84568,2011-11-06,0
84568,2011-11-07,0
84568,2011-11-08,8
84568,2011-11-09,5
84568,2011-11-10,0
84568,2011-11-11,30
84568,2011-11-12,0
84568,2011-11-13,0
84568,2011-11-14,4
84568,2011-11-15,4
84568,2011-11-16,6
84568,2011-11-17,17
84568,2011-11-18,0
84568,2011-11-19,0
84568,2011-11-20,288
84568,2011-11-21,15
84568,2011-11-22,22
84568,2011-11-23,0
84568,2011-11-24,317
84568,2011-11-25,8
84568,2011-11-26,0
84568,2011-11-27,0
84568,2011-11-28,1
84568,2011-11-29,44
84568,2011-11-30,288
84568,2011-12-01,10
84568,2011-12-02,11
84568,2011-12-03,0
84568,2011-12-04,0
84568,2011-12-05,38
84568,2011-12-06,0
84568,2011-12-07,0
84568,2011-12-08,56
21213,2009-12-01,37
21213,2009-12-02,55
21213,2009-12-03,59
21213,2009-12-04,74
21213,2009-12-05,24
21213,2009-12-06,84
21213,2009-12-07,27
21213,2009-12-08,16
21213,2009-12-09,2
21213,2009-12-10,49
21213,2009-12-11,48
21213,2009-12-12,0
21213,2009-12-13,53
21213,2009-12-14,12
21213,2009-12-15,0
21213,2009-12-16,125
21213,2009-12-17,120
21213,2009-12-18,8
21213,2009-12-19,0
21213,2009-12-20,120
21213,2009-12-21,0
21213,2009-12-22,484
21213,2009-12-23,1
21213,2009-12-24,0
21213,2009-12-25,0
21213,2009-12-26,0
21213,2009-12-27,0
21213,2009-12-28,0
21213,2009-12-29,0
21213,2009-12-30,0
21213,2009-12-31,0
21213,2010-01-01,0
21213,2010-01-02,0
21213,2010-01-03,0
21213,2010-01-04,0
21213,2010-01-05,123
21213,2010-01-06,0
21213,2010-01-07,48
21213,2010-01-08,24
21213,2010-01-09,0
21213,2010-01-10,12
21213,2010-01-11,53
21213,2010-01-12,6
21213,2010-01-13,2
21213,2010-01-14,5
21213,2010-01-15,264
21213,2010-01-16,0
21213,2010-01-17,98
21213,2010-01-18,52
21213,2010-01-19,128
21213,2010-01-20,0
21213,2010-01-21,24
21213,2010-01-22,243
21213,2010-01-23,0
21213,2010-01-24,121
21213,2010-01-25,19
21213,2010-01-26,293
21213,2010-01-27,97
21213,2010-01-28,28
21213,2010-01-29,24
21213,2010-01-30,0
21213,2010-01-31,2
21213,2010-02-01,4
21213,2010-02-02,0
21213,2010-02-03,25
21213,2010-02-04,3
21213,2010-02-05,0
21213,2010-02-06,0
21213,2010-02-07,145
21213,2010-02-08,74
21213,2010-02-09,48
21213,2010-02-10,3
21213,2010-02-11,96
21213,2010-02-12,265
21213,2010-02-13,0
21213,2010-02-14,1
21213,2010-02-15,48
21213,2010-02-16,40
21213,2010-02-17,4
21213,2010-02-18,0
21213,2010-02-19,49
21213,2010-02-20,0
21213,2010-02-21,196
21213,2010-02-22,85
21213,2010-02-23,26
21213,2010-02-24,2
21213,2010-02-25,48
21213,2010-02-26,1
21213,2010-02-27,0
21213,2010-02-28,3
21213,2010-03-01,600
21213,2010-03-02,121
21213,2010-03-03,0
21213,2010-03-04,76
21213,2010-03-05,72
21213,2010-03-06,0
21213,2010-03-07,24
21213,2010-03-08,2
21213,2010-03-09,168
21213,2010-03-10,72
21213,2010-03-11,12
21213,2010-03-12,0
21213,2010-03-13,0
21213,2010-03-14,6
21213,2010-03-15,26
21213,2010-03-16,24
21213,2010-03-17,552
21213,2010-03-18,121
21213,2010-03-19,27
21213,2010-03-20,0
21213,2010-03-21,32
21213,2010-03-22,48
21213,2010-03-23,25
21213,2010-03-24,26
21213,2010-03-25,25
21213,2010-03-26,49
21213,2010-03-27,0
21213,2010-03-28,2
21213,2010-03-29,56
21213,2010-03-30,2
21213,2010-03-31,34
21213,2010-04-01,171
21213,2010-04-02,0
21213,2010-04-03,0
21213,2010-04-04,0
21213,2010-04-05,0
21213,2010-04-06,480
21213,2010-04-07,145
21213,2010-04-08,83
21213,2010-04-09,48
21213,2010-04-10,0
21213,2010-04-11,0
21213,2010-04-12,0
21213,2010-04-13,13
21213,2010-04-14,132
21213,2010-04-15,48
21213,2010-04-16,386
21213,2010-04-17,0
21213,2010-04-18,0
21213,2010-04-19,101
21213,2010-04-20,75
21213,2010-04-21,0
21213,2010-04-22,36
21213,2010-04-23,28
21213,2010-04-24,0
21213,2010-04-25,6
21213,2010-04-26,81
21213,2010-04-27,73
21213,2010-04-28,120
21213,2010-04-29,28
21213,2010-04-30,24
21213,2010-05-01,0
21213,2010-05-02,28
21213,2010-05-03,0
21213,2010-05-04,30
21213,2010-05-05,144
21213,2010-05-06,55
21213,2010-05-07,0
21213,2010-05-08,0
21213,2010-05-09,38
21213,2010-05-10,24
21213,2010-05-11,192
21213,2010-05-12,3
21213,2010-05-13,49
21213,2010-05-14,25
21213,2010-05-15,0
21213,2010-05-16,24
21213,2010-05-17,1
21213,2010-05-18,50
21213,2010-05-19,6
21213,2010-05-20,60
21213,2010-05-21,122
21213,2010-05-22,0
21213,2010-05-23,338
21213,2010-05-24,63
21213,2010-05-25,384
21213,2010-05-26,74
21213,2010-05-27,49
21213,2010-05-28,264
21213,2010-05-29,0
21213,2010-05-30,3
21213,2010-05-31,0
21213,2010-06-01,6
21213,2010-06-02,1
21213,2010-06-03,24
21213,2010-06-04,10
21213,2010-06-05,0
21213,2010-06-06,6
21213,2010-06-07,146
21213,2010-06-08,8
21213,2010-06-09,198
21213,2010-06-10,28
21213,2010-06-11,1
21213,2010-06-12,0
21213,2010-06-13,24
21213,2010-06-14,27
21213,2010-06-15,192
21213,2010-06-16,145
21213,2010-06-17,13
21213,2010-06-18,1
21213,2010-06-19,0
21213,2010-06-20,0
21213,2010-06-21,42
21213,2010-06-22,0
21213,2010-06-23,25
21213,2010-06-24,91
21213,2010-06-25,73
21213,2010-06-26,0
21213,2010-06-27,1
21213,2010-06-28,147
21213,2010-06-29,264
21213,2010-06-30,78
21213,2010-07-01,83
21213,2010-07-02,59
21213,2010-07-03,0
21213,2010-07-04,0
21213,2010-07-05,0
21213,2010-07-06,25
21213,2010-07-07,0
21213,2010-07-08,24
21213,2010-07-09,10
21213,2010-07-10,0
21213,2010-07-11,248
21213,2010-07-12,0
21213,2010-07-13,30
21213,2010-07-14,0
21213,2010-07-15,0
21213,2010-07-16,72
21213,2010-07-17,0
21213,2010-07-18,1
21213,2010-07-19,288
21213,2010-07-20,24
21213,2010-07-21,24
21213,2010-07-22,50
21213,2010-07-23,0
21213,2010-07-24,0
21213,2010-07-25,53
21213,2010-07-26,315
21213,2010-07-27,3
21213,2010-07-28,51
21213,2010-07-29,81
21213,2010-07-30,96
21213,2010-07-31,0
21213,2010-08-01,24
21213,2010-08-02,48
21213,2010-08-03,0
21213,2010-08-04,0
21213,2010-08-05,28
21213,2010-08-06,24
21213,2010-08-07,0
21213,2010-08-08,1
21213,2010-08-09,2
21213,2010-08-10,2
21213,2010-08-11,0
21213,2010-08-12,74
21213,2010-08-13,192
21213,2010-08-14,0
21213,2010-08-15,984
21213,2010-08-16,48
21213,2010-08-17,48
21213,2010-08-18,260
21213,2010-08-19,175
21213,2010-08-20,600
21213,2010-08-21,0
21213,2010-08-22,48
21213,2010-08-23,25
21213,2010-08-24,28
21213,2010-08-25,8
21213,2010-08-26,24
21213,2010-08-27,24
21213,2010-08-28,0
21213,2010-08-29,25
21213,2010-08-30,0
21213,2010-08-31,68
21213,2010-09-01,265
21213,2010-09-02,79
21213,2010-09-03,0
21213,2010-09-04,0
21213,2010-09-05,169
21213,2010-09-06,8
21213,2010-09-07,72
21213,2010-09-08,4
21213,2010-09-09,38
21213,2010-09-10,24
21213,2010-09-11,0
21213,2010-09-12,1
21213,2010-09-13,794
21213,2010-09-14,125
21213,2010-09-15,8
21213,2010-09-16,75
21213,2010-09-17,48
21213,2010-09-18,0
21213,2010-09-19,68
21213,2010-09-20,32
21213,2010-09-21,279
21213,2010-09-22,32
21213,2010-09-23,36
21213,2010-09-24,48
21213,2010-09-25,0
21213,2010-09-26,223
21213,2010-09-27,144
21213,2010-09-28,51
21213,2010-09-29,24
21213,2010-09-30,32
21213,2010-10-01,24
21213,2010-10-02,0
21213,2010-10-03,9
21213,2010-10-04,104
21213,2010-10-05,168
21213,2010-10-06,1280
21213,2010-10-07,184
21213,2010-10-08,63
21213,2010-10-09,0
21213,2010-10-10,24
21213,2010-10-11,55
21213,2010-10-12,96
21213,2010-10-13,25
21213,2010-10-14,182
21213,2010-10-15,186
21213,2010-10-16,0
21213,2010-10-17,8
21213,2010-10-18,60
21213,2010-10-19,49
21213,2010-10-20,268
21213,2010-10-21,207
21213,2010-10-22,46
21213,2010-10-23,0
21213,2010-10-24,30
21213,2010-10-25,1
21213,2010-10-26,534
21213,2010-10-27,26
21213,2010-10-28,1
21213,2010-10-29,81
21213,2010-10-30,0
21213,2010-10-31,11
21213,2010-11-01,29
21213,2010-11-02,384
21213,2010-11-03,169
21213,2010-11-04,62
21213,2010-11-05,48
21213,2010-11-06,0
21213,2010-11-07,32
21213,2010-11-08,1
21213,2010-11-09,51
21213,2010-11-10,53
21213,2010-11-11,57
21213,2010-11-12,18
21213,2010-11-13,0
21213,2010-11-14,30
21213,2010-11-15,33
21213,2010-11-16,522
21213,2010-11-17,34
21213,2010-11-18,104
21213,2010-11-19,146
21213,2010-11-20,0
21213,2010-11-21,28
21213,2010-11-22,27
21213,2010-11-23,56
21213,2010-11-24,62
21213,2010-11-25,280
21213,2010-11-26,44
21213,2010-11-27,0
21213,2010-11-28,150
21213,2010-11-29,2
21213,2010-11-30,50
21213,2010-12-01,51
21213,2010-12-02,49
21213,2010-12-03,30
21213,2010-12-04,0
21213,2010-12-05,3
21213,2010-12-06,58
21213,2010-12-07,34
21213,2010-12-08,73
21213,2010-12-09,2
21213,2010-12-10,69
21213,2010-12-11,0
21213,2010-12-12,2
21213,2010-12-13,2
21213,2010-12-14,69
21213,2010-12-15,24
21213,2010-12-16,168
21213,2010-12-17,0
21213,2010-12-18,0
21213,2010-12-19,12
21213,2010-12-20,505
21213,2010-12-21,127
21213,2010-12-22,24
21213,2010-12-23,49
21213,2010-12-24,0
21213,2010-12-25,0
21213,2010-12-26,0
21213,2010-12-27,0
21213,2010-12-28,0
21213,2010-12-29,0
21213,2010-12-30,0
21213,2010-12-31,0
21213,2011-01-01,0
21213,2011-01-02,0
21213,2011-01-03,0
21213,2011-01-04,3
21213,2011-01-05,24
21213,2011-01-06,49
21213,2011-01-07,51
21213,2011-01-08,0
21213,2011-01-09,0
21213,2011-01-10,0
21213,2011-01-11,0
21213,2011-01-12,3
21213,2011-01-13,6
21213,2011-01-14,2
21213,2011-01-15,0
21213,2011-01-16,121
21213,2011-01-17,24
21213,2011-01-18,24
21213,2011-01-19,29
21213,2011-01-20,1
21213,2011-01-21,121
21213,2011-01-22,0
21213,2011-01-23,24
21213,2011-01-24,122
21213,2011-01-25,9
21213,2011-01-26,2
21213,2011-01-27,50
21213,2011-01-28,1
21213,2011-01-29,0
21213,2011-01-30,0
21213,2011-01-31,128
21213,2011-02-01,32
21213,2011-02-02,48
21213,2011-02-03,26
21213,2011-02-04,9
21213,2011-02-05,0
21213,2011-02-06,0
21213,2011-02-07,1
21213,2011-02-08,28
21213,2011-02-09,2
21213,2011-02-10,0
21213,2011-02-11,5
21213,2011-02-12,0
21213,2011-02-13,2
21213,2011-02-14,28
21213,2011-02-15,13
21213,2011-02-16,48
21213,2011-02-17,66
21213,2011-02-18,24
21213,2011-02-19,0
21213,2011-02-20,0
21213,2011-02-21,5
21213,2011-02-22,123
21213,2011-02-23,4
21213,2011-02-24,24
21213,2011-02-25,28
21213,2011-02-26,0
21213,2011-02-27,0
21213,2011-02-28,0
21213,2011-03-01,24
21213,2011-03-02,1
21213,2011-03-03,25
21213,2011-03-04,146
21213,2011-03-05,0
21213,2011-03-06,120
21213,2011-03-07,13
21213,2011-03-08,48
21213,2011-03-09,15
21213,2011-03-10,45
21213,2011-03-11,7
21213,2011-03-12,0
21213,2011-03-13,0
21213,2011-03-14,264
21213,2011-03-15,23
21213,2011-03-16,0
21213,2011-03-17,1
21213,2011-03-18,28
21213,2011-03-19,0
21213,2011-03-20,24
21213,2011-03-21,58
21213,2011-03-22,21
21213,2011-03-23,27
21213,2011-03-24,73
21213,2011-03-25,29
21213,2011-03-26,0
21213,2011-03-27,0
21213,2011-03-28,1
21213,2011-03-29,374
21213,2011-03-30,0
21213,2011-03-31,54
21213,2011-04-01,7
21213,2011-04-02,0
21213,2011-04-03,8
21213,2011-04-04,26
21213,2011-04-05,51
21213,2011-04-06,33
21213,2011-04-07,49
21213,2011-04-08,0
21213,2011-04-09,0
21213,2011-04-10,25
21213,2011-04-11,268
21213,2011-04-12,36
21213,2011-04-13,0
21213,2011-04-14,49
21213,2011-04-15,6
21213,2011-04-16,0
21213,2011-04-17,4
21213,2011-04-18,0
21213,2011-04-19,5
21213,2011-04-20,993
21213,2011-04-21,25
21213,2011-04-22,0
21213,2011-04-23,0
21213,2011-04-24,0
21213,2011-04-25,0
21213,2011-04-26,32
21213,2011-04-27,0
21213,2011-04-28,120
21213,2011-04-29,0
21213,2011-04-30,0
21213,2011-05-01,0
21213,2011-05-02,0
21213,2011-05-03,231
21213,2011-05-04,48
21213,2011-05-05,24
21213,2011-05-06,27
21213,2011-05-07,0
21213,2011-05-08,32
21213,2011-05-09,10
21213,2011-05-10,63
21213,2011-05-11,24
21213,2011-05-12,30
21213,2011-05-13,38
21213,2011-05-14,0
21213,2011-05-15,11
21213,2011-05-16,28
21213,2011-05-17,30
21213,2011-05-18,0
21213,2011-05-19,24
21213,2011-05-20,0
21213,2011-05-21,0
21213,2011-05-22,0
21213,2011-05-23,12
21213,2011-05-24,50
21213,2011-05-25,25
21213,2011-05-26,0
21213,2011-05-27,47
21213,2011-05-28,0
21213,2011-05-29,12
21213,2011-05-30,0
21213,2011-05-31,15
21213,2011-06-01,29
21213,2011-06-02,3
21213,2011-06-03,120
21213,2011-06-04,0
21213,2011-06-05,88
21213,2011-06-06,49
21213,2011-06-07,10
21213,2011-06-08,76
21213,2011-06-09,28
21213,2011-06-10,3
21213,2011-06-11,0
21213,2011-06-12,12
21213,2011-06-13,2
21213,2011-06-14,36
21213,2011-06-15,219
21213,2011-06-16,48
21213,2011-06-17,52
21213,2011-06-18,0
21213,2011-06-19,146
21213,2011-06-20,34
21213,2011-06-21,1
21213,2011-06-22,144
21213,2011-06-23,54
21213,2011-06-24,1
21213,2011-06-25,0
21213,2011-06-26,2
21213,2011-06-27,24
21213,2011-06-28,0
21213,2011-06-29,28
21213,2011-06-30,24
21213,2011-07-01,25
21213,2011-07-02,0
21213,2011-07-03,0
21213,2011-07-04,25
21213,2011-07-05,483
21213,2011-07-06,2
21213,2011-07-07,24
21213,2011-07-08,0
21213,2011-07-09,0
21213,2011-07-10,3
21213,2011-07-11,28
21213,2011-07-12,1
21213,2011-07-13,26
21213,2011-07-14,2
21213,2011-07-15,2
21213,2011-07-16,0
21213,2011-07-17,147
21213,2011-07-18,6
21213,2011-07-19,96
21213,2011-07-20,24
21213,2011-07-21,1
21213,2011-07-22,27
21213,2011-07-23,0
21213,2011-07-24,6
21213,2011-07-25,76
21213,2011-07-26,29
21213,2011-07-27,1
21213,2011-07-28,48
21213,2011-07-29,72
21213,2011-07-30,0
21213,2011-07-31,5
21213,2011-08-01,72
21213,2011-08-02,0
21213,2011-08-03,144
21213,2011-08-04,25
21213,2011-08-05,0
21213,2011-08-06,0
21213,2011-08-07,0
21213,2011-08-08,52
21213,2011-08-09,6
21213,2011-08-10,0
21213,2011-08-11,26
21213,2011-08-12,0
21213,2011-08-13,0
21213,2011-08-14,4
21213,2011-08-15,0
21213,2011-08-16,6
21213,2011-08-17,48
21213,2011-08-18,721
21213,2011-08-19,48
21213,2011-08-20,0
21213,2011-08-21,29
21213,2011-08-22,72
21213,2011-08-23,36
21213,2011-08-24,21
21213,2011-08-25,96
21213,2011-08-26,2
21213,2011-08-27,0
21213,2011-08-28,4
21213,2011-08-29,0
21213,2011-08-30,10
21213,2011-08-31,0
21213,2011-09-01,2
21213,2011-09-02,154
21213,2011-09-03,0
21213,2011-09-04,53
21213,2011-09-05,35
21213,2011-09-06,281
21213,2011-09-07,26
21213,2011-09-08,55
21213,2011-09-09,12
21213,2011-09-10,0
21213,2011-09-11,391
21213,2011-09-12,26
21213,2011-09-13,625
21213,2011-09-14,123
21213,2011-09-15,36
21213,2011-09-16,55
21213,2011-09-17,0
21213,2011-09-18,0
21213,2011-09-19,290
21213,2011-09-20,38
21213,2011-09-21,4
21213,2011-09-22,35
21213,2011-09-23,50
21213,2011-09-24,0
21213,2011-09-25,3
21213,2011-09-26,89
21213,2011-09-27,26
21213,2011-09-28,38
21213,2011-09-29,52
21213,2011-09-30,28
21213,2011-10-01,0
21213,2011-10-02,9
21213,2011-10-03,24
21213,2011-10-04,43
21213,2011-10-05,73
21213,2011-10-06,55
21213,2011-10-07,79
21213,2011-10-08,0
21213,2011-10-09,0
21213,2011-10-10,32
21213,2011-10-11,7
21213,2011-10-12,24
21213,2011-10-13,50
21213,2011-10-14,61
21213,2011-10-15,0
21213,2011-10-16,2
21213,2011-10-17,120
21213,2011-10-18,81
21213,2011-10-19,100
21213,2011-10-20,48
21213,2011-10-21,33
21213,2011-10-22,0
21213,2011-10-23,2
21213,2011-10-24,2
21213,2011-10-25,30
21213,2011-10-26,24
21213,2011-10-27,151
21213,2011-10-28,263
21213,2011-10-29,0
21213,2011-10-30,35
21213,2011-10-31,59
21213,2011-11-01,0
21213,2011-11-02,1
21213,2011-11-03,48
21213,2011-11-04,69
21213,2011-11-05,0
21213,2011-11-06,50
21213,2011-11-07,24
21213,2011-11-08,6
21213,2011-11-09,25
21213,2011-11-10,1
21213,2011-11-11,47
21213,2011-11-12,0
21213,2011-11-13,14
21213,2011-11-14,27
21213,2011-11-15,10
21213,2011-11-16,15
21213,2011-11-17,50
21213,2011-11-18,32
21213,2011-11-19,0
21213,2011-11-20,29
21213,2011-11-21,26
21213,2011-11-22,6
21213,2011-11-23,28
21213,2011-11-24,0
21213,2011-11-25,0
21213,2011-11-26,0
21213,2011-11-27,4
21213,2011-11-28,26
21213,2011-11-29,27
21213,2011-11-30,121
21213,2011-12-01,24
21213,2011-12-02,6
21213,2011-12-03,0
21213,2011-12-04,6
21213,2011-12-05,50
21213,2011-12-06,3
21213,2011-12-07,48
21213,2011-12-08,3
20725,2009-12-01,164
20725,2009-12-02,12
20725,2009-12-03,31
20725,2009-12-04,73
20725,2009-12-05,0
20725,2009-12-06,26
20725,2009-12-07,15
20725,2009-12-08,54
20725,2009-12-09,151
20725,2009-12-10,42
20725,2009-12-11,31
20725,2009-12-12,0
20725,2009-12-13,31
20725,2009-12-14,60
20725,2009-12-15,11
20725,2009-12-16,55
20725,2009-12-17,26
20725,2009-12-18,44
20725,2009-12-19,0
20725,2009-12-20,40
20725,2009-12-21,110
20725,2009-12-22,1
20725,2009-12-23,0
20725,2009-12-24,0
20725,2009-12-25,0
20725,2009-12-26,0
20725,2009-12-27,0
20725,2009-12-28,0
20725,2009-12-29,0
20725,2009-12-30,0
20725,2009-12-31,0
20725,2010-01-01,0
20725,2010-01-02,0
20725,2010-01-03,0
20725,2010-01-04,13
20725,2010-01-05,17
20725,2010-01-06,10
20725,2010-01-07,120
20725,2010-01-08,34
20725,2010-01-09,0
20725,2010-01-10,130
20725,2010-01-11,29
20725,2010-01-12,3
20725,2010-01-13,12
20725,2010-01-14,112
20725,2010-01-15,10
20725,2010-01-16,0
20725,2010-01-17,24
20725,2010-01-18,7
20725,2010-01-19,32
20725,2010-01-20,172
20725,2010-01-21,113
20725,2010-01-22,127
20725,2010-01-23,0
20725,2010-01-24,30
20725,2010-01-25,61
20725,2010-01-26,248
20725,2010-01-27,23
20725,2010-01-28,40
20725,2010-01-29,112
20725,2010-01-30,0
20725,2010-01-31,20
20725,2010-02-01,22
20725,2010-02-02,61
20725,2010-02-03,41
20725,2010-02-04,60
20725,2010-02-05,32
20725,2010-02-06,0
20725,2010-02-07,110
20725,2010-02-08,44
20725,2010-02-09,62
20725,2010-02-10,22
20725,2010-02-11,64
20725,2010-02-12,0
20725,2010-02-13,0
20725,2010-02-14,21
20725,2010-02-15,181
20725,2010-02-16,14
20725,2010-02-17,32
20725,2010-02-18,140
20725,2010-02-19,65
20725,2010-02-20,0
20725,2010-02-21,10
20725,2010-02-22,24
20725,2010-02-23,165
20725,2010-02-24,112
20725,2010-02-25,22
20725,2010-02-26,41
20725,2010-02-27,0
20725,2010-02-28,9
20725,2010-03-01,40
20725,2010-03-02,14
20725,2010-03-03,153
20725,2010-03-04,141
20725,2010-03-05,60
20725,2010-03-06,0
20725,2010-03-07,1
20725,2010-03-08,83
20725,2010-03-09,44
20725,2010-03-10,127
20725,2010-03-11,71
20725,2010-03-12,10
20725,2010-03-13,0
20725,2010-03-14,2
20725,2010-03-15,13
20725,2010-03-16,127
20725,2010-03-17,71
20725,2010-03-18,44
20725,2010-03-19,36
20725,2010-03-20,0
20725,2010-03-21,106
20725,2010-03-22,30
20725,2010-03-23,87
20725,2010-03-24,20
20725,2010-03-25,22
20725,2010-03-26,6
20725,2010-03-27,0
20725,2010-03-28,12
20725,2010-03-29,103
20725,2010-03-30,153
20725,2010-03-31,42
20725,2010-04-01,127
20725,2010-04-02,0
20725,2010-04-03,0
20725,2010-04-04,0
20725,2010-04-05,0
20725,2010-04-06,33
20725,2010-04-07,50
20725,2010-04-08,140
20725,2010-04-09,43
20725,2010-04-10,0
20725,2010-04-11,32
20725,2010-04-12,13
20725,2010-04-13,126
20725,2010-04-14,40
20725,2010-04-15,32
20725,2010-04-16,224
20725,2010-04-17,0
20725,2010-04-18,42
20725,2010-04-19,100
20725,2010-04-20,55
20725,2010-04-21,24
20725,2010-04-22,54
20725,2010-04-23,31
20725,2010-04-24,0
20725,2010-04-25,33
20725,2010-04-26,23
20725,2010-04-27,91
20725,2010-04-28,62
20725,2010-04-29,52
20725,2010-04-30,22
20725,2010-05-01,0
20725,2010-05-02,64
20725,2010-05-03,0
20725,2010-05-04,81
20725,2010-05-05,110
20725,2010-05-06,304
20725,2010-05-07,181
20725,2010-05-08,0
20725,2010-05-09,35
20725,2010-05-10,64
20725,2010-05-11,162
20725,2010-05-12,110
20725,2010-05-13,125
20725,2010-05-14,26
20725,2010-05-15,0
20725,2010-05-16,30
20725,2010-05-17,21
20725,2010-05-18,11
20725,2010-05-19,61
20725,2010-05-20,57
20725,2010-05-21,43
20725,2010-05-22,0
20725,2010-05-23,72
20725,2010-05-24,91
20725,2010-05-25,160
20725,2010-05-26,71
20725,2010-05-27,191
20725,2010-05-28,31
20725,2010-05-29,0
20725,2010-05-30,130
20725,2010-05-31,0
20725,2010-06-01,28
20725,2010-06-02,24
20725,2010-06-03,130
20725,2010-06-04,27
20725,2010-06-05,0
20725,2010-06-06,91
20725,2010-06-07,55
20725,2010-06-08,83
20725,2010-06-09,176
20725,2010-06-10,20
20725,2010-06-11,33
20725,2010-06-12,0
20725,2010-06-13,41
20725,2010-06-14,29
20725,2010-06-15,165
20725,2010-06-16,69
20725,2010-06-17,36
20725,2010-06-18,126
20725,2010-06-19,0
20725,2010-06-20,34
20725,2010-06-21,19
20725,2010-06-22,162
20725,2010-06-23,93
20725,2010-06-24,108
20725,2010-06-25,10
20725,2010-06-26,0
20725,2010-06-27,119
20725,2010-06-28,167
20725,2010-06-29,100
20725,2010-06-30,90
20725,2010-07-01,74
20725,2010-07-02,74
20725,2010-07-03,0
20725,2010-07-04,31
20725,2010-07-05,41
20725,2010-07-06,35
20725,2010-07-07,60
20725,2010-07-08,38
20725,2010-07-09,20
20725,2010-07-10,0
20725,2010-07-11,17
20725,2010-07-12,156
20725,2010-07-13,144
20725,2010-07-14,6
20725,2010-07-15,114
20725,2010-07-16,13
20725,2010-07-17,0
20725,2010-07-18,142
20725,2010-07-19,154
20725,2010-07-20,120
20725,2010-07-21,64
20725,2010-07-22,48
20725,2010-07-23,72
20725,2010-07-24,0
20725,2010-07-25,29
20725,2010-07-26,55
20725,2010-07-27,34
20725,2010-07-28,62
20725,2010-07-29,109
20725,2010-07-30,137
20725,2010-07-31,0
20725,2010-08-01,57
20725,2010-08-02,50
20725,2010-08-03,52
20725,2010-08-04,105
20725,2010-08-05,420
20725,2010-08-06,20
20725,2010-08-07,0
20725,2010-08-08,47
20725,2010-08-09,220
20725,2010-08-10,29
20725,2010-08-11,34
20725,2010-08-12,77
20725,2010-08-13,185
20725,2010-08-14,0
20725,2010-08-15,63
20725,2010-08-16,94
20725,2010-08-17,151
20725,2010-08-18,223
20725,2010-08-19,63
20725,2010-08-20,236
20725,2010-08-21,0
20725,2010-08-22,173
20725,2010-08-23,111
20725,2010-08-24,70
20725,2010-08-25,53
20725,2010-08-26,179
20725,2010-08-27,11
20725,2010-08-28,0
20725,2010-08-29,26
20725,2010-08-30,0
20725,2010-08-31,148
20725,2010-09-01,45
20725,2010-09-02,132
20725,2010-09-03,22
20725,2010-09-04,0
20725,2010-09-05,28
20725,2010-09-06,158
20725,2010-09-07,50
20725,2010-09-08,22
20725,2010-09-09,195
20725,2010-09-10,36
20725,2010-09-11,0
20725,2010-09-12,22
20725,2010-09-13,14
20725,2010-09-14,4
20725,2010-09-15,181
20725,2010-09-16,41
20725,2010-09-17,48
20725,2010-09-18,0
20725,2010-09-19,16
20725,2010-09-20,183
20725,2010-09-21,184
20725,2010-09-22,23
20725,2010-09-23,60
20725,2010-09-24,140
20725,2010-09-25,0
20725,2010-09-26,25
20725,2010-09-27,141
20725,2010-09-28,48
20725,2010-09-29,55
20725,2010-09-30,52
20725,2010-10-01,11
20725,2010-10-02,0
20725,2010-10-03,52
20725,2010-10-04,11
20725,2010-10-05,86
20725,2010-10-06,20
20725,2010-10-07,48
20725,2010-10-08,61
20725,2010-10-09,0
20725,2010-10-10,24
20725,2010-10-11,52
20725,2010-10-12,84
20725,2010-10-13,156
20725,2010-10-14,44
20725,2010-10-15,69
20725,2010-10-16,0
20725,2010-10-17,119
20725,2010-10-18,20
20725,2010-10-19,30
20725,2010-10-20,20
20725,2010-10-21,23
20725,2010-10-22,28
20725,2010-10-23,0
20725,2010-10-24,20
20725,2010-10-25,45
20725,2010-10-26,2
20725,2010-10-27,64
20725,2010-10-28,41
20725,2010-10-29,113
20725,2010-10-30,0
20725,2010-10-31,11
20725,2010-11-01,30
20725,2010-11-02,130
20725,2010-11-03,143
20725,2010-11-04,36
20725,2010-11-05,124
20725,2010-11-06,0
20725,2010-11-07,67
20725,2010-11-08,23
20725,2010-11-09,58
20725,2010-11-10,83
20725,2010-11-11,48
20725,2010-11-12,39
20725,2010-11-13,0
20725,2010-11-14,13
20725,2010-11-15,35
20725,2010-11-16,548
20725,2010-11-17,1
20725,2010-11-18,33
20725,2010-11-19,17
20725,2010-11-20,0
20725,2010-11-21,35
20725,2010-11-22,21
20725,2010-11-23,33
20725,2010-11-24,49
20725,2010-11-25,178
20725,2010-11-26,41
20725,2010-11-27,0
20725,2010-11-28,5
20725,2010-11-29,34
20725,2010-11-30,41
20725,2010-12-01,78
20725,2010-12-02,11
20725,2010-12-03,93
20725,2010-12-04,0
20725,2010-12-05,36
20725,2010-12-06,34
20725,2010-12-07,33
20725,2010-12-08,117
20725,2010-12-09,34
20725,2010-12-10,47
20725,2010-12-11,0
20725,2010-12-12,18
20725,2010-12-13,24
20725,2010-12-14,36
20725,2010-12-15,59
20725,2010-12-16,51
20725,2010-12-17,15
20725,2010-12-18,0
20725,2010-12-19,2
20725,2010-12-20,12
20725,2010-12-21,21
20725,2010-12-22,10
20725,2010-12-23,1
20725,2010-12-24,0
20725,2010-12-25,0
20725,2010-12-26,0
20725,2010-12-27,0
20725,2010-12-28,0
20725,2010-12-29,0
20725,2010-12-30,0
20725,2010-12-31,0
20725,2011-01-01,0
20725,2011-01-02,0
20725,2011-01-03,0
20725,2011-01-04,20
20725,2011-01-05,100
20725,2011-01-06,294
20725,2011-01-07,25
20725,2011-01-08,0
20725,2011-01-09,23
20725,2011-01-10,30
20725,2011-01-11,21
20725,2011-01-12,4
20725,2011-01-13,134
20725,2011-01-14,341
20725,2011-01-15,0
20725,2011-01-16,112
20725,2011-01-17,6
20725,2011-01-18,5
20725,2011-01-19,102
20725,2011-01-20,15
20725,2011-01-21,0
20725,2011-01-22,0
20725,2011-01-23,0
20725,2011-01-24,33
20725,2011-01-25,38
20725,2011-01-26,38
20725,2011-01-27,42
20725,2011-01-28,20
20725,2011-01-29,0
20725,2011-01-30,0
20725,2011-01-31,185
20725,2011-02-01,129
20725,2011-02-02,35
20725,2011-02-03,16
20725,2011-02-04,52
20725,2011-02-05,0
20725,2011-02-06,0
20725,2011-02-07,22
20725,2011-02-08,24
20725,2011-02-09,140
20725,2011-02-10,14
20725,2011-02-11,42
20725,2011-02-12,0
20725,2011-02-13,13
20725,2011-02-14,46
20725,2011-02-15,21
20725,2011-02-16,60
20725,2011-02-17,53
20725,2011-02-18,107
20725,2011-02-19,0
20725,2011-02-20,4
20725,2011-02-21,111
20725,2011-02-22,25
20725,2011-02-23,23
20725,2011-02-24,31
20725,2011-02-25,177
20725,2011-02-26,0
20725,2011-02-27,2
20725,2011-02-28,11
20725,2011-03-01,102
20725,2011-03-02,10
20725,2011-03-03,26
20725,2011-03-04,20
20725,2011-03-05,0
20725,2011-03-06,6
20725,2011-03-07,1
20725,2011-03-08,65
20725,2011-03-09,21
20725,2011-03-10,36
20725,2011-03-11,25
20725,2011-03-12,0
20725,2011-03-13,0
20725,2011-03-14,152
20725,2011-03-15,13
20725,2011-03-16,4
20725,2011-03-17,42
20725,2011-03-18,14
20725,2011-03-19,0
20725,2011-03-20,53
20725,2011-03-21,75
20725,2011-03-22,43
20725,2011-03-23,21
20725,2011-03-24,35
20725,2011-03-25,205
20725,2011-03-26,0
20725,2011-03-27,0
20725,2011-03-28,76
20725,2011-03-29,206
20725,2011-03-30,157
20725,2011-03-31,97
20725,2011-04-01,40
20725,2011-04-02,0
20725,2011-04-03,11
20725,2011-04-04,42
20725,2011-04-05,2
20725,2011-04-06,84
20725,2011-04-07,17
20725,2011-04-08,80
20725,2011-04-09,0
20725,2011-04-10,22
20725,2011-04-11,94
20725,2011-04-12,61
20725,2011-04-13,34
20725,2011-04-14,40
20725,2011-04-15,73
20725,2011-04-16,0
20725,2011-04-17,3
20725,2011-04-18,143
20725,2011-04-19,36
20725,2011-04-20,85
20725,2011-04-21,104
20725,2011-04-22,0
20725,2011-04-23,0
20725,2011-04-24,0
20725,2011-04-25,0
20725,2011-04-26,62
20725,2011-04-27,69
20725,2011-04-28,23
20725,2011-04-29,0
20725,2011-04-30,0
20725,2011-05-01,10
20725,2011-05-02,0
20725,2011-05-03,75
20725,2011-05-04,1
20725,2011-05-05,38
20725,2011-05-06,140
20725,2011-05-07,0
20725,2011-05-08,35
20725,2011-05-09,113
20725,2011-05-10,73
20725,2011-05-11,160
20725,2011-05-12,432
20725,2011-05-13,91
20725,2011-05-14,0
20725,2011-05-15,16
20725,2011-05-16,108
20725,2011-05-17,59
20725,2011-05-18,22
20725,2011-05-19,83
20725,2011-05-20,120
20725,2011-05-21,0
20725,2011-05-22,53
20725,2011-05-23,64
20725,2011-05-24,66
20725,2011-05-25,107
20725,2011-05-26,263
20725,2011-05-27,176
20725,2011-05-28,0
20725,2011-05-29,8
20725,2011-05-30,0
20725,2011-05-31,42
20725,2011-06-01,11
20725,2011-06-02,26
20725,2011-06-03,41
20725,2011-06-04,0
20725,2011-06-05,64
20725,2011-06-06,20
20725,2011-06-07,195
20725,2011-06-08,236
20725,2011-06-09,54
20725,2011-06-10,55
20725,2011-06-11,0
20725,2011-06-12,25
20725,2011-06-13,11
20725,2011-06-14,25
20725,2011-06-15,168
20725,2011-06-16,47
20725,2011-06-17,84
20725,2011-06-18,0
20725,2011-06-19,113
20725,2011-06-20,27
20725,2011-06-21,65
20725,2011-06-22,22
20725,2011-06-23,50
20725,2011-06-24,41
20725,2011-06-25,0
20725,2011-06-26,33
20725,2011-06-27,25
20725,2011-06-28,139
20725,2011-06-29,3
20725,2011-06-30,58
20725,2011-07-01,32
20725,2011-07-02,0
20725,2011-07-03,46
20725,2011-07-04,194
20725,2011-07-05,27
20725,2011-07-06,39
20725,2011-07-07,10
20725,2011-07-08,158
20725,2011-07-09,0
20725,2011-07-10,12
20725,2011-07-11,45
20725,2011-07-12,40
20725,2011-07-13,38
20725,2011-07-14,43
20725,2011-07-15,12
20725,2011-07-16,0
20725,2011-07-17,53
20725,2011-07-18,63
20725,2011-07-19,286
20725,2011-07-20,25
20725,2011-07-21,30
20725,2011-07-22,68
20725,2011-07-23,0
20725,2011-07-24,124
20725,2011-07-25,42
20725,2011-07-26,59
20725,2011-07-27,70
20725,2011-07-28,141
20725,2011-07-29,49
20725,2011-07-30,0
20725,2011-07-31,24
20725,2011-08-01,54
20725,2011-08-02,259
20725,2011-08-03,34
20725,2011-08-04,246
20725,2011-08-05,6
20725,2011-08-06,0
20725,2011-08-07,4
20725,2011-08-08,157
20725,2011-08-09,91
20725,2011-08-10,175
20725,2011-08-11,218
20725,2011-08-12,71
20725,2011-08-13,0
20725,2011-08-14,13
20725,2011-08-15,40
20725,2011-08-16,120
20725,2011-08-17,122
20725,2011-08-18,95
20725,2011-08-19,30
20725,2011-08-20,0
20725,2011-08-21,26
20725,2011-08-22,55
20725,2011-08-23,127
20725,2011-08-24,40
20725,2011-08-25,80
20725,2011-08-26,20
20725,2011-08-27,0
20725,2011-08-28,19
20725,2011-08-29,0
20725,2011-08-30,21
20725,2011-08-31,31
20725,2011-09-01,55
20725,2011-09-02,57
20725,2011-09-03,0
20725,2011-09-04,38
20725,2011-09-05,209
20725,2011-09-06,66
20725,2011-09-07,160
20725,2011-09-08,10
20725,2011-09-09,57
20725,2011-09-10,0
20725,2011-09-11,22
20725,2011-09-12,42
20725,2011-09-13,51
20725,2011-09-14,122
20725,2011-09-15,87
20725,2011-09-16,25
20725,2011-09-17,0
20725,2011-09-18,2
20725,2011-09-19,301
20725,2011-09-20,37
20725,2011-09-21,15
20725,2011-09-22,53
20725,2011-09-23,46
20725,2011-09-24,0
20725,2011-09-25,40
20725,2011-09-26,3
20725,2011-09-27,57
20725,2011-09-28,89
20725,2011-09-29,105
20725,2011-09-30,64
20725,2011-10-01,0
20725,2011-10-02,0
20725,2011-10-03,41
20725,2011-10-04,79
20725,2011-10-05,90
20725,2011-10-06,60
20725,2011-10-07,50
20725,2011-10-08,0
20725,2011-10-09,2
20725,2011-10-10,36
20725,2011-10-11,114
20725,2011-10-12,52
20725,2011-10-13,75
20725,2011-10-14,160
20725,2011-10-15,0
20725,2011-10-16,6
20725,2011-10-17,22
20725,2011-10-18,65
20725,2011-10-19,26
20725,2011-10-20,110
20725,2011-10-21,39
20725,2011-10-22,0
20725,2011-10-23,14
20725,2011-10-24,8
20725,2011-10-25,37
20725,2011-10-26,52
20725,2011-10-27,45
20725,2011-10-28,94
20725,2011-10-29,0
20725,2011-10-30,78
20725,2011-10-31,10
20725,2011-11-01,6
20725,2011-11-02,117
20725,2011-11-03,30
20725,2011-11-04,38
20725,2011-11-05,0
20725,2011-11-06,122
20725,2011-11-07,130
20725,2011-11-08,61
20725,2011-11-09,161
20725,2011-11-10,93
20725,2011-11-11,88
20725,2011-11-12,0
20725,2011-11-13,23
20725,2011-11-14,155
20725,2011-11-15,232
20725,2011-11-16,66
20725,2011-11-17,71
20725,2011-11-18,77
20725,2011-11-19,0
20725,2011-11-20,49
20725,2011-11-21,37
20725,2011-11-22,47
20725,2011-11-23,37
20725,2011-11-24,44
20725,2011-11-25,93
20725,2011-11-26,0
20725,2011-11-27,18
20725,2011-11-28,58
20725,2011-11-29,49
20725,2011-11-30,91
20725,2011-12-01,51
20725,2011-12-02,72
20725,2011-12-03,0
20725,2011-12-04,10
20725,2011-12-05,50
20725,2011-12-06,85
20725,2011-12-07,35
20725,2011-12-08,52
21232,2009-12-01,195
21232,2009-12-02,195
21232,2009-12-03,230
21232,2009-12-04,272
21232,2009-12-05,36
21232,2009-12-06,54
21232,2009-12-07,187
21232,2009-12-08,356
21232,2009-12-09,78
21232,2009-12-10,200
21232,2009-12-11,93
21232,2009-12-12,0
21232,2009-12-13,122
21232,2009-12-14,252
21232,2009-12-15,319
21232,2009-12-16,370
21232,2009-12-17,237
21232,2009-12-18,128
21232,2009-12-19,0
21232,2009-12-20,18
21232,2009-12-21,0
21232,2009-12-22,20
21232,2009-12-23,3
21232,2009-12-24,0
21232,2009-12-25,0
21232,2009-12-26,0
21232,2009-12-27,0
21232,2009-12-28,0
21232,2009-12-29,0
21232,2009-12-30,0
21232,2009-12-31,0
21232,2010-01-01,0
21232,2010-01-02,0
21232,2010-01-03,0
21232,2010-01-04,55
21232,2010-01-05,198
21232,2010-01-06,72
21232,2010-01-07,228
21232,2010-01-08,40
21232,2010-01-09,0
21232,2010-01-10,144
21232,2010-01-11,203
21232,2010-01-12,26
21232,2010-01-13,56
21232,2010-01-14,66
21232,2010-01-15,108
21232,2010-01-16,0
21232,2010-01-17,3
21232,2010-01-18,57
21232,2010-01-19,65
21232,2010-01-20,249
21232,2010-01-21,40
21232,2010-01-22,8
21232,2010-01-23,0
21232,2010-01-24,58
21232,2010-01-25,31
21232,2010-01-26,13
21232,2010-01-27,83
21232,2010-01-28,192
21232,2010-01-29,25
21232,2010-01-30,0
21232,2010-01-31,104
21232,2010-02-01,2
21232,2010-02-02,46
21232,2010-02-03,73
21232,2010-02-04,42
21232,2010-02-05,75
21232,2010-02-06,0
21232,2010-02-07,144
21232,2010-02-08,156
21232,2010-02-09,71
21232,2010-02-10,19
21232,2010-02-11,38
21232,2010-02-12,26
21232,2010-02-13,0
21232,2010-02-14,40
21232,2010-02-15,18
21232,2010-02-16,47
21232,2010-02-17,16
21232,2010-02-18,50
21232,2010-02-19,22
21232,2010-02-20,0
21232,2010-02-21,18
21232,2010-02-22,44
21232,2010-02-23,108
21232,2010-02-24,101
21232,2010-02-25,94
21232,2010-02-26,8
21232,2010-02-27,0
21232,2010-02-28,212
21232,2010-03-01,374
21232,2010-03-02,29
21232,2010-03-03,139
21232,2010-03-04,118
21232,2010-03-05,72
21232,2010-03-06,0
21232,2010-03-07,64
21232,2010-03-08,129
21232,2010-03-09,166
21232,2010-03-10,43
21232,2010-03-11,28
21232,2010-03-12,27
21232,2010-03-13,0
21232,2010-03-14,4
21232,2010-03-15,46
21232,2010-03-16,142
21232,2010-03-17,37
21232,2010-03-18,328
21232,2010-03-19,22
21232,2010-03-20,0
21232,2010-03-21,22
21232,2010-03-22,39
21232,2010-03-23,22
21232,2010-03-24,90
21232,2010-03-25,104
21232,2010-03-26,43
21232,2010-03-27,0
21232,2010-03-28,22
21232,2010-03-29,75
21232,2010-03-30,134
21232,2010-03-31,74
21232,2010-04-01,12
21232,2010-04-02,0
21232,2010-04-03,0
21232,2010-04-04,0
21232,2010-04-05,0
21232,2010-04-06,19
21232,2010-04-07,32
21232,2010-04-08,68
21232,2010-04-09,84
21232,2010-04-10,0
21232,2010-04-11,12
21232,2010-04-12,24
21232,2010-04-13,46
21232,2010-04-14,55
21232,2010-04-15,88
21232,2010-04-16,0
21232,2010-04-17,0
21232,2010-04-18,11
21232,2010-04-19,45
21232,2010-04-20,32
21232,2010-04-21,100
21232,2010-04-22,216
21232,2010-04-23,25
21232,2010-04-24,0
21232,2010-04-25,73
21232,2010-04-26,113
21232,2010-04-27,92
21232,2010-04-28,63
21232,2010-04-29,78
21232,2010-04-30,87
21232,2010-05-01,0
21232,2010-05-02,13
21232,2010-05-03,0
21232,2010-05-04,20
21232,2010-05-05,162
21232,2010-05-06,204
21232,2010-05-07,179
21232,2010-05-08,0
21232,2010-05-09,93
21232,2010-05-10,63
21232,2010-05-11,30
21232,2010-05-12,35
21232,2010-05-13,197
21232,2010-05-14,147
21232,2010-05-15,0
21232,2010-05-16,239
21232,2010-05-17,56
21232,2010-05-18,20
21232,2010-05-19,10
21232,2010-05-20,92
21232,2010-05-21,57
21232,2010-05-22,0
21232,2010-05-23,53
21232,2010-05-24,98
21232,2010-05-25,68
21232,2010-05-26,137
21232,2010-05-27,76
21232,2010-05-28,168
21232,2010-05-29,0
21232,2010-05-30,28
21232,2010-05-31,0
21232,2010-06-01,50
21232,2010-06-02,17
21232,2010-06-03,48
21232,2010-06-04,27
21232,2010-06-05,0
21232,2010-06-06,44
21232,2010-06-07,133
21232,2010-06-08,88
21232,2010-06-09,181
21232,2010-06-10,14
21232,2010-06-11,53
21232,2010-06-12,0
21232,2010-06-13,72
21232,2010-06-14,307
21232,2010-06-15,20
21232,2010-06-16,184
21232,2010-06-17,66
21232,2010-06-18,28
21232,2010-06-19,0
21232,2010-06-20,15
21232,2010-06-21,31
21232,2010-06-22,25
21232,2010-06-23,149
21232,2010-06-24,52
21232,2010-06-25,78
21232,2010-06-26,0
21232,2010-06-27,90
21232,2010-06-28,73
21232,2010-06-29,199
21232,2010-06-30,51
21232,2010-07-01,170
21232,2010-07-02,45
21232,2010-07-03,0
21232,2010-07-04,0
21232,2010-07-05,86
21232,2010-07-06,17
21232,2010-07-07,156
21232,2010-07-08,132
21232,2010-07-09,53
21232,2010-07-10,0
21232,2010-07-11,12
21232,2010-07-12,29
21232,2010-07-13,76
21232,2010-07-14,141
21232,2010-07-15,161
21232,2010-07-16,162
21232,2010-07-17,0
21232,2010-07-18,159
21232,2010-07-19,18
21232,2010-07-20,114
21232,2010-07-21,153
21232,2010-07-22,127
21232,2010-07-23,4
21232,2010-07-24,0
21232,2010-07-25,27
21232,2010-07-26,90
21232,2010-07-27,77
21232,2010-07-28,43
21232,2010-07-29,28
21232,2010-07-30,204
21232,2010-07-31,0
21232,2010-08-01,6
21232,2010-08-02,24
21232,2010-08-03,14
21232,2010-08-04,31
21232,2010-08-05,47
21232,2010-08-06,0
21232,2010-08-07,0
21232,2010-08-08,115
21232,2010-08-09,36
21232,2010-08-10,38
21232,2010-08-11,80
21232,2010-08-12,220
21232,2010-08-13,70
21232,2010-08-14,0
21232,2010-08-15,32
21232,2010-08-16,47
21232,2010-08-17,128
21232,2010-08-18,46
21232,2010-08-19,78
21232,2010-08-20,39
21232,2010-08-21,0
21232,2010-08-22,102
21232,2010-08-23,118
21232,2010-08-24,71
21232,2010-08-25,73
21232,2010-08-26,43
21232,2010-08-27,37
21232,2010-08-28,0
21232,2010-08-29,13
21232,2010-08-30,0
21232,2010-08-31,149
21232,2010-09-01,72
21232,2010-09-02,62
21232,2010-09-03,13
21232,2010-09-04,0
21232,2010-09-05,16
21232,2010-09-06,38
21232,2010-09-07,109
21232,2010-09-08,70
21232,2010-09-09,61
21232,2010-09-10,48
21232,2010-09-11,0
21232,2010-09-12,72
21232,2010-09-13,37
21232,2010-09-14,12
21232,2010-09-15,38
21232,2010-09-16,40
21232,2010-09-17,51
21232,2010-09-18,0
21232,2010-09-19,227
21232,2010-09-20,115
21232,2010-09-21,136
21232,2010-09-22,64
21232,2010-09-23,53
21232,2010-09-24,46
21232,2010-09-25,0
21232,2010-09-26,54
21232,2010-09-27,114
21232,2010-09-28,71
21232,2010-09-29,60
21232,2010-09-30,146
21232,2010-10-01,6
21232,2010-10-02,0
21232,2010-10-03,48
21232,2010-10-04,40
21232,2010-10-05,739
21232,2010-10-06,95
21232,2010-10-07,43
21232,2010-10-08,49
21232,2010-10-09,0
21232,2010-10-10,62
21232,2010-10-11,76
21232,2010-10-12,44
21232,2010-10-13,53
21232,2010-10-14,12
21232,2010-10-15,124
21232,2010-10-16,0
21232,2010-10-17,101
21232,2010-10-18,81
21232,2010-10-19,83
21232,2010-10-20,66
21232,2010-10-21,71
21232,2010-10-22,53
21232,2010-10-23,0
21232,2010-10-24,98
21232,2010-10-25,77
21232,2010-10-26,294
21232,2010-10-27,55
21232,2010-10-28,56
21232,2010-10-29,49
21232,2010-10-30,0
21232,2010-10-31,52
21232,2010-11-01,4
21232,2010-11-02,60
21232,2010-11-03,130
21232,2010-11-04,273
21232,2010-11-05,120
21232,2010-11-06,0
21232,2010-11-07,29
21232,2010-11-08,37
21232,2010-11-09,276
21232,2010-11-10,494
21232,2010-11-11,42
21232,2010-11-12,141
21232,2010-11-13,0
21232,2010-11-14,20
21232,2010-11-15,59
21232,2010-11-16,55
21232,2010-11-17,153
21232,2010-11-18,42
21232,2010-11-19,76
21232,2010-11-20,0
21232,2010-11-21,46
21232,2010-11-22,58
21232,2010-11-23,91
21232,2010-11-24,47
21232,2010-11-25,219
21232,2010-11-26,112
21232,2010-11-27,0
21232,2010-11-28,27
21232,2010-11-29,88
21232,2010-11-30,164
21232,2010-12-01,549
21232,2010-12-02,44
21232,2010-12-03,117
21232,2010-12-04,0
21232,2010-12-05,4
21232,2010-12-06,35
21232,2010-12-07,76
21232,2010-12-08,68
21232,2010-12-09,11
21232,2010-12-10,204
21232,2010-12-11,0
21232,2010-12-12,19
21232,2010-12-13,132
21232,2010-12-14,23
21232,2010-12-15,37
21232,2010-12-16,64
21232,2010-12-17,81
21232,2010-12-18,0
21232,2010-12-19,29
21232,2010-12-20,45
21232,2010-12-21,2
21232,2010-12-22,0
21232,2010-12-23,0
21232,2010-12-24,0
21232,2010-12-25,0
21232,2010-12-26,0
21232,2010-12-27,0
21232,2010-12-28,0
21232,2010-12-29,0
21232,2010-12-30,0
21232,2010-12-31,0
21232,2011-01-01,0
21232,2011-01-02,0
21232,2011-01-03,0
21232,2011-01-04,1
21232,2011-01-05,16
21232,2011-01-06,89
21232,2011-01-07,17
21232,2011-01-08,0
21232,2011-01-09,17
21232,2011-01-10,15
21232,2011-01-11,0
21232,2011-01-12,17
21232,2011-01-13,8
21232,2011-01-14,0
21232,2011-01-15,0
21232,2011-01-16,0
21232,2011-01-17,110
21232,2011-01-18,13
21232,2011-01-19,33
21232,2011-01-20,0
21232,2011-01-21,0
21232,2011-01-22,0
21232,2011-01-23,4
21232,2011-01-24,34
21232,2011-01-25,109
21232,2011-01-26,1
21232,2011-01-27,10
21232,2011-01-28,0
21232,2011-01-29,0
21232,2011-01-30,4
21232,2011-01-31,160
21232,2011-02-01,36
21232,2011-02-02,14
21232,2011-02-03,50
21232,2011-02-04,26
21232,2011-02-05,0
21232,2011-02-06,0
21232,2011-02-07,19
21232,2011-02-08,21
21232,2011-02-09,18
21232,2011-02-10,0
21232,2011-02-11,51
21232,2011-02-12,0
21232,2011-02-13,4
21232,2011-02-14,37
21232,2011-02-15,12
21232,2011-02-16,16
21232,2011-02-17,53
21232,2011-02-18,28
21232,2011-02-19,0
21232,2011-02-20,0
21232,2011-02-21,33
21232,2011-02-22,229
21232,2011-02-23,88
21232,2011-02-24,36
21232,2011-02-25,49
21232,2011-02-26,0
21232,2011-02-27,4
21232,2011-02-28,128
21232,2011-03-01,4
21232,2011-03-02,12
21232,2011-03-03,41
21232,2011-03-04,49
21232,2011-03-05,0
21232,2011-03-06,72
21232,2011-03-07,120
21232,2011-03-08,102
21232,2011-03-09,4
21232,2011-03-10,45
21232,2011-03-11,41
21232,2011-03-12,0
21232,2011-03-13,4
21232,2011-03-14,0
21232,2011-03-15,32
21232,2011-03-16,12
21232,2011-03-17,64
21232,2011-03-18,36
21232,2011-03-19,0
21232,2011-03-20,2
21232,2011-03-21,20
21232,2011-03-22,16
21232,2011-03-23,180
21232,2011-03-24,39
21232,2011-03-25,92
21232,2011-03-26,0
21232,2011-03-27,0
21232,2011-03-28,27
21232,2011-03-29,38
21232,2011-03-30,112
21232,2011-03-31,52
21232,2011-04-01,36
21232,2011-04-02,0
21232,2011-04-03,7
21232,2011-04-04,12
21232,2011-04-05,172
21232,2011-04-06,0
21232,2011-04-07,0
21232,2011-04-08,12
21232,2011-04-09,0
21232,2011-04-10,4
21232,2011-04-11,0
21232,2011-04-12,16
21232,2011-04-13,24
21232,2011-04-14,24
21232,2011-04-15,89
21232,2011-04-16,0
21232,2011-04-17,25
21232,2011-04-18,73
21232,2011-04-19,1
21232,2011-04-20,12
21232,2011-04-21,53
21232,2011-04-22,0
21232,2011-04-23,0
21232,2011-04-24,0
21232,2011-04-25,0
21232,2011-04-26,18
21232,2011-04-27,180
21232,2011-04-28,16
21232,2011-04-29,0
21232,2011-04-30,0
21232,2011-05-01,0
21232,2011-05-02,0
21232,2011-05-03,22
21232,2011-05-04,144
21232,2011-05-05,25
21232,2011-05-06,71
21232,2011-05-07,0
21232,2011-05-08,0
21232,2011-05-09,28
21232,2011-05-10,34
21232,2011-05-11,3
21232,2011-05-12,24
21232,2011-05-13,47
21232,2011-05-14,0
21232,2011-05-15,0
21232,2011-05-16,63
21232,2011-05-17,56
21232,2011-05-18,96
21232,2011-05-19,73
21232,2011-05-20,13
21232,2011-05-21,0
21232,2011-05-22,28
21232,2011-05-23,24
21232,2011-05-24,30
21232,2011-05-25,13
21232,2011-05-26,16
21232,2011-05-27,39
21232,2011-05-28,0
21232,2011-05-29,4
21232,2011-05-30,0
21232,2011-05-31,8
21232,2011-06-01,2
21232,2011-06-02,92
21232,2011-06-03,0
21232,2011-06-04,0
21232,2011-06-05,12
21232,2011-06-06,12
21232,2011-06-07,1
21232,2011-06-08,57
21232,2011-06-09,44
21232,2011-06-10,6
21232,2011-06-11,0
21232,2011-06-12,75
21232,2011-06-13,13
21232,2011-06-14,22
21232,2011-06-15,4
21232,2011-06-16,20
21232,2011-06-17,15
21232,2011-06-18,0
21232,2011-06-19,12
21232,2011-06-20,50
21232,2011-06-21,23
21232,2011-06-22,9
21232,2011-06-23,10
21232,2011-06-24,85
21232,2011-06-25,0
21232,2011-06-26,12
21232,2011-06-27,9
21232,2011-06-28,29
21232,2011-06-29,26
21232,2011-06-30,16
21232,2011-07-01,16
21232,2011-07-02,0
21232,2011-07-03,8
21232,2011-07-04,1
21232,2011-07-05,19
21232,2011-07-06,18
21232,2011-07-07,44
21232,2011-07-08,0
21232,2011-07-09,0
21232,2011-07-10,7
21232,2011-07-11,49
21232,2011-07-12,13
21232,2011-07-13,38
21232,2011-07-14,57
21232,2011-07-15,1
21232,2011-07-16,0
21232,2011-07-17,0
21232,2011-07-18,2
21232,2011-07-19,145
21232,2011-07-20,11
21232,2011-07-21,0
21232,2011-07-22,13
21232,2011-07-23,0
21232,2011-07-24,6
21232,2011-07-25,46
21232,2011-07-26,1
21232,2011-07-27,12
21232,2011-07-28,0
21232,2011-07-29,36
21232,2011-07-30,0
21232,2011-07-31,0
21232,2011-08-01,33
21232,2011-08-02,13
21232,2011-08-03,8
21232,2011-08-04,85
21232,2011-08-05,2
21232,2011-08-06,0
21232,2011-08-07,0
21232,2011-08-08,5
21232,2011-08-09,12
21232,2011-08-10,7
21232,2011-08-11,21
21232,2011-08-12,2
21232,2011-08-13,0
21232,2011-08-14,72
21232,2011-08-15,24
21232,2011-08-16,1
21232,2011-08-17,63
21232,2011-08-18,12
21232,2011-08-19,12
21232,2011-08-20,0
21232,2011-08-21,0
21232,2011-08-22,4
21232,2011-08-23,0
21232,2011-08-24,75
21232,2011-08-25,15
21232,2011-08-26,51
21232,2011-08-27,0
21232,2011-08-28,4
21232,2011-08-29,0
21232,2011-08-30,27
21232,2011-08-31,0
21232,2011-09-01,36
21232,2011-09-02,11
21232,2011-09-03,0
21232,2011-09-04,0
21232,2011-09-05,4
21232,2011-09-06,35
21232,2011-09-07,2
21232,2011-09-08,157
21232,2011-09-09,49
21232,2011-09-10,0
21232,2011-09-11,40
21232,2011-09-12,49
21232,2011-09-13,105
21232,2011-09-14,14
21232,2011-09-15,14
21232,2011-09-16,25
21232,2011-09-17,0
21232,2011-09-18,10
21232,2011-09-19,112
21232,2011-09-20,16
21232,2011-09-21,18
21232,2011-09-22,7
21232,2011-09-23,40
21232,2011-09-24,0
21232,2011-09-25,14
21232,2011-09-26,39
21232,2011-09-27,32
21232,2011-09-28,105
21232,2011-09-29,12
21232,2011-09-30,25
21232,2011-10-01,0
21232,2011-10-02,1
21232,2011-10-03,5
21232,2011-10-04,40
21232,2011-10-05,65
21232,2011-10-06,13
21232,2011-10-07,14
21232,2011-10-08,0
21232,2011-10-09,2
21232,2011-10-10,42
21232,2011-10-11,41
21232,2011-10-12,89
21232,2011-10-13,288
21232,2011-10-14,30
21232,2011-10-15,0
21232,2011-10-16,0
21232,2011-10-17,123
21232,2011-10-18,12
21232,2011-10-19,5
21232,2011-10-20,28
21232,2011-10-21,85
21232,2011-10-22,0
21232,2011-10-23,6
21232,2011-10-24,4
21232,2011-10-25,15
21232,2011-10-26,76
21232,2011-10-27,37
21232,2011-10-28,1
21232,2011-10-29,0
21232,2011-10-30,4
21232,2011-10-31,34
21232,2011-11-01,0
21232,2011-11-02,53
21232,2011-11-03,84
21232,2011-11-04,41
21232,2011-11-05,0
21232,2011-11-06,25
21232,2011-11-07,17
21232,2011-11-08,28
21232,2011-11-09,0
21232,2011-11-10,57
21232,2011-11-11,19
21232,2011-11-12,0
21232,2011-11-13,30
21232,2011-11-14,84
21232,2011-11-15,577
21232,2011-11-16,14
21232,2011-11-17,66
21232,2011-11-18,2
21232,2011-11-19,0
21232,2011-11-20,26
21232,2011-11-21,75
21232,2011-11-22,7
21232,2011-11-23,94
21232,2011-11-24,2
21232,2011-11-25,46
21232,2011-11-26,0
21232,2011-11-27,1
21232,2011-11-28,37
21232,2011-11-29,64
21232,2011-11-30,56
21232,2011-12-01,251
21232,2011-12-02,31
21232,2011-12-03,0
21232,2011-12-04,24
21232,2011-12-05,75
21232,2011-12-06,3
21232,2011-12-07,142
21232,2011-12-08,30
22178,2009-12-01,30
22178,2009-12-02,38
22178,2009-12-03,122
22178,2009-12-04,4
22178,2009-12-05,12
22178,2009-12-06,24
22178,2009-12-07,61
22178,2009-12-08,6
22178,2009-12-09,66
22178,2009-12-10,98
22178,2009-12-11,6
22178,2009-12-12,0
22178,2009-12-13,108
22178,2009-12-14,47
22178,2009-12-15,72
22178,2009-12-16,49
22178,2009-12-17,60
22178,2009-12-18,26
22178,2009-12-19,0
22178,2009-12-20,12
22178,2009-12-21,0
22178,2009-12-22,3
22178,2009-12-23,0
22178,2009-12-24,0
22178,2009-12-25,0
22178,2009-12-26,0
22178,2009-12-27,0
22178,2009-12-28,0
22178,2009-12-29,0
22178,2009-12-30,0
22178,2009-12-31,0
22178,2010-01-01,0
22178,2010-01-02,0
22178,2010-01-03,0
22178,2010-01-04,12
22178,2010-01-05,0
22178,2010-01-06,12
22178,2010-01-07,0
22178,2010-01-08,12
22178,2010-01-09,0
22178,2010-01-10,36
22178,2010-01-11,9
22178,2010-01-12,32
22178,2010-01-13,9
22178,2010-01-14,12
22178,2010-01-15,24
22178,2010-01-16,0
22178,2010-01-17,0
22178,2010-01-18,12
22178,2010-01-19,10
22178,2010-01-20,10
22178,2010-01-21,12
22178,2010-01-22,36
22178,2010-01-23,0
22178,2010-01-24,12
22178,2010-01-25,24
22178,2010-01-26,9
22178,2010-01-27,9
22178,2010-01-28,132
22178,2010-01-29,44
22178,2010-01-30,0
22178,2010-01-31,18
22178,2010-02-01,12
22178,2010-02-02,12
22178,2010-02-03,0
22178,2010-02-04,0
22178,2010-02-05,30
22178,2010-02-06,0
22178,2010-02-07,12
22178,2010-02-08,36
22178,2010-02-09,14
22178,2010-02-10,0
22178,2010-02-11,0
22178,2010-02-12,0
22178,2010-02-13,0
22178,2010-02-14,36
22178,2010-02-15,6
22178,2010-02-16,0
22178,2010-02-17,26
22178,2010-02-18,0
22178,2010-02-19,6
22178,2010-02-20,0
22178,2010-02-21,24
22178,2010-02-22,0
22178,2010-02-23,25
22178,2010-02-24,50
22178,2010-02-25,17
22178,2010-02-26,35
22178,2010-02-27,0
22178,2010-02-28,12
22178,2010-03-01,54
22178,2010-03-02,13
22178,2010-03-03,27
22178,2010-03-04,120
22178,2010-03-05,4
22178,2010-03-06,0
22178,2010-03-07,36
22178,2010-03-08,32
22178,2010-03-09,42
22178,2010-03-10,34
22178,2010-03-11,122
22178,2010-03-12,12
22178,2010-03-13,0
22178,2010-03-14,96
22178,2010-03-15,2
22178,2010-03-16,24
22178,2010-03-17,46
22178,2010-03-18,0
22178,2010-03-19,32
22178,2010-03-20,0
22178,2010-03-21,44
22178,2010-03-22,12
22178,2010-03-23,102
22178,2010-03-24,13
22178,2010-03-25,50
22178,2010-03-26,10
22178,2010-03-27,0
22178,2010-03-28,134
22178,2010-03-29,12
22178,2010-03-30,119
22178,2010-03-31,10
22178,2010-04-01,25
22178,2010-04-02,0
22178,2010-04-03,0
22178,2010-04-04,0
22178,2010-04-05,0
22178,2010-04-06,13
22178,2010-04-07,27
22178,2010-04-08,12
22178,2010-04-09,12
22178,2010-04-10,0
22178,2010-04-11,42
22178,2010-04-12,32
22178,2010-04-13,55
22178,2010-04-14,12
22178,2010-04-15,24
22178,2010-04-16,12
22178,2010-04-17,0
22178,2010-04-18,42
22178,2010-04-19,30
22178,2010-04-20,97
22178,2010-04-21,7
22178,2010-04-22,13
22178,2010-04-23,74
22178,2010-04-24,0
22178,2010-04-25,42
22178,2010-04-26,26
22178,2010-04-27,38
22178,2010-04-28,0
22178,2010-04-29,53
22178,2010-04-30,15
22178,2010-05-01,0
22178,2010-05-02,2
22178,2010-05-03,0
22178,2010-05-04,19
22178,2010-05-05,150
22178,2010-05-06,60
22178,2010-05-07,72
22178,2010-05-08,0
22178,2010-05-09,22
22178,2010-05-10,66
22178,2010-05-11,43
22178,2010-05-12,318
22178,2010-05-13,12
22178,2010-05-14,118
22178,2010-05-15,0
22178,2010-05-16,4
22178,2010-05-17,62
22178,2010-05-18,5
22178,2010-05-19,34
22178,2010-05-20,40
22178,2010-05-21,30
22178,2010-05-22,0
22178,2010-05-23,54
22178,2010-05-24,96
22178,2010-05-25,6
22178,2010-05-26,7
22178,2010-05-27,194
22178,2010-05-28,15
22178,2010-05-29,0
22178,2010-05-30,0
22178,2010-05-31,0
22178,2010-06-01,42
22178,2010-06-02,50
22178,2010-06-03,12
22178,2010-06-04,4
22178,2010-06-05,0
22178,2010-06-06,228
22178,2010-06-07,69
22178,2010-06-08,106
22178,2010-06-09,24
22178,2010-06-10,14
22178,2010-06-11,151
22178,2010-06-12,0
22178,2010-06-13,224
22178,2010-06-14,18
22178,2010-06-15,24
22178,2010-06-16,0
22178,2010-06-17,58
22178,2010-06-18,49
22178,2010-06-19,0
22178,2010-06-20,114
22178,2010-06-21,12
22178,2010-06-22,36
22178,2010-06-23,80
22178,2010-06-24,84
22178,2010-06-25,81
22178,2010-06-26,0
22178,2010-06-27,60
22178,2010-06-28,12
22178,2010-06-29,36
22178,2010-06-30,26
22178,2010-07-01,54
22178,2010-07-02,1
22178,2010-07-03,0
22178,2010-07-04,0
22178,2010-07-05,2
22178,2010-07-06,60
22178,2010-07-07,13
22178,2010-07-08,114
22178,2010-07-09,24
22178,2010-07-10,0
22178,2010-07-11,17
22178,2010-07-12,8
22178,2010-07-13,36
22178,2010-07-14,114
22178,2010-07-15,82
22178,2010-07-16,30
22178,2010-07-17,0
22178,2010-07-18,24
22178,2010-07-19,18
22178,2010-07-20,30
22178,2010-07-21,7
22178,2010-07-22,11
22178,2010-07-23,22
22178,2010-07-24,0
22178,2010-07-25,0
22178,2010-07-26,22
22178,2010-07-27,36
22178,2010-07-28,42
22178,2010-07-29,6
22178,2010-07-30,0
22178,2010-07-31,0
22178,2010-08-01,24
22178,2010-08-02,6
22178,2010-08-03,17
22178,2010-08-04,24
22178,2010-08-05,12
22178,2010-08-06,12
22178,2010-08-07,0
22178,2010-08-08,12
22178,2010-08-09,7
22178,2010-08-10,20
22178,2010-08-11,6
22178,2010-08-12,69
22178,2010-08-13,42
22178,2010-08-14,0
22178,2010-08-15,12
22178,2010-08-16,32
22178,2010-08-17,96
22178,2010-08-18,6
22178,2010-08-19,88
22178,2010-08-20,13
22178,2010-08-21,0
22178,2010-08-22,0
22178,2010-08-23,0
22178,2010-08-24,18
22178,2010-08-25,24
22178,2010-08-26,60
22178,2010-08-27,0
22178,2010-08-28,0
22178,2010-08-29,0
22178,2010-08-30,0
22178,2010-08-31,57
22178,2010-09-01,0
22178,2010-09-02,12
22178,2010-09-03,48
22178,2010-09-04,0
22178,2010-09-05,12
22178,2010-09-06,39
22178,2010-09-07,144
22178,2010-09-08,23
22178,2010-09-09,10
22178,2010-09-10,12
22178,2010-09-11,0
22178,2010-09-12,12
22178,2010-09-13,11
22178,2010-09-14,12
22178,2010-09-15,0
22178,2010-09-16,6
22178,2010-09-17,12
22178,2010-09-18,0
22178,2010-09-19,42
22178,2010-09-20,36
22178,2010-09-21,18
22178,2010-09-22,138
22178,2010-09-23,228
22178,2010-09-24,26
22178,2010-09-25,0
22178,2010-09-26,6
22178,2010-09-27,67
22178,2010-09-28,8
22178,2010-09-29,51
22178,2010-09-30,486
22178,2010-10-01,2
22178,2010-10-02,0
22178,2010-10-03,6
22178,2010-10-04,12
22178,2010-10-05,59
22178,2010-10-06,0
22178,2010-10-07,314
22178,2010-10-08,144
22178,2010-10-09,0
22178,2010-10-10,12
22178,2010-10-11,54
22178,2010-10-12,110
22178,2010-10-13,24
22178,2010-10-14,222
22178,2010-10-15,48
22178,2010-10-16,0
22178,2010-10-17,21
22178,2010-10-18,7
22178,2010-10-19,49
22178,2010-10-20,144
22178,2010-10-21,24
22178,2010-10-22,13
22178,2010-10-23,0
22178,2010-10-24,48
22178,2010-10-25,86
22178,2010-10-26,74
22178,2010-10-27,0
22178,2010-10-28,204
22178,2010-10-29,0
22178,2010-10-30,0
22178,2010-10-31,167
22178,2010-11-01,634
22178,2010-11-02,54
22178,2010-11-03,106
22178,2010-11-04,87
22178,2010-11-05,135
22178,2010-11-06,0
22178,2010-11-07,94
22178,2010-11-08,34
22178,2010-11-09,703
22178,2010-11-10,77
22178,2010-11-11,92
22178,2010-11-12,75
22178,2010-11-13,0
22178,2010-11-14,52
22178,2010-11-15,214
22178,2010-11-16,36
22178,2010-11-17,140
22178,2010-11-18,16
22178,2010-11-19,12
22178,2010-11-20,0
22178,2010-11-21,36
22178,2010-11-22,1075
22178,2010-11-23,432
22178,2010-11-24,24
22178,2010-11-25,121
22178,2010-11-26,142
22178,2010-11-27,0
22178,2010-11-28,63
22178,2010-11-29,105
22178,2010-11-30,30
22178,2010-12-01,69
22178,2010-12-02,24
22178,2010-12-03,14
22178,2010-12-04,0
22178,2010-12-05,0
22178,2010-12-06,125
22178,2010-12-07,155
22178,2010-12-08,54
22178,2010-12-09,50
22178,2010-12-10,123
22178,2010-12-11,0
22178,2010-12-12,18
22178,2010-12-13,310
22178,2010-12-14,36
22178,2010-12-15,111
22178,2010-12-16,72
22178,2010-12-17,64
22178,2010-12-18,0
22178,2010-12-19,0
22178,2010-12-20,95
22178,2010-12-21,23
22178,2010-12-22,0
22178,2010-12-23,12
22178,2010-12-24,0
22178,2010-12-25,0
22178,2010-12-26,0
22178,2010-12-27,0
22178,2010-12-28,0
22178,2010-12-29,0
22178,2010-12-30,0
22178,2010-12-31,0
22178,2011-01-01,0
22178,2011-01-02,0
22178,2011-01-03,0
22178,2011-01-04,27
22178,2011-01-05,43
22178,2011-01-06,158
22178,2011-01-07,156
22178,2011-01-08,0
22178,2011-01-09,12
22178,2011-01-10,1
22178,2011-01-11,156
22178,2011-01-12,12
22178,2011-01-13,16
22178,2011-01-14,19
22178,2011-01-15,0
22178,2011-01-16,0
22178,2011-01-17,138
22178,2011-01-18,39
22178,2011-01-19,18
22178,2011-01-20,12
22178,2011-01-21,36
22178,2011-01-22,0
22178,2011-01-23,96
22178,2011-01-24,3
22178,2011-01-25,234
22178,2011-01-26,24
22178,2011-01-27,29
22178,2011-01-28,25
22178,2011-01-29,0
22178,2011-01-30,18
22178,2011-01-31,108
22178,2011-02-01,120
22178,2011-02-02,192
22178,2011-02-03,23
22178,2011-02-04,24
22178,2011-02-05,0
22178,2011-02-06,15
22178,2011-02-07,20
22178,2011-02-08,27
22178,2011-02-09,37
22178,2011-02-10,12
22178,2011-02-11,128
22178,2011-02-12,0
22178,2011-02-13,18
22178,2011-02-14,26
22178,2011-02-15,15
22178,2011-02-16,24
22178,2011-02-17,54
22178,2011-02-18,12
22178,2011-02-19,0
22178,2011-02-20,2
22178,2011-02-21,4
22178,2011-02-22,16
22178,2011-02-23,16
22178,2011-02-24,204
22178,2011-02-25,246
22178,2011-02-26,0
22178,2011-02-27,24
22178,2011-02-28,62
22178,2011-03-01,224
22178,2011-03-02,24
22178,2011-03-03,40
22178,2011-03-04,19
22178,2011-03-05,0
22178,2011-03-06,37
22178,2011-03-07,125
22178,2011-03-08,63
22178,2011-03-09,36
22178,2011-03-10,25
22178,2011-03-11,39
22178,2011-03-12,0
22178,2011-03-13,2
22178,2011-03-14,6
22178,2011-03-15,12
22178,2011-03-16,156
22178,2011-03-17,303
22178,2011-03-18,50
22178,2011-03-19,0
22178,2011-03-20,127
22178,2011-03-21,195
22178,2011-03-22,154
22178,2011-03-23,39
22178,2011-03-24,54
22178,2011-03-25,24
22178,2011-03-26,0
22178,2011-03-27,60
22178,2011-03-28,71
22178,2011-03-29,242
22178,2011-03-30,401
22178,2011-03-31,179
22178,2011-04-01,54
22178,2011-04-02,0
22178,2011-04-03,5
22178,2011-04-04,82
22178,2011-04-05,30
22178,2011-04-06,153
22178,2011-04-07,57
22178,2011-04-08,147
22178,2011-04-09,0
22178,2011-04-10,24
22178,2011-04-11,150
22178,2011-04-12,48
22178,2011-04-13,6
22178,2011-04-14,326
22178,2011-04-15,36
22178,2011-04-16,0
22178,2011-04-17,60
22178,2011-04-18,227
22178,2011-04-19,94
22178,2011-04-20,204
22178,2011-04-21,120
22178,2011-04-22,0
22178,2011-04-23,0
22178,2011-04-24,0
22178,2011-04-25,0
22178,2011-04-26,2
22178,2011-04-27,69
22178,2011-04-28,24
22178,2011-04-29,0
22178,2011-04-30,0
22178,2011-05-01,0
22178,2011-05-02,0
22178,2011-05-03,283
22178,2011-05-04,18
22178,2011-05-05,101
22178,2011-05-06,154
22178,2011-05-07,0
22178,2011-05-08,44
22178,2011-05-09,156
22178,2011-05-10,54
22178,2011-05-11,57
22178,2011-05-12,194
22178,2011-05-13,33
22178,2011-05-14,0
22178,2011-05-15,102
22178,2011-05-16,27
22178,2011-05-17,360
22178,2011-05-18,36
22178,2011-05-19,58
22178,2011-05-20,174
22178,2011-05-21,0
22178,2011-05-22,108
22178,2011-05-23,73
22178,2011-05-24,108
22178,2011-05-25,202
22178,2011-05-26,18
22178,2011-05-27,207
22178,2011-05-28,0
22178,2011-05-29,0
22178,2011-05-30,0
22178,2011-05-31,41
22178,2011-06-01,47
22178,2011-06-02,37
22178,2011-06-03,254
22178,2011-06-04,0
22178,2011-06-05,360
22178,2011-06-06,34
22178,2011-06-07,150
22178,2011-06-08,134
22178,2011-06-09,75
22178,2011-06-10,68
22178,2011-06-11,0
22178,2011-06-12,82
22178,2011-06-13,42
22178,2011-06-14,116
22178,2011-06-15,34
22178,2011-06-16,18
22178,2011-06-17,0
22178,2011-06-18,0
22178,2011-06-19,66
22178,2011-06-20,24
22178,2011-06-21,44
22178,2011-06-22,24
22178,2011-06-23,6
22178,2011-06-24,12
22178,2011-06-25,0
22178,2011-06-26,12
22178,2011-06-27,14
22178,2011-06-28,192
22178,2011-06-29,105
22178,2011-06-30,23
22178,2011-07-01,12
22178,2011-07-02,0
22178,2011-07-03,3
22178,2011-07-04,139
22178,2011-07-05,40
22178,2011-07-06,2
22178,2011-07-07,322
22178,2011-07-08,63
22178,2011-07-09,0
22178,2011-07-10,24
22178,2011-07-11,12
22178,2011-07-12,14
22178,2011-07-13,29
22178,2011-07-14,63
22178,2011-07-15,0
22178,2011-07-16,0
22178,2011-07-17,36
22178,2011-07-18,16
22178,2011-07-19,60
22178,2011-07-20,168
22178,2011-07-21,120
22178,2011-07-22,8
22178,2011-07-23,0
22178,2011-07-24,160
22178,2011-07-25,22
22178,2011-07-26,16
22178,2011-07-27,49
22178,2011-07-28,29
22178,2011-07-29,96
22178,2011-07-30,0
22178,2011-07-31,24
22178,2011-08-01,96
22178,2011-08-02,83
22178,2011-08-03,366
22178,2011-08-04,177
22178,2011-08-05,102
22178,2011-08-06,0
22178,2011-08-07,0
22178,2011-08-08,16
22178,2011-08-09,0
22178,2011-08-10,18
22178,2011-08-11,159
22178,2011-08-12,115
22178,2011-08-13,0
22178,2011-08-14,0
22178,2011-08-15,12
22178,2011-08-16,24
22178,2011-08-17,168
22178,2011-08-18,48
22178,2011-08-19,36
22178,2011-08-20,0
22178,2011-08-21,30
22178,2011-08-22,144
22178,2011-08-23,50
22178,2011-08-24,34
22178,2011-08-25,144
22178,2011-08-26,36
22178,2011-08-27,0
22178,2011-08-28,48
22178,2011-08-29,0
22178,2011-08-30,34
22178,2011-08-31,202
22178,2011-09-01,96
22178,2011-09-02,161
22178,2011-09-03,0
22178,2011-09-04,0
22178,2011-09-05,11
22178,2011-09-06,108
22178,2011-09-07,85
22178,2011-09-08,6
22178,2011-09-09,6
22178,2011-09-10,0
22178,2011-09-11,14
22178,2011-09-12,99
22178,2011-09-13,54
22178,2011-09-14,18
22178,2011-09-15,41
22178,2011-09-16,24
22178,2011-09-17,0
22178,2011-09-18,12
22178,2011-09-19,98
22178,2011-09-20,46
22178,2011-09-21,88
22178,2011-09-22,66
22178,2011-09-23,13
22178,2011-09-24,0
22178,2011-09-25,114
22178,2011-09-26,5
22178,2011-09-27,6
22178,2011-09-28,30
22178,2011-09-29,24
22178,2011-09-30,25
22178,2011-10-01,0
22178,2011-10-02,0
22178,2011-10-03,986
22178,2011-10-04,30
22178,2011-10-05,222
22178,2011-10-06,132
22178,2011-10-07,97
22178,2011-10-08,0
22178,2011-10-09,16
22178,2011-10-10,38
22178,2011-10-11,72
22178,2011-10-12,1
22178,2011-10-13,6
22178,2011-10-14,186
22178,2011-10-15,0
22178,2011-10-16,0
22178,2011-10-17,29
22178,2011-10-18,20
22178,2011-10-19,102
22178,2011-10-20,42
22178,2011-10-21,18
22178,2011-10-22,0
22178,2011-10-23,0
22178,2011-10-24,28
22178,2011-10-25,42
22178,2011-10-26,966
22178,2011-10-27,18
22178,2011-10-28,78
22178,2011-10-29,0
22178,2011-10-30,114
22178,2011-10-31,77
22178,2011-11-01,27
22178,2011-11-02,118
22178,2011-11-03,12
22178,2011-11-04,102
22178,2011-11-05,0
22178,2011-11-06,23
22178,2011-11-07,8
22178,2011-11-08,50
22178,2011-11-09,4
22178,2011-11-10,186
22178,2011-11-11,34
22178,2011-11-12,0
22178,2011-11-13,6
22178,2011-11-14,49
22178,2011-11-15,39
22178,2011-11-16,97
22178,2011-11-17,214
22178,2011-11-18,2
22178,2011-11-19,0
22178,2011-11-20,48
22178,2011-11-21,210
22178,2011-11-22,32
22178,2011-11-23,11
22178,2011-11-24,78
22178,2011-11-25,12
22178,2011-11-26,0
22178,2011-11-27,30
22178,2011-11-28,247
22178,2011-11-29,86
22178,2011-11-30,88
22178,2011-12-01,158
22178,2011-12-02,26
22178,2011-12-03,0
22178,2011-12-04,150
22178,2011-12-05,377
22178,2011-12-06,74
22178,2011-12-07,78
22178,2011-12-08,109
85099F,2009-12-01,26
85099F,2009-12-02,114
85099F,2009-12-03,26
85099F,2009-12-04,53
85099F,2009-12-05,20
85099F,2009-12-06,7
85099F,2009-12-07,20
85099F,2009-12-08,24
85099F,2009-12-09,12
85099F,2009-12-10,226
85099F,2009-12-11,105
85099F,2009-12-12,0
85099F,2009-12-13,1
85099F,2009-12-14,24
85099F,2009-12-15,160
85099F,2009-12-16,45
85099F,2009-12-17,11
85099F,2009-12-18,11
85099F,2009-12-19,0
85099F,2009-12-20,20
85099F,2009-12-21,1
85099F,2009-12-22,0
85099F,2009-12-23,20
85099F,2009-12-24,0
85099F,2009-12-25,0
85099F,2009-12-26,0
85099F,2009-12-27,0
85099F,2009-12-28,0
85099F,2009-12-29,0
85099F,2009-12-30,0
85099F,2009-12-31,0
85099F,2010-01-01,0
85099F,2010-01-02,0
85099F,2010-01-03,0
85099F,2010-01-04,18
85099F,2010-01-05,10
85099F,2010-01-06,0
85099F,2010-01-07,320
85099F,2010-01-08,10
85099F,2010-01-09,0
85099F,2010-01-10,0
85099F,2010-01-11,201
85099F,2010-01-12,20
85099F,2010-01-13,0
85099F,2010-01-14,24
85099F,2010-01-15,0
85099F,2010-01-16,0
85099F,2010-01-17,1
85099F,2010-01-18,32
85099F,2010-01-19,106
85099F,2010-01-20,22
85099F,2010-01-21,100
85099F,2010-01-22,14
85099F,2010-01-23,0
85099F,2010-01-24,12
85099F,2010-01-25,22
85099F,2010-01-26,18
85099F,2010-01-27,41
85099F,2010-01-28,21
85099F,2010-01-29,18
85099F,2010-01-30,0
85099F,2010-01-31,10
85099F,2010-02-01,0
85099F,2010-02-02,22
85099F,2010-02-03,31
85099F,2010-02-04,44
85099F,2010-02-05,50
85099F,2010-02-06,0
85099F,2010-02-07,10
85099F,2010-02-08,32
85099F,2010-02-09,20
85099F,2010-02-10,0
85099F,2010-02-11,100
85099F,2010-02-12,3
85099F,2010-02-13,0
85099F,2010-02-14,22
85099F,2010-02-15,416
85099F,2010-02-16,16
85099F,2010-02-17,0
85099F,2010-02-18,120
85099F,2010-02-19,26
85099F,2010-02-20,0
85099F,2010-02-21,10
85099F,2010-02-22,10
85099F,2010-02-23,32
85099F,2010-02-24,14
85099F,2010-02-25,25
85099F,2010-02-26,4
85099F,2010-02-27,0
85099F,2010-02-28,11
85099F,2010-03-01,20
85099F,2010-03-02,5
85099F,2010-03-03,20
85099F,2010-03-04,27
85099F,2010-03-05,330
85099F,2010-03-06,0
85099F,2010-03-07,13
85099F,2010-03-08,1
85099F,2010-03-09,110
85099F,2010-03-10,3
85099F,2010-03-11,2
85099F,2010-03-12,34
85099F,2010-03-13,0
85099F,2010-03-14,19
85099F,2010-03-15,2
85099F,2010-03-16,115
85099F,2010-03-17,21
85099F,2010-03-18,20
85099F,2010-03-19,132
85099F,2010-03-20,0
85099F,2010-03-21,33
85099F,2010-03-22,25
85099F,2010-03-23,115
85099F,2010-03-24,40
85099F,2010-03-25,50
85099F,2010-03-26,121
85099F,2010-03-27,0
85099F,2010-03-28,15
85099F,2010-03-29,24
85099F,2010-03-30,46
85099F,2010-03-31,44
85099F,2010-04-01,220
85099F,2010-04-02,0
85099F,2010-04-03,0
85099F,2010-04-04,0
85099F,2010-04-05,0
85099F,2010-04-06,123
85099F,2010-04-07,31
85099F,2010-04-08,105
85099F,2010-04-09,2
85099F,2010-04-10,0
85099F,2010-04-11,10
85099F,2010-04-12,10
85099F,2010-04-13,24
85099F,2010-04-14,202
85099F,2010-04-15,9
85099F,2010-04-16,13
85099F,2010-04-17,0
85099F,2010-04-18,27
85099F,2010-04-19,115
85099F,2010-04-20,113
85099F,2010-04-21,53
85099F,2010-04-22,81
85099F,2010-04-23,42
85099F,2010-04-24,0
85099F,2010-04-25,114
85099F,2010-04-26,323
85099F,2010-04-27,72
85099F,2010-04-28,42
85099F,2010-04-29,180
85099F,2010-04-30,140
85099F,2010-05-01,0
85099F,2010-05-02,27
85099F,2010-05-03,0
85099F,2010-05-04,31
85099F,2010-05-05,0
85099F,2010-05-06,12
85099F,2010-05-07,326
85099F,2010-05-08,0
85099F,2010-05-09,10
85099F,2010-05-10,14
85099F,2010-05-11,33
85099F,2010-05-12,205
85099F,2010-05-13,36
85099F,2010-05-14,23
85099F,2010-05-15,0
85099F,2010-05-16,56
85099F,2010-05-17,23
85099F,2010-05-18,211
85099F,2010-05-19,32
85099F,2010-05-20,26
85099F,2010-05-21,4
85099F,2010-05-22,0
85099F,2010-05-23,24
85099F,2010-05-24,152
85099F,2010-05-25,127
85099F,2010-05-26,174
85099F,2010-05-27,28
85099F,2010-05-28,21
85099F,2010-05-29,0
85099F,2010-05-30,1
85099F,2010-05-31,0
85099F,2010-06-01,122
85099F,2010-06-02,11
85099F,2010-06-03,37
85099F,2010-06-04,31
85099F,2010-06-05,0
85099F,2010-06-06,50
85099F,2010-06-07,57
85099F,2010-06-08,38
85099F,2010-06-09,23
85099F,2010-06-10,27
85099F,2010-06-11,36
85099F,2010-06-12,0
85099F,2010-06-13,127
85099F,2010-06-14,34
85099F,2010-06-15,16
85099F,2010-06-16,8
85099F,2010-06-17,50
85099F,2010-06-18,31
85099F,2010-06-19,0
85099F,2010-06-20,0
85099F,2010-06-21,64
85099F,2010-06-22,28
85099F,2010-06-23,114
85099F,2010-06-24,121
85099F,2010-06-25,82
85099F,2010-06-26,0
85099F,2010-06-27,10
85099F,2010-06-28,155
85099F,2010-06-29,696
85099F,2010-06-30,26
85099F,2010-07-01,10
85099F,2010-07-02,1
85099F,2010-07-03,0
85099F,2010-07-04,6
85099F,2010-07-05,370
85099F,2010-07-06,49
85099F,2010-07-07,101
85099F,2010-07-08,15
85099F,2010-07-09,44
85099F,2010-07-10,0
85099F,2010-07-11,26
85099F,2010-07-12,28
85099F,2010-07-13,29
85099F,2010-07-14,225
85099F,2010-07-15,64
85099F,2010-07-16,22
85099F,2010-07-17,0
85099F,2010-07-18,1
85099F,2010-07-19,32
85099F,2010-07-20,251
85099F,2010-07-21,34
85099F,2010-07-22,61
85099F,2010-07-23,64
85099F,2010-07-24,0
85099F,2010-07-25,114
85099F,2010-07-26,24
85099F,2010-07-27,110
85099F,2010-07-28,35
85099F,2010-07-29,74
85099F,2010-07-30,70
85099F,2010-07-31,0
85099F,2010-08-01,43
85099F,2010-08-02,165
85099F,2010-08-03,29
85099F,2010-08-04,50
85099F,2010-08-05,10
85099F,2010-08-06,40
85099F,2010-08-07,0
85099F,2010-08-08,14
85099F,2010-08-09,111
85099F,2010-08-10,115
85099F,2010-08-11,36
85099F,2010-08-12,40
85099F,2010-08-13,126
85099F,2010-08-14,0
85099F,2010-08-15,826
85099F,2010-08-16,30
85099F,2010-08-17,213
85099F,2010-08-18,117
85099F,2010-08-19,46
85099F,2010-08-20,22
85099F,2010-08-21,0
85099F,2010-08-22,1
85099F,2010-08-23,160
85099F,2010-08-24,40
85099F,2010-08-25,103
85099F,2010-08-26,58
85099F,2010-08-27,46
85099F,2010-08-28,0
85099F,2010-08-29,27
85099F,2010-08-30,0
85099F,2010-08-31,39
85099F,2010-09-01,111
85099F,2010-09-02,81
85099F,2010-09-03,541
85099F,2010-09-04,0
85099F,2010-09-05,54
85099F,2010-09-06,77
85099F,2010-09-07,362
85099F,2010-09-08,39
85099F,2010-09-09,34
85099F,2010-09-10,37
85099F,2010-09-11,0
85099F,2010-09-12,14
85099F,2010-09-13,18
85099F,2010-09-14,9
85099F,2010-09-15,84
85099F,2010-09-16,90
85099F,2010-09-17,15
85099F,2010-09-18,0
85099F,2010-09-19,2
85099F,2010-09-20,5
85099F,2010-09-21,266
85099F,2010-09-22,12
85099F,2010-09-23,21
85099F,2010-09-24,49
85099F,2010-09-25,0
85099F,2010-09-26,21
85099F,2010-09-27,18
85099F,2010-09-28,14
85099F,2010-09-29,13
85099F,2010-09-30,36
85099F,2010-10-01,11
85099F,2010-10-02,0
85099F,2010-10-03,40
85099F,2010-10-04,10
85099F,2010-10-05,152
85099F,2010-10-06,130
85099F,2010-10-07,115
85099F,2010-10-08,29
85099F,2010-10-09,0
85099F,2010-10-10,15
85099F,2010-10-11,223
85099F,2010-10-12,30
85099F,2010-10-13,209
85099F,2010-10-14,20
85099F,2010-10-15,106
85099F,2010-10-16,0
85099F,2010-10-17,14
85099F,2010-10-18,6
85099F,2010-10-19,0
85099F,2010-10-20,17
85099F,2010-10-21,21
85099F,2010-10-22,120
85099F,2010-10-23,0
85099F,2010-10-24,20
85099F,2010-10-25,62
85099F,2010-10-26,22
85099F,2010-10-27,14
85099F,2010-10-28,10
85099F,2010-10-29,49
85099F,2010-10-30,0
85099F,2010-10-31,8
85099F,2010-11-01,27
85099F,2010-11-02,21
85099F,2010-11-03,21
85099F,2010-11-04,17
85099F,2010-11-05,102
85099F,2010-11-06,0
85099F,2010-11-07,21
85099F,2010-11-08,10
85099F,2010-11-09,58
85099F,2010-11-10,42
85099F,2010-11-11,1030
85099F,2010-11-12,28
85099F,2010-11-13,0
85099F,2010-11-14,17
85099F,2010-11-15,227
85099F,2010-11-16,30
85099F,2010-11-17,21
85099F,2010-11-18,16
85099F,2010-11-19,18
85099F,2010-11-20,0
85099F,2010-11-21,21
85099F,2010-11-22,21
85099F,2010-11-23,3
85099F,2010-11-24,107
85099F,2010-11-25,38
85099F,2010-11-26,6
85099F,2010-11-27,0
85099F,2010-11-28,0
85099F,2010-11-29,22
85099F,2010-11-30,35
85099F,2010-12-01,32
85099F,2010-12-02,20
85099F,2010-12-03,6
85099F,2010-12-04,0
85099F,2010-12-05,13
85099F,2010-12-06,22
85099F,2010-12-07,27
85099F,2010-12-08,102
85099F,2010-12-09,2
85099F,2010-12-10,3
85099F,2010-12-11,0
85099F,2010-12-12,6
85099F,2010-12-13,52
85099F,2010-12-14,21
85099F,2010-12-15,20
85099F,2010-12-16,130
85099F,2010-12-17,6
85099F,2010-12-18,0
85099F,2010-12-19,0
85099F,2010-12-20,7
85099F,2010-12-21,2
85099F,2010-12-22,0
85099F,2010-12-23,2
85099F,2010-12-24,0
85099F,2010-12-25,0
85099F,2010-12-26,0
85099F,2010-12-27,0
85099F,2010-12-28,0
85099F,2010-12-29,0
85099F,2010-12-30,0
85099F,2010-12-31,0
85099F,2011-01-01,0
85099F,2011-01-02,0
85099F,2011-01-03,0
85099F,2011-01-04,10
85099F,2011-01-05,227
85099F,2011-01-06,124
85099F,2011-01-07,310
85099F,2011-01-08,0
85099F,2011-01-09,32
85099F,2011-01-10,3
85099F,2011-01-11,8
85099F,2011-01-12,3
85099F,2011-01-13,311
85099F,2011-01-14,21
85099F,2011-01-15,0
85099F,2011-01-16,3
85099F,2011-01-17,25
85099F,2011-01-18,5
85099F,2011-01-19,22
85099F,2011-01-20,12
85099F,2011-01-21,104
85099F,2011-01-22,0
85099F,2011-01-23,101
85099F,2011-01-24,10
85099F,2011-01-25,50
85099F,2011-01-26,21
85099F,2011-01-27,10
85099F,2011-01-28,0
85099F,2011-01-29,0
85099F,2011-01-30,2
85099F,2011-01-31,20
85099F,2011-02-01,109
85099F,2011-02-02,120
85099F,2011-02-03,8
85099F,2011-02-04,104
85099F,2011-02-05,0
85099F,2011-02-06,20
85099F,2011-02-07,30
85099F,2011-02-08,27
85099F,2011-02-09,3
85099F,2011-02-10,10
85099F,2011-02-11,0
85099F,2011-02-12,0
85099F,2011-02-13,0
85099F,2011-02-14,210
85099F,2011-02-15,3
85099F,2011-02-16,11
85099F,2011-02-17,4
85099F,2011-02-18,0
85099F,2011-02-19,0
85099F,2011-02-20,20
85099F,2011-02-21,100
85099F,2011-02-22,115
85099F,2011-02-23,0
85099F,2011-02-24,11
85099F,2011-02-25,50
85099F,2011-02-26,0
85099F,2011-02-27,0
85099F,2011-02-28,66
85099F,2011-03-01,43
85099F,2011-03-02,42
85099F,2011-03-03,30
85099F,2011-03-04,51
85099F,2011-03-05,0
85099F,2011-03-06,53
85099F,2011-03-07,226
85099F,2011-03-08,38
85099F,2011-03-09,12
85099F,2011-03-10,11
85099F,2011-03-11,112
85099F,2011-03-12,0
85099F,2011-03-13,2
85099F,2011-03-14,13
85099F,2011-03-15,0
85099F,2011-03-16,10
85099F,2011-03-17,936
85099F,2011-03-18,20
85099F,2011-03-19,0
85099F,2011-03-20,33
85099F,2011-03-21,10
85099F,2011-03-22,14
85099F,2011-03-23,133
85099F,2011-03-24,168
85099F,2011-03-25,351
85099F,2011-03-26,0
85099F,2011-03-27,0
85099F,2011-03-28,122
85099F,2011-03-29,272
85099F,2011-03-30,110
85099F,2011-03-31,228
85099F,2011-04-01,10
85099F,2011-04-02,0
85099F,2011-04-03,0
85099F,2011-04-04,76
85099F,2011-04-05,100
85099F,2011-04-06,10
85099F,2011-04-07,36
85099F,2011-04-08,40
85099F,2011-04-09,0
85099F,2011-04-10,4
85099F,2011-04-11,0
85099F,2011-04-12,20
85099F,2011-04-13,10
85099F,2011-04-14,136
85099F,2011-04-15,0
85099F,2011-04-16,0
85099F,2011-04-17,0
85099F,2011-04-18,6
85099F,2011-04-19,0
85099F,2011-04-20,0
85099F,2011-04-21,0
85099F,2011-04-22,0
85099F,2011-04-23,0
85099F,2011-04-24,0
85099F,2011-04-25,0
85099F,2011-04-26,0
85099F,2011-04-27,100
85099F,2011-04-28,0
85099F,2011-04-29,0
85099F,2011-04-30,0
85099F,2011-05-01,0
85099F,2011-05-02,0
85099F,2011-05-03,0
85099F,2011-05-04,0
85099F,2011-05-05,0
85099F,2011-05-06,0
85099F,2011-05-07,0
85099F,2011-05-08,0
85099F,2011-05-09,40
85099F,2011-05-10,130
85099F,2011-05-11,14
85099F,2011-05-12,14
85099F,2011-05-13,230
85099F,2011-05-14,0
85099F,2011-05-15,0
85099F,2011-05-16,45
85099F,2011-05-17,10
85099F,2011-05-18,21
85099F,2011-05-19,44
85099F,2011-05-20,10
85099F,2011-05-21,0
85099F,2011-05-22,12
85099F,2011-05-23,149
85099F,2011-05-24,37
85099F,2011-05-25,202
85099F,2011-05-26,23
85099F,2011-05-27,12
85099F,2011-05-28,0
85099F,2011-05-29,0
85099F,2011-05-30,0
85099F,2011-05-31,17
85099F,2011-06-01,4
85099F,2011-06-02,240
85099F,2011-06-03,6
85099F,2011-06-04,0
85099F,2011-06-05,140
85099F,2011-06-06,113
85099F,2011-06-07,149
85099F,2011-06-08,31
85099F,2011-06-09,33
85099F,2011-06-10,102
85099F,2011-06-11,0
85099F,2011-06-12,5
85099F,2011-06-13,30
85099F,2011-06-14,3
85099F,2011-06-15,50
85099F,2011-06-16,11
85099F,2011-06-17,20
85099F,2011-06-18,0
85099F,2011-06-19,120
85099F,2011-06-20,412
85099F,2011-06-21,44
85099F,2011-06-22,32
85099F,2011-06-23,16
85099F,2011-06-24,101
85099F,2011-06-25,0
85099F,2011-06-26,0
85099F,2011-06-27,112
85099F,2011-06-28,140
85099F,2011-06-29,64
85099F,2011-06-30,31
85099F,2011-07-01,0
85099F,2011-07-02,0
85099F,2011-07-03,4
85099F,2011-07-04,9
85099F,2011-07-05,138
85099F,2011-07-06,16
85099F,2011-07-07,336
85099F,2011-07-08,11
85099F,2011-07-09,0
85099F,2011-07-10,3
85099F,2011-07-11,4
85099F,2011-07-12,1
85099F,2011-07-13,10
85099F,2011-07-14,0
85099F,2011-07-15,0
85099F,2011-07-16,0
85099F,2011-07-17,14
85099F,2011-07-18,29
85099F,2011-07-19,10
85099F,2011-07-20,51
85099F,2011-07-21,14
85099F,2011-07-22,25
85099F,2011-07-23,0
85099F,2011-07-24,11
85099F,2011-07-25,23
85099F,2011-07-26,203
85099F,2011-07-27,41
85099F,2011-07-28,121
85099F,2011-07-29,32
85099F,2011-07-30,0
85099F,2011-07-31,14
85099F,2011-08-01,15
85099F,2011-08-02,41
85099F,2011-08-03,42
85099F,2011-08-04,322
85099F,2011-08-05,115
85099F,2011-08-06,0
85099F,2011-08-07,12
85099F,2011-08-08,12
85099F,2011-08-09,30
85099F,2011-08-10,232
85099F,2011-08-11,31
85099F,2011-08-12,2
85099F,2011-08-13,0
85099F,2011-08-14,13
85099F,2011-08-15,33
85099F,2011-08-16,0
85099F,2011-08-17,133
85099F,2011-08-18,150
85099F,2011-08-19,10
85099F,2011-08-20,0
85099F,2011-08-21,2
85099F,2011-08-22,66
85099F,2011-08-23,20
85099F,2011-08-24,720
85099F,2011-08-25,30
85099F,2011-08-26,30
85099F,2011-08-27,0
85099F,2011-08-28,6
85099F,2011-08-29,0
85099F,2011-08-30,19
85099F,2011-08-31,100
85099F,2011-09-01,146
85099F,2011-09-02,2
85099F,2011-09-03,0
85099F,2011-09-04,11
85099F,2011-09-05,15
85099F,2011-09-06,20
85099F,2011-09-07,121
85099F,2011-09-08,25
85099F,2011-09-09,6
85099F,2011-09-10,0
85099F,2011-09-11,2
85099F,2011-09-12,1
85099F,2011-09-13,31
85099F,2011-09-14,0
85099F,2011-09-15,144
85099F,2011-09-16,21
85099F,2011-09-17,0
85099F,2011-09-18,105
85099F,2011-09-19,14
85099F,2011-09-20,20
85099F,2011-09-21,210
85099F,2011-09-22,65
85099F,2011-09-23,250
85099F,2011-09-24,0
85099F,2011-09-25,20
85099F,2011-09-26,0
85099F,2011-09-27,12
85099F,2011-09-28,35
85099F,2011-09-29,144
85099F,2011-09-30,10
85099F,2011-10-01,0
85099F,2011-10-02,5
85099F,2011-10-03,12
85099F,2011-10-04,11
85099F,2011-10-05,111
85099F,2011-10-06,831
85099F,2011-10-07,206
85099F,2011-10-08,0
85099F,2011-10-09,1
85099F,2011-10-10,5
85099F,2011-10-11,113
85099F,2011-10-12,13
85099F,2011-10-13,25
85099F,2011-10-14,15
85099F,2011-10-15,0
85099F,2011-10-16,0
85099F,2011-10-17,233
85099F,2011-10-18,39
85099F,2011-10-19,11
85099F,2011-10-20,148
85099F,2011-10-21,0
85099F,2011-10-22,0
85099F,2011-10-23,2
85099F,2011-10-24,6
85099F,2011-10-25,12
85099F,2011-10-26,0
85099F,2011-10-27,1
85099F,2011-10-28,11
85099F,2011-10-29,0
85099F,2011-10-30,0
85099F,2011-10-31,25
85099F,2011-11-01,124
85099F,2011-11-02,20
85099F,2011-11-03,1
85099F,2011-11-04,0
85099F,2011-11-05,0
85099F,2011-11-06,33
85099F,2011-11-07,35
85099F,2011-11-08,13
85099F,2011-11-09,246
85099F,2011-11-10,3
85099F,2011-11-11,12
85099F,2011-11-12,0
85099F,2011-11-13,2
85099F,2011-11-14,100
85099F,2011-11-15,1
85099F,2011-11-16,39
85099F,2011-11-17,32
85099F,2011-11-18,22
85099F,2011-11-19,0
85099F,2011-11-20,2
85099F,2011-11-21,3
85099F,2011-11-22,11
85099F,2011-11-23,2
85099F,2011-11-24,22
85099F,2011-11-25,10
85099F,2011-11-26,0
85099F,2011-11-27,4
85099F,2011-11-28,12
85099F,2011-11-29,34
85099F,2011-11-30,125
85099F,2011-12-01,42
85099F,2011-12-02,221
85099F,2011-12-03,0
85099F,2011-12-04,2
85099F,2011-12-05,1
85099F,2011-12-06,6
85099F,2011-12-07,20
85099F,2011-12-08,12
84992,2009-12-01,50
84992,2009-12-02,229
84992,2009-12-03,83
84992,2009-12-04,3
84992,2009-12-05,0
84992,2009-12-06,125
84992,2009-12-07,1
84992,2009-12-08,25
84992,2009-12-09,3
84992,2009-12-10,61
84992,2009-12-11,52
84992,2009-12-12,0
84992,2009-12-13,83
84992,2009-12-14,58
84992,2009-12-15,51
84992,2009-12-16,174
84992,2009-12-17,48
84992,2009-12-18,26
84992,2009-12-19,0
84992,2009-12-20,24
84992,2009-12-21,240
84992,2009-12-22,484
84992,2009-12-23,0
84992,2009-12-24,0
84992,2009-12-25,0
84992,2009-12-26,0
84992,2009-12-27,0
84992,2009-12-28,0
84992,2009-12-29,0
84992,2009-12-30,0
84992,2009-12-31,0
84992,2010-01-01,0
84992,2010-01-02,0
84992,2010-01-03,0
84992,2010-01-04,24
84992,2010-01-05,171
84992,2010-01-06,4
84992,2010-01-07,72
84992,2010-01-08,120
84992,2010-01-09,0
84992,2010-01-10,30
84992,2010-01-11,56
84992,2010-01-12,15
84992,2010-01-13,98
84992,2010-01-14,48
84992,2010-01-15,277
84992,2010-01-16,0
84992,2010-01-17,49
84992,2010-01-18,117
84992,2010-01-19,42
84992,2010-01-20,610
84992,2010-01-21,72
84992,2010-01-22,179
84992,2010-01-23,0
84992,2010-01-24,56
84992,2010-01-25,80
84992,2010-01-26,364
84992,2010-01-27,136
84992,2010-01-28,187
84992,2010-01-29,216
84992,2010-01-30,0
84992,2010-01-31,104
84992,2010-02-01,36
84992,2010-02-02,74
84992,2010-02-03,64
84992,2010-02-04,113
84992,2010-02-05,48
84992,2010-02-06,0
84992,2010-02-07,273
84992,2010-02-08,149
84992,2010-02-09,49
84992,2010-02-10,3
84992,2010-02-11,26
84992,2010-02-12,266
84992,2010-02-13,0
84992,2010-02-14,123
84992,2010-02-15,24
84992,2010-02-16,13
84992,2010-02-17,216
84992,2010-02-18,6
84992,2010-02-19,1
84992,2010-02-20,0
84992,2010-02-21,3
84992,2010-02-22,3
84992,2010-02-23,0
84992,2010-02-24,3
84992,2010-02-25,48
84992,2010-02-26,25
84992,2010-02-27,0
84992,2010-02-28,43
84992,2010-03-01,240
84992,2010-03-02,2
84992,2010-03-03,241
84992,2010-03-04,169
84992,2010-03-05,0
84992,2010-03-06,0
84992,2010-03-07,0
84992,2010-03-08,7
84992,2010-03-09,24
84992,2010-03-10,3
84992,2010-03-11,25
84992,2010-03-12,72
84992,2010-03-13,0
84992,2010-03-14,4
84992,2010-03-15,76
84992,2010-03-16,0
84992,2010-03-17,313
84992,2010-03-18,28
84992,2010-03-19,26
84992,2010-03-20,0
84992,2010-03-21,3
84992,2010-03-22,50
84992,2010-03-23,48
84992,2010-03-24,31
84992,2010-03-25,24
84992,2010-03-26,49
84992,2010-03-27,0
84992,2010-03-28,72
84992,2010-03-29,6
84992,2010-03-30,25
84992,2010-03-31,2
84992,2010-04-01,6
84992,2010-04-02,0
84992,2010-04-03,0
84992,2010-04-04,0
84992,2010-04-05,0
84992,2010-04-06,241
84992,2010-04-07,26
84992,2010-04-08,26
84992,2010-04-09,0
84992,2010-04-10,0
84992,2010-04-11,2
84992,2010-04-12,0
84992,2010-04-13,483
84992,2010-04-14,7
84992,2010-04-15,7
84992,2010-04-16,50
84992,2010-04-17,0
84992,2010-04-18,6
84992,2010-04-19,10
84992,2010-04-20,38
84992,2010-04-21,122
84992,2010-04-22,156
84992,2010-04-23,48
84992,2010-04-24,0
84992,2010-04-25,0
84992,2010-04-26,6
84992,2010-04-27,178
84992,2010-04-28,48
84992,2010-04-29,49
84992,2010-04-30,1
84992,2010-05-01,0
84992,2010-05-02,3
84992,2010-05-03,0
84992,2010-05-04,25
84992,2010-05-05,0
84992,2010-05-06,153
84992,2010-05-07,0
84992,2010-05-08,0
84992,2010-05-09,52
84992,2010-05-10,24
84992,2010-05-11,145
84992,2010-05-12,49
84992,2010-05-13,24
84992,2010-05-14,25
84992,2010-05-15,0
84992,2010-05-16,0
84992,2010-05-17,30
84992,2010-05-18,0
84992,2010-05-19,20
84992,2010-05-20,0
84992,2010-05-21,24
84992,2010-05-22,0
84992,2010-05-23,52
84992,2010-05-24,48
84992,2010-05-25,240
84992,2010-05-26,26
84992,2010-05-27,0
84992,2010-05-28,25
84992,2010-05-29,0
84992,2010-05-30,4
84992,2010-05-31,0
84992,2010-06-01,0
84992,2010-06-02,24
84992,2010-06-03,24
84992,2010-06-04,2
84992,2010-06-05,0
84992,2010-06-06,53
84992,2010-06-07,68
84992,2010-06-08,31
84992,2010-06-09,218
84992,2010-06-10,28
84992,2010-06-11,50
84992,2010-06-12,0
84992,2010-06-13,32
84992,2010-06-14,26
84992,2010-06-15,363
84992,2010-06-16,25
84992,2010-06-17,37
84992,2010-06-18,0
84992,2010-06-19,0
84992,2010-06-20,3
84992,2010-06-21,24
84992,2010-06-22,3
84992,2010-06-23,97
84992,2010-06-24,121
84992,2010-06-25,75
84992,2010-06-26,0
84992,2010-06-27,2
84992,2010-06-28,146
84992,2010-06-29,480
84992,2010-06-30,7
84992,2010-07-01,50
84992,2010-07-02,59
84992,2010-07-03,0
84992,2010-07-04,54
84992,2010-07-05,2
84992,2010-07-06,5
84992,2010-07-07,0
84992,2010-07-08,52
84992,2010-07-09,252
84992,2010-07-10,0
84992,2010-07-11,249
84992,2010-07-12,5
84992,2010-07-13,32
84992,2010-07-14,0
84992,2010-07-15,83
84992,2010-07-16,49
84992,2010-07-17,0
84992,2010-07-18,30
84992,2010-07-19,144
84992,2010-07-20,26
84992,2010-07-21,73
84992,2010-07-22,72
84992,2010-07-23,0
84992,2010-07-24,0
84992,2010-07-25,5
84992,2010-07-26,219
84992,2010-07-27,24
84992,2010-07-28,24
84992,2010-07-29,7
84992,2010-07-30,24
84992,2010-07-31,0
84992,2010-08-01,1
84992,2010-08-02,27
84992,2010-08-03,24
84992,2010-08-04,2
84992,2010-08-05,39
84992,2010-08-06,28
84992,2010-08-07,0
84992,2010-08-08,122
84992,2010-08-09,29
84992,2010-08-10,24
84992,2010-08-11,0
84992,2010-08-12,5
84992,2010-08-13,110
84992,2010-08-14,0
84992,2010-08-15,288
84992,2010-08-16,24
84992,2010-08-17,0
84992,2010-08-18,248
84992,2010-08-19,58
84992,2010-08-20,504
84992,2010-08-21,0
84992,2010-08-22,96
84992,2010-08-23,25
84992,2010-08-24,31
84992,2010-08-25,5
84992,2010-08-26,28
84992,2010-08-27,0
84992,2010-08-28,0
84992,2010-08-29,0
84992,2010-08-30,0
84992,2010-08-31,56
84992,2010-09-01,1
84992,2010-09-02,76
84992,2010-09-03,24
84992,2010-09-04,0
84992,2010-09-05,0
84992,2010-09-06,8
84992,2010-09-07,53
84992,2010-09-08,48
84992,2010-09-09,34
84992,2010-09-10,24
84992,2010-09-11,0
84992,2010-09-12,26
84992,2010-09-13,25
84992,2010-09-14,27
84992,2010-09-15,436
84992,2010-09-16,24
84992,2010-09-17,0
84992,2010-09-18,0
84992,2010-09-19,35
84992,2010-09-20,123
84992,2010-09-21,117
84992,2010-09-22,24
84992,2010-09-23,19
84992,2010-09-24,25
84992,2010-09-25,0
84992,2010-09-26,3
84992,2010-09-27,60
84992,2010-09-28,26
84992,2010-09-29,27
84992,2010-09-30,46
84992,2010-10-01,6
84992,2010-10-02,0
84992,2010-10-03,38
84992,2010-10-04,49
84992,2010-10-05,76
84992,2010-10-06,312
84992,2010-10-07,44
84992,2010-10-08,20
84992,2010-10-09,0
84992,2010-10-10,24
84992,2010-10-11,28
84992,2010-10-12,31
84992,2010-10-13,26
84992,2010-10-14,49
84992,2010-10-15,56
84992,2010-10-16,0
84992,2010-10-17,27
84992,2010-10-18,101
84992,2010-10-19,63
84992,2010-10-20,125
84992,2010-10-21,38
84992,2010-10-22,12
84992,2010-10-23,0
84992,2010-10-24,55
84992,2010-10-25,1
84992,2010-10-26,267
84992,2010-10-27,6
84992,2010-10-28,0
84992,2010-10-29,15
84992,2010-10-30,0
84992,2010-10-31,26
84992,2010-11-01,4
84992,2010-11-02,360
84992,2010-11-03,120
84992,2010-11-04,37
84992,2010-11-05,0
84992,2010-11-06,0
84992,2010-11-07,9
84992,2010-11-08,7
84992,2010-11-09,26
84992,2010-11-10,81
84992,2010-11-11,5
84992,2010-11-12,10
84992,2010-11-13,0
84992,2010-11-14,32
84992,2010-11-15,24
84992,2010-11-16,306
84992,2010-11-17,62
84992,2010-11-18,5
84992,2010-11-19,1693
84992,2010-11-20,0
84992,2010-11-21,4
84992,2010-11-22,26
84992,2010-11-23,52
84992,2010-11-24,66
84992,2010-11-25,126
84992,2010-11-26,7
84992,2010-11-27,0
84992,2010-11-28,4
84992,2010-11-29,28
84992,2010-11-30,38
84992,2010-12-01,74
84992,2010-12-02,24
84992,2010-12-03,51
84992,2010-12-04,0
84992,2010-12-05,19
84992,2010-12-06,1
84992,2010-12-07,28
84992,2010-12-08,82
84992,2010-12-09,33
84992,2010-12-10,1
84992,2010-12-11,0
84992,2010-12-12,2
84992,2010-12-13,32
84992,2010-12-14,5
84992,2010-12-15,0
84992,2010-12-16,120
84992,2010-12-17,247
84992,2010-12-18,0
84992,2010-12-19,27
84992,2010-12-20,721
84992,2010-12-21,2
84992,2010-12-22,0
84992,2010-12-23,0
84992,2010-12-24,0
84992,2010-12-25,0
84992,2010-12-26,0
84992,2010-12-27,0
84992,2010-12-28,0
84992,2010-12-29,0
84992,2010-12-30,0
84992,2010-12-31,0
84992,2011-01-01,0
84992,2011-01-02,0
84992,2011-01-03,0
84992,2011-01-04,26
84992,2011-01-05,53
84992,2011-01-06,28
84992,2011-01-07,52
84992,2011-01-08,0
84992,2011-01-09,78
84992,2011-01-10,55
84992,2011-01-11,24
84992,2011-01-12,33
84992,2011-01-13,0
84992,2011-01-14,147
84992,2011-01-15,0
84992,2011-01-16,7
84992,2011-01-17,70
84992,2011-01-18,144
84992,2011-01-19,130
84992,2011-01-20,25
84992,2011-01-21,13
84992,2011-01-22,0
84992,2011-01-23,26
84992,2011-01-24,148
84992,2011-01-25,111
84992,2011-01-26,69
84992,2011-01-27,14
84992,2011-01-28,8
84992,2011-01-29,0
84992,2011-01-30,50
84992,2011-01-31,102
84992,2011-02-01,162
84992,2011-02-02,6
84992,2011-02-03,33
84992,2011-02-04,6
84992,2011-02-05,0
84992,2011-02-06,65
84992,2011-02-07,170
84992,2011-02-08,1
84992,2011-02-09,1
84992,2011-02-10,0
84992,2011-02-11,0
84992,2011-02-12,0
84992,2011-02-13,0
84992,2011-02-14,30
84992,2011-02-15,39
84992,2011-02-16,1
84992,2011-02-17,30
84992,2011-02-18,2
84992,2011-02-19,0
84992,2011-02-20,0
84992,2011-02-21,123
84992,2011-02-22,147
84992,2011-02-23,25
84992,2011-02-24,24
84992,2011-02-25,24
84992,2011-02-26,0
84992,2011-02-27,2
84992,2011-02-28,26
84992,2011-03-01,0
84992,2011-03-02,49
84992,2011-03-03,24
84992,2011-03-04,48
84992,2011-03-05,0
84992,2011-03-06,0
84992,2011-03-07,4
84992,2011-03-08,72
84992,2011-03-09,49
84992,2011-03-10,240
84992,2011-03-11,2
84992,2011-03-12,0
84992,2011-03-13,2
84992,2011-03-14,51
84992,2011-03-15,27
84992,2011-03-16,480
84992,2011-03-17,1
84992,2011-03-18,24
84992,2011-03-19,0
84992,2011-03-20,33
84992,2011-03-21,0
84992,2011-03-22,30
84992,2011-03-23,30
84992,2011-03-24,1
84992,2011-03-25,2
84992,2011-03-26,0
84992,2011-03-27,0
84992,2011-03-28,1
84992,2011-03-29,240
84992,2011-03-30,2
84992,2011-03-31,25
84992,2011-04-01,98
84992,2011-04-02,0
84992,2011-04-03,3
84992,2011-04-04,24
84992,2011-04-05,53
84992,2011-04-06,25
84992,2011-04-07,0
84992,2011-04-08,1
84992,2011-04-09,0
84992,2011-04-10,25
84992,2011-04-11,52
84992,2011-04-12,2
84992,2011-04-13,0
84992,2011-04-14,25
84992,2011-04-15,0
84992,2011-04-16,0
84992,2011-04-17,0
84992,2011-04-18,26
84992,2011-04-19,30
84992,2011-04-20,506
84992,2011-04-21,0
84992,2011-04-22,0
84992,2011-04-23,0
84992,2011-04-24,0
84992,2011-04-25,0
84992,2011-04-26,35
84992,2011-04-27,6
84992,2011-04-28,2
84992,2011-04-29,0
84992,2011-04-30,0
84992,2011-05-01,0
84992,2011-05-02,0
84992,2011-05-03,2
84992,2011-05-04,0
84992,2011-05-05,1
84992,2011-05-06,150
84992,2011-05-07,0
84992,2011-05-08,54
84992,2011-05-09,8
84992,2011-05-10,27
84992,2011-05-11,2
84992,2011-05-12,183
84992,2011-05-13,1
84992,2011-05-14,0
84992,2011-05-15,10
84992,2011-05-16,6
84992,2011-05-17,24
84992,2011-05-18,2
84992,2011-05-19,48
84992,2011-05-20,4
84992,2011-05-21,0
84992,2011-05-22,4
84992,2011-05-23,3
84992,2011-05-24,0
84992,2011-05-25,24
84992,2011-05-26,0
84992,2011-05-27,58
84992,2011-05-28,0
84992,2011-05-29,2
84992,2011-05-30,0
84992,2011-05-31,0
84992,2011-06-01,1
84992,2011-06-02,1
84992,2011-06-03,1
84992,2011-06-04,0
84992,2011-06-05,25
84992,2011-06-06,24
84992,2011-06-07,31
84992,2011-06-08,1
84992,2011-06-09,49
84992,2011-06-10,3
84992,2011-06-11,0
84992,2011-06-12,6
84992,2011-06-13,1
84992,2011-06-14,0
84992,2011-06-15,120
84992,2011-06-16,0
84992,2011-06-17,72
84992,2011-06-18,0
84992,2011-06-19,0
84992,2011-06-20,6
84992,2011-06-21,27
84992,2011-06-22,0
84992,2011-06-23,55
84992,2011-06-24,0
84992,2011-06-25,0
84992,2011-06-26,2
84992,2011-06-27,0
84992,2011-06-28,120
84992,2011-06-29,0
84992,2011-06-30,0
84992,2011-07-01,0
84992,2011-07-02,0
84992,2011-07-03,0
84992,2011-07-04,0
84992,2011-07-05,25
84992,2011-07-06,6
84992,2011-07-07,1477
84992,2011-07-08,25
84992,2011-07-09,0
84992,2011-07-10,4
84992,2011-07-11,4
84992,2011-07-12,0
84992,2011-07-13,3
84992,2011-07-14,0
84992,2011-07-15,48
84992,2011-07-16,0
84992,2011-07-17,0
84992,2011-07-18,55
84992,2011-07-19,48
84992,2011-07-20,26
84992,2011-07-21,72
84992,2011-07-22,0
84992,2011-07-23,0
84992,2011-07-24,4
84992,2011-07-25,0
84992,2011-07-26,6
84992,2011-07-27,48
84992,2011-07-28,0
84992,2011-07-29,24
84992,2011-07-30,0
84992,2011-07-31,30
84992,2011-08-01,72
84992,2011-08-02,24
84992,2011-08-03,54
84992,2011-08-04,120
84992,2011-08-05,0
84992,2011-08-06,0
84992,2011-08-07,3
84992,2011-08-08,74
84992,2011-08-09,24
84992,2011-08-10,0
84992,2011-08-11,3
84992,2011-08-12,1
84992,2011-08-13,0
84992,2011-08-14,5
84992,2011-08-15,24
84992,2011-08-16,0
84992,2011-08-17,25
84992,2011-08-18,37
84992,2011-08-19,0
84992,2011-08-20,0
84992,2011-08-21,3
84992,2011-08-22,0
84992,2011-08-23,48
84992,2011-08-24,4
84992,2011-08-25,2
84992,2011-08-26,48
84992,2011-08-27,0
84992,2011-08-28,24
84992,2011-08-29,0
84992,2011-08-30,29
84992,2011-08-31,15
84992,2011-09-01,72
84992,2011-09-02,49
84992,2011-09-03,0
84992,2011-09-04,27
84992,2011-09-05,122
84992,2011-09-06,0
84992,2011-09-07,0
84992,2011-09-08,31
84992,2011-09-09,2
84992,2011-09-10,0
84992,2011-09-11,52
84992,2011-09-12,0
84992,2011-09-13,600
84992,2011-09-14,0
84992,2011-09-15,3
84992,2011-09-16,48
84992,2011-09-17,0
84992,2011-09-18,4
84992,2011-09-19,120
84992,2011-09-20,72
84992,2011-09-21,30
84992,2011-09-22,48
84992,2011-09-23,52
84992,2011-09-24,0
84992,2011-09-25,38
84992,2011-09-26,29
84992,2011-09-27,24
84992,2011-09-28,4
84992,2011-09-29,75
84992,2011-09-30,0
84992,2011-10-01,0
84992,2011-10-02,3
84992,2011-10-03,24
84992,2011-10-04,26
84992,2011-10-05,1
84992,2011-10-06,56
84992,2011-10-07,102
84992,2011-10-08,0
84992,2011-10-09,0
84992,2011-10-10,6
84992,2011-10-11,26
84992,2011-10-12,1
84992,2011-10-13,72
84992,2011-10-14,0
84992,2011-10-15,0
84992,2011-10-16,0
84992,2011-10-17,31
84992,2011-10-18,25
84992,2011-10-19,24
84992,2011-10-20,144
84992,2011-10-21,0
84992,2011-10-22,0
84992,2011-10-23,4
84992,2011-10-24,5
84992,2011-10-25,6
84992,2011-10-26,12
84992,2011-10-27,8
84992,2011-10-28,244
84992,2011-10-29,0
84992,2011-10-30,0
84992,2011-10-31,58
84992,2011-11-01,0
84992,2011-11-02,3
84992,2011-11-03,0
84992,2011-11-04,3
84992,2011-11-05,0
84992,2011-11-06,26
84992,2011-11-07,24
84992,2011-11-08,10
84992,2011-11-09,24
84992,2011-11-10,30
84992,2011-11-11,10
84992,2011-11-12,0
84992,2011-11-13,37
84992,2011-11-14,57
84992,2011-11-15,148
84992,2011-11-16,249
84992,2011-11-17,5
84992,2011-11-18,4
84992,2011-11-19,0
84992,2011-11-20,9
84992,2011-11-21,3
84992,2011-11-22,34
84992,2011-11-23,33
84992,2011-11-24,27
84992,2011-11-25,0
84992,2011-11-26,0
84992,2011-11-27,9
84992,2011-11-28,27
84992,2011-11-29,27
84992,2011-11-30,121
84992,2011-12-01,1
84992,2011-12-02,29
84992,2011-12-03,0
84992,2011-12-04,4
84992,2011-12-05,58
84992,2011-12-06,4
84992,2011-12-07,78
84992,2011-12-08,35
21982,2009-12-01,0
21982,2009-12-02,0
21982,2009-12-03,0
21982,2009-12-04,0
21982,2009-12-05,0
21982,2009-12-06,0
21982,2009-12-07,3
21982,2009-12-08,0
21982,2009-12-09,6
21982,2009-12-10,0
21982,2009-12-11,0
21982,2009-12-12,0
21982,2009-12-13,0
21982,2009-12-14,0
21982,2009-12-15,0
21982,2009-12-16,0
21982,2009-12-17,2
21982,2009-12-18,0
21982,2009-12-19,0
21982,2009-12-20,0
21982,2009-12-21,0
21982,2009-12-22,0
21982,2009-12-23,0
21982,2009-12-24,0
21982,2009-12-25,0
21982,2009-12-26,0
21982,2009-12-27,0
21982,2009-12-28,0
21982,2009-12-29,0
21982,2009-12-30,0
21982,2009-12-31,0
21982,2010-01-01,0
21982,2010-01-02,0
21982,2010-01-03,0
21982,2010-01-04,0
21982,2010-01-05,0
21982,2010-01-06,0
21982,2010-01-07,0
21982,2010-01-08,0
21982,2010-01-09,0
21982,2010-01-10,0
21982,2010-01-11,0
21982,2010-01-12,0
21982,2010-01-13,0
21982,2010-01-14,0
21982,2010-01-15,0
21982,2010-01-16,0
21982,2010-01-17,0
21982,2010-01-18,0
21982,2010-01-19,0
21982,2010-01-20,0
21982,2010-01-21,0
21982,2010-01-22,0
21982,2010-01-23,0
21982,2010-01-24,0
21982,2010-01-25,0
21982,2010-01-26,0
21982,2010-01-27,0
21982,2010-01-28,0
21982,2010-01-29,0
21982,2010-01-30,0
21982,2010-01-31,0
21982,2010-02-01,0
21982,2010-02-02,0
21982,2010-02-03,0
21982,2010-02-04,0
21982,2010-02-05,0
21982,2010-02-06,0
21982,2010-02-07,0
21982,2010-02-08,0
21982,2010-02-09,0
21982,2010-02-10,0
21982,2010-02-11,0
21982,2010-02-12,0
21982,2010-02-13,0
21982,2010-02-14,0
21982,2010-02-15,0
21982,2010-02-16,0
21982,2010-02-17,0
21982,2010-02-18,0
21982,2010-02-19,0
21982,2010-02-20,0
21982,2010-02-21,0
21982,2010-02-22,0
21982,2010-02-23,0
21982,2010-02-24,0
21982,2010-02-25,0
21982,2010-02-26,0
21982,2010-02-27,0
21982,2010-02-28,0
21982,2010-03-01,0
21982,2010-03-02,0
21982,2010-03-03,0
21982,2010-03-04,0
21982,2010-03-05,0
21982,2010-03-06,0
21982,2010-03-07,0
21982,2010-03-08,0
21982,2010-03-09,0
21982,2010-03-10,0
21982,2010-03-11,12
21982,2010-03-12,50
21982,2010-03-13,0
21982,2010-03-14,0
21982,2010-03-15,48
21982,2010-03-16,26
21982,2010-03-17,12
21982,2010-03-18,1
21982,2010-03-19,49
21982,2010-03-20,0
21982,2010-03-21,24
21982,2010-03-22,60
21982,2010-03-23,10800
21982,2010-03-24,4
21982,2010-03-25,432
21982,2010-03-26,2
21982,2010-03-27,0
21982,2010-03-28,116
21982,2010-03-29,121
21982,2010-03-30,1
21982,2010-03-31,48
21982,2010-04-01,49
21982,2010-04-02,0
21982,2010-04-03,0
21982,2010-04-04,0
21982,2010-04-05,0
21982,2010-04-06,0
21982,2010-04-07,1
21982,2010-04-08,145
21982,2010-04-09,0
21982,2010-04-10,0
21982,2010-04-11,108
21982,2010-04-12,60
21982,2010-04-13,62
21982,2010-04-14,49
21982,2010-04-15,12
21982,2010-04-16,0
21982,2010-04-17,0
21982,2010-04-18,0
21982,2010-04-19,4
21982,2010-04-20,48
21982,2010-04-21,1
21982,2010-04-22,48
21982,2010-04-23,0
21982,2010-04-24,0
21982,2010-04-25,48
21982,2010-04-26,481
21982,2010-04-27,50
21982,2010-04-28,192
21982,2010-04-29,0
21982,2010-04-30,15
21982,2010-05-01,0
21982,2010-05-02,0
21982,2010-05-03,0
21982,2010-05-04,0
21982,2010-05-05,0
21982,2010-05-06,24
21982,2010-05-07,48
21982,2010-05-08,0
21982,2010-05-09,0
21982,2010-05-10,0
21982,2010-05-11,0
21982,2010-05-12,96
21982,2010-05-13,0
21982,2010-05-14,48
21982,2010-05-15,0
21982,2010-05-16,3
21982,2010-05-17,48
21982,2010-05-18,5015
21982,2010-05-19,49
21982,2010-05-20,84
21982,2010-05-21,3
21982,2010-05-22,0
21982,2010-05-23,48
21982,2010-05-24,145
21982,2010-05-25,12
21982,2010-05-26,0
21982,2010-05-27,1
21982,2010-05-28,1
21982,2010-05-29,0
21982,2010-05-30,0
21982,2010-05-31,0
21982,2010-06-01,2
21982,2010-06-02,1
21982,2010-06-03,56
21982,2010-06-04,3
21982,2010-06-05,0
21982,2010-06-06,12
21982,2010-06-07,108
21982,2010-06-08,12
21982,2010-06-09,48
21982,2010-06-10,0
21982,2010-06-11,60
21982,2010-06-12,0
21982,2010-06-13,24
21982,2010-06-14,0
21982,2010-06-15,84
21982,2010-06-16,0
21982,2010-06-17,1
21982,2010-06-18,2
21982,2010-06-19,0
21982,2010-06-20,0
21982,2010-06-21,48
21982,2010-06-22,96
21982,2010-06-23,49
21982,2010-06-24,48
21982,2010-06-25,0
21982,2010-06-26,0
21982,2010-06-27,0
21982,2010-06-28,0
21982,2010-06-29,48
21982,2010-06-30,484
21982,2010-07-01,48
21982,2010-07-02,12
21982,2010-07-03,0
21982,2010-07-04,24
21982,2010-07-05,16
21982,2010-07-06,1
21982,2010-07-07,109
21982,2010-07-08,50
21982,2010-07-09,30
21982,2010-07-10,0
21982,2010-07-11,0
21982,2010-07-12,0
21982,2010-07-13,0
21982,2010-07-14,0
21982,2010-07-15,12
21982,2010-07-16,0
21982,2010-07-17,0
21982,2010-07-18,0
21982,2010-07-19,109
21982,2010-07-20,3
21982,2010-07-21,0
21982,2010-07-22,48
21982,2010-07-23,55
21982,2010-07-24,0
21982,2010-07-25,12
21982,2010-07-26,12
21982,2010-07-27,0
21982,2010-07-28,36
21982,2010-07-29,3
21982,2010-07-30,48
21982,2010-07-31,0
21982,2010-08-01,0
21982,2010-08-02,0
21982,2010-08-03,0
21982,2010-08-04,0
21982,2010-08-05,1
21982,2010-08-06,0
21982,2010-08-07,0
21982,2010-08-08,0
21982,2010-08-09,1
21982,2010-08-10,3
21982,2010-08-11,0
21982,2010-08-12,13
21982,2010-08-13,12
21982,2010-08-14,0
21982,2010-08-15,0
21982,2010-08-16,216
21982,2010-08-17,48
21982,2010-08-18,3
21982,2010-08-19,55
21982,2010-08-20,6
21982,2010-08-21,0
21982,2010-08-22,0
21982,2010-08-23,25
21982,2010-08-24,24
21982,2010-08-25,74
21982,2010-08-26,0
21982,2010-08-27,4
21982,2010-08-28,0
21982,2010-08-29,0
21982,2010-08-30,0
21982,2010-08-31,1
21982,2010-09-01,3
21982,2010-09-02,0
21982,2010-09-03,48
21982,2010-09-04,0
21982,2010-09-05,48
21982,2010-09-06,9
21982,2010-09-07,0
21982,2010-09-08,0
21982,2010-09-09,0
21982,2010-09-10,61
21982,2010-09-11,0
21982,2010-09-12,5
21982,2010-09-13,50
21982,2010-09-14,0
21982,2010-09-15,12
21982,2010-09-16,0
21982,2010-09-17,24
21982,2010-09-18,0
21982,2010-09-19,24
21982,2010-09-20,36
21982,2010-09-21,51
21982,2010-09-22,50
21982,2010-09-23,14
21982,2010-09-24,4
21982,2010-09-25,0
21982,2010-09-26,0
21982,2010-09-27,84
21982,2010-09-28,30
21982,2010-09-29,0
21982,2010-09-30,16
21982,2010-10-01,8
21982,2010-10-02,0
21982,2010-10-03,48
21982,2010-10-04,27
21982,2010-10-05,25
21982,2010-10-06,72
21982,2010-10-07,38
21982,2010-10-08,25
21982,2010-10-09,0
21982,2010-10-10,0
21982,2010-10-11,28
21982,2010-10-12,37
21982,2010-10-13,0
21982,2010-10-14,24
21982,2010-10-15,24
21982,2010-10-16,0
21982,2010-10-17,78
21982,2010-10-18,37
21982,2010-10-19,444
21982,2010-10-20,74
21982,2010-10-21,25
21982,2010-10-22,0
21982,2010-10-23,0
21982,2010-10-24,74
21982,2010-10-25,25
21982,2010-10-26,0
21982,2010-10-27,5
21982,2010-10-28,24
21982,2010-10-29,24
21982,2010-10-30,0
21982,2010-10-31,16
21982,2010-11-01,2
21982,2010-11-02,12
21982,2010-11-03,0
21982,2010-11-04,64
21982,2010-11-05,73
21982,2010-11-06,0
21982,2010-11-07,36
21982,2010-11-08,187
21982,2010-11-09,36
21982,2010-11-10,40
21982,2010-11-11,45
21982,2010-11-12,72
21982,2010-11-13,0
21982,2010-11-14,24
21982,2010-11-15,144
21982,2010-11-16,69
21982,2010-11-17,73
21982,2010-11-18,5
21982,2010-11-19,4
21982,2010-11-20,0
21982,2010-11-21,46
21982,2010-11-22,10
21982,2010-11-23,28
21982,2010-11-24,19
21982,2010-11-25,474
21982,2010-11-26,21
21982,2010-11-27,0
21982,2010-11-28,452
21982,2010-11-29,67
21982,2010-11-30,60
21982,2010-12-01,75
21982,2010-12-02,26
21982,2010-12-03,6
21982,2010-12-04,0
21982,2010-12-05,51
21982,2010-12-06,38
21982,2010-12-07,7
21982,2010-12-08,78
21982,2010-12-09,5
21982,2010-12-10,32
21982,2010-12-11,0
21982,2010-12-12,4
21982,2010-12-13,4
21982,2010-12-14,24
21982,2010-12-15,14
21982,2010-12-16,144
21982,2010-12-17,4
21982,2010-12-18,0
21982,2010-12-19,0
21982,2010-12-20,50
21982,2010-12-21,1
21982,2010-12-22,0
21982,2010-12-23,24
21982,2010-12-24,0
21982,2010-12-25,0
21982,2010-12-26,0
21982,2010-12-27,0
21982,2010-12-28,0
21982,2010-12-29,0
21982,2010-12-30,0
21982,2010-12-31,0
21982,2011-01-01,0
21982,2011-01-02,0
21982,2011-01-03,0
21982,2011-01-04,0
21982,2011-01-05,144
21982,2011-01-06,48
21982,2011-01-07,13
21982,2011-01-08,0
21982,2011-01-09,0
21982,2011-01-10,0
21982,2011-01-11,0
21982,2011-01-12,2
21982,2011-01-13,1
21982,2011-01-14,12
21982,2011-01-15,0
21982,2011-01-16,0
21982,2011-01-17,2
21982,2011-01-18,0
21982,2011-01-19,108
21982,2011-01-20,1
21982,2011-01-21,1
21982,2011-01-22,0
21982,2011-01-23,0
21982,2011-01-24,0
21982,2011-01-25,0
21982,2011-01-26,48
21982,2011-01-27,2
21982,2011-01-28,0
21982,2011-01-29,0
21982,2011-01-30,4
21982,2011-01-31,0
21982,2011-02-01,0
21982,2011-02-02,2
21982,2011-02-03,0
21982,2011-02-04,0
21982,2011-02-05,0
21982,2011-02-06,0
21982,2011-02-07,0
21982,2011-02-08,0
21982,2011-02-09,1
21982,2011-02-10,1296
21982,2011-02-11,0
21982,2011-02-12,0
21982,2011-02-13,0
21982,2011-02-14,0
21982,2011-02-15,0
21982,2011-02-16,0
21982,2011-02-17,43
21982,2011-02-18,24
21982,2011-02-19,0
21982,2011-02-20,0
21982,2011-02-21,24
21982,2011-02-22,0
21982,2011-02-23,12
21982,2011-02-24,48
21982,2011-02-25,0
21982,2011-02-26,0
21982,2011-02-27,0
21982,2011-02-28,0
21982,2011-03-01,0
21982,2011-03-02,24
21982,2011-03-03,1
21982,2011-03-04,12
21982,2011-03-05,0
21982,2011-03-06,0
21982,2011-03-07,1
21982,2011-03-08,0
21982,2011-03-09,12
21982,2011-03-10,0
21982,2011-03-11,24
21982,2011-03-12,0
21982,2011-03-13,0
21982,2011-03-14,0
21982,2011-03-15,24
21982,2011-03-16,24
21982,2011-03-17,12
21982,2011-03-18,2
21982,2011-03-19,0
21982,2011-03-20,37
21982,2011-03-21,98
21982,2011-03-22,4
21982,2011-03-23,0
21982,2011-03-24,0
21982,2011-03-25,0
21982,2011-03-26,0
21982,2011-03-27,0
21982,2011-03-28,24
21982,2011-03-29,68
21982,2011-03-30,14
21982,2011-03-31,24
21982,2011-04-01,60
21982,2011-04-02,0
21982,2011-04-03,7
21982,2011-04-04,0
21982,2011-04-05,888
21982,2011-04-06,0
21982,2011-04-07,72
21982,2011-04-08,36
21982,2011-04-09,0
21982,2011-04-10,0
21982,2011-04-11,6
21982,2011-04-12,0
21982,2011-04-13,60
21982,2011-04-14,24
21982,2011-04-15,0
21982,2011-04-16,0
21982,2011-04-17,0
21982,2011-04-18,0
21982,2011-04-19,0
21982,2011-04-20,24
21982,2011-04-21,2
21982,2011-04-22,0
21982,2011-04-23,0
21982,2011-04-24,0
21982,2011-04-25,0
21982,2011-04-26,12
21982,2011-04-27,12
21982,2011-04-28,96
21982,2011-04-29,0
21982,2011-04-30,0
21982,2011-05-01,24
21982,2011-05-02,0
21982,2011-05-03,0
21982,2011-05-04,0
21982,2011-05-05,24
21982,2011-05-06,48
21982,2011-05-07,0
21982,2011-05-08,12
21982,2011-05-09,24
21982,2011-05-10,27
21982,2011-05-11,24
21982,2011-05-12,12
21982,2011-05-13,6
21982,2011-05-14,0
21982,2011-05-15,0
21982,2011-05-16,36
21982,2011-05-17,36
21982,2011-05-18,456
21982,2011-05-19,75
21982,2011-05-20,0
21982,2011-05-21,0
21982,2011-05-22,0
21982,2011-05-23,24
21982,2011-05-24,0
21982,2011-05-25,0
21982,2011-05-26,0
21982,2011-05-27,0
21982,2011-05-28,0
21982,2011-05-29,0
21982,2011-05-30,0
21982,2011-05-31,5
21982,2011-06-01,25
21982,2011-06-02,1
21982,2011-06-03,0
21982,2011-06-04,0
21982,2011-06-05,48
21982,2011-06-06,0
21982,2011-06-07,0
21982,2011-06-08,24
21982,2011-06-09,24
21982,2011-06-10,24
21982,2011-06-11,0
21982,2011-06-12,6
21982,2011-06-13,25
21982,2011-06-14,24
21982,2011-06-15,2
21982,2011-06-16,1
21982,2011-06-17,0
21982,2011-06-18,0
21982,2011-06-19,0
21982,2011-06-20,7
21982,2011-06-21,0
21982,2011-06-22,0
21982,2011-06-23,2
21982,2011-06-24,1
21982,2011-06-25,0
21982,2011-06-26,0
21982,2011-06-27,0
21982,2011-06-28,0
21982,2011-06-29,0
21982,2011-06-30,12
21982,2011-07-01,0
21982,2011-07-02,0
21982,2011-07-03,0
21982,2011-07-04,0
21982,2011-07-05,0
21982,2011-07-06,0
21982,2011-07-07,24
21982,2011-07-08,0
21982,2011-07-09,0
21982,2011-07-10,0
21982,2011-07-11,2
21982,2011-07-12,1
21982,2011-07-13,1
21982,2011-07-14,1
21982,2011-07-15,2
21982,2011-07-16,0
21982,2011-07-17,0
21982,2011-07-18,26
21982,2011-07-19,38
21982,2011-07-20,26
21982,2011-07-21,0
21982,2011-07-22,24
21982,2011-07-23,0
21982,2011-07-24,39
21982,2011-07-25,60
21982,2011-07-26,0
21982,2011-07-27,1
21982,2011-07-28,0
21982,2011-07-29,0
21982,2011-07-30,0
21982,2011-07-31,25
21982,2011-08-01,24
21982,2011-08-02,24
21982,2011-08-03,6
21982,2011-08-04,25
21982,2011-08-05,12
21982,2011-08-06,0
21982,2011-08-07,20
21982,2011-08-08,0
21982,2011-08-09,24
21982,2011-08-10,27
21982,2011-08-11,0
21982,2011-08-12,2
21982,2011-08-13,0
21982,2011-08-14,0
21982,2011-08-15,0
21982,2011-08-16,24
21982,2011-08-17,30
21982,2011-08-18,0
21982,2011-08-19,24
21982,2011-08-20,0
21982,2011-08-21,1
21982,2011-08-22,0
21982,2011-08-23,28
21982,2011-08-24,1
21982,2011-08-25,36
21982,2011-08-26,48
21982,2011-08-27,0
21982,2011-08-28,0
21982,2011-08-29,0
21982,2011-08-30,0
21982,2011-08-31,25
21982,2011-09-01,1
21982,2011-09-02,2
21982,2011-09-03,0
21982,2011-09-04,0
21982,2011-09-05,84
21982,2011-09-06,30
21982,2011-09-07,24
21982,2011-09-08,24
21982,2011-09-09,24
21982,2011-09-10,0
21982,2011-09-11,0
21982,2011-09-12,25
21982,2011-09-13,6
21982,2011-09-14,13
21982,2011-09-15,0
21982,2011-09-16,36
21982,2011-09-17,0
21982,2011-09-18,12
21982,2011-09-19,0
21982,2011-09-20,0
21982,2011-09-21,7
21982,2011-09-22,48
21982,2011-09-23,30
21982,2011-09-24,0
21982,2011-09-25,1
21982,2011-09-26,30
21982,2011-09-27,2
21982,2011-09-28,1
21982,2011-09-29,0
21982,2011-09-30,2
21982,2011-10-01,0
21982,2011-10-02,0
21982,2011-10-03,1
21982,2011-10-04,0
21982,2011-10-05,0
21982,2011-10-06,0
21982,2011-10-07,5
21982,2011-10-08,0
21982,2011-10-09,2
21982,2011-10-10,3
21982,2011-10-11,12
21982,2011-10-12,0
21982,2011-10-13,48
21982,2011-10-14,49
21982,2011-10-15,0
21982,2011-10-16,0
21982,2011-10-17,16
21982,2011-10-18,14
21982,2011-10-19,8
21982,2011-10-20,0
21982,2011-10-21,0
21982,2011-10-22,0
21982,2011-10-23,3
21982,2011-10-24,34
21982,2011-10-25,84
21982,2011-10-26,0
21982,2011-10-27,9
21982,2011-10-28,0
21982,2011-10-29,0
21982,2011-10-30,4
21982,2011-10-31,38
21982,2011-11-01,72
21982,2011-11-02,1
21982,2011-11-03,458
21982,2011-11-04,36
21982,2011-11-05,0
21982,2011-11-06,8
21982,2011-11-07,0
21982,2011-11-08,10
21982,2011-11-09,0
21982,2011-11-10,28
21982,2011-11-11,20
21982,2011-11-12,0
21982,2011-11-13,13
21982,2011-11-14,8
21982,2011-11-15,17
21982,2011-11-16,15
21982,2011-11-17,42
21982,2011-11-18,70
21982,2011-11-19,0
21982,2011-11-20,14
21982,2011-11-21,3
21982,2011-11-22,3
21982,2011-11-23,32
21982,2011-11-24,16
21982,2011-11-25,41
21982,2011-11-26,0
21982,2011-11-27,2
21982,2011-11-28,9
21982,2011-11-29,6
21982,2011-11-30,1
21982,2011-12-01,6
21982,2011-12-02,5
21982,2011-12-03,0
21982,2011-12-04,0
21982,2011-12-05,33
21982,2011-12-06,30
21982,2011-12-07,0
21982,2011-12-08,42
22386,2009-12-01,0
22386,2009-12-02,0
22386,2009-12-03,0
22386,2009-12-04,0
22386,2009-12-05,0
22386,2009-12-06,0
22386,2009-12-07,0
22386,2009-12-08,0
22386,2009-12-09,0
22386,2009-12-10,0
22386,2009-12-11,0
22386,2009-12-12,0
22386,2009-12-13,0
22386,2009-12-14,0
22386,2009-12-15,0
22386,2009-12-16,0
22386,2009-12-17,0
22386,2009-12-18,0
22386,2009-12-19,0
22386,2009-12-20,0
22386,2009-12-21,0
22386,2009-12-22,0
22386,2009-12-23,0
22386,2009-12-24,0
22386,2009-12-25,0
22386,2009-12-26,0
22386,2009-12-27,0
22386,2009-12-28,0
22386,2009-12-29,0
22386,2009-12-30,0
22386,2009-12-31,0
22386,2010-01-01,0
22386,2010-01-02,0
22386,2010-01-03,0
22386,2010-01-04,0
22386,2010-01-05,0
22386,2010-01-06,0
22386,2010-01-07,0
22386,2010-01-08,0
22386,2010-01-09,0
22386,2010-01-10,0
22386,2010-01-11,0
22386,2010-01-12,0
22386,2010-01-13,0
22386,2010-01-14,0
22386,2010-01-15,0
22386,2010-01-16,0
22386,2010-01-17,0
22386,2010-01-18,0
22386,2010-01-19,0
22386,2010-01-20,0
22386,2010-01-21,0
22386,2010-01-22,0
22386,2010-01-23,0
22386,2010-01-24,0
22386,2010-01-25,0
22386,2010-01-26,0
22386,2010-01-27,0
22386,2010-01-28,0
22386,2010-01-29,114
22386,2010-01-30,0
22386,2010-01-31,0
22386,2010-02-01,12
22386,2010-02-02,12
22386,2010-02-03,138
22386,2010-02-04,43
22386,2010-02-05,113
22386,2010-02-06,0
22386,2010-02-07,20
22386,2010-02-08,40
22386,2010-02-09,165
22386,2010-02-10,2
22386,2010-02-11,41
22386,2010-02-12,32
22386,2010-02-13,0
22386,2010-02-14,34
22386,2010-02-15,230
22386,2010-02-16,115
22386,2010-02-17,105
22386,2010-02-18,230
22386,2010-02-19,12
22386,2010-02-20,0
22386,2010-02-21,28
22386,2010-02-22,32
22386,2010-02-23,42
22386,2010-02-24,266
22386,2010-02-25,166
22386,2010-02-26,32
22386,2010-02-27,0
22386,2010-02-28,13
22386,2010-03-01,10
22386,2010-03-02,50
22386,2010-03-03,43
22386,2010-03-04,73
22386,2010-03-05,100
22386,2010-03-06,0
22386,2010-03-07,30
22386,2010-03-08,33
22386,2010-03-09,142
22386,2010-03-10,5
22386,2010-03-11,108
22386,2010-03-12,101
22386,2010-03-13,0
22386,2010-03-14,16
22386,2010-03-15,12
22386,2010-03-16,13
22386,2010-03-17,40
22386,2010-03-18,51
22386,2010-03-19,12
22386,2010-03-20,0
22386,2010-03-21,51
22386,2010-03-22,40
22386,2010-03-23,33
22386,2010-03-24,83
22386,2010-03-25,231
22386,2010-03-26,13
22386,2010-03-27,0
22386,2010-03-28,67
22386,2010-03-29,143
22386,2010-03-30,68
22386,2010-03-31,0
22386,2010-04-01,120
22386,2010-04-02,0
22386,2010-04-03,0
22386,2010-04-04,0
22386,2010-04-05,0
22386,2010-04-06,0
22386,2010-04-07,20
22386,2010-04-08,134
22386,2010-04-09,10
22386,2010-04-10,0
22386,2010-04-11,0
22386,2010-04-12,120
22386,2010-04-13,10
22386,2010-04-14,3
22386,2010-04-15,27
22386,2010-04-16,30
22386,2010-04-17,0
22386,2010-04-18,28
22386,2010-04-19,43
22386,2010-04-20,9
22386,2010-04-21,56
22386,2010-04-22,72
22386,2010-04-23,51
22386,2010-04-24,0
22386,2010-04-25,17
22386,2010-04-26,57
22386,2010-04-27,174
22386,2010-04-28,45
22386,2010-04-29,32
22386,2010-04-30,61
22386,2010-05-01,0
22386,2010-05-02,17
22386,2010-05-03,0
22386,2010-05-04,128
22386,2010-05-05,17
22386,2010-05-06,214
22386,2010-05-07,381
22386,2010-05-08,0
22386,2010-05-09,11
22386,2010-05-10,66
22386,2010-05-11,23
22386,2010-05-12,102
22386,2010-05-13,44
22386,2010-05-14,23
22386,2010-05-15,0
22386,2010-05-16,42
22386,2010-05-17,201
22386,2010-05-18,2
22386,2010-05-19,0
22386,2010-05-20,34
22386,2010-05-21,222
22386,2010-05-22,0
22386,2010-05-23,53
22386,2010-05-24,33
22386,2010-05-25,107
22386,2010-05-26,60
22386,2010-05-27,48
22386,2010-05-28,30
22386,2010-05-29,0
22386,2010-05-30,1
22386,2010-05-31,0
22386,2010-06-01,11
22386,2010-06-02,10
22386,2010-06-03,133
22386,2010-06-04,40
22386,2010-06-05,0
22386,2010-06-06,42
22386,2010-06-07,52
22386,2010-06-08,37
22386,2010-06-09,241
22386,2010-06-10,34
22386,2010-06-11,53
22386,2010-06-12,0
22386,2010-06-13,12
22386,2010-06-14,17
22386,2010-06-15,48
22386,2010-06-16,3
22386,2010-06-17,159
22386,2010-06-18,130
22386,2010-06-19,0
22386,2010-06-20,5
22386,2010-06-21,22
22386,2010-06-22,50
22386,2010-06-23,160
22386,2010-06-24,141
22386,2010-06-25,85
22386,2010-06-26,0
22386,2010-06-27,2
22386,2010-06-28,261
22386,2010-06-29,192
22386,2010-06-30,53
22386,2010-07-01,46
22386,2010-07-02,40
22386,2010-07-03,0
22386,2010-07-04,6
22386,2010-07-05,139
22386,2010-07-06,4
22386,2010-07-07,114
22386,2010-07-08,20
22386,2010-07-09,32
22386,2010-07-10,0
22386,2010-07-11,22
22386,2010-07-12,28
22386,2010-07-13,14
22386,2010-07-14,107
22386,2010-07-15,23
22386,2010-07-16,42
22386,2010-07-17,0
22386,2010-07-18,26
22386,2010-07-19,60
22386,2010-07-20,365
22386,2010-07-21,45
22386,2010-07-22,48
22386,2010-07-23,204
22386,2010-07-24,0
22386,2010-07-25,7
22386,2010-07-26,10
22386,2010-07-27,12
22386,2010-07-28,56
22386,2010-07-29,55
22386,2010-07-30,20
22386,2010-07-31,0
22386,2010-08-01,18
22386,2010-08-02,43
22386,2010-08-03,36
22386,2010-08-04,120
22386,2010-08-05,131
22386,2010-08-06,10
22386,2010-08-07,0
22386,2010-08-08,14
22386,2010-08-09,0
22386,2010-08-10,133
22386,2010-08-11,34
22386,2010-08-12,36
22386,2010-08-13,121
22386,2010-08-14,0
22386,2010-08-15,136
22386,2010-08-16,14
22386,2010-08-17,123
22386,2010-08-18,122
22386,2010-08-19,64
22386,2010-08-20,222
22386,2010-08-21,0
22386,2010-08-22,132
22386,2010-08-23,60
22386,2010-08-24,31
22386,2010-08-25,107
22386,2010-08-26,56
22386,2010-08-27,45
22386,2010-08-28,0
22386,2010-08-29,39
22386,2010-08-30,0
22386,2010-08-31,16
22386,2010-09-01,33
22386,2010-09-02,129
22386,2010-09-03,424
22386,2010-09-04,0
22386,2010-09-05,50
22386,2010-09-06,33
22386,2010-09-07,451
22386,2010-09-08,45
22386,2010-09-09,42
22386,2010-09-10,23
22386,2010-09-11,0
22386,2010-09-12,23
22386,2010-09-13,51
22386,2010-09-14,102
22386,2010-09-15,50
22386,2010-09-16,60
22386,2010-09-17,17
22386,2010-09-18,0
22386,2010-09-19,25
22386,2010-09-20,120
22386,2010-09-21,48
22386,2010-09-22,12
22386,2010-09-23,39
22386,2010-09-24,122
22386,2010-09-25,0
22386,2010-09-26,13
22386,2010-09-27,16
22386,2010-09-28,142
22386,2010-09-29,120
22386,2010-09-30,132
22386,2010-10-01,41
22386,2010-10-02,0
22386,2010-10-03,67
22386,2010-10-04,1
22386,2010-10-05,43
22386,2010-10-06,110
22386,2010-10-07,23
22386,2010-10-08,43
22386,2010-10-09,0
22386,2010-10-10,38
22386,2010-10-11,432
22386,2010-10-12,30
22386,2010-10-13,141
22386,2010-10-14,240
22386,2010-10-15,54
22386,2010-10-16,0
22386,2010-10-17,20
22386,2010-10-18,26
22386,2010-10-19,36
22386,2010-10-20,14
22386,2010-10-21,32
22386,2010-10-22,4
22386,2010-10-23,0
22386,2010-10-24,32
22386,2010-10-25,26
22386,2010-10-26,50
22386,2010-10-27,0
22386,2010-10-28,21
22386,2010-10-29,23
22386,2010-10-30,0
22386,2010-10-31,17
22386,2010-11-01,5
22386,2010-11-02,14
22386,2010-11-03,135
22386,2010-11-04,36
22386,2010-11-05,115
22386,2010-11-06,0
22386,2010-11-07,42
22386,2010-11-08,128
22386,2010-11-09,43
22386,2010-11-10,30
22386,2010-11-11,387
22386,2010-11-12,29
22386,2010-11-13,0
22386,2010-11-14,42
22386,2010-11-15,442
22386,2010-11-16,20
22386,2010-11-17,32
22386,2010-11-18,25
22386,2010-11-19,42
22386,2010-11-20,0
22386,2010-11-21,138
22386,2010-11-22,35
22386,2010-11-23,15
22386,2010-11-24,117
22386,2010-11-25,70
22386,2010-11-26,30
22386,2010-11-27,0
22386,2010-11-28,6
22386,2010-11-29,53
22386,2010-11-30,101
22386,2010-12-01,45
22386,2010-12-02,23
22386,2010-12-03,23
22386,2010-12-04,0
22386,2010-12-05,17
22386,2010-12-06,20
22386,2010-12-07,14
22386,2010-12-08,213
22386,2010-12-09,18
22386,2010-12-10,1
22386,2010-12-11,0
22386,2010-12-12,4
22386,2010-12-13,10
22386,2010-12-14,11
22386,2010-12-15,20
22386,2010-12-16,40
22386,2010-12-17,25
22386,2010-12-18,0
22386,2010-12-19,1
22386,2010-12-20,0
22386,2010-12-21,9
22386,2010-12-22,0
22386,2010-12-23,0
22386,2010-12-24,0
22386,2010-12-25,0
22386,2010-12-26,0
22386,2010-12-27,0
22386,2010-12-28,0
22386,2010-12-29,0
22386,2010-12-30,0
22386,2010-12-31,0
22386,2011-01-01,0
22386,2011-01-02,0
22386,2011-01-03,0
22386,2011-01-04,30
22386,2011-01-05,200
22386,2011-01-06,45
22386,2011-01-07,234
22386,2011-01-08,0
22386,2011-01-09,34
22386,2011-01-10,20
22386,2011-01-11,10
22386,2011-01-12,3
22386,2011-01-13,213
22386,2011-01-14,64
22386,2011-01-15,0
22386,2011-01-16,13
22386,2011-01-17,21
22386,2011-01-18,8
22386,2011-01-19,18
22386,2011-01-20,2
22386,2011-01-21,13
22386,2011-01-22,0
22386,2011-01-23,11
22386,2011-01-24,13
22386,2011-01-25,96
22386,2011-01-26,23
22386,2011-01-27,37
22386,2011-01-28,20
22386,2011-01-29,0
22386,2011-01-30,10
22386,2011-01-31,4
22386,2011-02-01,6
22386,2011-02-02,32
22386,2011-02-03,50
22386,2011-02-04,103
22386,2011-02-05,0
22386,2011-02-06,30
22386,2011-02-07,31
22386,2011-02-08,11
22386,2011-02-09,18
22386,2011-02-10,12
22386,2011-02-11,23
22386,2011-02-12,0
22386,2011-02-13,0
22386,2011-02-14,302
22386,2011-02-15,30
22386,2011-02-16,11
22386,2011-02-17,22
22386,2011-02-18,33
22386,2011-02-19,0
22386,2011-02-20,11
22386,2011-02-21,0
22386,2011-02-22,200
22386,2011-02-23,17
22386,2011-02-24,40
22386,2011-02-25,3
22386,2011-02-26,0
22386,2011-02-27,0
22386,2011-02-28,62
22386,2011-03-01,83
22386,2011-03-02,4
22386,2011-03-03,14
22386,2011-03-04,11
22386,2011-03-05,0
22386,2011-03-06,0
22386,2011-03-07,160
22386,2011-03-08,83
22386,2011-03-09,22
22386,2011-03-10,106
22386,2011-03-11,3
22386,2011-03-12,0
22386,2011-03-13,0
22386,2011-03-14,20
22386,2011-03-15,45
22386,2011-03-16,110
22386,2011-03-17,832
22386,2011-03-18,36
22386,2011-03-19,0
22386,2011-03-20,40
22386,2011-03-21,140
22386,2011-03-22,36
22386,2011-03-23,125
22386,2011-03-24,14
22386,2011-03-25,271
22386,2011-03-26,0
22386,2011-03-27,0
22386,2011-03-28,113
22386,2011-03-29,305
22386,2011-03-30,12
22386,2011-03-31,224
22386,2011-04-01,17
22386,2011-04-02,0
22386,2011-04-03,4
22386,2011-04-04,30
22386,2011-04-05,30
22386,2011-04-06,1
22386,2011-04-07,24
22386,2011-04-08,30
22386,2011-04-09,0
22386,2011-04-10,10
22386,2011-04-11,5
22386,2011-04-12,0
22386,2011-04-13,10
22386,2011-04-14,58
22386,2011-04-15,46
22386,2011-04-16,0
22386,2011-04-17,0
22386,2011-04-18,28
22386,2011-04-19,25
22386,2011-04-20,70
22386,2011-04-21,32
22386,2011-04-22,0
22386,2011-04-23,0
22386,2011-04-24,0
22386,2011-04-25,0
22386,2011-04-26,25
22386,2011-04-27,122
22386,2011-04-28,25
22386,2011-04-29,0
22386,2011-04-30,0
22386,2011-05-01,110
22386,2011-05-02,0
22386,2011-05-03,24
22386,2011-05-04,3
22386,2011-05-05,9
22386,2011-05-06,73
22386,2011-05-07,0
22386,2011-05-08,45
22386,2011-05-09,73
22386,2011-05-10,141
22386,2011-05-11,136
22386,2011-05-12,20
22386,2011-05-13,21
22386,2011-05-14,0
22386,2011-05-15,10
22386,2011-05-16,22
22386,2011-05-17,24
22386,2011-05-18,10
22386,2011-05-19,51
22386,2011-05-20,50
22386,2011-05-21,0
22386,2011-05-22,22
22386,2011-05-23,29
22386,2011-05-24,25
22386,2011-05-25,57
22386,2011-05-26,304
22386,2011-05-27,135
22386,2011-05-28,0
22386,2011-05-29,10
22386,2011-05-30,0
22386,2011-05-31,25
22386,2011-06-01,23
22386,2011-06-02,326
22386,2011-06-03,10
22386,2011-06-04,0
22386,2011-06-05,26
22386,2011-06-06,122
22386,2011-06-07,43
22386,2011-06-08,93
22386,2011-06-09,50
22386,2011-06-10,119
22386,2011-06-11,0
22386,2011-06-12,51
22386,2011-06-13,67
22386,2011-06-14,20
22386,2011-06-15,36
22386,2011-06-16,117
22386,2011-06-17,0
22386,2011-06-18,0
22386,2011-06-19,3
22386,2011-06-20,367
22386,2011-06-21,125
22386,2011-06-22,33
22386,2011-06-23,26
22386,2011-06-24,50
22386,2011-06-25,0
22386,2011-06-26,10
22386,2011-06-27,120
22386,2011-06-28,116
22386,2011-06-29,40
22386,2011-06-30,130
22386,2011-07-01,46
22386,2011-07-02,0
22386,2011-07-03,4
22386,2011-07-04,9
22386,2011-07-05,51
22386,2011-07-06,13
22386,2011-07-07,212
22386,2011-07-08,169
22386,2011-07-09,0
22386,2011-07-10,0
22386,2011-07-11,10
22386,2011-07-12,115
22386,2011-07-13,51
22386,2011-07-14,11
22386,2011-07-15,13
22386,2011-07-16,0
22386,2011-07-17,115
22386,2011-07-18,41
22386,2011-07-19,140
22386,2011-07-20,25
22386,2011-07-21,44
22386,2011-07-22,25
22386,2011-07-23,0
22386,2011-07-24,32
22386,2011-07-25,75
22386,2011-07-26,12
22386,2011-07-27,137
22386,2011-07-28,126
22386,2011-07-29,31
22386,2011-07-30,0
22386,2011-07-31,22
22386,2011-08-01,34
22386,2011-08-02,22
22386,2011-08-03,21
22386,2011-08-04,135
22386,2011-08-05,160
22386,2011-08-06,0
22386,2011-08-07,10
22386,2011-08-08,18
22386,2011-08-09,76
22386,2011-08-10,160
22386,2011-08-11,246
22386,2011-08-12,12
22386,2011-08-13,0
22386,2011-08-14,39
22386,2011-08-15,22
22386,2011-08-16,25
22386,2011-08-17,135
22386,2011-08-18,171
22386,2011-08-19,30
22386,2011-08-20,0
22386,2011-08-21,203
22386,2011-08-22,86
22386,2011-08-23,60
22386,2011-08-24,429
22386,2011-08-25,8
22386,2011-08-26,20
22386,2011-08-27,0
22386,2011-08-28,16
22386,2011-08-29,0
22386,2011-08-30,15
22386,2011-08-31,128
22386,2011-09-01,34
22386,2011-09-02,48
22386,2011-09-03,0
22386,2011-09-04,23
22386,2011-09-05,143
22386,2011-09-06,111
22386,2011-09-07,185
22386,2011-09-08,74
22386,2011-09-09,27
22386,2011-09-10,0
22386,2011-09-11,117
22386,2011-09-12,2
22386,2011-09-13,337
22386,2011-09-14,30
22386,2011-09-15,50
22386,2011-09-16,50
22386,2011-09-17,0
22386,2011-09-18,9
22386,2011-09-19,136
22386,2011-09-20,235
22386,2011-09-21,29
22386,2011-09-22,157
22386,2011-09-23,222
22386,2011-09-24,0
22386,2011-09-25,30
22386,2011-09-26,40
22386,2011-09-27,109
22386,2011-09-28,233
22386,2011-09-29,252
22386,2011-09-30,28
22386,2011-10-01,0
22386,2011-10-02,3
22386,2011-10-03,2
22386,2011-10-04,64
22386,2011-10-05,212
22386,2011-10-06,942
22386,2011-10-07,409
22386,2011-10-08,0
22386,2011-10-09,20
22386,2011-10-10,123
22386,2011-10-11,232
22386,2011-10-12,21
22386,2011-10-13,36
22386,2011-10-14,25
22386,2011-10-15,0
22386,2011-10-16,0
22386,2011-10-17,263
22386,2011-10-18,47
22386,2011-10-19,20
22386,2011-10-20,4
22386,2011-10-21,0
22386,2011-10-22,0
22386,2011-10-23,0
22386,2011-10-24,239
22386,2011-10-25,41
22386,2011-10-26,49
22386,2011-10-27,0
22386,2011-10-28,411
22386,2011-10-29,0
22386,2011-10-30,3
22386,2011-10-31,40
22386,2011-11-01,43
22386,2011-11-02,111
22386,2011-11-03,20
22386,2011-11-04,17
22386,2011-11-05,0
22386,2011-11-06,82
22386,2011-11-07,35
22386,2011-11-08,71
22386,2011-11-09,254
22386,2011-11-10,18
22386,2011-11-11,114
22386,2011-11-12,0
22386,2011-11-13,24
22386,2011-11-14,321
22386,2011-11-15,22
22386,2011-11-16,76
22386,2011-11-17,32
22386,2011-11-18,31
22386,2011-11-19,0
22386,2011-11-20,40
22386,2011-11-21,25
22386,2011-11-22,2
22386,2011-11-23,29
22386,2011-11-24,33
22386,2011-11-25,142
22386,2011-11-26,0
22386,2011-11-27,22
22386,2011-11-28,11
22386,2011-11-29,33
22386,2011-11-30,35
22386,2011-12-01,11
22386,2011-12-02,341
22386,2011-12-03,0
22386,2011-12-04,5
22386,2011-12-05,28
22386,2011-12-06,23
22386,2011-12-07,33
22386,2011-12-08,7
