product_id,first_sale,last_sale,initial_units,active_days,recent_active_days,active_day_fraction,recent_active_day_fraction,eligible,selected
10002,2009-12-01,2011-04-18,8676,225,0,0.35942492012779553,0.0,False,False
10002R,2009-12-02,2010-01-25,4,3,0,0.004792332268370607,0.0,False,False
10080,2009-12-02,2011-08-03,146,13,7,0.020766773162939296,0.07777777777777778,False,False
10109,2009-12-03,2009-12-03,4,1,0,0.001597444089456869,0.0,False,False
10120,2009-12-01,2011-08-02,560,51,2,0.08146964856230032,0.022222222222222223,False,False
10123C,2009-12-01,2011-03-31,653,56,0,0.08945686900958466,0.0,False,False
10123G,2009-12-01,2010-11-29,2251,15,0,0.023961661341853034,0.0,False,False
10124A,2010-03-19,2011-03-27,54,17,0,0.027156549520766772,0.0,False,False
10124G,2010-05-13,2011-03-17,25,8,0,0.012779552715654952,0.0,False,False
10125,2009-12-01,2011-08-11,1712,110,11,0.1757188498402556,0.12222222222222222,False,False
10133,2009-12-01,2011-08-18,3265,175,58,0.2795527156549521,0.6444444444444445,True,False
10134,2009-12-03,2010-11-12,627,45,0,0.07188498402555911,0.0,False,False
10135,2009-12-01,2011-08-18,3828,188,21,0.3003194888178914,0.23333333333333334,False,False
10138,2009-12-02,2010-04-20,261,18,0,0.02875399361022364,0.0,False,False
11001,2009-12-01,2011-08-17,4438,157,30,0.2507987220447284,0.3333333333333333,True,False
15030,2009-12-13,2011-08-17,217,21,6,0.03354632587859425,0.06666666666666667,False,False
15034,2009-12-01,2011-08-18,7415,160,29,0.25559105431309903,0.32222222222222224,True,False
15036,2009-12-01,2011-08-18,41689,366,66,0.5846645367412141,0.7333333333333333,True,True
15039,2009-12-03,2011-08-18,4550,188,36,0.3003194888178914,0.4,True,False
15044A,2009-12-07,2011-08-10,4890,171,31,0.2731629392971246,0.34444444444444444,True,False
15044B,2009-12-01,2011-07-21,1664,148,18,0.2364217252396166,0.2,False,False
15044C,2009-12-01,2011-08-07,907,162,25,0.25878594249201275,0.2777777777777778,False,False
15044D,2009-12-01,2011-08-07,1390,163,24,0.26038338658146964,0.26666666666666666,False,False
15056BL,2009-12-01,2011-08-18,8494,367,51,0.5862619808306709,0.5666666666666667,True,False
15056N,2009-12-01,2011-08-18,10341,409,62,0.6533546325878594,0.6888888888888889,True,False
15056P,2009-12-01,2011-08-17,2243,226,32,0.3610223642172524,0.35555555555555557,True,False
15058A,2010-01-24,2011-08-18,463,100,33,0.1597444089456869,0.36666666666666664,False,False
15058B,2010-01-13,2011-08-18,425,107,38,0.17092651757188498,0.4222222222222222,False,False
15058C,2010-01-24,2011-08-12,460,94,28,0.1501597444089457,0.3111111111111111,False,False
15059A,2009-12-01,2009-12-03,509,3,0,0.004792332268370607,0.0,False,False
15060B,2009-12-03,2011-08-18,1288,265,30,0.4233226837060703,0.3333333333333333,True,False
16008,2010-03-19,2011-08-18,1254,37,17,0.05910543130990415,0.18888888888888888,False,False
16010,2010-01-17,2011-03-28,32,4,0,0.006389776357827476,0.0,False,False
16011,2009-12-04,2011-08-18,3237,87,10,0.1389776357827476,0.1111111111111111,False,False
16012,2009-12-02,2011-07-28,2732,65,7,0.10383386581469649,0.07777777777777778,False,False
16014,2009-12-03,2011-08-17,22524,66,8,0.10543130990415335,0.08888888888888889,False,False
16015,2009-12-03,2011-08-11,1508,53,4,0.08466453674121406,0.044444444444444446,False,False
16016,2009-12-03,2011-08-17,1960,76,15,0.12140575079872204,0.16666666666666666,False,False
16020C,2009-12-07,2011-07-05,160,34,11,0.054313099041533544,0.12222222222222222,False,False
16033,2009-12-10,2011-02-17,15121,46,0,0.07348242811501597,0.0,False,False
16043,2009-12-16,2011-06-09,2145,13,2,0.020766773162939296,0.022222222222222223,False,False
16044,2010-01-07,2010-02-18,6193,3,0,0.004792332268370607,0.0,False,False
16045,2010-01-07,2011-08-17,4812,32,23,0.051118210862619806,0.25555555555555554,False,False
16046,2009-12-04,2011-07-04,10024,51,2,0.08146964856230032,0.022222222222222223,False,False
16047,2009-12-01,2010-10-24,10614,28,0,0.04472843450479233,0.0,False,False
16048,2009-12-07,2011-08-18,2905,61,16,0.09744408945686901,0.17777777777777778,False,False
16049,2009-12-04,2011-05-25,3169,28,2,0.04472843450479233,0.022222222222222223,False,False
16050,2010-02-16,2010-04-19,151,7,0,0.011182108626198083,0.0,False,False
16051,2009-12-10,2010-06-09,941,4,0,0.006389776357827476,0.0,False,False
16052,2009-12-16,2011-06-09,848,33,3,0.052715654952076675,0.03333333333333333,False,False
16053,2010-01-07,2010-11-16,4313,10,0,0.01597444089456869,0.0,False,False
16054,2010-01-07,2011-08-18,478,16,9,0.025559105431309903,0.1,False,False
16119,2009-12-10,2009-12-22,273,6,0,0.009584664536741214,0.0,False,False
16151A,2010-04-30,2011-05-25,52,5,2,0.007987220447284345,0.022222222222222223,False,False
16156L,2010-01-10,2011-07-25,850,30,4,0.04792332268370607,0.044444444444444446,False,False
16156N,2009-12-01,2010-06-21,1475,47,0,0.07507987220447285,0.0,False,False
16156S,2009-12-01,2011-08-11,14611,241,24,0.38498402555910544,0.26666666666666666,False,False
16161C,2009-12-01,2009-12-22,450,2,0,0.003194888178913738,0.0,False,False
16161E,2009-12-07,2010-02-22,750,7,0,0.011182108626198083,0.0,False,False
16161G,2010-01-19,2011-08-02,625,22,7,0.03514376996805112,0.07777777777777778,False,False
16161M,2009-12-03,2010-12-02,1050,37,0,0.05910543130990415,0.0,False,False
16161P,2009-12-01,2011-08-18,10973,236,49,0.3769968051118211,0.5444444444444444,True,False
16161U,2009-12-01,2011-08-15,8401,212,30,0.33865814696485624,0.3333333333333333,True,False
16162L,2009-12-09,2011-08-02,8091,23,5,0.036741214057507986,0.05555555555555555,False,False
16162M,2010-06-14,2011-07-20,70,7,2,0.011182108626198083,0.022222222222222223,False,False
16168M,2009-12-09,2011-07-21,1599,77,12,0.12300319488817892,0.13333333333333333,False,False
16168S,2009-12-10,2010-02-05,1283,9,0,0.01437699680511182,0.0,False,False
16169A,2010-04-29,2010-04-29,25,1,0,0.001597444089456869,0.0,False,False
16169C,2009-12-01,2010-11-04,1350,32,0,0.051118210862619806,0.0,False,False
16169D,2009-12-01,2009-12-13,250,5,0,0.007987220447284345,0.0,False,False
16169E,2011-07-21,2011-08-17,275,10,10,0.01597444089456869,0.1111111111111111,False,False
16169F,2009-12-01,2010-10-17,975,26,0,0.04153354632587859,0.0,False,False
16169G,2009-12-10,2009-12-10,25,1,0,0.001597444089456869,0.0,False,False
16169K,2009-12-04,2011-05-01,2025,50,0,0.07987220447284345,0.0,False,False
16169M,2009-12-03,2011-08-17,1860,46,4,0.07348242811501597,0.044444444444444446,False,False
16169N,2009-12-01,2010-12-06,2025,49,0,0.07827476038338659,0.0,False,False
16169P,2009-12-04,2010-12-19,1750,46,0,0.07348242811501597,0.0,False,False
16192,2009-12-18,2009-12-18,3,1,0,0.001597444089456869,0.0,False,False
16201A,2009-12-02,2010-09-09,101,7,0,0.011182108626198083,0.0,False,False
16201B,2009-12-02,2009-12-10,34,4,0,0.006389776357827476,0.0,False,False
16202A,2009-12-02,2011-04-17,663,21,0,0.03354632587859425,0.0,False,False
16202B,2009-12-02,2011-04-19,1039,22,0,0.03514376996805112,0.0,False,False
16202C,2009-12-02,2010-05-06,97,12,0,0.019169329073482427,0.0,False,False
16202E,2009-12-02,2011-04-17,82,14,0,0.022364217252396165,0.0,False,False
16206B,2010-01-31,2011-01-26,96,15,0,0.023961661341853034,0.0,False,False
16207A,2009-12-01,2011-06-14,136,65,10,0.10383386581469649,0.1111111111111111,False,False
16207B,2009-12-11,2011-07-26,263,29,8,0.0463258785942492,0.08888888888888889,False,False
16212,2009-12-02,2010-11-12,375,35,0,0.05591054313099041,0.0,False,False
16215,2009-12-03,2009-12-03,8,1,0,0.001597444089456869,0.0,False,False
16216,2009-12-04,2011-07-21,3293,58,10,0.0926517571884984,0.1111111111111111,False,False
16218,2009-12-08,2011-08-17,2793,57,18,0.09105431309904154,0.2,False,False
16219,2009-12-06,2011-08-18,2053,63,24,0.10063897763578275,0.26666666666666666,False,False
16225,2009-12-01,2011-08-18,1177,90,13,0.14376996805111822,0.14444444444444443,False,False
16235,2009-12-01,2011-08-18,5253,177,23,0.2827476038338658,0.25555555555555554,False,False
16236,2009-12-02,2011-08-10,2078,150,17,0.23961661341853036,0.18888888888888888,False,False
16237,2009-12-01,2011-08-18,8437,273,38,0.43610223642172524,0.4222222222222222,True,False
16238,2009-12-01,2011-08-17,1964,140,20,0.22364217252396165,0.2222222222222222,False,False
16239,2009-12-02,2010-03-02,347,16,0,0.025559105431309903,0.0,False,False
16243B,2009-12-02,2010-03-11,212,6,0,0.009584664536741214,0.0,False,False
16244A,2009-12-02,2010-03-15,186,24,0,0.038338658146964855,0.0,False,False
16244B,2009-12-03,2011-05-11,345,26,0,0.04153354632587859,0.0,False,False
16245A,2010-03-10,2010-07-12,11,6,0,0.009584664536741214,0.0,False,False
16248B,2010-09-20,2011-07-10,73,7,2,0.011182108626198083,0.022222222222222223,False,False
16254,2010-01-11,2011-08-12,917,20,5,0.03194888178913738,0.05555555555555555,False,False
16256B,2009-12-04,2010-06-10,524,34,0,0.054313099041533544,0.0,False,False
16256C,2009-12-13,2010-05-23,169,10,0,0.01597444089456869,0.0,False,False
16258A,2009-12-11,2011-08-05,787,58,7,0.0926517571884984,0.07777777777777778,False,False
16258B,2009-12-02,2009-12-22,1017,10,0,0.01597444089456869,0.0,False,False
16259,2009-12-07,2011-08-02,4865,43,16,0.06869009584664537,0.17777777777777778,False,False
17001,2009-12-04,2011-02-28,1211,21,0,0.03354632587859425,0.0,False,False
17003,2009-12-01,2011-08-18,63356,244,39,0.38977635782747605,0.43333333333333335,True,True
17007B,2009-12-14,2011-06-08,34,6,1,0.009584664536741214,0.011111111111111112,False,False
17011A,2009-12-22,2010-08-20,261,12,0,0.019169329073482427,0.0,False,False
17011B,2010-05-30,2010-08-20,19,2,0,0.003194888178913738,0.0,False,False
17011C,2009-12-14,2009-12-16,335,2,0,0.003194888178913738,0.0,False,False
17011D,2009-12-15,2010-08-20,209,4,0,0.006389776357827476,0.0,False,False
17011E,2009-12-16,2009-12-16,124,1,0,0.001597444089456869,0.0,False,False
17011F,2009-12-16,2011-05-19,385,20,0,0.03194888178913738,0.0,False,False
17012A,2009-12-01,2011-08-11,557,66,16,0.10543130990415335,0.17777777777777778,False,False
17012B,2009-12-08,2011-08-12,511,82,16,0.13099041533546327,0.17777777777777778,False,False
17012C,2010-02-05,2011-08-09,656,66,11,0.10543130990415335,0.12222222222222222,False,False
17012D,2010-03-12,2011-08-12,125,54,14,0.08626198083067092,0.15555555555555556,False,False
17012E,2009-12-16,2010-12-15,287,25,0,0.039936102236421724,0.0,False,False
17012F,2010-03-03,2011-07-31,266,51,13,0.08146964856230032,0.14444444444444443,False,False
17013B,2009-12-09,2009-12-16,256,3,0,0.004792332268370607,0.0,False,False
17013C,2009-12-16,2010-03-03,213,2,0,0.003194888178913738,0.0,False,False
17013D,2009-12-09,2011-06-07,1068,31,1,0.04952076677316294,0.011111111111111112,False,False
17013F,2009-12-21,2010-08-20,62,5,0,0.007987220447284345,0.0,False,False
17014A,2009-12-09,2011-06-27,276,15,2,0.023961661341853034,0.022222222222222223,False,False
17014C,2009-12-05,2009-12-10,97,2,0,0.003194888178913738,0.0,False,False
17014D,2010-01-14,2010-08-20,479,8,0,0.012779552715654952,0.0,False,False
17014E,2010-05-10,2010-08-20,95,6,0,0.009584664536741214,0.0,False,False
17014F,2010-01-21,2010-08-20,61,4,0,0.006389776357827476,0.0,False,False
17021,2010-01-22,2011-08-17,3312,54,12,0.08626198083067092,0.13333333333333333,False,False
17027A,2010-02-04,2010-03-10,228,2,0,0.003194888178913738,0.0,False,False
17028J,2011-01-31,2011-01-31,6,1,0,0.001597444089456869,0.0,False,False
17033,2009-12-02,2010-10-19,3280,56,0,0.08945686900958466,0.0,False,False
17038,2009-12-14,2011-08-12,1912,39,8,0.06230031948881789,0.08888888888888889,False,False
17039,2009-12-02,2010-08-09,3707,39,0,0.06230031948881789,0.0,False,False
17061,2009-12-07,2009-12-07,52,1,0,0.001597444089456869,0.0,False,False
17084A,2010-02-04,2011-07-15,417,17,2,0.027156549520766772,0.022222222222222223,False,False
17084G,2009-12-02,2009-12-07,50,2,0,0.003194888178913738,0.0,False,False
17084J,2009-12-01,2011-07-15,431,19,1,0.03035143769968051,0.011111111111111112,False,False
17084N,2009-12-02,2011-08-10,2199,127,15,0.20287539936102236,0.16666666666666666,False,False
17084P,2009-12-07,2011-08-18,865,49,10,0.07827476038338659,0.1111111111111111,False,False
17084R,2009-12-02,2011-07-14,9689,54,3,0.08626198083067092,0.03333333333333333,False,False
17090A,2009-12-10,2011-07-20,158,24,2,0.038338658146964855,0.022222222222222223,False,False
17090D,2009-12-13,2011-07-11,88,28,3,0.04472843450479233,0.03333333333333333,False,False
17091A,2009-12-06,2011-05-18,2089,97,0,0.15495207667731628,0.0,False,False
17091B,2009-12-06,2010-09-09,282,45,0,0.07188498402555911,0.0,False,False
17091F,2009-12-06,2010-01-10,19,7,0,0.011182108626198083,0.0,False,False
17091J,2009-12-01,2011-08-15,3174,114,19,0.18210862619808307,0.2111111111111111,False,False
17096,2009-12-02,2011-07-19,6242,68,5,0.10862619808306709,0.05555555555555555,False,False
17107D,2009-12-04,2011-06-19,255,58,4,0.0926517571884984,0.044444444444444446,False,False
17108D,2009-12-01,2010-03-28,355,22,0,0.03514376996805112,0.0,False,False
17109A,2009-12-02,2010-03-26,709,13,0,0.020766773162939296,0.0,False,False
17109B,2009-12-02,2010-03-05,4542,15,0,0.023961661341853034,0.0,False,False
17109C,2009-12-02,2010-03-03,3124,12,0,0.019169329073482427,0.0,False,False
17109D,2009-12-04,2011-04-21,1258,36,0,0.05750798722044728,0.0,False,False
17129C,2009-12-09,2010-05-04,87,11,0,0.01757188498402556,0.0,False,False
17129D,2009-12-01,2010-03-05,1125,30,0,0.04792332268370607,0.0,False,False
17129F,2009-12-04,2011-08-18,1523,123,18,0.1964856230031949,0.2,False,False
17136A,2009-12-03,2011-07-08,546,25,3,0.039936102236421724,0.03333333333333333,False,False
17164B,2009-12-01,2011-01-26,1630,67,0,0.10702875399361023,0.0,False,False
17164D,2009-12-01,2010-03-19,1159,23,0,0.036741214057507986,0.0,False,False
17165B,2009-12-01,2010-10-10,813,47,0,0.07507987220447285,0.0,False,False
17165D,2009-12-01,2011-01-12,723,68,0,0.10862619808306709,0.0,False,False
17174,2010-02-01,2011-01-16,28,4,0,0.006389776357827476,0.0,False,False
17178,2009-12-08,2010-09-16,133,23,0,0.036741214057507986,0.0,False,False
17181,2009-12-01,2010-08-05,354,47,0,0.07507987220447285,0.0,False,False
17191A,2009-12-09,2010-11-28,29,10,0,0.01597444089456869,0.0,False,False
18007,2009-12-02,2011-07-20,11397,62,5,0.09904153354632587,0.05555555555555555,False,False
18010,2009-12-01,2010-01-28,64,8,0,0.012779552715654952,0.0,False,False
18094C,2009-12-02,2011-08-11,406,79,11,0.12619808306709265,0.12222222222222222,False,False
18096C,2009-12-01,2010-02-24,131,18,0,0.02875399361022364,0.0,False,False
18097A,2010-03-05,2011-06-22,18,11,2,0.01757188498402556,0.022222222222222223,False,False
18097B,2009-12-02,2010-01-17,7,3,0,0.004792332268370607,0.0,False,False
18097C,2009-12-01,2011-08-05,1720,147,6,0.23482428115015974,0.06666666666666667,False,False
18098A,2009-12-14,2009-12-17,2,2,0,0.003194888178913738,0.0,False,False
18098B,2009-12-13,2010-02-24,3,3,0,0.004792332268370607,0.0,False,False
18098C,2009-12-01,2011-08-08,1527,196,7,0.31309904153354634,0.07777777777777778,False,False
20615,2009-12-01,2011-08-10,490,123,19,0.1964856230031949,0.2111111111111111,False,False
20616,2009-12-01,2011-08-09,247,87,22,0.1389776357827476,0.24444444444444444,False,False
20617,2009-12-02,2011-08-18,479,84,10,0.134185303514377,0.1111111111111111,False,False
20618,2009-12-01,2011-08-18,278,108,20,0.17252396166134185,0.2222222222222222,False,False
20619,2009-12-01,2011-08-11,556,140,22,0.22364217252396165,0.24444444444444444,False,False
20620,2009-12-02,2010-02-03,15,11,0,0.01757188498402556,0.0,False,False
20621,2009-12-02,2010-09-02,208,31,0,0.04952076677316294,0.0,False,False
20622,2009-12-01,2011-08-11,563,99,11,0.15814696485623003,0.12222222222222222,False,False
20652,2009-12-01,2011-08-16,1438,111,13,0.17731629392971246,0.14444444444444443,False,False
20653,2009-12-02,2011-07-20,1988,65,9,0.10383386581469649,0.1,False,False
20654,2009-12-01,2011-08-16,369,95,12,0.15175718849840256,0.13333333333333333,False,False
20655,2009-12-01,2011-08-18,389,130,19,0.20766773162939298,0.2111111111111111,False,False
20657,2009-12-01,2011-08-08,1862,85,11,0.13578274760383385,0.12222222222222222,False,False
20658,2009-12-01,2011-08-17,1583,237,24,0.37859424920127793,0.26666666666666666,False,False
20659,2009-12-01,2011-08-17,317,92,12,0.14696485623003194,0.13333333333333333,False,False
20660,2009-12-01,2010-08-01,73,19,0,0.03035143769968051,0.0,False,False
20661,2009-12-01,2011-08-08,884,101,18,0.16134185303514376,0.2,False,False
20662,2009-12-06,2011-07-11,725,43,3,0.06869009584664537,0.03333333333333333,False,False
20663,2009-12-10,2011-07-15,1073,39,3,0.06230031948881789,0.03333333333333333,False,False
20664,2009-12-15,2011-08-11,55,29,13,0.0463258785942492,0.14444444444444443,False,False
20665,2009-12-01,2011-08-16,1258,227,37,0.36261980830670926,0.4111111111111111,True,False
20666,2009-12-08,2011-07-20,911,42,11,0.0670926517571885,0.12222222222222222,False,False
20667,2009-12-17,2011-08-12,39,23,15,0.036741214057507986,0.16666666666666666,False,False
20668,2009-12-02,2011-08-17,12175,139,22,0.2220447284345048,0.24444444444444444,False,False
20669,2009-12-02,2011-08-17,707,147,21,0.23482428115015974,0.23333333333333334,False,False
20670,2009-12-08,2011-08-10,688,40,4,0.06389776357827476,0.044444444444444446,False,False
20671,2009-12-02,2010-12-09,787,123,0,0.1964856230031949,0.0,False,False
20672,2009-12-02,2010-03-05,138,30,0,0.04792332268370607,0.0,False,False
20673,2009-12-01,2009-12-03,5,2,0,0.003194888178913738,0.0,False,False
20674,2009-12-01,2011-08-18,2984,284,32,0.4536741214057508,0.35555555555555557,True,False
20675,2009-12-01,2011-08-18,5762,347,45,0.5543130990415336,0.5,True,False
20676,2009-12-01,2011-08-18,9317,408,58,0.6517571884984026,0.6444444444444445,True,False
20677,2009-12-01,2011-08-18,6947,363,51,0.5798722044728435,0.5666666666666667,True,False
20679,2009-12-01,2011-08-17,5357,312,41,0.4984025559105431,0.45555555555555555,True,False
20680,2009-12-10,2010-01-22,6,4,0,0.006389776357827476,0.0,False,False
20681,2009-12-01,2011-03-10,1412,207,0,0.3306709265175719,0.0,False,False
20682,2009-12-01,2011-08-18,2523,286,35,0.45686900958466453,0.3888888888888889,True,False
20683,2009-12-11,2009-12-11,1,1,0,0.001597444089456869,0.0,False,False
20684,2009-12-01,2011-07-22,581,143,9,0.22843450479233227,0.1,False,False
20685,2009-12-01,2011-08-18,8907,455,60,0.7268370607028753,0.6666666666666666,True,False
20686,2009-12-02,2011-08-16,465,126,16,0.2012779552715655,0.17777777777777778,False,False
20688,2009-12-04,2010-03-17,464,10,0,0.01597444089456869,0.0,False,False
20689,2009-12-07,2010-07-14,430,34,0,0.054313099041533544,0.0,False,False
20692,2009-12-01,2010-09-08,912,92,0,0.14696485623003194,0.0,False,False
20693,2009-12-02,2010-03-14,33,16,0,0.025559105431309903,0.0,False,False
20694,2009-12-01,2011-07-22,154,43,4,0.06869009584664537,0.044444444444444446,False,False
20695,2009-12-01,2011-03-24,139,42,0,0.0670926517571885,0.0,False,False
20696,2009-12-02,2011-07-22,133,49,3,0.07827476038338659,0.03333333333333333,False,False
20697,2009-12-13,2011-07-15,31,15,3,0.023961661341853034,0.03333333333333333,False,False
20698,2010-01-17,2011-05-24,36,15,1,0.023961661341853034,0.011111111111111112,False,False
20699,2009-12-04,2011-07-18,291,70,2,0.11182108626198083,0.022222222222222223,False,False
20700,2009-12-07,2011-08-10,398,65,22,0.10383386581469649,0.24444444444444444,False,False
20701,2009-12-02,2011-06-30,353,34,12,0.054313099041533544,0.13333333333333333,False,False
20702,2009-12-03,2011-08-14,782,184,11,0.2939297124600639,0.12222222222222222,False,False
20703,2009-12-01,2011-04-14,475,130,0,0.20766773162939298,0.0,False,False
20704,2009-12-06,2011-08-18,305,51,7,0.08146964856230032,0.07777777777777778,False,False
20705,2009-12-07,2011-07-18,250,41,5,0.06549520766773163,0.05555555555555555,False,False
20707,2009-12-04,2011-08-10,1557,135,36,0.21565495207667731,0.4,False,False
20711,2009-12-01,2011-08-18,11447,388,57,0.6198083067092651,0.6333333333333333,True,False
20712,2009-12-01,2011-08-18,14071,400,71,0.6389776357827476,0.7888888888888889,True,False
20713,2009-12-01,2011-08-18,15674,366,54,0.5846645367412141,0.6,True,False
20714,2009-12-01,2010-01-12,1580,14,0,0.022364217252396165,0.0,False,False
20715,2010-01-07,2010-01-07,400,1,0,0.001597444089456869,0.0,False,False
20716,2009-12-01,2011-06-29,1534,185,10,0.2955271565495208,0.1111111111111111,False,False
20717,2009-12-04,2011-08-18,5811,361,59,0.5766773162939297,0.6555555555555556,True,False
20718,2009-12-01,2011-08-18,11883,426,62,0.6805111821086262,0.6888888888888889,True,False
20719,2009-12-01,2011-08-18,20655,446,68,0.7124600638977636,0.7555555555555555,True,False
20721,2009-12-07,2009-12-07,1,1,0,0.001597444089456869,0.0,False,False
20723,2009-12-01,2011-08-18,14991,432,69,0.6900958466453674,0.7666666666666667,True,False
20724,2009-12-01,2011-08-18,25088,474,71,0.7571884984025559,0.7888888888888889,True,False
20725,2009-12-01,2011-08-18,34489,499,76,0.7971246006389776,0.8444444444444444,True,True
20726,2009-12-01,2011-08-18,19465,477,76,0.7619808306709265,0.8444444444444444,True,False
20727,2009-12-01,2011-08-18,22259,483,74,0.7715654952076677,0.8222222222222222,True,False
20728,2009-12-01,2011-08-18,21173,479,76,0.7651757188498403,0.8444444444444444,True,False
20729,2009-12-01,2010-06-16,5262,72,0,0.11501597444089456,0.0,False,False
20730,2009-12-01,2010-09-05,2218,61,0,0.09744408945686901,0.0,False,False
20731,2009-12-07,2011-06-20,4142,67,2,0.10702875399361023,0.022222222222222223,False,False
20733,2009-12-03,2011-08-11,1741,153,31,0.24440894568690097,0.34444444444444444,False,False
20734,2009-12-01,2011-04-06,1592,102,0,0.16293929712460065,0.0,False,False
20735,2009-12-02,2011-07-26,1492,142,15,0.2268370607028754,0.16666666666666666,False,False
20736,2009-12-02,2010-03-14,291,14,0,0.022364217252396165,0.0,False,False
20737,2009-12-02,2009-12-02,1,1,0,0.001597444089456869,0.0,False,False
20738,2009-12-03,2010-11-29,1610,63,0,0.10063897763578275,0.0,False,False
20739,2009-12-01,2009-12-01,1,1,0,0.001597444089456869,0.0,False,False
20747,2009-12-01,2010-05-16,684,65,0,0.10383386581469649,0.0,False,False
20748,2009-12-01,2011-08-05,1577,118,7,0.18849840255591055,0.07777777777777778,False,False
20749,2009-12-01,2011-08-18,2311,336,44,0.536741214057508,0.4888888888888889,True,False
20750,2009-12-01,2011-08-17,3063,375,42,0.5990415335463258,0.4666666666666667,True,False
20751,2009-12-01,2011-08-18,2701,273,30,0.43610223642172524,0.3333333333333333,True,False
20752,2009-12-01,2011-08-12,1422,217,27,0.3466453674121406,0.3,True,False
20753,2009-12-01,2010-01-18,218,21,0,0.03354632587859425,0.0,False,False
20754,2009-12-01,2011-08-18,4830,371,44,0.5926517571884984,0.4888888888888889,True,False
20755,2009-12-07,2011-06-24,4976,67,7,0.10702875399361023,0.07777777777777778,False,False
20756,2009-12-01,2011-07-24,5704,39,4,0.06230031948881789,0.044444444444444446,False,False
20757,2009-12-07,2011-07-11,5279,51,4,0.08146964856230032,0.044444444444444446,False,False
20758,2009-12-01,2011-07-14,5355,56,5,0.08945686900958466,0.05555555555555555,False,False
20759,2009-12-17,2011-06-19,5741,40,3,0.06389776357827476,0.03333333333333333,False,False
20760,2009-12-04,2011-06-19,5511,53,3,0.08466453674121406,0.03333333333333333,False,False
20761,2009-12-01,2011-08-18,414,106,9,0.16932907348242812,0.1,False,False
20762,2009-12-04,2011-08-18,435,96,11,0.15335463258785942,0.12222222222222222,False,False
20763,2009-12-07,2011-08-18,235,55,6,0.0878594249201278,0.06666666666666667,False,False
20764,2009-12-02,2011-08-18,630,115,12,0.18370607028753994,0.13333333333333333,False,False
20765,2009-12-01,2011-08-18,414,97,9,0.15495207667731628,0.1,False,False
20766,2009-12-04,2011-08-18,483,108,12,0.17252396166134185,0.13333333333333333,False,False
20767,2009-12-01,2011-08-17,714,132,19,0.2108626198083067,0.2111111111111111,False,False
20768,2009-12-01,2011-08-15,701,110,21,0.1757188498402556,0.23333333333333334,False,False
20769,2009-12-07,2011-07-22,399,55,9,0.0878594249201278,0.1,False,False
20770,2009-12-01,2011-08-03,1038,155,16,0.2476038338658147,0.17777777777777778,False,False
20771,2009-12-01,2011-07-31,584,103,14,0.1645367412140575,0.15555555555555556,False,False
20772,2009-12-02,2011-08-14,816,105,14,0.16773162939297126,0.15555555555555556,False,False
20773,2009-12-01,2011-08-08,3338,96,5,0.15335463258785942,0.05555555555555555,False,False
20774,2009-12-01,2011-07-10,3437,78,3,0.12460063897763578,0.03333333333333333,False,False
20775,2009-12-06,2011-06-21,3513,57,2,0.09105431309904154,0.022222222222222223,False,False
20776,2009-12-01,2010-09-17,3259,57,0,0.09105431309904154,0.0,False,False
20777,2009-12-01,2011-08-16,3536,89,4,0.14217252396166133,0.044444444444444446,False,False
20778,2009-12-02,2011-04-26,3612,75,0,0.11980830670926518,0.0,False,False
20780,2009-12-01,2011-06-10,219,64,1,0.10223642172523961,0.011111111111111112,False,False
20781,2009-12-04,2011-06-15,89,46,3,0.07348242811501597,0.03333333333333333,False,False
20782,2009-12-01,2011-06-30,140,57,2,0.09105431309904154,0.022222222222222223,False,False
20783,2009-12-01,2010-08-16,166,40,0,0.06389776357827476,0.0,False,False
20784,2009-12-01,2010-10-21,101,34,0,0.054313099041533544,0.0,False,False
20785,2010-01-22,2011-04-06,102,33,0,0.052715654952076675,0.0,False,False
20786,2010-01-22,2010-10-22,99,29,0,0.0463258785942492,0.0,False,False
20787,2010-01-17,2010-09-22,69,26,0,0.04153354632587859,0.0,False,False
20791,2010-01-14,2010-01-14,5,1,0,0.001597444089456869,0.0,False,False
20793,2009-12-02,2011-07-05,280,21,1,0.03354632587859425,0.011111111111111112,False,False
20794,2010-01-07,2011-07-25,193,38,2,0.06070287539936102,0.022222222222222223,False,False
20795,2009-12-09,2011-05-18,105,20,0,0.03194888178913738,0.0,False,False
20796,2009-12-09,2011-08-01,72,17,1,0.027156549520766772,0.011111111111111112,False,False
20798,2009-12-01,2011-01-25,555,76,0,0.12140575079872204,0.0,False,False
20799,2009-12-01,2010-06-21,200,25,0,0.039936102236421724,0.0,False,False
20800,2010-01-11,2010-03-30,1005,5,0,0.007987220447284345,0.0,False,False
20801,2010-01-18,2011-05-25,1094,82,2,0.13099041533546327,0.022222222222222223,False,False
20802,2009-12-16,2011-08-16,975,93,16,0.1485623003194888,0.17777777777777778,False,False
20803,2009-12-07,2011-05-01,1161,74,0,0.1182108626198083,0.0,False,False
20804,2009-12-01,2010-07-01,333,32,0,0.051118210862619806,0.0,False,False
20812,2009-12-01,2010-01-28,5,3,0,0.004792332268370607,0.0,False,False
20814,2009-12-01,2010-02-24,189,10,0,0.01597444089456869,0.0,False,False
20816,2010-02-04,2011-04-28,24,6,0,0.009584664536741214,0.0,False,False
20818,2009-12-02,2011-05-04,87,28,0,0.04472843450479233,0.0,False,False
20819,2009-12-02,2011-07-28,193,46,5,0.07348242811501597,0.05555555555555555,False,False
20820,2009-12-17,2011-03-01,11,8,0,0.012779552715654952,0.0,False,False
20821,2009-12-14,2011-07-06,39,23,1,0.036741214057507986,0.011111111111111112,False,False
20822,2010-02-01,2010-02-01,2,1,0,0.001597444089456869,0.0,False,False
20823,2009-12-01,2011-06-09,261,17,2,0.027156549520766772,0.022222222222222223,False,False
20825,2009-12-01,2010-11-14,361,6,0,0.009584664536741214,0.0,False,False
20826,2009-12-01,2011-05-18,355,14,0,0.022364217252396165,0.0,False,False
20827,2009-12-01,2011-04-21,173,8,0,0.012779552715654952,0.0,False,False
20828,2009-12-01,2011-08-14,4100,303,36,0.4840255591054313,0.4,True,False
20829,2009-12-01,2011-08-18,4493,267,30,0.426517571884984,0.3333333333333333,True,False
20830,2009-12-01,2011-07-13,407,71,5,0.1134185303514377,0.05555555555555555,False,False
20831,2009-12-01,2011-08-16,355,64,7,0.10223642172523961,0.07777777777777778,False,False
20832,2009-12-01,2011-08-18,1243,104,12,0.16613418530351437,0.13333333333333333,False,False
20833,2009-12-06,2010-03-09,52,5,0,0.007987220447284345,0.0,False,False
20835,2010-03-03,2011-06-16,56,7,2,0.011182108626198083,0.022222222222222223,False,False
20836,2010-03-02,2011-06-27,122,11,3,0.01757188498402556,0.03333333333333333,False,False
20837,2009-12-04,2011-07-27,108,10,2,0.01597444089456869,0.022222222222222223,False,False
20838,2010-02-14,2011-07-28,232,29,19,0.0463258785942492,0.2111111111111111,False,False
20839,2009-12-07,2011-08-10,294,50,26,0.07987220447284345,0.28888888888888886,False,False
20840,2009-12-18,2011-08-02,729,54,28,0.08626198083067092,0.3111111111111111,False,False
20845,2009-12-02,2011-08-16,76,23,2,0.036741214057507986,0.022222222222222223,False,False
20846,2009-12-14,2011-08-17,1225,114,12,0.18210862619808307,0.13333333333333333,False,False
20847,2009-12-03,2011-08-17,69,21,4,0.03354632587859425,0.044444444444444446,False,False
20848,2009-12-10,2011-08-17,34,9,1,0.01437699680511182,0.011111111111111112,False,False
20849,2009-12-07,2010-11-21,674,21,0,0.03354632587859425,0.0,False,False
20850,2010-01-06,2010-11-11,820,21,0,0.03354632587859425,0.0,False,False
20851,2009-12-08,2011-04-27,335,28,0,0.04472843450479233,0.0,False,False
20854,2009-12-03,2011-02-20,444,92,0,0.14696485623003194,0.0,False,False
20855,2009-12-03,2010-09-15,145,44,0,0.07028753993610223,0.0,False,False
20856,2009-12-06,2011-08-09,408,105,20,0.16773162939297126,0.2222222222222222,False,False
20857,2009-12-06,2011-02-17,252,68,0,0.10862619808306709,0.0,False,False
20858,2009-12-14,2009-12-14,4,1,0,0.001597444089456869,0.0,False,False
20860,2010-04-08,2010-12-13,20,11,0,0.01757188498402556,0.0,False,False
20861,2009-12-03,2010-12-10,47,16,0,0.025559105431309903,0.0,False,False
20862,2009-12-02,2010-06-30,325,31,0,0.04952076677316294,0.0,False,False
20863,2009-12-01,2010-08-15,295,46,0,0.07348242811501597,0.0,False,False
20864,2009-12-06,2010-10-24,252,27,0,0.04313099041533546,0.0,False,False
20865,2009-12-01,2010-06-30,251,30,0,0.04792332268370607,0.0,False,False
20866,2009-12-01,2011-08-14,1039,105,4,0.16773162939297126,0.044444444444444446,False,False
20867,2009-12-01,2011-06-17,1063,103,2,0.1645367412140575,0.022222222222222223,False,False
20868,2009-12-06,2011-08-17,545,39,6,0.06230031948881789,0.06666666666666667,False,False
20869,2009-12-02,2011-08-17,394,31,5,0.04952076677316294,0.05555555555555555,False,False
20870,2009-12-01,2009-12-22,30,6,0,0.009584664536741214,0.0,False,False
20871,2009-12-02,2010-12-14,1276,79,0,0.12619808306709265,0.0,False,False
20877,2009-12-10,2009-12-18,12,5,0,0.007987220447284345,0.0,False,False
20878,2009-12-02,2010-12-05,739,55,0,0.0878594249201278,0.0,False,False
20879,2009-12-04,2009-12-22,69,8,0,0.012779552715654952,0.0,False,False
20881,2009-12-10,2009-12-16,3,2,0,0.003194888178913738,0.0,False,False
20882,2009-12-13,2009-12-16,3,2,0,0.003194888178913738,0.0,False,False
20884,2009-12-10,2009-12-18,3,3,0,0.004792332268370607,0.0,False,False
20885,2009-12-22,2009-12-22,1,1,0,0.001597444089456869,0.0,False,False
20886,2009-12-01,2011-08-11,1739,216,21,0.3450479233226837,0.23333333333333334,False,False
20887,2009-12-01,2009-12-22,18,5,0,0.007987220447284345,0.0,False,False
20888,2009-12-01,2010-03-26,367,17,0,0.027156549520766772,0.0,False,False
20889,2009-12-02,2010-03-26,657,11,0,0.01757188498402556,0.0,False,False
20890,2010-01-21,2010-04-19,605,4,0,0.006389776357827476,0.0,False,False
20891,2010-01-12,2010-04-19,684,3,0,0.004792332268370607,0.0,False,False
20892,2009-12-01,2010-12-21,103,36,0,0.05750798722044728,0.0,False,False
20893,2009-12-03,2011-07-21,472,59,4,0.09424920127795527,0.044444444444444446,False,False
20894,2009-12-01,2011-07-14,253,64,2,0.10223642172523961,0.022222222222222223,False,False
20895,2009-12-08,2010-02-02,16,4,0,0.006389776357827476,0.0,False,False
20896,2009-12-09,2010-08-18,40,14,0,0.022364217252396165,0.0,False,False
20897,2009-12-01,2011-08-05,349,64,14,0.10223642172523961,0.15555555555555556,False,False
20898,2009-12-04,2011-07-19,322,47,10,0.07507987220447285,0.1111111111111111,False,False
20899,2009-12-09,2010-05-16,44,11,0,0.01757188498402556,0.0,False,False
20901,2009-12-01,2011-06-29,90,56,10,0.08945686900958466,0.1111111111111111,False,False
20902,2009-12-03,2011-08-10,206,99,28,0.15814696485623003,0.3111111111111111,False,False
20903,2009-12-01,2011-08-10,181,72,31,0.11501597444089456,0.34444444444444444,False,False
20905,2009-12-02,2010-01-28,10,4,0,0.006389776357827476,0.0,False,False
20906,2009-12-02,2011-04-03,102,36,0,0.05750798722044728,0.0,False,False
20910,2009-12-03,2010-12-16,108,46,0,0.07348242811501597,0.0,False,False
20913,2009-12-01,2010-01-17,314,20,0,0.03194888178913738,0.0,False,False
20914,2009-12-01,2011-08-18,16645,473,70,0.755591054313099,0.7777777777777778,True,False
20931,2009-12-07,2011-07-25,524,106,8,0.16932907348242812,0.08888888888888889,False,False
20932,2009-12-10,2011-07-18,179,61,6,0.09744408945686901,0.06666666666666667,False,False
20933,2009-12-02,2011-04-14,498,41,0,0.06549520766773163,0.0,False,False
20934,2009-12-02,2011-08-10,171,54,4,0.08626198083067092,0.044444444444444446,False,False
20935,2009-12-08,2010-11-26,296,39,0,0.06230031948881789,0.0,False,False
20936,2009-12-06,2011-07-31,277,54,4,0.08626198083067092,0.044444444444444446,False,False
20939,2009-12-11,2009-12-11,12,1,0,0.001597444089456869,0.0,False,False
20940,2009-12-01,2009-12-13,118,10,0,0.01597444089456869,0.0,False,False
20941,2009-12-01,2011-07-06,998,97,2,0.15495207667731628,0.022222222222222223,False,False
20942,2009-12-01,2009-12-22,6,3,0,0.004792332268370607,0.0,False,False
20943,2009-12-01,2010-10-22,384,45,0,0.07188498402555911,0.0,False,False
20950,2009-12-02,2010-11-28,687,63,0,0.10063897763578275,0.0,False,False
20952,2009-12-10,2010-11-23,330,22,0,0.03514376996805112,0.0,False,False
20953,2010-03-19,2010-11-29,33,9,0,0.01437699680511182,0.0,False,False
20954,2009-12-02,2010-12-17,3,2,0,0.003194888178913738,0.0,False,False
20956,2009-12-01,2011-08-18,1765,123,11,0.1964856230031949,0.12222222222222222,False,False
20957,2010-04-11,2010-11-29,126,15,0,0.023961661341853034,0.0,False,False
20958,2010-03-26,2010-11-29,38,10,0,0.01597444089456869,0.0,False,False
20960,2009-12-01,2011-03-07,1900,150,0,0.23961661341853036,0.0,False,False
20961,2009-12-01,2011-08-15,3017,257,30,0.41054313099041534,0.3333333333333333,True,False
20963,2009-12-01,2011-08-15,2904,246,28,0.3929712460063898,0.3111111111111111,True,False
20964,2009-12-01,2011-05-06,20,6,0,0.009584664536741214,0.0,False,False
20966,2009-12-01,2011-08-16,3020,234,7,0.3738019169329074,0.07777777777777778,False,False
20967,2009-12-01,2011-05-16,1058,185,0,0.2955271565495208,0.0,False,False
20968,2009-12-01,2010-01-12,43,13,0,0.020766773162939296,0.0,False,False
20969,2009-12-01,2011-08-18,2093,272,32,0.43450479233226835,0.35555555555555557,True,False
20970,2009-12-01,2011-08-17,1815,263,30,0.42012779552715657,0.3333333333333333,True,False
20971,2009-12-01,2011-08-18,14946,386,54,0.6166134185303515,0.6,True,False
20972,2009-12-01,2011-08-18,17659,424,57,0.6773162939297125,0.6333333333333333,True,False
20973,2010-03-17,2011-07-13,7307,235,15,0.3753993610223642,0.16666666666666666,False,False
20974,2009-12-01,2011-08-17,11297,360,52,0.5750798722044729,0.5777777777777777,True,False
20975,2009-12-01,2011-06-02,15137,328,3,0.5239616613418531,0.03333333333333333,False,False
20976,2009-12-02,2010-10-04,550,66,0,0.10543130990415335,0.0,False,False
20977,2009-12-01,2011-08-18,3300,268,44,0.4281150159744409,0.4888888888888889,True,False
20978,2009-12-01,2011-08-18,3197,268,33,0.4281150159744409,0.36666666666666664,True,False
20979,2009-12-01,2011-08-18,6598,329,49,0.5255591054313099,0.5444444444444444,True,False
20980,2009-12-01,2011-08-08,233,53,8,0.08466453674121406,0.08888888888888889,False,False
20981,2009-12-01,2011-08-17,3796,267,36,0.426517571884984,0.4,True,False
20982,2009-12-01,2011-08-17,3554,256,28,0.40894568690095845,0.3111111111111111,True,False
20983,2009-12-01,2011-08-18,4967,298,37,0.476038338658147,0.4111111111111111,True,False
20984,2009-12-01,2011-08-17,4319,124,42,0.19808306709265175,0.4666666666666667,False,False
20985,2009-12-02,2011-08-16,1982,174,21,0.2779552715654952,0.23333333333333334,False,False
20986,2009-12-02,2011-08-17,795,117,21,0.1869009584664537,0.23333333333333334,False,False
20987,2009-12-01,2009-12-22,131,9,0,0.01437699680511182,0.0,False,False
20988,2009-12-02,2010-02-28,24,8,0,0.012779552715654952,0.0,False,False
20989,2009-12-01,2010-03-17,407,39,0,0.06230031948881789,0.0,False,False
20990,2009-12-02,2010-06-13,895,74,0,0.1182108626198083,0.0,False,False
20991,2009-12-01,2010-02-19,7084,23,0,0.036741214057507986,0.0,False,False
20992,2009-12-01,2011-08-14,3406,200,47,0.3194888178913738,0.5222222222222223,True,False
20993,2009-12-04,2010-03-09,10967,26,0,0.04153354632587859,0.0,False,False
20994,2009-12-01,2010-01-25,47,10,0,0.01597444089456869,0.0,False,False
20996,2009-12-02,2011-08-16,4642,165,42,0.26357827476038337,0.4666666666666667,True,False
20997,2009-12-08,2011-08-10,144,57,13,0.09105431309904154,0.14444444444444443,False,False
20998,2009-12-02,2011-08-15,312,109,19,0.17412140575079874,0.2111111111111111,False,False
21000,2009-12-03,2011-08-18,661,67,7,0.10702875399361023,0.07777777777777778,False,False
21001,2009-12-16,2011-08-18,118,64,9,0.10223642172523961,0.1,False,False
21002,2009-12-21,2011-07-28,413,135,1,0.21565495207667731,0.011111111111111112,False,False
21003,2010-03-02,2011-08-10,66,34,14,0.054313099041533544,0.15555555555555556,False,False
21004,2009-12-01,2010-11-05,137,60,0,0.09584664536741214,0.0,False,False
21007,2009-12-02,2010-09-23,1927,33,0,0.052715654952076675,0.0,False,False
21008,2010-02-01,2010-02-01,1,1,0,0.001597444089456869,0.0,False,False
21009,2009-12-02,2010-12-17,1059,55,0,0.0878594249201278,0.0,False,False
21010,2009-12-02,2010-10-24,856,56,0,0.08945686900958466,0.0,False,False
21011,2009-12-02,2010-12-21,1851,73,0,0.11661341853035144,0.0,False,False
21012,2009-12-01,2011-08-10,1781,157,20,0.2507987220447284,0.2222222222222222,False,False
21014,2009-12-01,2011-08-09,642,73,5,0.11661341853035144,0.05555555555555555,False,False
21015,2009-12-01,2011-08-09,276,57,5,0.09105431309904154,0.05555555555555555,False,False
21016,2009-12-01,2010-11-26,836,53,0,0.08466453674121406,0.0,False,False
21017,2009-12-01,2010-11-19,662,58,0,0.0926517571884984,0.0,False,False
21018,2009-12-01,2010-12-17,214,36,0,0.05750798722044728,0.0,False,False
21025,2009-12-01,2011-08-05,274,51,5,0.08146964856230032,0.05555555555555555,False,False
21026,2009-12-02,2011-08-05,456,76,4,0.12140575079872204,0.044444444444444446,False,False
21027,2009-12-04,2011-08-05,337,57,4,0.09105431309904154,0.044444444444444446,False,False
21028,2009-12-05,2011-08-05,285,59,7,0.09424920127795527,0.07777777777777778,False,False
21030,2009-12-16,2011-07-07,207,41,6,0.06549520766773163,0.06666666666666667,False,False
21031,2009-12-01,2011-05-19,130,33,0,0.052715654952076675,0.0,False,False
21032,2009-12-04,2011-07-07,191,40,5,0.06389776357827476,0.05555555555555555,False,False
21033,2009-12-01,2011-08-11,4598,295,52,0.4712460063897764,0.5777777777777777,True,False
21034,2009-12-01,2011-08-18,3277,453,62,0.7236421725239617,0.6888888888888889,True,False
21035,2009-12-01,2011-08-18,5247,381,40,0.6086261980830671,0.4444444444444444,True,False
21036,2009-12-14,2009-12-14,1,1,0,0.001597444089456869,0.0,False,False
21038,2009-12-16,2011-05-04,166,46,0,0.07348242811501597,0.0,False,False
21039,2009-12-01,2011-08-12,1184,151,10,0.24121405750798722,0.1111111111111111,False,False
21040,2009-12-02,2011-03-15,894,52,0,0.08306709265175719,0.0,False,False
21041,2009-12-01,2011-08-18,2576,247,35,0.39456869009584666,0.3888888888888889,True,False
21042,2009-12-01,2011-08-17,1426,241,20,0.38498402555910544,0.2222222222222222,False,False
21043,2009-12-07,2011-06-07,679,99,4,0.15814696485623003,0.044444444444444446,False,False
21051,2009-12-03,2011-07-22,722,97,6,0.15495207667731628,0.06666666666666667,False,False
21054,2009-12-03,2011-08-01,383,143,1,0.22843450479233227,0.011111111111111112,False,False
21055,2009-12-01,2011-08-17,322,140,15,0.22364217252396165,0.16666666666666666,False,False
21056,2009-12-03,2011-08-01,508,143,10,0.22843450479233227,0.1111111111111111,False,False
21058,2009-12-01,2011-08-18,2151,176,29,0.28115015974440893,0.32222222222222224,True,False
21059,2009-12-06,2011-08-16,1427,164,27,0.26198083067092653,0.3,True,False
21060,2009-12-08,2011-08-16,1149,115,20,0.18370607028753994,0.2222222222222222,False,False
21061,2009-12-08,2011-08-11,1245,129,22,0.20607028753993611,0.24444444444444444,False,False
21062,2009-12-08,2011-08-16,904,106,21,0.16932907348242812,0.23333333333333334,False,False
21063,2009-12-01,2011-08-17,1333,172,26,0.2747603833865815,0.28888888888888886,False,False
21064,2009-12-01,2011-08-04,641,78,10,0.12460063897763578,0.1111111111111111,False,False
21065,2009-12-02,2011-08-04,525,60,8,0.09584664536741214,0.08888888888888889,False,False
21066,2009-12-01,2011-08-07,1730,93,10,0.1485623003194888,0.1111111111111111,False,False
21067,2009-12-01,2011-07-17,4764,192,12,0.30670926517571884,0.13333333333333333,False,False
21068,2009-12-01,2011-08-17,3242,205,21,0.3274760383386581,0.23333333333333334,False,False
21069,2009-12-01,2011-08-17,5108,209,12,0.33386581469648563,0.13333333333333333,False,False
21070,2009-12-01,2011-08-15,1192,140,8,0.22364217252396165,0.08888888888888889,False,False
21071,2009-12-01,2011-08-18,4037,264,21,0.4217252396166134,0.23333333333333334,False,False
21076,2009-12-02,2010-03-16,844,58,0,0.0926517571884984,0.0,False,False
21077,2009-12-02,2010-09-09,2793,117,0,0.1869009584664537,0.0,False,False
21078,2009-12-02,2011-08-18,6990,349,50,0.5575079872204473,0.5555555555555556,True,False
21080,2009-12-01,2011-08-18,27746,493,73,0.7875399361022364,0.8111111111111111,True,False
21081,2009-12-01,2010-01-31,4,4,0,0.006389776357827476,0.0,False,False
21082,2009-12-01,2011-06-28,7187,129,6,0.20607028753993611,0.06666666666666667,False,False
21084,2009-12-06,2011-08-16,2379,123,42,0.1964856230031949,0.4666666666666667,False,False
21085,2009-12-01,2010-07-12,13732,53,0,0.08466453674121406,0.0,False,False
21086,2009-12-01,2011-08-16,14807,344,53,0.549520766773163,0.5888888888888889,True,False
21087,2010-01-25,2011-04-19,260,30,0,0.04792332268370607,0.0,False,False
21088,2009-12-15,2011-08-17,16309,88,26,0.14057507987220447,0.28888888888888886,False,False
21089,2010-01-15,2011-08-17,323,37,12,0.05910543130990415,0.13333333333333333,False,False
21090,2009-12-16,2011-08-16,2703,152,48,0.24281150159744408,0.5333333333333333,False,False
21091,2009-12-01,2010-03-18,13700,38,0,0.06070287539936102,0.0,False,False
21092,2009-12-07,2010-03-17,12846,26,0,0.04153354632587859,0.0,False,False
21094,2009-12-01,2011-08-17,17596,391,64,0.6246006389776357,0.7111111111111111,True,False
21095,2009-12-17,2011-06-16,295,38,2,0.06070287539936102,0.022222222222222223,False,False
21096,2009-12-10,2011-08-17,15813,91,29,0.14536741214057508,0.32222222222222224,False,False
21097,2010-01-15,2010-06-21,33,7,0,0.011182108626198083,0.0,False,False
21098,2009-12-01,2011-08-11,5640,134,16,0.21405750798722045,0.17777777777777778,False,False
21099,2009-12-01,2010-05-07,13388,30,0,0.04792332268370607,0.0,False,False
21100,2009-12-01,2011-03-22,2547,173,0,0.2763578274760383,0.0,False,False
21102,2009-12-02,2010-03-12,82,18,0,0.02875399361022364,0.0,False,False
21106,2009-12-02,2011-08-10,663,129,10,0.20607028753993611,0.1111111111111111,False,False
21107,2009-12-02,2011-08-10,1801,184,11,0.2939297124600639,0.12222222222222222,False,False
21108,2009-12-01,2011-08-16,9600,264,20,0.4217252396166134,0.2222222222222222,False,False
21109,2009-12-04,2011-08-05,848,130,3,0.20766773162939298,0.03333333333333333,False,False
21110,2009-12-01,2011-07-26,1492,204,8,0.3258785942492013,0.08888888888888889,False,False
21111,2009-12-01,2011-07-29,1055,143,6,0.22843450479233227,0.06666666666666667,False,False
21112,2009-12-01,2011-07-31,1821,127,6,0.20287539936102236,0.06666666666666667,False,False
21114,2009-12-01,2011-08-18,5347,284,19,0.4536741214057508,0.2111111111111111,False,False
21115,2009-12-01,2011-08-12,870,248,23,0.3961661341853035,0.25555555555555554,False,False
21116,2009-12-01,2011-08-17,991,264,36,0.4217252396166134,0.4,True,False
21117,2009-12-10,2011-07-31,268,17,2,0.027156549520766772,0.022222222222222223,False,False
21118,2009-12-02,2010-01-11,69,6,0,0.009584664536741214,0.0,False,False
21119,2009-12-18,2010-09-27,3,3,0,0.004792332268370607,0.0,False,False
21120,2010-12-09,2010-12-09,1,1,0,0.001597444089456869,0.0,False,False
21121,2009-12-01,2011-08-18,13250,387,50,0.6182108626198083,0.5555555555555556,True,False
21122,2009-12-01,2011-08-17,11065,377,57,0.6022364217252396,0.6333333333333333,True,False
21123,2009-12-03,2011-08-17,2326,140,22,0.22364217252396165,0.24444444444444444,False,False
21124,2009-12-01,2011-08-17,9115,337,51,0.5383386581469649,0.5666666666666667,True,False
21125,2009-12-01,2011-08-17,1842,149,14,0.2380191693290735,0.15555555555555556,False,False
21126,2009-12-01,2011-08-17,2134,174,16,0.2779552715654952,0.17777777777777778,False,False
21127,2009-12-03,2010-06-10,298,42,0,0.0670926517571885,0.0,False,False
21128,2009-12-17,2011-08-10,107,44,7,0.07028753993610223,0.07777777777777778,False,False
21129,2009-12-02,2011-08-15,107,47,7,0.07507987220447285,0.07777777777777778,False,False
21130,2009-12-04,2010-06-30,722,37,0,0.05910543130990415,0.0,False,False
21131,2009-12-07,2011-08-17,231,37,9,0.05910543130990415,0.1,False,False
21132,2009-12-14,2011-07-07,79,34,3,0.054313099041533544,0.03333333333333333,False,False
21133,2009-12-01,2010-09-13,424,26,0,0.04153354632587859,0.0,False,False
21134,2009-12-01,2010-11-16,379,33,0,0.052715654952076675,0.0,False,False
21135,2009-12-02,2011-08-17,4422,246,33,0.3929712460063898,0.36666666666666664,True,False
21136,2009-12-01,2011-08-18,8710,322,56,0.5143769968051118,0.6222222222222222,True,False
21137,2009-12-01,2011-08-18,13514,272,36,0.43450479233226835,0.4,True,False
21143,2009-12-01,2011-08-03,2102,114,2,0.18210862619808307,0.022222222222222223,False,False
21144,2009-12-02,2010-12-21,543,42,0,0.0670926517571885,0.0,False,False
21145,2009-12-01,2011-07-11,859,44,3,0.07028753993610223,0.03333333333333333,False,False
21146,2009-12-02,2010-11-02,801,42,0,0.0670926517571885,0.0,False,False
21147,2009-12-04,2011-07-06,318,50,1,0.07987220447284345,0.011111111111111112,False,False
21153,2009-12-01,2010-09-22,393,98,0,0.15654952076677317,0.0,False,False
21154,2009-12-01,2011-08-18,6862,376,51,0.6006389776357828,0.5666666666666667,True,False
21155,2009-12-01,2011-08-18,5871,339,59,0.5415335463258786,0.6555555555555556,True,False
21156,2009-12-01,2011-08-15,7780,373,42,0.5958466453674122,0.4666666666666667,True,False
21157,2009-12-01,2011-06-27,687,125,4,0.19968051118210864,0.044444444444444446,False,False
21158,2009-12-02,2011-08-18,1588,164,31,0.26198083067092653,0.34444444444444444,True,False
21159,2009-12-01,2011-08-18,1367,139,24,0.2220447284345048,0.26666666666666666,False,False
21160,2009-12-01,2010-12-14,795,51,0,0.08146964856230032,0.0,False,False
21161,2009-12-01,2011-06-08,2362,156,5,0.24920127795527156,0.05555555555555555,False,False
21162,2009-12-01,2011-08-18,1401,140,24,0.22364217252396165,0.26666666666666666,False,False
21163,2009-12-02,2011-08-18,2130,157,25,0.2507987220447284,0.2777777777777778,False,False
21164,2009-12-01,2011-08-18,5631,346,43,0.5527156549520766,0.4777777777777778,True,False
21165,2009-12-01,2011-08-18,7831,372,55,0.5942492012779552,0.6111111111111112,True,False
21166,2009-12-01,2011-08-01,14780,394,42,0.6293929712460063,0.4666666666666667,True,False
21167,2009-12-10,2011-08-08,1668,73,9,0.11661341853035144,0.1,False,False
21169,2009-12-08,2011-08-11,7022,289,45,0.46166134185303515,0.5,True,False
21171,2009-12-02,2011-08-11,1847,179,18,0.28594249201277955,0.2,False,False
21172,2009-12-01,2011-08-18,6495,355,61,0.5670926517571885,0.6777777777777778,True,False
21173,2009-12-01,2010-04-01,342,52,0,0.08306709265175719,0.0,False,False
21174,2009-12-01,2011-08-18,7568,421,59,0.6725239616613419,0.6555555555555556,True,False
21175,2009-12-01,2011-08-18,16934,440,74,0.7028753993610224,0.8222222222222222,True,False
21179,2009-12-01,2011-08-18,3773,262,53,0.4185303514376997,0.5888888888888889,True,False
21181,2009-12-01,2011-08-01,18581,338,3,0.5399361022364217,0.03333333333333333,False,False
21185,2009-12-01,2010-07-05,132,30,0,0.04792332268370607,0.0,False,False
21186,2009-12-01,2010-12-14,5277,190,0,0.3035143769968051,0.0,False,False
21187,2009-12-01,2011-08-04,1348,106,13,0.16932907348242812,0.14444444444444443,False,False
21188,2009-12-03,2011-08-03,912,114,17,0.18210862619808307,0.18888888888888888,False,False
21189,2009-12-01,2011-08-18,612,74,10,0.1182108626198083,0.1111111111111111,False,False
21190,2009-12-13,2011-03-18,802,84,0,0.134185303514377,0.0,False,False
21191,2009-12-01,2011-07-25,1260,109,7,0.17412140575079874,0.07777777777777778,False,False
21192,2009-12-01,2011-08-11,1463,128,13,0.20447284345047922,0.14444444444444443,False,False
21193,2009-12-02,2010-04-07,111,18,0,0.02875399361022364,0.0,False,False
21194,2009-12-03,2011-08-08,364,66,15,0.10543130990415335,0.16666666666666666,False,False
21195,2009-12-02,2011-05-17,997,116,0,0.1853035143769968,0.0,False,False
21196,2010-02-08,2011-08-18,142,17,2,0.027156549520766772,0.022222222222222223,False,False
21197,2010-03-03,2011-08-18,366,37,9,0.05910543130990415,0.1,False,False
21198,2009-12-01,2011-08-18,1146,97,23,0.15495207667731628,0.25555555555555554,False,False
21199,2009-12-07,2011-08-18,1231,125,17,0.19968051118210864,0.18888888888888888,False,False
21200,2009-12-01,2011-08-08,792,88,10,0.14057507987220447,0.1111111111111111,False,False
21201,2009-12-01,2011-08-12,2059,169,25,0.26996805111821087,0.2777777777777778,False,False
21202,2009-12-14,2011-07-31,827,58,5,0.0926517571884984,0.05555555555555555,False,False
21203,2009-12-03,2010-08-17,1541,103,0,0.1645367412140575,0.0,False,False
21204,2009-12-06,2011-08-16,1484,150,26,0.23961661341853036,0.28888888888888886,False,False
21205,2009-12-02,2011-08-17,625,114,15,0.18210862619808307,0.16666666666666666,False,False
21206,2009-12-03,2011-08-12,1961,176,27,0.28115015974440893,0.3,True,False
21207,2009-12-03,2011-08-12,3135,178,26,0.28434504792332266,0.28888888888888886,False,False
21208,2009-12-16,2011-08-16,744,84,23,0.134185303514377,0.25555555555555554,False,False
21209,2009-12-16,2011-08-12,1085,105,22,0.16773162939297126,0.24444444444444444,False,False
21210,2009-12-01,2011-08-18,13083,394,52,0.6293929712460063,0.5777777777777777,True,False
21211,2009-12-02,2011-08-17,2001,159,24,0.2539936102236422,0.26666666666666666,False,False
21212,2009-12-01,2011-08-18,85719,500,75,0.7987220447284346,0.8333333333333334,True,True
21213,2009-12-01,2011-08-18,35353,448,65,0.7156549520766773,0.7222222222222222,True,True
21214,2009-12-01,2010-10-08,2007,121,0,0.19329073482428116,0.0,False,False
21215,2009-12-04,2011-08-09,4077,205,19,0.3274760383386581,0.2111111111111111,False,False
21216,2009-12-01,2011-08-18,3360,339,49,0.5415335463258786,0.5444444444444444,True,False
21217,2009-12-01,2011-08-18,2634,379,37,0.6054313099041534,0.4111111111111111,True,False
21218,2009-12-01,2011-08-18,4642,371,42,0.5926517571884984,0.4666666666666667,True,False
21219,2009-12-04,2011-08-10,882,124,10,0.19808306709265175,0.1111111111111111,False,False
21220,2009-12-02,2011-08-10,562,104,11,0.16613418530351437,0.12222222222222222,False,False
21221,2009-12-01,2011-08-10,486,83,7,0.13258785942492013,0.07777777777777778,False,False
21222,2009-12-07,2011-08-10,534,84,8,0.134185303514377,0.08888888888888889,False,False
21223,2009-12-01,2010-04-08,496,34,0,0.054313099041533544,0.0,False,False
21224,2009-12-03,2011-08-17,1859,183,25,0.29233226837060705,0.2777777777777778,False,False
21225,2009-12-11,2009-12-21,2,2,0,0.003194888178913738,0.0,False,False
21226,2009-12-11,2011-07-20,207,31,13,0.04952076677316294,0.14444444444444443,False,False
21228,2009-12-09,2011-03-09,97,29,0,0.0463258785942492,0.0,False,False
21231,2009-12-01,2011-08-18,17490,389,53,0.6214057507987221,0.5888888888888889,True,False
21232,2009-12-01,2011-08-18,33783,478,69,0.7635782747603834,0.7666666666666667,True,True
21238,2009-12-01,2011-08-18,8799,380,52,0.6070287539936102,0.5777777777777777,True,False
21239,2009-12-01,2011-08-18,6888,354,49,0.5654952076677316,0.5444444444444444,True,False
21240,2009-12-01,2011-08-18,7114,369,47,0.5894568690095847,0.5222222222222223,True,False
21241,2009-12-01,2010-10-12,2216,162,0,0.25878594249201275,0.0,False,False
21242,2009-12-01,2011-08-18,6277,346,55,0.5527156549520766,0.6111111111111112,True,False
21243,2009-12-01,2011-08-18,5104,280,37,0.4472843450479233,0.4111111111111111,True,False
21244,2009-12-01,2011-08-18,4933,279,40,0.44568690095846647,0.4444444444444444,True,False
21245,2009-12-01,2011-08-18,2331,209,23,0.33386581469648563,0.25555555555555554,False,False
21246,2009-12-01,2011-08-18,726,159,36,0.2539936102236422,0.4,True,False
21247,2009-12-01,2010-10-25,423,64,0,0.10223642172523961,0.0,False,False
21248,2009-12-01,2011-08-17,966,114,16,0.18210862619808307,0.17777777777777778,False,False
21249,2009-12-01,2011-08-18,1496,181,21,0.28913738019169327,0.23333333333333334,False,False
21250,2009-12-03,2011-08-15,379,50,3,0.07987220447284345,0.03333333333333333,False,False
21251,2009-12-01,2011-08-18,547,103,8,0.1645367412140575,0.08888888888888889,False,False
21252,2009-12-01,2010-01-25,168,15,0,0.023961661341853034,0.0,False,False
21253,2009-12-02,2011-08-11,276,90,15,0.14376996805111822,0.16666666666666666,False,False
21255,2009-12-01,2010-04-18,476,58,0,0.0926517571884984,0.0,False,False
21256,2009-12-01,2010-02-18,326,39,0,0.06230031948881789,0.0,False,False
21257,2009-12-01,2011-08-17,1298,262,27,0.4185303514376997,0.3,True,False
21258,2009-12-01,2011-04-01,1297,206,0,0.329073482428115,0.0,False,False
21259,2009-12-01,2011-08-15,1968,312,32,0.4984025559105431,0.35555555555555557,True,False
21260,2009-12-01,2011-08-11,3201,280,24,0.4472843450479233,0.26666666666666666,False,False
21261,2009-12-04,2011-08-12,131,42,3,0.0670926517571885,0.03333333333333333,False,False
21262,2009-12-02,2011-07-26,401,64,7,0.10223642172523961,0.07777777777777778,False,False
21263,2010-09-13,2011-05-10,138,19,0,0.03035143769968051,0.0,False,False
21264,2009-12-08,2011-07-26,153,26,3,0.04153354632587859,0.03333333333333333,False,False
21265,2009-12-06,2011-07-15,207,20,1,0.03194888178913738,0.011111111111111112,False,False
21266,2009-12-01,2009-12-16,23,7,0,0.011182108626198083,0.0,False,False
21267,2009-12-02,2009-12-18,24,7,0,0.011182108626198083,0.0,False,False
21268,2009-12-06,2010-12-02,397,40,0,0.06389776357827476,0.0,False,False
21269,2009-12-08,2011-07-15,107,58,4,0.0926517571884984,0.044444444444444446,False,False
21270,2009-12-08,2011-08-11,75,40,9,0.06389776357827476,0.1,False,False
21272,2009-12-01,2011-08-11,2356,248,20,0.3961661341853035,0.2222222222222222,False,False
21274,2009-12-04,2010-11-05,177,83,0,0.13258785942492013,0.0,False,False
21275,2009-12-08,2011-05-19,249,46,0,0.07348242811501597,0.0,False,False
21276,2009-12-03,2010-04-08,677,20,0,0.03194888178913738,0.0,False,False
21277,2009-12-08,2011-08-18,46,38,4,0.06070287539936102,0.044444444444444446,False,False
21278,2009-12-08,2011-07-15,2770,99,3,0.15814696485623003,0.03333333333333333,False,False
21279,2009-12-02,2011-08-18,3512,85,6,0.13578274760383385,0.06666666666666667,False,False
21280,2009-12-04,2011-08-18,3315,66,3,0.10543130990415335,0.03333333333333333,False,False
21281,2009-12-02,2011-04-19,3677,62,0,0.09904153354632587,0.0,False,False
21282,2009-12-02,2010-11-14,369,60,0,0.09584664536741214,0.0,False,False
21283,2009-12-01,2010-11-24,537,73,0,0.11661341853035144,0.0,False,False
21284,2009-12-01,2011-08-02,1332,98,5,0.15654952076677317,0.05555555555555555,False,False
21285,2009-12-03,2011-07-28,717,58,3,0.0926517571884984,0.03333333333333333,False,False
21286,2009-12-02,2011-06-16,780,65,1,0.10383386581469649,0.011111111111111112,False,False
21287,2009-12-04,2011-08-08,3078,51,6,0.08146964856230032,0.06666666666666667,False,False
21288,2009-12-03,2011-08-02,799,137,15,0.21884984025559107,0.16666666666666666,False,False
21289,2009-12-08,2011-08-17,1251,78,15,0.12460063897763578,0.16666666666666666,False,False
21290,2009-12-23,2009-12-23,2,1,0,0.001597444089456869,0.0,False,False
21291,2009-12-01,2011-08-03,2209,111,13,0.17731629392971246,0.14444444444444443,False,False
21292,2009-12-04,2011-08-03,2176,68,7,0.10862619808306709,0.07777777777777778,False,False
21293,2009-12-03,2011-07-13,258,52,3,0.08306709265175719,0.03333333333333333,False,False
21294,2009-12-02,2011-08-01,2174,111,21,0.17731629392971246,0.23333333333333334,False,False
21298,2009-12-14,2010-03-03,52,8,0,0.012779552715654952,0.0,False,False
21299,2009-12-01,2010-03-12,166,23,0,0.036741214057507986,0.0,False,False
21300,2009-12-05,2010-03-05,53,6,0,0.009584664536741214,0.0,False,False
21303,2009-12-03,2010-03-10,96,23,0,0.036741214057507986,0.0,False,False
21304,2009-12-02,2010-04-13,86,15,0,0.023961661341853034,0.0,False,False
21306,2009-12-03,2011-08-15,359,40,9,0.06389776357827476,0.1,False,False
21307,2009-12-01,2011-07-13,751,60,6,0.09584664536741214,0.06666666666666667,False,False
21308,2009-12-06,2010-01-12,132,6,0,0.009584664536741214,0.0,False,False
21309,2009-12-08,2010-02-17,49,4,0,0.006389776357827476,0.0,False,False
21310,2010-03-18,2011-05-24,6,4,1,0.006389776357827476,0.011111111111111112,False,False
21311,2009-12-03,2011-08-15,489,65,18,0.10383386581469649,0.2,False,False
21312,2009-12-02,2010-09-12,300,26,0,0.04153354632587859,0.0,False,False
21313,2009-12-01,2011-08-18,5772,234,27,0.3738019169329074,0.3,True,False
21314,2009-12-01,2011-08-18,9979,398,55,0.6357827476038339,0.6111111111111112,True,False
21316,2009-12-03,2011-04-10,694,42,0,0.0670926517571885,0.0,False,False
21317,2009-12-13,2011-08-17,283,53,4,0.08466453674121406,0.044444444444444446,False,False
21318,2009-12-13,2011-05-09,974,73,0,0.11661341853035144,0.0,False,False
21319,2009-12-07,2011-04-10,508,60,0,0.09584664536741214,0.0,False,False
21320,2009-12-01,2011-04-07,398,51,0,0.08146964856230032,0.0,False,False
21321,2009-12-01,2010-04-09,122,17,0,0.027156549520766772,0.0,False,False
21322,2009-12-09,2010-01-11,301,12,0,0.019169329073482427,0.0,False,False
21323,2009-12-02,2010-07-23,744,61,0,0.09744408945686901,0.0,False,False
21324,2009-12-03,2011-05-09,1022,132,0,0.2108626198083067,0.0,False,False
21326,2009-12-01,2011-08-17,13620,292,36,0.46645367412140576,0.4,True,False
21327,2009-12-02,2011-08-10,1580,252,35,0.402555910543131,0.3888888888888889,True,False
21328,2009-12-01,2011-08-17,1956,276,40,0.44089456869009586,0.4444444444444444,True,False
21329,2009-12-01,2011-08-10,1630,252,32,0.402555910543131,0.35555555555555557,True,False
21330,2009-12-01,2010-11-07,1456,121,0,0.19329073482428116,0.0,False,False
21331,2009-12-06,2011-06-03,106,23,1,0.036741214057507986,0.011111111111111112,False,False
21332,2009-12-04,2011-08-15,270,45,2,0.07188498402555911,0.022222222222222223,False,False
21333,2009-12-01,2011-04-05,1059,160,0,0.25559105431309903,0.0,False,False
21335,2009-12-01,2010-05-18,42,25,0,0.039936102236421724,0.0,False,False
21336,2009-12-04,2011-06-29,1823,42,5,0.0670926517571885,0.05555555555555555,False,False
21337,2009-12-02,2010-11-30,33,11,0,0.01757188498402556,0.0,False,False
21338,2009-12-05,2010-04-13,199,12,0,0.019169329073482427,0.0,False,False
21339,2009-12-08,2010-07-14,30,11,0,0.01757188498402556,0.0,False,False
21340,2009-12-02,2011-08-17,1528,195,41,0.31150159744408945,0.45555555555555555,True,False
21341,2009-12-02,2010-10-01,72,21,0,0.03354632587859425,0.0,False,False
21343,2009-12-09,2010-02-11,20,3,0,0.004792332268370607,0.0,False,False
21344,2009-12-01,2011-07-06,154,21,1,0.03354632587859425,0.011111111111111112,False,False
21347,2009-12-02,2010-04-01,8,4,0,0.006389776357827476,0.0,False,False
21348,2009-12-01,2011-01-26,845,103,0,0.1645367412140575,0.0,False,False
21349,2009-12-01,2010-12-06,549,85,0,0.13578274760383385,0.0,False,False
21350,2009-12-02,2010-11-05,227,32,0,0.051118210862619806,0.0,False,False
21351,2009-12-01,2011-07-18,1049,75,1,0.11980830670926518,0.011111111111111112,False,False
21352,2009-12-01,2011-08-08,599,74,3,0.1182108626198083,0.03333333333333333,False,False
21353,2009-12-01,2009-12-22,19,6,0,0.009584664536741214,0.0,False,False
21354,2009-12-02,2011-07-19,2272,144,4,0.23003194888178913,0.044444444444444446,False,False
21355,2009-12-01,2011-08-11,3423,187,5,0.2987220447284345,0.05555555555555555,False,False
21356,2009-12-01,2011-07-29,1153,182,9,0.29073482428115016,0.1,False,False
21357,2009-12-01,2011-03-28,1395,139,0,0.2220447284345048,0.0,False,False
21358,2009-12-02,2011-08-17,984,132,11,0.2108626198083067,0.12222222222222222,False,False
21359,2009-12-02,2011-08-11,210,65,14,0.10383386581469649,0.15555555555555556,False,False
21360,2009-12-01,2011-06-06,442,84,2,0.134185303514377,0.022222222222222223,False,False
21361,2010-02-11,2011-07-22,563,194,5,0.30990415335463256,0.05555555555555555,False,False
21363,2010-01-05,2011-08-15,987,255,18,0.4073482428115016,0.2,False,False
21364,2009-12-01,2011-07-22,466,113,3,0.1805111821086262,0.03333333333333333,False,False
21365,2009-12-07,2011-08-12,330,46,12,0.07348242811501597,0.13333333333333333,False,False
21366,2009-12-10,2011-07-22,225,58,13,0.0926517571884984,0.14444444444444443,False,False
21367,2009-12-08,2011-08-09,157,36,10,0.05750798722044728,0.1111111111111111,False,False
21368,2009-12-08,2011-08-09,152,28,9,0.04472843450479233,0.1,False,False
21369,2009-12-23,2011-08-12,92,15,6,0.023961661341853034,0.06666666666666667,False,False
21370,2009-12-06,2010-12-01,40,14,0,0.022364217252396165,0.0,False,False
21371,2009-12-01,2011-08-12,322,45,12,0.07188498402555911,0.13333333333333333,False,False
21372,2009-12-02,2011-08-09,120,31,10,0.04952076677316294,0.1111111111111111,False,False
21373,2009-12-04,2011-08-17,294,22,9,0.03514376996805112,0.1,False,False
21374,2009-12-18,2011-08-03,345,46,12,0.07348242811501597,0.13333333333333333,False,False
21375,2009-12-01,2011-07-22,122,49,7,0.07827476038338659,0.07777777777777778,False,False
21376,2009-12-06,2011-06-07,173,38,3,0.06070287539936102,0.03333333333333333,False,False
21377,2009-12-01,2011-07-22,458,77,9,0.12300319488817892,0.1,False,False
21378,2009-12-07,2011-07-06,496,65,6,0.10383386581469649,0.06666666666666667,False,False
21379,2009-12-01,2011-07-17,565,93,11,0.1485623003194888,0.12222222222222222,False,False
21380,2009-12-03,2011-08-17,4568,330,52,0.5271565495207667,0.5777777777777777,True,False
21381,2009-12-03,2011-08-17,4773,302,44,0.48242811501597443,0.4888888888888889,True,False
21382,2010-05-16,2011-08-15,815,92,33,0.14696485623003194,0.36666666666666664,False,False
21383,2009-12-09,2011-08-15,2133,175,23,0.2795527156549521,0.25555555555555554,False,False
21384,2009-12-02,2010-05-19,1923,84,0,0.134185303514377,0.0,False,False
21385,2009-12-01,2011-08-18,10209,332,41,0.5303514376996805,0.45555555555555555,True,False
21386,2010-01-11,2011-07-22,862,70,10,0.11182108626198083,0.1111111111111111,False,False
21387,2010-02-23,2010-03-01,25,3,0,0.004792332268370607,0.0,False,False
21388,2009-12-02,2010-03-29,315,24,0,0.038338658146964855,0.0,False,False
21389,2009-12-03,2011-08-17,2229,177,23,0.2827476038338658,0.25555555555555554,False,False
21390,2009-12-02,2011-08-17,9600,306,37,0.48881789137380194,0.4111111111111111,True,False
21391,2009-12-02,2011-08-17,1288,131,42,0.20926517571884984,0.4666666666666667,False,False
21392,2009-12-03,2011-03-17,7545,46,0,0.07348242811501597,0.0,False,False
21393,2010-01-08,2011-03-28,5244,41,0,0.06549520766773163,0.0,False,False
21394,2010-01-26,2011-08-18,3163,83,32,0.13258785942492013,0.35555555555555557,False,False
21395,2009-12-07,2011-08-18,2675,85,34,0.13578274760383385,0.37777777777777777,False,False
21396,2009-12-01,2010-05-16,948,55,0,0.0878594249201278,0.0,False,False
21397,2009-12-04,2011-05-09,2157,135,0,0.21565495207667731,0.0,False,False
21398,2009-12-01,2011-04-19,2295,100,0,0.1597444089456869,0.0,False,False
21399,2009-12-04,2011-06-05,2390,94,4,0.1501597444089457,0.044444444444444446,False,False
21400,2009-12-07,2011-08-12,685,53,16,0.08466453674121406,0.17777777777777778,False,False
21401,2009-12-07,2011-08-12,1032,74,13,0.1182108626198083,0.14444444444444443,False,False
21402,2009-12-03,2011-08-10,1226,100,17,0.1597444089456869,0.18888888888888888,False,False
21403,2009-12-03,2011-08-15,1711,106,27,0.16932907348242812,0.3,False,False
21406,2009-12-14,2009-12-14,1,1,0,0.001597444089456869,0.0,False,False
21407,2009-12-01,2011-08-18,1215,261,25,0.4169329073482428,0.2777777777777778,False,False
21408,2009-12-02,2011-08-11,522,150,13,0.23961661341853036,0.14444444444444443,False,False
21409,2010-01-18,2010-01-18,1,1,0,0.001597444089456869,0.0,False,False
21410,2009-12-01,2010-12-07,314,110,0,0.1757188498402556,0.0,False,False
21411,2009-12-01,2011-08-17,1614,297,32,0.4744408945686901,0.35555555555555557,True,False
21412,2009-12-01,2010-11-21,277,46,0,0.07348242811501597,0.0,False,False
21413,2009-12-08,2011-05-05,3157,47,0,0.07507987220447285,0.0,False,False
21414,2009-12-07,2011-02-22,1637,34,0,0.054313099041533544,0.0,False,False
21415,2009-12-09,2011-08-18,232,64,13,0.10223642172523961,0.14444444444444443,False,False
21416,2009-12-13,2011-03-22,752,21,0,0.03354632587859425,0.0,False,False
21417,2009-12-01,2011-08-16,282,83,15,0.13258785942492013,0.16666666666666666,False,False
21418,2009-12-06,2011-06-23,158,53,3,0.08466453674121406,0.03333333333333333,False,False
21419,2009-12-01,2010-07-14,1259,17,0,0.027156549520766772,0.0,False,False
21420,2010-01-04,2011-07-13,83,23,4,0.036741214057507986,0.044444444444444446,False,False
21421,2009-12-06,2011-05-24,1792,84,1,0.134185303514377,0.011111111111111112,False,False
21422,2009-12-03,2011-08-11,2334,111,11,0.17731629392971246,0.12222222222222222,False,False
21424,2009-12-01,2011-08-17,880,103,16,0.1645367412140575,0.17777777777777778,False,False
21425,2009-12-02,2011-08-18,469,78,2,0.12460063897763578,0.022222222222222223,False,False
21426,2009-12-01,2011-08-08,947,76,10,0.12140575079872204,0.1111111111111111,False,False
21427,2009-12-03,2011-08-18,451,87,4,0.1389776357827476,0.044444444444444446,False,False
21428,2009-12-01,2011-08-18,2473,232,31,0.3706070287539936,0.34444444444444444,True,False
21429,2009-12-01,2011-08-18,5519,316,33,0.5047923322683706,0.36666666666666664,True,False
21430,2009-12-01,2011-08-18,3926,279,56,0.44568690095846647,0.6222222222222222,True,False
21431,2009-12-01,2010-11-16,1488,163,0,0.26038338658146964,0.0,False,False
21432,2009-12-01,2010-11-19,943,155,0,0.2476038338658147,0.0,False,False
21437,2009-12-08,2010-03-28,678,55,0,0.0878594249201278,0.0,False,False
21438,2009-12-03,2010-03-18,378,23,0,0.036741214057507986,0.0,False,False
21439,2009-12-01,2011-08-18,2011,160,23,0.25559105431309903,0.25555555555555554,False,False
21440,2009-12-01,2010-07-01,481,67,0,0.10702875399361023,0.0,False,False
21441,2009-12-13,2011-08-03,744,104,7,0.16613418530351437,0.07777777777777778,False,False
21442,2009-12-15,2011-07-18,774,105,8,0.16773162939297126,0.08888888888888889,False,False
21443,2009-12-04,2010-03-30,258,20,0,0.03194888178913738,0.0,False,False
21444,2009-12-01,2010-04-26,291,31,0,0.04952076677316294,0.0,False,False
21445,2009-12-01,2011-07-22,1523,111,1,0.17731629392971246,0.011111111111111112,False,False
21446,2009-12-03,2011-08-08,1080,155,17,0.2476038338658147,0.18888888888888888,False,False
21447,2009-12-03,2011-08-18,2689,241,36,0.38498402555910544,0.4,True,False
21448,2009-12-02,2011-08-04,948,162,12,0.25878594249201275,0.13333333333333333,False,False
21450,2009-12-03,2009-12-20,13,3,0,0.004792332268370607,0.0,False,False
21452,2010-03-18,2011-08-18,1671,225,30,0.35942492012779553,0.3333333333333333,False,False
21454,2010-01-11,2011-08-10,916,125,25,0.19968051118210864,0.2777777777777778,False,False
21455,2010-01-28,2011-08-10,874,116,27,0.1853035143769968,0.3,False,False
21456,2009-12-04,2011-04-05,725,51,0,0.08146964856230032,0.0,False,False
21457,2009-12-04,2011-04-21,674,52,0,0.08306709265175719,0.0,False,False
21458,2009-12-04,2011-07-18,755,65,1,0.10383386581469649,0.011111111111111112,False,False
21459,2010-01-28,2011-04-18,263,41,0,0.06549520766773163,0.0,False,False
21460,2010-01-29,2011-03-23,113,26,0,0.04153354632587859,0.0,False,False
21461,2010-01-29,2011-04-06,83,22,0,0.03514376996805112,0.0,False,False
21462,2009-12-04,2011-08-12,299,126,13,0.2012779552715655,0.14444444444444443,False,False
21463,2009-12-01,2011-08-12,1031,183,17,0.29233226837060705,0.18888888888888888,False,False
21464,2009-12-02,2011-08-08,441,144,13,0.23003194888178913,0.14444444444444443,False,False
21465,2009-12-01,2011-08-17,732,133,20,0.2124600638977636,0.2222222222222222,False,False
21466,2009-12-01,2011-08-03,864,193,25,0.3083067092651757,0.2777777777777778,False,False
21467,2009-12-01,2011-08-15,985,183,33,0.29233226837060705,0.36666666666666664,True,False
21468,2009-12-02,2011-07-31,659,116,24,0.1853035143769968,0.26666666666666666,False,False
21469,2009-12-01,2011-08-10,1131,157,33,0.2507987220447284,0.36666666666666664,True,False
21470,2009-12-01,2011-08-18,1033,214,32,0.34185303514376997,0.35555555555555557,True,False
21471,2009-12-01,2011-08-17,1263,179,38,0.28594249201277955,0.4222222222222222,True,False
21472,2009-12-01,2011-07-15,1057,191,1,0.305111821086262,0.011111111111111112,False,False
21473,2009-12-13,2011-08-04,151,69,6,0.11022364217252396,0.06666666666666667,False,False
21474,2010-01-21,2010-09-12,210,70,0,0.11182108626198083,0.0,False,False
21475,2009-12-16,2009-12-16,1,1,0,0.001597444089456869,0.0,False,False
21476,2010-01-19,2011-07-22,139,69,9,0.11022364217252396,0.1,False,False
21477,2009-12-01,2010-03-31,273,22,0,0.03514376996805112,0.0,False,False
21478,2009-12-01,2010-10-31,207,60,0,0.09584664536741214,0.0,False,False
21479,2009-12-01,2011-08-16,4370,142,19,0.2268370607028754,0.2111111111111111,False,False
21480,2009-12-01,2009-12-22,286,17,0,0.027156549520766772,0.0,False,False
21481,2009-12-01,2011-08-16,6614,269,25,0.42971246006389774,0.2777777777777778,False,False
21482,2009-12-01,2010-10-17,744,97,0,0.15495207667731628,0.0,False,False
21484,2009-12-01,2011-08-18,3610,252,21,0.402555910543131,0.23333333333333334,False,False
21485,2009-12-01,2011-08-18,5454,308,26,0.49201277955271566,0.28888888888888886,False,False
21486,2009-12-01,2010-12-07,1118,148,0,0.2364217252396166,0.0,False,False
21488,2009-12-01,2011-03-01,2389,149,0,0.2380191693290735,0.0,False,False
21489,2009-12-01,2010-02-17,28,7,0,0.011182108626198083,0.0,False,False
21490,2009-12-01,2010-09-20,639,12,0,0.019169329073482427,0.0,False,False
21491,2009-12-01,2010-12-16,2897,88,0,0.14057507987220447,0.0,False,False
21493,2009-12-01,2010-09-30,272,7,0,0.011182108626198083,0.0,False,False
21494,2009-12-01,2011-08-17,2600,191,22,0.305111821086262,0.24444444444444444,False,False
21495,2009-12-01,2011-08-18,9865,232,30,0.3706070287539936,0.3333333333333333,True,False
21496,2009-12-17,2009-12-17,25,1,0,0.001597444089456869,0.0,False,False
21497,2009-12-01,2011-08-18,12825,266,43,0.4249201277955272,0.4777777777777778,True,False
21498,2009-12-01,2011-08-18,23101,365,54,0.5830670926517572,0.6,True,False
21499,2009-12-01,2011-08-17,12852,273,46,0.43610223642172524,0.5111111111111111,True,False
21500,2009-12-01,2011-08-17,13850,284,42,0.4536741214057508,0.4666666666666667,True,False
21503,2009-12-16,2011-08-16,1676,53,10,0.08466453674121406,0.1111111111111111,False,False
21504,2009-12-02,2011-08-16,4152,198,21,0.31629392971246006,0.23333333333333334,False,False
21506,2009-12-01,2011-08-18,8979,324,42,0.5175718849840255,0.4666666666666667,True,False
21507,2009-12-02,2011-08-16,7077,298,35,0.476038338658147,0.3888888888888889,True,False
21508,2009-12-01,2011-08-17,6104,295,36,0.4712460063897764,0.4,True,False
21509,2009-12-03,2011-08-11,7569,306,40,0.48881789137380194,0.4444444444444444,True,False
21511,2010-04-13,2010-05-21,40,2,0,0.003194888178913738,0.0,False,False
21518,2009-12-02,2011-07-12,1119,96,1,0.15335463258785942,0.011111111111111112,False,False
21519,2009-12-01,2011-08-18,6382,309,39,0.4936102236421725,0.43333333333333335,True,False
21520,2009-12-01,2011-08-18,880,89,10,0.14217252396166133,0.1111111111111111,False,False
21523,2009-12-01,2011-08-17,6005,383,54,0.6118210862619808,0.6,True,False
21524,2009-12-01,2011-08-18,4578,423,55,0.6757188498402555,0.6111111111111112,True,False
21525,2009-12-18,2009-12-18,2,1,0,0.001597444089456869,0.0,False,False
21527,2009-12-01,2011-05-15,3360,320,0,0.5111821086261981,0.0,False,False
21528,2009-12-01,2011-08-03,844,190,29,0.3035143769968051,0.32222222222222224,True,False
21529,2009-12-01,2010-09-13,513,104,0,0.16613418530351437,0.0,False,False
21530,2009-12-01,2011-08-17,682,103,24,0.1645367412140575,0.26666666666666666,False,False
21531,2009-12-01,2011-08-15,3575,366,39,0.5846645367412141,0.43333333333333335,True,False
21532,2009-12-01,2010-10-11,1389,74,0,0.1182108626198083,0.0,False,False
21533,2009-12-01,2011-08-18,3111,414,51,0.6613418530351438,0.5666666666666667,True,False
21534,2009-12-01,2011-08-16,861,230,35,0.36741214057507987,0.3888888888888889,True,False
21535,2009-12-01,2011-08-17,6071,405,45,0.646964856230032,0.5,True,False
21536,2009-12-03,2010-03-30,223,45,0,0.07188498402555911,0.0,False,False
21537,2009-12-01,2011-08-05,931,176,11,0.28115015974440893,0.12222222222222222,False,False
21538,2009-12-01,2010-12-09,1309,41,0,0.06549520766773163,0.0,False,False
21539,2009-12-01,2011-08-18,2468,361,52,0.5766773162939297,0.5777777777777777,True,False
21540,2009-12-01,2010-09-09,1325,71,0,0.1134185303514377,0.0,False,False
21541,2009-12-01,2010-11-15,1907,133,0,0.2124600638977636,0.0,False,False
21542,2009-12-01,2010-10-10,1882,126,0,0.2012779552715655,0.0,False,False
21543,2009-12-01,2009-12-21,284,11,0,0.01757188498402556,0.0,False,False
21544,2009-12-01,2011-08-18,5304,276,32,0.44089456869009586,0.35555555555555557,True,False
21545,2009-12-01,2010-07-23,698,68,0,0.10862619808306709,0.0,False,False
21547,2009-12-01,2011-03-22,719,98,0,0.15654952076677317,0.0,False,False
21548,2009-12-01,2010-11-01,691,82,0,0.13099041533546327,0.0,False,False
21549,2009-12-01,2010-04-13,547,38,0,0.06070287539936102,0.0,False,False
21550,2009-12-02,2010-05-21,301,50,0,0.07987220447284345,0.0,False,False
21551,2009-12-02,2010-01-29,169,16,0,0.025559105431309903,0.0,False,False
21552,2009-12-02,2010-06-03,166,24,0,0.038338658146964855,0.0,False,False
21553,2009-12-01,2010-04-06,92,26,0,0.04153354632587859,0.0,False,False
21554,2009-12-01,2010-01-21,168,16,0,0.025559105431309903,0.0,False,False
21555,2009-12-02,2011-08-02,382,89,11,0.14217252396166133,0.12222222222222222,False,False
21556,2009-12-01,2011-08-17,1604,205,30,0.3274760383386581,0.3333333333333333,True,False
21557,2009-12-01,2011-08-11,842,192,21,0.30670926517571884,0.23333333333333334,False,False
21558,2009-12-01,2011-08-18,3557,300,57,0.4792332268370607,0.6333333333333333,True,False
21559,2009-12-01,2011-08-18,7194,418,63,0.6677316293929713,0.7,True,False
21560,2009-12-01,2009-12-22,4,2,0,0.003194888178913738,0.0,False,False
21561,2009-12-01,2011-08-17,2583,289,41,0.46166134185303515,0.45555555555555555,True,False
21562,2010-01-07,2011-08-16,556,62,8,0.09904153354632587,0.08888888888888889,False,False
21563,2009-12-02,2011-08-17,1973,232,17,0.3706070287539936,0.18888888888888888,False,False
21564,2009-12-03,2011-08-17,1299,208,20,0.33226837060702874,0.2222222222222222,False,False
21576,2009-12-01,2011-08-17,648,135,21,0.21565495207667731,0.23333333333333334,False,False
21577,2009-12-01,2011-08-17,2409,260,37,0.41533546325878595,0.4111111111111111,True,False
21578,2009-12-01,2011-08-18,2187,246,36,0.3929712460063898,0.4,True,False
21579,2009-12-01,2011-08-02,975,98,13,0.15654952076677317,0.14444444444444443,False,False
21580,2009-12-01,2011-08-17,505,118,20,0.18849840255591055,0.2222222222222222,False,False
21581,2009-12-01,2011-08-18,1084,122,20,0.19488817891373802,0.2222222222222222,False,False
21582,2009-12-01,2010-02-21,117,10,0,0.01597444089456869,0.0,False,False
21584,2009-12-01,2011-08-07,3375,185,6,0.2955271565495208,0.06666666666666667,False,False
21585,2010-08-01,2010-08-01,1,1,0,0.001597444089456869,0.0,False,False
21586,2009-12-01,2011-07-28,2254,156,8,0.24920127795527156,0.08888888888888889,False,False
21587,2009-12-01,2010-12-13,2034,108,0,0.17252396166134185,0.0,False,False
21588,2009-12-01,2011-08-07,2199,154,12,0.24600638977635783,0.13333333333333333,False,False
21589,2009-12-01,2010-06-17,1119,64,0,0.10223642172523961,0.0,False,False
21590,2009-12-01,2010-11-10,3456,169,0,0.26996805111821087,0.0,False,False
21591,2009-12-01,2011-08-17,2894,139,12,0.2220447284345048,0.13333333333333333,False,False
21592,2009-12-01,2011-08-16,4599,225,20,0.35942492012779553,0.2222222222222222,False,False
21593,2009-12-01,2010-05-23,1392,66,0,0.10543130990415335,0.0,False,False
21594,2009-12-09,2011-01-14,5,5,0,0.007987220447284345,0.0,False,False
21595,2009-12-02,2010-12-07,9,9,0,0.01437699680511182,0.0,False,False
21596,2009-12-01,2010-11-04,10,6,0,0.009584664536741214,0.0,False,False
21609,2009-12-02,2011-08-05,1500,175,15,0.2795527156549521,0.16666666666666666,False,False
21610,2009-12-02,2010-11-18,549,78,0,0.12460063897763578,0.0,False,False
21611,2009-12-01,2010-10-27,754,111,0,0.17731629392971246,0.0,False,False
21612,2009-12-01,2010-09-29,698,88,0,0.14057507987220447,0.0,False,False
21613,2009-12-02,2011-07-26,576,128,4,0.20447284345047922,0.044444444444444446,False,False
21614,2009-12-02,2011-05-31,1628,145,2,0.23162939297124602,0.022222222222222223,False,False
21615,2009-12-01,2011-07-18,542,64,9,0.10223642172523961,0.1,False,False
21616,2009-12-08,2011-08-04,494,77,8,0.12300319488817892,0.08888888888888889,False,False
21617,2009-12-02,2011-08-03,535,103,13,0.1645367412140575,0.14444444444444443,False,False
21618,2009-12-01,2011-07-22,488,86,15,0.13738019169329074,0.16666666666666666,False,False
21619,2009-12-01,2011-07-07,354,77,7,0.12300319488817892,0.07777777777777778,False,False
21620,2009-12-03,2011-08-03,481,89,13,0.14217252396166133,0.14444444444444443,False,False
21621,2009-12-01,2011-08-17,6439,416,60,0.6645367412140575,0.6666666666666666,True,False
21622,2009-12-01,2011-08-01,3683,291,16,0.46485623003194887,0.17777777777777778,False,False
21623,2010-02-28,2011-08-16,5832,264,30,0.4217252396166134,0.3333333333333333,True,False
21624,2009-12-01,2011-08-16,1695,235,7,0.3753993610223642,0.07777777777777778,False,False
21625,2009-12-01,2011-08-17,886,217,32,0.3466453674121406,0.35555555555555557,True,False
21626,2009-12-01,2011-08-16,1445,145,7,0.23162939297124602,0.07777777777777778,False,False
21627,2009-12-04,2011-08-15,179,97,11,0.15495207667731628,0.12222222222222222,False,False
21628,2009-12-02,2011-08-17,133,70,9,0.11182108626198083,0.1,False,False
21629,2009-12-03,2011-08-14,133,72,6,0.11501597444089456,0.06666666666666667,False,False
21630,2009-12-03,2011-08-17,125,78,7,0.12460063897763578,0.07777777777777778,False,False
21631,2009-12-09,2011-06-07,220,48,1,0.07667731629392971,0.011111111111111112,False,False
21632,2009-12-02,2011-01-18,133,41,0,0.06549520766773163,0.0,False,False
21633,2009-12-04,2011-08-03,168,60,13,0.09584664536741214,0.14444444444444443,False,False
21634,2009-12-03,2011-08-10,1699,62,17,0.09904153354632587,0.18888888888888888,False,False
21635,2009-12-04,2011-07-13,398,40,11,0.06389776357827476,0.12222222222222222,False,False
21636,2009-12-04,2011-08-18,521,46,19,0.07348242811501597,0.2111111111111111,False,False
21637,2009-12-01,2011-07-28,1357,74,2,0.1182108626198083,0.022222222222222223,False,False
21638,2009-12-01,2011-08-10,895,105,7,0.16773162939297126,0.07777777777777778,False,False
21639,2009-12-01,2010-03-03,259,8,0,0.012779552715654952,0.0,False,False
21640,2009-12-01,2011-08-11,1911,130,6,0.20766773162939298,0.06666666666666667,False,False
21641,2009-12-02,2011-08-12,915,90,12,0.14376996805111822,0.13333333333333333,False,False
21642,2009-12-01,2011-08-16,2985,137,16,0.21884984025559107,0.17777777777777778,False,False
21643,2009-12-01,2011-08-10,1341,141,12,0.22523961661341854,0.13333333333333333,False,False
21644,2009-12-03,2011-08-10,1076,111,4,0.17731629392971246,0.044444444444444446,False,False
21645,2009-12-02,2010-11-16,999,96,0,0.15335463258785942,0.0,False,False
21647,2009-12-01,2011-08-10,834,95,3,0.15175718849840256,0.03333333333333333,False,False
21648,2009-12-01,2011-08-11,2578,141,7,0.22523961661341854,0.07777777777777778,False,False
21649,2009-12-01,2010-01-08,421,16,0,0.025559105431309903,0.0,False,False
21650,2009-12-01,2011-08-10,1799,101,16,0.16134185303514376,0.17777777777777778,False,False
21651,2009-12-03,2011-02-21,1392,102,0,0.16293929712460065,0.0,False,False
21652,2009-12-06,2010-08-05,903,66,0,0.10543130990415335,0.0,False,False
21653,2010-01-13,2010-11-22,1251,93,0,0.1485623003194888,0.0,False,False
21654,2009-12-03,2011-08-03,1175,72,19,0.11501597444089456,0.2111111111111111,False,False
21655,2009-12-02,2011-02-11,1402,68,0,0.10862619808306709,0.0,False,False
21656,2009-12-03,2011-05-03,991,116,0,0.1853035143769968,0.0,False,False
21657,2009-12-03,2011-02-20,259,102,0,0.16293929712460065,0.0,False,False
21658,2009-12-01,2011-08-11,2231,297,30,0.4744408945686901,0.3333333333333333,True,False
21659,2009-12-02,2010-11-07,121,56,0,0.08945686900958466,0.0,False,False
21661,2009-12-04,2011-02-22,240,80,0,0.12779552715654952,0.0,False,False
21662,2009-12-04,2011-08-15,270,88,2,0.14057507987220447,0.022222222222222223,False,False
21663,2009-12-02,2010-04-13,76,27,0,0.04313099041533546,0.0,False,False
21664,2009-12-03,2011-08-15,256,61,1,0.09744408945686901,0.011111111111111112,False,False
21665,2009-12-02,2010-05-26,879,54,0,0.08626198083067092,0.0,False,False
21666,2009-12-02,2011-08-08,1619,62,7,0.09904153354632587,0.07777777777777778,False,False
21667,2009-12-03,2011-01-12,354,119,0,0.1900958466453674,0.0,False,False
21668,2009-12-01,2011-08-18,8726,354,58,0.5654952076677316,0.6444444444444445,True,False
21669,2009-12-01,2011-08-18,9063,337,56,0.5383386581469649,0.6222222222222222,True,False
21670,2009-12-01,2011-08-18,7445,362,57,0.5782747603833865,0.6333333333333333,True,False
21671,2009-12-01,2011-08-18,8154,322,51,0.5143769968051118,0.5666666666666667,True,False
21672,2009-12-01,2011-08-18,9747,358,56,0.5718849840255591,0.6222222222222222,True,False
21673,2009-12-01,2011-08-17,8992,360,52,0.5750798722044729,0.5777777777777777,True,False
21674,2009-12-07,2010-03-10,44,9,0,0.01437699680511182,0.0,False,False
21675,2009-12-02,2011-07-06,1589,171,11,0.2731629392971246,0.12222222222222222,False,False
21676,2009-12-02,2011-08-17,1133,114,8,0.18210862619808307,0.08888888888888889,False,False
21677,2009-12-01,2011-08-17,1849,179,16,0.28594249201277955,0.17777777777777778,False,False
21678,2009-12-02,2011-08-11,521,65,6,0.10383386581469649,0.06666666666666667,False,False
21679,2009-12-01,2011-08-18,4441,219,24,0.3498402555910543,0.26666666666666666,False,False
21680,2009-12-01,2011-08-17,2382,159,12,0.2539936102236422,0.13333333333333333,False,False
21681,2009-12-02,2011-02-22,235,68,0,0.10862619808306709,0.0,False,False
21682,2009-12-03,2011-08-17,483,113,10,0.1805111821086262,0.1111111111111111,False,False
21683,2009-12-02,2011-08-17,792,114,11,0.18210862619808307,0.12222222222222222,False,False
21684,2009-12-01,2011-08-14,1591,74,7,0.1182108626198083,0.07777777777777778,False,False
21685,2009-12-01,2009-12-02,3,2,0,0.003194888178913738,0.0,False,False
21686,2009-12-11,2011-08-15,61,29,5,0.0463258785942492,0.05555555555555555,False,False
21687,2009-12-01,2010-09-14,481,77,0,0.12300319488817892,0.0,False,False
21688,2009-12-01,2011-08-12,863,119,14,0.1900958466453674,0.15555555555555556,False,False
21689,2009-12-07,2011-08-04,314,47,5,0.07507987220447285,0.05555555555555555,False,False
21690,2009-12-03,2011-01-30,267,66,0,0.10543130990415335,0.0,False,False
21691,2009-12-01,2010-10-29,254,58,0,0.0926517571884984,0.0,False,False
21692,2009-12-01,2011-02-25,511,92,0,0.14696485623003194,0.0,False,False
21693,2009-12-03,2011-08-18,738,86,6,0.13738019169329074,0.06666666666666667,False,False
21694,2009-12-01,2011-07-24,504,55,4,0.0878594249201278,0.044444444444444446,False,False
21695,2009-12-02,2011-08-11,500,71,4,0.1134185303514377,0.044444444444444446,False,False
21696,2009-12-03,2011-08-05,744,90,8,0.14376996805111822,0.08888888888888889,False,False
21697,2009-12-07,2010-02-15,372,6,0,0.009584664536741214,0.0,False,False
21698,2009-12-08,2011-08-18,345,81,9,0.12939297124600638,0.1,False,False
21699,2009-12-15,2010-02-15,108,3,0,0.004792332268370607,0.0,False,False
21700,2009-12-01,2011-08-17,6263,298,39,0.476038338658147,0.43333333333333335,True,False
21702,2009-12-15,2010-02-15,2636,6,0,0.009584664536741214,0.0,False,False
21703,2009-12-02,2011-08-15,10465,281,39,0.4488817891373802,0.43333333333333335,True,False
21704,2009-12-01,2011-08-14,15286,256,26,0.40894568690095845,0.28888888888888886,False,False
21705,2009-12-01,2011-08-18,1346,97,12,0.15495207667731628,0.13333333333333333,False,False
21706,2009-12-01,2011-08-18,1252,171,32,0.2731629392971246,0.35555555555555557,True,False
21707,2009-12-01,2011-08-18,957,119,22,0.1900958466453674,0.24444444444444444,False,False
21708,2009-12-01,2011-08-18,531,94,19,0.1501597444089457,0.2111111111111111,False,False
21709,2009-12-02,2011-08-11,653,87,15,0.1389776357827476,0.16666666666666666,False,False
21710,2009-12-01,2011-08-18,695,85,15,0.13578274760383385,0.16666666666666666,False,False
21711,2009-12-01,2011-08-18,326,54,15,0.08626198083067092,0.16666666666666666,False,False
21713,2009-12-08,2011-08-11,2698,223,31,0.3562300319488818,0.34444444444444444,True,False
21714,2009-12-07,2011-08-17,4096,250,46,0.3993610223642173,0.5111111111111111,True,False
21715,2009-12-13,2011-08-18,3416,271,49,0.4329073482428115,0.5444444444444444,True,False
21716,2009-12-13,2011-08-18,3574,267,50,0.426517571884984,0.5555555555555556,True,False
21717,2009-12-02,2011-03-22,1561,111,0,0.17731629392971246,0.0,False,False
21718,2009-12-14,2011-08-18,3899,258,48,0.41214057507987223,0.5333333333333333,True,False
21719,2009-12-01,2011-08-11,823,101,10,0.16134185303514376,0.1111111111111111,False,False
21720,2009-12-04,2011-07-26,1069,93,3,0.1485623003194888,0.03333333333333333,False,False
21721,2009-12-01,2011-07-17,1080,114,3,0.18210862619808307,0.03333333333333333,False,False
21722,2009-12-01,2011-07-20,324,58,10,0.0926517571884984,0.1111111111111111,False,False
21723,2009-12-02,2011-07-26,832,108,13,0.17252396166134185,0.14444444444444443,False,False
21724,2009-12-01,2011-08-16,861,127,20,0.20287539936102236,0.2222222222222222,False,False
21725,2009-12-01,2011-08-11,1115,134,17,0.21405750798722045,0.18888888888888888,False,False
21726,2009-12-01,2011-08-02,1042,120,8,0.19169329073482427,0.08888888888888889,False,False
21728,2009-12-03,2010-07-23,300,36,0,0.05750798722044728,0.0,False,False
21729,2009-12-02,2010-01-18,124,19,0,0.03035143769968051,0.0,False,False
21730,2009-12-01,2011-08-09,973,154,10,0.24600638977635783,0.1111111111111111,False,False
21731,2009-12-01,2011-08-18,24007,431,61,0.6884984025559105,0.6777777777777778,True,False
21732,2009-12-01,2010-09-28,933,48,0,0.07667731629392971,0.0,False,False
21733,2009-12-01,2011-08-18,14617,429,53,0.6853035143769968,0.5888888888888889,True,False
21734,2009-12-02,2010-03-10,98,27,0,0.04313099041533546,0.0,False,False
21735,2009-12-01,2011-08-18,840,180,24,0.28753993610223644,0.26666666666666666,False,False
21736,2009-12-04,2011-04-06,205,26,0,0.04153354632587859,0.0,False,False
21737,2009-12-01,2010-10-18,400,112,0,0.17891373801916932,0.0,False,False
21738,2009-12-01,2011-08-05,426,86,2,0.13738019169329074,0.022222222222222223,False,False
21739,2009-12-02,2011-08-16,307,69,7,0.11022364217252396,0.07777777777777778,False,False
21740,2009-12-01,2010-05-30,204,22,0,0.03514376996805112,0.0,False,False
21741,2009-12-01,2011-08-16,665,124,6,0.19808306709265175,0.06666666666666667,False,False
21742,2009-12-01,2011-08-17,309,119,15,0.1900958466453674,0.16666666666666666,False,False
21743,2009-12-01,2011-08-15,1286,116,10,0.1853035143769968,0.1111111111111111,False,False
21744,2009-12-01,2011-08-10,431,72,3,0.11501597444089456,0.03333333333333333,False,False
21745,2009-12-01,2011-08-18,2303,273,36,0.43610223642172524,0.4,True,False
21746,2009-12-01,2011-08-18,5801,278,48,0.4440894568690096,0.5333333333333333,True,False
21747,2009-12-01,2011-08-10,2024,121,22,0.19329073482428116,0.24444444444444444,False,False
21749,2009-12-09,2011-08-18,5614,188,36,0.3003194888178914,0.4,True,False
21750,2009-12-14,2011-08-18,306,54,10,0.08626198083067092,0.1111111111111111,False,False
21752,2009-12-02,2010-09-09,78,30,0,0.04792332268370607,0.0,False,False
21754,2009-12-01,2011-08-18,6945,487,68,0.7779552715654952,0.7555555555555555,True,False
21755,2009-12-01,2011-08-18,5151,463,63,0.7396166134185304,0.7,True,False
21756,2009-12-01,2011-08-18,1454,276,46,0.44089456869009586,0.5111111111111111,True,False
21757,2009-12-08,2011-02-17,80,37,0,0.05910543130990415,0.0,False,False
21758,2009-12-10,2011-08-10,117,65,8,0.10383386581469649,0.08888888888888889,False,False
21759,2010-01-13,2010-04-29,30,11,0,0.01757188498402556,0.0,False,False
21760,2010-03-01,2010-09-09,15,12,0,0.019169329073482427,0.0,False,False
21761,2009-12-01,2011-05-11,61,19,0,0.03035143769968051,0.0,False,False
21763,2010-01-31,2011-07-06,43,17,1,0.027156549520766772,0.011111111111111112,False,False
21764,2009-12-08,2010-03-12,17,9,0,0.01437699680511182,0.0,False,False
21765,2009-12-06,2010-11-15,381,105,0,0.16773162939297126,0.0,False,False
21767,2009-12-01,2009-12-01,1,1,0,0.001597444089456869,0.0,False,False
21768,2009-12-01,2010-11-15,510,108,0,0.17252396166134185,0.0,False,False
21769,2009-12-03,2010-12-07,123,42,0,0.0670926517571885,0.0,False,False
21770,2009-12-01,2011-08-17,2376,211,59,0.33706070287539935,0.6555555555555556,True,False
21772,2010-01-05,2010-01-05,1,1,0,0.001597444089456869,0.0,False,False
21773,2009-12-01,2011-08-10,1409,203,21,0.3242811501597444,0.23333333333333334,False,False
21774,2009-12-03,2011-08-10,1372,221,16,0.35303514376996803,0.17777777777777778,False,False
21775,2009-12-02,2011-08-11,737,180,17,0.28753993610223644,0.18888888888888888,False,False
21777,2009-12-01,2010-12-06,1135,201,0,0.3210862619808307,0.0,False,False
21779,2009-12-04,2010-01-15,301,15,0,0.023961661341853034,0.0,False,False
21780,2009-12-08,2010-01-13,203,14,0,0.022364217252396165,0.0,False,False
21781,2009-12-01,2011-07-10,665,240,17,0.38338658146964855,0.18888888888888888,False,False
21784,2009-12-01,2011-07-27,291,141,6,0.22523961661341854,0.06666666666666667,False,False
21785,2009-12-04,2011-02-15,2012,81,0,0.12939297124600638,0.0,False,False
21786,2009-12-01,2011-08-17,6817,233,37,0.3722044728434505,0.4111111111111111,True,False
21787,2010-03-25,2011-08-18,8522,224,43,0.35782747603833864,0.4777777777777778,False,False
21788,2009-12-01,2011-08-17,2938,139,24,0.2220447284345048,0.26666666666666666,False,False
21789,2009-12-01,2011-08-17,2581,142,26,0.2268370607028754,0.28888888888888886,False,False
21790,2009-12-01,2011-08-18,19698,464,69,0.7412140575079872,0.7666666666666667,True,False
21791,2009-12-01,2011-08-18,14249,402,56,0.6421725239616614,0.6222222222222222,True,False
21792,2010-01-20,2011-08-03,497,113,23,0.1805111821086262,0.25555555555555554,False,False
21793,2010-01-20,2011-08-18,228,63,23,0.10063897763578275,0.25555555555555554,False,False
21794,2010-01-27,2011-08-18,595,131,41,0.20926517571884984,0.45555555555555555,False,False
21795,2009-12-01,2010-08-11,441,69,0,0.11022364217252396,0.0,False,False
21796,2009-12-01,2010-08-11,324,59,0,0.09424920127795527,0.0,False,False
21801,2009-12-02,2011-08-18,3052,137,17,0.21884984025559107,0.18888888888888888,False,False
21802,2009-12-02,2011-08-18,3293,143,19,0.22843450479233227,0.2111111111111111,False,False
21803,2009-12-02,2011-08-18,2993,129,17,0.20607028753993611,0.18888888888888888,False,False
21804,2009-12-01,2010-12-21,396,55,0,0.0878594249201278,0.0,False,False
21805,2009-12-01,2010-11-21,2221,66,0,0.10543130990415335,0.0,False,False
21806,2009-12-01,2010-11-29,2717,82,0,0.13099041533546327,0.0,False,False
21807,2009-12-01,2011-08-04,3144,98,3,0.15654952076677317,0.03333333333333333,False,False
21808,2009-12-01,2011-07-04,851,64,1,0.10223642172523961,0.011111111111111112,False,False
21809,2009-12-01,2011-08-04,1311,80,5,0.12779552715654952,0.05555555555555555,False,False
21810,2009-12-02,2011-07-18,1352,79,2,0.12619808306709265,0.022222222222222223,False,False
21811,2009-12-01,2011-08-18,2094,148,17,0.2364217252396166,0.18888888888888888,False,False
21812,2009-12-01,2011-07-21,507,99,3,0.15814696485623003,0.03333333333333333,False,False
21813,2009-12-01,2011-08-18,369,67,3,0.10702875399361023,0.03333333333333333,False,False
21814,2009-12-01,2011-04-26,636,67,0,0.10702875399361023,0.0,False,False
21815,2009-12-01,2011-04-26,630,61,0,0.09744408945686901,0.0,False,False
21816,2009-12-01,2010-12-01,392,32,0,0.051118210862619806,0.0,False,False
21817,2009-12-01,2011-07-26,885,59,2,0.09424920127795527,0.022222222222222223,False,False
21818,2009-12-01,2011-08-01,1932,113,8,0.1805111821086262,0.08888888888888889,False,False
21819,2009-12-01,2011-08-18,1588,82,6,0.13099041533546327,0.06666666666666667,False,False
21820,2009-12-01,2011-08-17,580,96,9,0.15335463258785942,0.1,False,False
21821,2009-12-01,2011-08-18,533,71,4,0.1134185303514377,0.044444444444444446,False,False
21822,2009-12-01,2010-12-20,401,42,0,0.0670926517571885,0.0,False,False
21823,2009-12-02,2011-08-04,1230,87,3,0.1389776357827476,0.03333333333333333,False,False
21824,2009-12-02,2011-08-04,978,73,3,0.11661341853035144,0.03333333333333333,False,False
21825,2009-12-01,2010-11-14,737,55,0,0.0878594249201278,0.0,False,False
21826,2009-12-01,2011-03-16,1808,167,0,0.26677316293929715,0.0,False,False
21827,2009-12-01,2011-03-29,838,102,0,0.16293929712460065,0.0,False,False
21828,2009-12-01,2011-08-15,942,116,11,0.1853035143769968,0.12222222222222222,False,False
21829,2009-12-01,2011-08-17,13562,252,42,0.402555910543131,0.4666666666666667,True,False
21830,2009-12-04,2011-08-11,7339,176,19,0.28115015974440893,0.2111111111111111,False,False
21832,2009-12-01,2011-08-17,2987,215,20,0.34345047923322686,0.2222222222222222,False,False
21833,2009-12-01,2011-08-16,4924,210,19,0.3354632587859425,0.2111111111111111,False,False
21836,2009-12-07,2011-01-20,250,82,0,0.13099041533546327,0.0,False,False
21837,2009-12-01,2010-05-18,245,64,0,0.10223642172523961,0.0,False,False
21838,2009-12-02,2009-12-02,1,1,0,0.001597444089456869,0.0,False,False
21839,2009-12-01,2011-03-27,204,74,0,0.1182108626198083,0.0,False,False
21841,2009-12-01,2011-07-15,372,91,2,0.14536741214057508,0.022222222222222223,False,False
21842,2009-12-01,2010-03-04,551,27,0,0.04313099041533546,0.0,False,False
21843,2009-12-01,2011-08-18,5405,449,53,0.7172523961661342,0.5888888888888889,True,False
21844,2009-12-01,2011-08-17,4843,297,24,0.4744408945686901,0.26666666666666666,False,False
21845,2009-12-09,2011-08-18,2020,113,19,0.1805111821086262,0.2111111111111111,False,False
21846,2009-12-02,2011-08-17,1582,167,15,0.26677316293929715,0.16666666666666666,False,False
21847,2009-12-08,2011-07-31,341,54,5,0.08626198083067092,0.05555555555555555,False,False
21849,2009-12-02,2011-07-31,609,96,12,0.15335463258785942,0.13333333333333333,False,False
21850,2009-12-10,2011-08-10,427,65,10,0.10383386581469649,0.1111111111111111,False,False
21851,2009-12-02,2011-08-17,613,101,10,0.16134185303514376,0.1111111111111111,False,False
21852,2009-12-04,2009-12-18,2,2,0,0.003194888178913738,0.0,False,False
21853,2009-12-02,2010-04-19,3,3,0,0.004792332268370607,0.0,False,False
21854,2009-12-04,2009-12-04,1,1,0,0.001597444089456869,0.0,False,False
21857,2010-01-11,2010-01-20,2,2,0,0.003194888178913738,0.0,False,False
21858,2009-12-10,2010-03-08,2,2,0,0.003194888178913738,0.0,False,False
21860,2009-12-02,2009-12-02,1,1,0,0.001597444089456869,0.0,False,False
21864,2009-12-01,2011-08-18,1668,238,35,0.3801916932907348,0.3888888888888889,True,False
21865,2009-12-01,2011-08-11,862,209,26,0.33386581469648563,0.28888888888888886,False,False
21866,2009-12-01,2011-08-18,1999,269,35,0.42971246006389774,0.3888888888888889,True,False
21867,2009-12-01,2011-08-18,1088,191,28,0.305111821086262,0.3111111111111111,True,False
21868,2009-12-01,2011-08-11,8942,370,38,0.5910543130990416,0.4222222222222222,True,False
21869,2009-12-01,2010-05-23,1267,64,0,0.10223642172523961,0.0,False,False
21870,2009-12-01,2011-06-08,6100,317,3,0.5063897763578274,0.03333333333333333,False,False
21871,2009-12-01,2011-08-17,9660,328,46,0.5239616613418531,0.5111111111111111,True,False
21872,2009-12-02,2011-08-11,4223,188,17,0.3003194888178914,0.18888888888888888,False,False
21873,2009-12-02,2011-08-01,1275,125,11,0.19968051118210864,0.12222222222222222,False,False
21874,2009-12-02,2011-08-17,4582,301,31,0.48083067092651754,0.34444444444444444,True,False
21875,2009-12-01,2011-08-17,6507,241,17,0.38498402555910544,0.18888888888888888,False,False
21876,2009-12-01,2011-08-17,4413,285,33,0.45527156549520764,0.36666666666666664,True,False
21877,2009-12-01,2011-08-18,12020,342,50,0.5463258785942492,0.5555555555555556,True,False
21878,2010-03-25,2011-08-11,5469,208,35,0.33226837060702874,0.3888888888888889,False,False
21879,2009-12-04,2011-08-11,1486,89,6,0.14217252396166133,0.06666666666666667,False,False
21880,2009-12-02,2011-08-11,1897,177,35,0.2827476038338658,0.3888888888888889,True,False
21881,2009-12-02,2011-08-10,1233,78,9,0.12460063897763578,0.1,False,False
21882,2009-12-02,2011-08-11,942,83,7,0.13258785942492013,0.07777777777777778,False,False
21883,2009-12-01,2011-08-11,2011,128,6,0.20447284345047922,0.06666666666666667,False,False
21884,2009-12-02,2011-08-10,1349,114,12,0.18210862619808307,0.13333333333333333,False,False
21888,2009-12-01,2011-08-18,2646,322,47,0.5143769968051118,0.5222222222222223,True,False
21889,2009-12-01,2011-08-17,9141,356,45,0.5686900958466453,0.5,True,False
21890,2009-12-01,2011-08-15,3115,264,30,0.4217252396166134,0.3333333333333333,True,False
21891,2009-12-01,2011-08-15,8561,303,39,0.4840255591054313,0.43333333333333335,True,False
21892,2009-12-01,2011-08-17,6347,313,46,0.5,0.5111111111111111,True,False
21893,2009-12-01,2010-02-15,172,15,0,0.023961661341853034,0.0,False,False
21894,2009-12-02,2011-08-17,1182,157,19,0.2507987220447284,0.2111111111111111,False,False
21895,2009-12-01,2010-12-09,555,65,0,0.10383386581469649,0.0,False,False
21896,2009-12-01,2011-08-15,2365,204,19,0.3258785942492013,0.2111111111111111,False,False
21897,2009-12-01,2011-04-27,872,89,0,0.14217252396166133,0.0,False,False
21898,2009-12-01,2011-04-27,829,92,0,0.14696485623003194,0.0,False,False
21899,2009-12-01,2011-08-17,6148,312,42,0.4984025559105431,0.4666666666666667,True,False
21900,2009-12-01,2011-08-14,7606,358,52,0.5718849840255591,0.5777777777777777,True,False
21901,2009-12-01,2011-08-17,5643,319,41,0.5095846645367412,0.45555555555555555,True,False
21902,2009-12-01,2011-08-18,4885,245,34,0.3913738019169329,0.37777777777777777,True,False
21903,2009-12-03,2011-08-18,3114,250,28,0.3993610223642173,0.3111111111111111,True,False
21904,2009-12-08,2011-05-25,759,123,3,0.1964856230031949,0.03333333333333333,False,False
21905,2009-12-06,2011-08-18,1259,158,39,0.2523961661341853,0.43333333333333335,True,False
21906,2009-12-06,2011-08-12,1613,243,30,0.38817891373801916,0.3333333333333333,True,False
21907,2010-01-29,2011-08-18,4639,349,55,0.5575079872204473,0.6111111111111112,True,False
21908,2009-12-01,2011-08-17,8090,403,57,0.6437699680511182,0.6333333333333333,True,False
21910,2009-12-03,2011-02-16,1066,92,0,0.14696485623003194,0.0,False,False
21911,2009-12-01,2011-04-15,2549,205,0,0.3274760383386581,0.0,False,False
21912,2009-12-01,2011-08-17,3014,342,46,0.5463258785942492,0.5111111111111111,True,False
21913,2009-12-01,2011-08-15,1025,198,28,0.31629392971246006,0.3111111111111111,True,False
21914,2009-12-01,2011-08-18,9039,286,46,0.45686900958466453,0.5111111111111111,True,False
21915,2009-12-04,2011-08-18,24902,334,65,0.5335463258785943,0.7222222222222222,True,False
21916,2009-12-01,2011-08-17,9685,335,54,0.5351437699680511,0.6,True,False
21917,2009-12-01,2011-08-14,6531,252,36,0.402555910543131,0.4,True,False
21918,2009-12-01,2011-08-17,13302,345,48,0.5511182108626198,0.5333333333333333,True,False
21919,2009-12-14,2010-10-07,6,5,0,0.007987220447284345,0.0,False,False
21922,2010-04-11,2011-08-18,1379,205,50,0.3274760383386581,0.5555555555555556,False,False
21923,2009-12-03,2010-08-03,339,75,0,0.11980830670926518,0.0,False,False
21924,2009-12-02,2010-10-18,315,83,0,0.13258785942492013,0.0,False,False
21925,2010-04-11,2011-08-15,1145,112,19,0.17891373801916932,0.2111111111111111,False,False
21926,2010-04-11,2011-08-15,903,98,17,0.15654952076677317,0.18888888888888888,False,False
21927,2010-04-11,2011-08-17,1065,119,30,0.1900958466453674,0.3333333333333333,False,False
21928,2009-12-01,2011-08-18,21156,429,65,0.6853035143769968,0.7222222222222222,True,False
21929,2009-12-01,2011-08-18,22910,434,72,0.6932907348242812,0.8,True,False
21930,2009-12-01,2011-08-18,10789,426,60,0.6805111821086262,0.6666666666666666,True,False
21931,2009-12-01,2011-08-18,24511,483,73,0.7715654952076677,0.8111111111111111,True,False
21932,2009-12-02,2011-08-18,3306,252,64,0.402555910543131,0.7111111111111111,True,False
21933,2009-12-02,2011-08-18,3651,254,65,0.4057507987220447,0.7222222222222222,True,False
21934,2009-12-01,2011-08-18,3591,322,49,0.5143769968051118,0.5444444444444444,True,False
21935,2009-12-01,2011-08-17,5756,351,60,0.560702875399361,0.6666666666666666,True,False
21936,2009-12-02,2011-08-18,7444,375,63,0.5990415335463258,0.7,True,False
21937,2009-12-02,2011-06-22,4104,286,24,0.45686900958466453,0.26666666666666666,False,False
21942,2009-12-01,2011-07-29,1537,122,20,0.19488817891373802,0.2222222222222222,False,False
21943,2009-12-07,2011-07-26,562,103,14,0.1645367412140575,0.15555555555555556,False,False
21944,2009-12-02,2011-08-11,1622,111,19,0.17731629392971246,0.2111111111111111,False,False
21945,2009-12-01,2011-07-18,1707,132,13,0.2108626198083067,0.14444444444444443,False,False
21946,2009-12-07,2011-07-22,602,51,11,0.08146964856230032,0.12222222222222222,False,False
21947,2009-12-01,2011-08-08,1538,178,13,0.28434504792332266,0.14444444444444443,False,False
21948,2009-12-01,2011-08-15,2163,174,19,0.2779552715654952,0.2111111111111111,False,False
21949,2009-12-01,2011-08-11,2460,154,16,0.24600638977635783,0.17777777777777778,False,False
21950,2009-12-03,2010-04-01,211,15,0,0.023961661341853034,0.0,False,False
21955,2009-12-01,2011-08-17,3719,335,25,0.5351437699680511,0.2777777777777778,False,False
21967,2009-12-01,2011-08-10,14546,237,28,0.37859424920127793,0.3111111111111111,True,False
21972,2009-12-02,2011-08-17,962,123,16,0.1964856230031949,0.17777777777777778,False,False
21973,2009-12-02,2011-08-15,1632,153,7,0.24440894568690097,0.07777777777777778,False,False
21974,2009-12-02,2011-08-17,6147,358,51,0.5718849840255591,0.5666666666666667,True,False
21975,2009-12-01,2011-08-18,27916,432,61,0.6900958466453674,0.6777777777777778,True,False
21976,2009-12-01,2011-08-18,13160,401,57,0.6405750798722045,0.6333333333333333,True,False
21977,2009-12-01,2011-08-18,49968,475,68,0.7587859424920128,0.7555555555555555,True,True
21980,2009-12-01,2011-08-18,29357,328,36,0.5239616613418531,0.4,True,False
21981,2009-12-02,2011-08-18,25068,249,25,0.3977635782747604,0.2777777777777778,False,False
21982,2009-12-07,2011-08-17,30603,293,42,0.4680511182108626,0.4666666666666667,True,True
21983,2009-12-02,2011-08-18,5280,212,28,0.33865814696485624,0.3111111111111111,True,False
21984,2009-12-02,2011-08-17,24336,238,31,0.3801916932907348,0.34444444444444444,True,False
21985,2009-12-01,2011-08-18,23369,371,48,0.5926517571884984,0.5333333333333333,True,False
21986,2009-12-01,2011-08-18,12701,251,29,0.4009584664536741,0.32222222222222224,True,False
21987,2009-12-01,2011-08-18,5615,235,31,0.3753993610223642,0.34444444444444444,True,False
21988,2009-12-06,2011-08-11,7090,241,34,0.38498402555910544,0.37777777777777777,True,False
21989,2009-12-01,2011-08-18,7897,317,51,0.5063897763578274,0.5666666666666667,True,False
21990,2009-12-01,2011-08-10,1570,200,49,0.3194888178913738,0.5444444444444444,True,False
21991,2009-12-02,2011-08-17,818,138,38,0.22044728434504793,0.4222222222222222,False,False
21992,2009-12-02,2011-08-17,2422,282,53,0.4504792332268371,0.5888888888888889,True,False
21993,2009-12-01,2011-08-17,1831,231,58,0.36900958466453676,0.6444444444444445,True,False
22016,2011-08-02,2011-08-02,1,1,1,0.001597444089456869,0.011111111111111112,False,False
22021,2009-12-14,2011-03-21,1415,107,0,0.17092651757188498,0.0,False,False
22023,2009-12-01,2011-08-11,4757,253,24,0.40415335463258784,0.26666666666666666,False,False
22024,2009-12-01,2011-08-15,4727,247,34,0.39456869009584666,0.37777777777777777,True,False
22025,2009-12-01,2011-08-18,3516,189,29,0.3019169329073482,0.32222222222222224,True,False
22026,2009-12-01,2011-08-18,3590,223,32,0.3562300319488818,0.35555555555555557,True,False
22027,2009-12-01,2011-08-18,9803,383,52,0.6118210862619808,0.5777777777777777,True,False
22028,2009-12-01,2011-08-18,5320,260,49,0.41533546325878595,0.5444444444444444,True,False
22029,2009-12-01,2011-08-18,14769,403,61,0.6437699680511182,0.6777777777777778,True,False
22030,2009-12-01,2011-08-17,11091,338,50,0.5399361022364217,0.5555555555555556,True,False
22031,2009-12-01,2011-08-10,998,101,20,0.16134185303514376,0.2222222222222222,False,False
22032,2009-12-03,2011-08-16,845,79,17,0.12619808306709265,0.18888888888888888,False,False
22033,2009-12-03,2011-07-21,1614,107,6,0.17092651757188498,0.06666666666666667,False,False
22034,2009-12-01,2010-12-17,1651,59,0,0.09424920127795527,0.0,False,False
22035,2009-12-01,2011-08-16,3954,240,31,0.38338658146964855,0.34444444444444444,True,False
22036,2009-12-01,2010-10-04,1673,97,0,0.15495207667731628,0.0,False,False
22037,2009-12-01,2011-08-18,5650,283,54,0.4520766773162939,0.6,True,False
22038,2009-12-22,2011-07-26,1000,39,7,0.06230031948881789,0.07777777777777778,False,False
22039,2009-12-22,2011-05-06,650,23,0,0.036741214057507986,0.0,False,False
22040,2009-12-04,2011-08-05,2590,78,9,0.12460063897763578,0.1,False,False
22041,2009-12-01,2011-08-18,5956,241,41,0.38498402555910544,0.45555555555555555,True,False
22042,2009-12-01,2011-07-29,1533,73,5,0.11661341853035144,0.05555555555555555,False,False
22043,2009-12-06,2011-08-17,1089,50,5,0.07987220447284345,0.05555555555555555,False,False
22044,2009-12-01,2011-08-17,1280,42,3,0.0670926517571885,0.03333333333333333,False,False
22045,2009-12-04,2011-08-18,11867,264,36,0.4217252396166134,0.4,True,False
22046,2009-12-02,2011-08-16,5600,149,20,0.2380191693290735,0.2222222222222222,False,False
22047,2009-12-02,2011-08-10,7125,173,23,0.2763578274760383,0.25555555555555554,False,False
22048,2009-12-04,2011-07-28,2540,81,6,0.12939297124600638,0.06666666666666667,False,False
22049,2009-12-02,2011-07-22,2850,57,1,0.09105431309904154,0.011111111111111112,False,False
22050,2009-12-04,2011-08-15,2950,89,13,0.14217252396166133,0.14444444444444443,False,False
22051,2009-12-01,2011-08-15,2975,99,12,0.15814696485623003,0.13333333333333333,False,False
22052,2009-12-04,2011-07-11,3525,107,3,0.17092651757188498,0.03333333333333333,False,False
22053,2009-12-03,2011-08-16,4522,71,3,0.1134185303514377,0.03333333333333333,False,False
22054,2009-12-01,2010-03-08,363,46,0,0.07348242811501597,0.0,False,False
22055,2009-12-01,2011-08-15,4427,332,40,0.5303514376996805,0.4444444444444444,True,False
22056,2009-12-08,2010-07-27,611,30,0,0.04792332268370607,0.0,False,False
22057,2009-12-03,2011-08-11,2778,165,9,0.26357827476038337,0.1,False,False
22058,2009-12-01,2010-11-21,528,76,0,0.12140575079872204,0.0,False,False
22059,2009-12-03,2011-08-17,4246,274,24,0.43769968051118213,0.26666666666666666,False,False
22060,2009-12-04,2011-05-23,735,129,1,0.20607028753993611,0.011111111111111112,False,False
22061,2009-12-02,2011-07-28,1880,295,26,0.4712460063897764,0.28888888888888886,False,False
22062,2009-12-01,2011-08-12,654,95,16,0.15175718849840256,0.17777777777777778,False,False
22063,2009-12-01,2011-08-14,2065,229,31,0.365814696485623,0.34444444444444444,True,False
22064,2009-12-01,2011-08-18,5854,324,30,0.5175718849840255,0.3333333333333333,True,False
22065,2009-12-01,2011-08-17,2166,130,11,0.20766773162939298,0.12222222222222222,False,False
22066,2009-12-04,2011-08-03,2590,165,20,0.26357827476038337,0.2222222222222222,False,False
22067,2009-12-02,2011-08-18,1719,177,12,0.2827476038338658,0.13333333333333333,False,False
22068,2009-12-01,2011-08-10,791,165,26,0.26357827476038337,0.28888888888888886,False,False
22069,2009-12-01,2011-08-11,712,142,17,0.2268370607028754,0.18888888888888888,False,False
22070,2009-12-01,2011-08-15,1175,198,11,0.31629392971246006,0.12222222222222222,False,False
22071,2009-12-01,2011-07-22,917,163,3,0.26038338658146964,0.03333333333333333,False,False
22072,2009-12-01,2011-08-11,2109,281,24,0.4488817891373802,0.26666666666666666,False,False
22073,2009-12-01,2011-05-04,2140,280,0,0.4472843450479233,0.0,False,False
22074,2009-12-03,2011-08-17,1720,133,8,0.2124600638977636,0.08888888888888889,False,False
22075,2009-12-01,2011-08-14,1882,134,11,0.21405750798722045,0.12222222222222222,False,False
22076,2009-12-01,2011-08-16,1565,180,18,0.28753993610223644,0.2,False,False
22077,2009-12-01,2011-08-18,13240,414,67,0.6613418530351438,0.7444444444444445,True,False
22078,2009-12-02,2011-08-18,3434,258,10,0.41214057507987223,0.1111111111111111,False,False
22079,2009-12-01,2011-08-18,4350,319,38,0.5095846645367412,0.4222222222222222,True,False
22080,2009-12-01,2011-08-18,3188,232,8,0.3706070287539936,0.08888888888888889,False,False
22081,2009-12-01,2011-08-18,1283,186,24,0.2971246006389776,0.26666666666666666,False,False
22082,2009-12-01,2011-08-18,6191,363,47,0.5798722044728435,0.5222222222222223,True,False
22083,2009-12-01,2011-08-18,12074,443,63,0.707667731629393,0.7,True,False
22084,2009-12-02,2011-08-18,8788,321,20,0.512779552715655,0.2222222222222222,False,False
22085,2009-12-01,2011-08-17,2412,164,27,0.26198083067092653,0.3,True,False
22086,2009-12-01,2011-08-17,19427,211,28,0.33706070287539935,0.3111111111111111,True,False
22087,2009-12-01,2011-05-11,7865,308,0,0.49201277955271566,0.0,False,False
22088,2009-12-01,2011-07-06,4401,319,26,0.5095846645367412,0.28888888888888886,False,False
22089,2009-12-01,2011-08-17,3256,298,47,0.476038338658147,0.5222222222222223,True,False
22090,2009-12-01,2011-08-18,15363,465,71,0.7428115015974441,0.7888888888888889,True,False
22091,2009-12-01,2011-08-17,1848,162,24,0.25878594249201275,0.26666666666666666,False,False
22092,2009-12-18,2011-08-11,463,66,12,0.10543130990415335,0.13333333333333333,False,False
22093,2009-12-01,2011-08-18,1113,126,24,0.2012779552715655,0.26666666666666666,False,False
22094,2009-12-02,2011-08-18,2113,176,30,0.28115015974440893,0.3333333333333333,True,False
22095,2009-12-02,2011-08-07,2039,128,11,0.20447284345047922,0.12222222222222222,False,False
22096,2009-12-02,2011-08-15,479,92,20,0.14696485623003194,0.2222222222222222,False,False
22097,2009-12-02,2011-08-15,863,131,27,0.20926517571884984,0.3,False,False
22098,2009-12-03,2011-08-16,1384,170,30,0.2715654952076677,0.3333333333333333,True,False
22099,2009-12-02,2011-08-18,1262,157,28,0.2507987220447284,0.3111111111111111,True,False
22100,2009-12-02,2011-08-15,439,81,9,0.12939297124600638,0.1,False,False
22101,2009-12-01,2011-08-04,986,75,11,0.11980830670926518,0.12222222222222222,False,False
22102,2009-12-01,2011-07-12,321,46,7,0.07348242811501597,0.07777777777777778,False,False
22103,2009-12-01,2011-08-12,745,59,4,0.09424920127795527,0.044444444444444446,False,False
22104,2009-12-08,2011-07-18,1084,64,8,0.10223642172523961,0.08888888888888889,False,False
22105,2009-12-07,2011-07-12,187,39,4,0.06230031948881789,0.044444444444444446,False,False
22106,2010-01-15,2011-07-18,214,50,5,0.07987220447284345,0.05555555555555555,False,False
22107,2009-12-01,2011-08-11,809,159,7,0.2539936102236422,0.07777777777777778,False,False
22108,2009-12-01,2011-08-11,224,76,3,0.12140575079872204,0.03333333333333333,False,False
22109,2009-12-01,2011-08-11,2634,273,35,0.43610223642172524,0.3888888888888889,True,False
22110,2009-12-01,2011-08-16,1993,193,12,0.3083067092651757,0.13333333333333333,False,False
22111,2009-12-01,2011-08-18,6810,313,25,0.5,0.2777777777777778,False,False
22112,2009-12-01,2011-08-18,7180,347,45,0.5543130990415336,0.5,True,False
22113,2009-12-01,2011-08-17,3872,177,25,0.2827476038338658,0.2777777777777778,False,False
22114,2009-12-01,2011-03-11,7193,262,0,0.4185303514376997,0.0,False,False
22115,2009-12-01,2011-08-18,2055,247,28,0.39456869009584666,0.3111111111111111,True,False
22116,2009-12-01,2011-08-18,501,107,29,0.17092651757188498,0.32222222222222224,False,False
22117,2009-12-01,2011-08-17,948,158,10,0.2523961661341853,0.1111111111111111,False,False
22118,2009-12-01,2011-08-07,626,137,7,0.21884984025559107,0.07777777777777778,False,False
22119,2009-12-01,2011-08-18,670,157,10,0.2507987220447284,0.1111111111111111,False,False
22120,2009-12-01,2011-08-18,876,215,36,0.34345047923322686,0.4,True,False
22121,2009-12-01,2011-08-18,1304,133,8,0.2124600638977636,0.08888888888888889,False,False
22122,2009-12-01,2010-08-20,1097,124,0,0.19808306709265175,0.0,False,False
22123,2009-12-02,2011-08-17,368,90,20,0.14376996805111822,0.2222222222222222,False,False
22124,2009-12-07,2011-08-11,196,85,15,0.13578274760383385,0.16666666666666666,False,False
22125,2009-12-01,2011-01-21,646,60,0,0.09584664536741214,0.0,False,False
22127,2009-12-01,2011-03-23,3474,116,0,0.1853035143769968,0.0,False,False
22128,2009-12-01,2011-08-12,3322,142,16,0.2268370607028754,0.17777777777777778,False,False
22129,2009-12-02,2011-08-10,2798,89,9,0.14217252396166133,0.1,False,False
22130,2009-12-01,2011-08-15,8124,148,6,0.2364217252396166,0.06666666666666667,False,False
22131,2009-12-01,2011-08-17,4604,333,40,0.5319488817891374,0.4444444444444444,True,False
22132,2009-12-01,2011-08-17,2994,227,21,0.36261980830670926,0.23333333333333334,False,False
22133,2009-12-01,2011-08-12,2197,208,15,0.33226837060702874,0.16666666666666666,False,False
22134,2009-12-01,2011-08-12,1909,185,21,0.2955271565495208,0.23333333333333334,False,False
22135,2009-12-01,2011-08-15,1422,184,23,0.2939297124600639,0.25555555555555554,False,False
22136,2009-12-01,2011-08-17,1969,185,10,0.2955271565495208,0.1111111111111111,False,False
22137,2009-12-14,2011-08-11,606,40,4,0.06389776357827476,0.044444444444444446,False,False
22138,2009-12-01,2011-08-18,6469,422,62,0.6741214057507987,0.6888888888888889,True,False
22139,2009-12-01,2011-08-18,8542,434,69,0.6932907348242812,0.7666666666666667,True,False
22141,2009-12-01,2011-08-12,1368,61,15,0.09744408945686901,0.16666666666666666,False,False
22142,2009-12-01,2011-08-15,1384,66,17,0.10543130990415335,0.18888888888888888,False,False
22143,2009-12-01,2010-10-27,448,48,0,0.07667731629392971,0.0,False,False
22144,2009-12-01,2011-08-17,1753,83,22,0.13258785942492013,0.24444444444444444,False,False
22145,2009-12-01,2010-12-08,1310,89,0,0.14217252396166133,0.0,False,False
22146,2009-12-04,2011-01-25,1417,53,0,0.08466453674121406,0.0,False,False
22147,2009-12-01,2011-08-18,9785,408,54,0.6517571884984026,0.6,True,False
22148,2009-12-02,2011-08-02,3204,140,4,0.22364217252396165,0.044444444444444446,False,False
22149,2009-12-01,2011-08-17,10212,448,68,0.7156549520766773,0.7555555555555555,True,False
22150,2009-12-01,2011-08-18,6516,359,52,0.5734824281150159,0.5777777777777777,True,False
22151,2009-12-01,2011-08-18,24418,330,42,0.5271565495207667,0.4666666666666667,True,False
22152,2009-12-01,2011-08-18,4764,135,13,0.21565495207667731,0.14444444444444443,False,False
22153,2009-12-01,2011-08-18,3686,110,9,0.1757188498402556,0.1,False,False
22154,2009-12-01,2011-08-18,4893,110,8,0.1757188498402556,0.08888888888888889,False,False
22155,2009-12-01,2011-08-11,4055,122,9,0.19488817891373802,0.1,False,False
22156,2009-12-01,2011-08-18,5519,297,42,0.4744408945686901,0.4666666666666667,True,False
22157,2009-12-02,2011-08-01,1694,75,1,0.11980830670926518,0.011111111111111112,False,False
22158,2009-12-03,2011-08-18,6591,166,18,0.26517571884984026,0.2,False,False
22161,2009-12-07,2011-08-18,3913,223,46,0.3562300319488818,0.5111111111111111,True,False
22162,2009-12-01,2011-08-11,1183,163,4,0.26038338658146964,0.044444444444444446,False,False
22163,2009-12-01,2011-08-10,458,88,5,0.14057507987220447,0.05555555555555555,False,False
22164,2009-12-03,2011-06-15,261,38,1,0.06070287539936102,0.011111111111111112,False,False
22165,2009-12-01,2011-08-04,722,157,14,0.2507987220447284,0.15555555555555556,False,False
22166,2009-12-01,2011-08-11,310,102,8,0.16293929712460065,0.08888888888888889,False,False
22167,2009-12-01,2011-08-11,647,199,34,0.31789137380191695,0.37777777777777777,True,False
22168,2009-12-08,2011-04-12,662,207,0,0.3306709265175719,0.0,False,False
22169,2009-12-01,2011-08-18,1730,330,53,0.5271565495207667,0.5888888888888889,True,False
22170,2009-12-02,2011-08-17,1981,288,43,0.46006389776357826,0.4777777777777778,True,False
22171,2009-12-01,2011-08-18,2964,335,59,0.5351437699680511,0.6555555555555556,True,False
22172,2009-12-01,2010-09-29,378,117,0,0.1869009584664537,0.0,False,False
22173,2009-12-01,2011-08-17,4152,336,61,0.536741214057508,0.6777777777777778,True,False
22174,2009-12-01,2011-08-18,4188,239,39,0.3817891373801917,0.43333333333333335,True,False
22175,2009-12-02,2011-08-17,1249,204,17,0.3258785942492013,0.18888888888888888,False,False
22176,2009-12-02,2011-08-17,961,173,17,0.2763578274760383,0.18888888888888888,False,False
22177,2009-12-01,2010-08-25,326,73,0,0.11661341853035144,0.0,False,False
22178,2009-12-01,2011-08-18,32126,468,70,0.7476038338658147,0.7777777777777778,True,True
22179,2009-12-01,2011-08-18,1635,282,30,0.4504792332268371,0.3333333333333333,True,False
22180,2009-12-01,2011-08-18,897,258,29,0.41214057507987223,0.32222222222222224,True,False
22181,2009-12-02,2011-07-31,1309,103,8,0.1645367412140575,0.08888888888888889,False,False
22182,2009-12-02,2011-08-03,412,118,38,0.18849840255591055,0.4222222222222222,False,False
22183,2009-12-02,2011-07-15,585,147,4,0.23482428115015974,0.044444444444444446,False,False
22184,2009-12-02,2011-01-27,390,110,0,0.1757188498402556,0.0,False,False
22185,2009-12-01,2011-08-16,3161,246,23,0.3929712460063898,0.25555555555555554,False,False
22186,2009-12-01,2011-08-14,1202,115,2,0.18370607028753994,0.022222222222222223,False,False
22187,2009-12-01,2011-08-09,915,98,3,0.15654952076677317,0.03333333333333333,False,False
22188,2009-12-14,2011-08-18,9234,288,30,0.46006389776357826,0.3333333333333333,True,False
22189,2009-12-01,2011-08-18,14155,391,55,0.6246006389776357,0.6111111111111112,True,False
22190,2009-12-01,2011-08-05,1133,139,14,0.2220447284345048,0.15555555555555556,False,False
22191,2009-12-01,2011-08-18,1580,269,48,0.42971246006389774,0.5333333333333333,True,False
22192,2009-12-01,2011-08-18,1086,246,51,0.3929712460063898,0.5666666666666667,True,False
22193,2009-12-01,2011-08-17,1219,246,55,0.3929712460063898,0.6111111111111112,True,False
22194,2009-12-01,2011-08-11,373,139,9,0.2220447284345048,0.1,False,False
22195,2009-12-01,2011-08-17,4362,324,28,0.5175718849840255,0.3111111111111111,True,False
22196,2009-12-01,2011-08-17,5368,382,46,0.610223642172524,0.5111111111111111,True,False
22197,2009-12-01,2011-08-18,58614,467,73,0.7460063897763578,0.8111111111111111,True,True
22198,2009-12-01,2011-02-21,7345,273,0,0.43610223642172524,0.0,False,False
22199,2009-12-01,2011-08-17,1627,244,29,0.38977635782747605,0.32222222222222224,True,False
22200,2009-12-01,2011-08-18,1133,204,14,0.3258785942492013,0.15555555555555556,False,False
22201,2009-12-01,2011-08-18,437,120,18,0.19169329073482427,0.2,False,False
22202,2009-12-02,2011-05-05,1078,179,0,0.28594249201277955,0.0,False,False
22203,2009-12-01,2011-08-18,1253,237,28,0.37859424920127793,0.3111111111111111,True,False
22204,2009-12-03,2011-08-18,490,119,21,0.1900958466453674,0.23333333333333334,False,False
22206,2010-06-07,2011-06-07,12,8,1,0.012779552715654952,0.011111111111111112,False,False
22207,2009-12-01,2011-08-17,2511,243,21,0.38817891373801916,0.23333333333333334,False,False
22208,2009-12-01,2011-08-18,1647,194,40,0.30990415335463256,0.4444444444444444,True,False
22209,2009-12-03,2011-08-18,1011,143,34,0.22843450479233227,0.37777777777777777,False,False
22210,2009-12-02,2011-08-11,901,140,28,0.22364217252396165,0.3111111111111111,False,False
22211,2009-12-01,2011-08-18,1103,147,38,0.23482428115015974,0.4222222222222222,False,False
22212,2009-12-01,2011-08-18,3577,378,51,0.6038338658146964,0.5666666666666667,True,False
22214,2009-12-01,2011-08-18,508,64,6,0.10223642172523961,0.06666666666666667,False,False
22215,2009-12-01,2011-08-10,928,218,15,0.34824281150159747,0.16666666666666666,False,False
22216,2009-12-02,2011-07-29,1151,80,9,0.12779552715654952,0.1,False,False
22217,2009-12-09,2011-08-15,1872,143,15,0.22843450479233227,0.16666666666666666,False,False
22218,2009-12-01,2010-12-15,1235,169,0,0.26996805111821087,0.0,False,False
22219,2009-12-01,2011-08-18,8447,430,58,0.6869009584664537,0.6444444444444445,True,False
22220,2009-12-02,2011-08-18,610,175,11,0.2795527156549521,0.12222222222222222,False,False
22221,2009-12-17,2011-08-17,850,116,11,0.1853035143769968,0.12222222222222222,False,False
22222,2009-12-01,2011-08-18,1360,234,33,0.3738019169329074,0.36666666666666664,True,False
22223,2009-12-04,2011-08-11,700,138,8,0.22044728434504793,0.08888888888888889,False,False
22224,2009-12-01,2011-08-15,2171,239,26,0.3817891373801917,0.28888888888888886,False,False
22227,2009-12-02,2011-08-18,5410,334,41,0.5335463258785943,0.45555555555555555,True,False
22228,2009-12-03,2011-07-22,1533,158,19,0.2523961661341853,0.2111111111111111,False,False
22229,2009-12-04,2011-07-22,885,122,16,0.19488817891373802,0.17777777777777778,False,False
22230,2009-12-02,2011-08-10,1209,131,25,0.20926517571884984,0.2777777777777778,False,False
22231,2009-12-01,2011-08-11,1898,173,32,0.2763578274760383,0.35555555555555557,True,False
22232,2009-12-01,2011-08-18,855,109,26,0.17412140575079874,0.28888888888888886,False,False
22233,2009-12-09,2011-07-28,727,108,22,0.17252396166134185,0.24444444444444444,False,False
22236,2009-12-10,2011-08-17,1036,236,13,0.3769968051118211,0.14444444444444443,False,False
22241,2009-12-01,2011-08-08,4351,192,4,0.30670926517571884,0.044444444444444446,False,False
22242,2009-12-10,2011-02-16,4779,217,0,0.3466453674121406,0.0,False,False
22243,2009-12-13,2011-08-16,7635,236,19,0.3769968051118211,0.2111111111111111,False,False
22244,2009-12-09,2011-08-18,4522,250,39,0.3993610223642173,0.43333333333333335,True,False
22245,2009-12-09,2011-08-05,4652,256,3,0.40894568690095845,0.03333333333333333,False,False
22246,2009-12-01,2011-08-17,970,132,15,0.2108626198083067,0.16666666666666666,False,False
22247,2009-12-13,2011-07-22,1185,125,10,0.19968051118210864,0.1111111111111111,False,False
22248,2009-12-02,2011-07-22,979,127,12,0.20287539936102236,0.13333333333333333,False,False
22249,2009-12-13,2011-07-22,1646,149,9,0.2380191693290735,0.1,False,False
22250,2009-12-13,2011-08-03,1512,179,22,0.28594249201277955,0.24444444444444444,False,False
22251,2009-12-17,2011-08-10,1843,201,21,0.3210862619808307,0.23333333333333334,False,False
22252,2009-12-10,2011-08-17,752,78,19,0.12460063897763578,0.2111111111111111,False,False
22253,2009-12-01,2010-04-08,969,59,0,0.09424920127795527,0.0,False,False
22254,2009-12-01,2011-08-02,1323,110,7,0.1757188498402556,0.07777777777777778,False,False
22255,2009-12-01,2011-08-03,996,99,10,0.15814696485623003,0.1111111111111111,False,False
22256,2009-12-07,2011-04-19,938,89,0,0.14217252396166133,0.0,False,False
22257,2010-01-21,2011-04-26,413,47,0,0.07507987220447285,0.0,False,False
22258,2009-12-04,2011-06-22,1331,87,1,0.1389776357827476,0.011111111111111112,False,False
22259,2010-01-24,2011-04-26,592,54,0,0.08626198083067092,0.0,False,False
22260,2009-12-02,2011-08-12,1503,143,4,0.22843450479233227,0.044444444444444446,False,False
22261,2009-12-01,2011-08-04,2064,145,3,0.23162939297124602,0.03333333333333333,False,False
22262,2009-12-01,2011-08-08,1825,179,7,0.28594249201277955,0.07777777777777778,False,False
22263,2009-12-06,2011-08-04,806,78,4,0.12460063897763578,0.044444444444444446,False,False
22264,2009-12-14,2011-08-09,2021,111,3,0.17731629392971246,0.03333333333333333,False,False
22265,2009-12-02,2011-07-18,1825,118,4,0.18849840255591055,0.044444444444444446,False,False
22266,2009-12-17,2011-08-03,1452,102,11,0.16293929712460065,0.12222222222222222,False,False
22267,2009-12-07,2011-07-21,1151,78,7,0.12460063897763578,0.07777777777777778,False,False
22268,2009-12-13,2011-08-12,1939,148,42,0.2364217252396166,0.4666666666666667,False,False
22269,2009-12-02,2011-08-11,1003,135,28,0.21565495207667731,0.3111111111111111,False,False
22270,2009-12-03,2011-06-29,662,107,2,0.17092651757188498,0.022222222222222223,False,False
22271,2009-12-01,2011-08-17,4165,331,32,0.5287539936102237,0.35555555555555557,True,False
22272,2009-12-01,2011-05-22,1372,197,1,0.3146964856230032,0.011111111111111112,False,False
22273,2009-12-01,2011-08-18,4325,333,45,0.5319488817891374,0.5,True,False
22274,2009-12-01,2011-08-17,3146,292,28,0.46645367412140576,0.3111111111111111,True,False
22275,2009-12-01,2010-12-02,950,172,0,0.2747603833865815,0.0,False,False
22276,2009-12-01,2011-08-17,1845,228,16,0.36421725239616615,0.17777777777777778,False,False
22277,2009-12-01,2011-08-18,1204,168,24,0.268370607028754,0.26666666666666666,False,False
22278,2009-12-02,2011-08-17,832,212,31,0.33865814696485624,0.34444444444444444,True,False
22279,2009-12-02,2011-08-12,1229,132,31,0.2108626198083067,0.34444444444444444,False,False
22280,2009-12-01,2011-08-11,805,105,23,0.16773162939297126,0.25555555555555554,False,False
22281,2009-12-01,2011-07-11,510,102,1,0.16293929712460065,0.011111111111111112,False,False
22282,2009-12-01,2011-08-14,505,147,15,0.23482428115015974,0.16666666666666666,False,False
22283,2009-12-01,2011-08-18,970,242,20,0.3865814696485623,0.2222222222222222,False,False
22284,2009-12-03,2011-08-11,2320,194,9,0.30990415335463256,0.1,False,False
22285,2009-12-06,2011-08-15,2593,173,5,0.2763578274760383,0.05555555555555555,False,False
22286,2009-12-01,2011-08-16,1527,117,18,0.1869009584664537,0.2,False,False
22287,2009-12-03,2011-07-27,1110,86,17,0.13738019169329074,0.18888888888888888,False,False
22288,2009-12-01,2011-08-16,1300,88,3,0.14057507987220447,0.03333333333333333,False,False
22289,2009-12-01,2011-07-28,761,68,7,0.10862619808306709,0.07777777777777778,False,False
22290,2009-12-09,2010-03-31,688,48,0,0.07667731629392971,0.0,False,False
22291,2009-12-03,2011-08-01,3143,154,19,0.24600638977635783,0.2111111111111111,False,False
22292,2009-12-03,2011-07-22,2724,149,14,0.2380191693290735,0.15555555555555556,False,False
22293,2009-12-02,2011-08-18,1990,157,24,0.2507987220447284,0.26666666666666666,False,False
22294,2009-12-01,2011-08-18,14982,366,30,0.5846645367412141,0.3333333333333333,True,False
22295,2009-12-01,2011-08-18,7741,300,29,0.4792332268370607,0.32222222222222224,True,False
22296,2009-12-01,2011-08-18,9106,348,41,0.5559105431309904,0.45555555555555555,True,False
22297,2009-12-01,2011-08-18,12710,380,44,0.6070287539936102,0.4888888888888889,True,False
22299,2009-12-03,2011-08-05,2971,116,6,0.1853035143769968,0.06666666666666667,False,False
22300,2009-12-01,2011-08-11,3377,276,21,0.44089456869009586,0.23333333333333334,False,False
22301,2009-12-01,2011-08-16,4143,310,25,0.4952076677316294,0.2777777777777778,False,False
22302,2009-12-01,2011-08-18,3950,218,31,0.34824281150159747,0.34444444444444444,True,False
22303,2009-12-01,2011-08-18,4402,294,41,0.4696485623003195,0.45555555555555555,True,False
22304,2009-12-01,2011-08-18,1818,128,13,0.20447284345047922,0.14444444444444443,False,False
22305,2009-12-01,2011-08-18,2213,118,14,0.18849840255591055,0.15555555555555556,False,False
22306,2009-12-09,2011-07-15,568,55,1,0.0878594249201278,0.011111111111111112,False,False
22307,2009-12-07,2011-08-17,535,46,1,0.07348242811501597,0.011111111111111112,False,False
22308,2009-12-01,2011-08-17,586,130,13,0.20766773162939298,0.14444444444444443,False,False
22309,2009-12-02,2011-08-17,1101,166,11,0.26517571884984026,0.12222222222222222,False,False
22310,2009-12-03,2011-08-10,1388,129,10,0.20607028753993611,0.1111111111111111,False,False
22311,2009-12-01,2011-08-11,1326,160,17,0.25559105431309903,0.18888888888888888,False,False
22312,2009-12-01,2011-08-16,953,156,9,0.24920127795527156,0.1,False,False
22313,2009-12-02,2011-08-16,625,91,10,0.14536741214057508,0.1111111111111111,False,False
22314,2009-12-02,2011-08-18,876,144,13,0.23003194888178913,0.14444444444444443,False,False
22315,2009-12-01,2011-08-18,1891,232,42,0.3706070287539936,0.4666666666666667,True,False
22316,2009-12-09,2011-08-15,1224,97,16,0.15495207667731628,0.17777777777777778,False,False
22317,2009-12-04,2011-08-17,547,124,12,0.19808306709265175,0.13333333333333333,False,False
22318,2009-12-01,2011-08-16,1517,252,28,0.402555910543131,0.3111111111111111,True,False
22319,2009-12-01,2011-08-02,2110,118,8,0.18849840255591055,0.08888888888888889,False,False
22320,2009-12-01,2011-08-18,521,124,21,0.19808306709265175,0.23333333333333334,False,False
22321,2009-12-01,2011-08-18,2332,214,17,0.34185303514376997,0.18888888888888888,False,False
22322,2009-12-02,2011-08-15,1595,192,27,0.30670926517571884,0.3,True,False
22323,2009-12-03,2011-01-12,637,96,0,0.15335463258785942,0.0,False,False
22324,2009-12-01,2011-08-10,528,103,13,0.1645367412140575,0.14444444444444443,False,False
22325,2009-12-01,2011-08-16,642,138,14,0.22044728434504793,0.15555555555555556,False,False
22326,2010-01-07,2011-08-18,12478,396,68,0.6325878594249201,0.7555555555555555,True,False
22327,2010-01-10,2011-08-18,2522,303,45,0.4840255591054313,0.5,True,False
22328,2010-01-07,2011-08-18,11365,395,63,0.6309904153354633,0.7,True,False
22329,2010-01-10,2011-08-18,4789,309,41,0.4936102236421725,0.45555555555555555,True,False
22330,2009-12-01,2010-02-07,128,18,0,0.02875399361022364,0.0,False,False
22331,2009-12-02,2011-08-18,3057,254,34,0.4057507987220447,0.37777777777777777,True,False
22332,2009-12-03,2011-08-12,3857,237,25,0.37859424920127793,0.2777777777777778,False,False
22333,2009-12-01,2011-08-18,8812,346,52,0.5527156549520766,0.5777777777777777,True,False
22334,2009-12-03,2011-08-17,2084,190,19,0.3035143769968051,0.2111111111111111,False,False
22335,2009-12-01,2011-08-18,8087,265,36,0.4233226837060703,0.4,True,False
22336,2009-12-01,2011-08-18,2823,113,9,0.1805111821086262,0.1,False,False
22337,2009-12-01,2011-08-11,1954,58,2,0.0926517571884984,0.022222222222222223,False,False
22338,2009-12-01,2011-08-18,1573,74,3,0.1182108626198083,0.03333333333333333,False,False
22339,2009-12-02,2011-07-18,1404,57,1,0.09105431309904154,0.011111111111111112,False,False
22340,2009-12-01,2011-01-10,418,45,0,0.07188498402555911,0.0,False,False
22341,2009-12-02,2011-08-09,3383,173,13,0.2763578274760383,0.14444444444444443,False,False
22342,2009-12-02,2011-08-15,1513,170,26,0.2715654952076677,0.28888888888888886,False,False
22343,2009-12-02,2011-08-18,2747,132,15,0.2108626198083067,0.16666666666666666,False,False
22344,2009-12-02,2011-08-18,1311,97,12,0.15495207667731628,0.13333333333333333,False,False
22345,2009-12-02,2011-08-18,1194,91,7,0.14536741214057508,0.07777777777777778,False,False
22346,2009-12-02,2011-08-18,1049,77,8,0.12300319488817892,0.08888888888888889,False,False
22347,2009-12-01,2010-08-20,2722,75,0,0.11980830670926518,0.0,False,False
22348,2009-12-01,2011-08-17,11340,374,44,0.597444089456869,0.4888888888888889,True,False
22349,2009-12-01,2011-07-31,2323,213,16,0.3402555910543131,0.17777777777777778,False,False
22350,2009-12-01,2011-08-15,2642,208,19,0.33226837060702874,0.2111111111111111,False,False
22351,2010-08-26,2011-06-29,15,3,1,0.004792332268370607,0.011111111111111112,False,False
22352,2009-12-01,2011-08-18,6130,399,58,0.6373801916932907,0.6444444444444445,True,False
22353,2009-12-01,2011-05-08,3045,225,0,0.35942492012779553,0.0,False,False
22354,2009-12-02,2011-08-18,2103,190,19,0.3035143769968051,0.2111111111111111,False,False
22355,2009-12-01,2011-08-18,25490,462,72,0.7380191693290735,0.8,True,False
22356,2009-12-01,2011-08-18,16532,450,67,0.7188498402555911,0.7444444444444445,True,False
22357,2010-01-07,2011-08-16,1915,244,19,0.38977635782747605,0.2111111111111111,False,False
22358,2010-01-06,2011-08-17,2501,301,36,0.48083067092651754,0.4,True,False
22359,2010-03-16,2011-08-16,1223,129,12,0.20607028753993611,0.13333333333333333,False,False
22360,2009-12-13,2011-08-16,2253,215,25,0.34345047923322686,0.2777777777777778,False,False
22361,2010-03-15,2011-08-17,1632,246,36,0.3929712460063898,0.4,False,False
22362,2010-03-15,2011-08-11,647,149,18,0.2380191693290735,0.2,False,False
22363,2010-03-15,2011-08-01,723,122,10,0.19488817891373802,0.1111111111111111,False,False
22364,2010-03-15,2011-08-18,1856,197,18,0.3146964856230032,0.2,False,False
22365,2010-01-04,2011-08-17,1864,255,31,0.4073482428115016,0.34444444444444444,True,False
22366,2010-01-04,2011-08-14,2138,295,31,0.4712460063897764,0.34444444444444444,True,False
22367,2010-01-10,2011-08-18,6498,397,55,0.634185303514377,0.6111111111111112,True,False
22371,2010-02-12,2011-08-17,1373,284,45,0.4536741214057508,0.5,True,False
22372,2010-02-11,2011-08-16,478,170,24,0.2715654952076677,0.26666666666666666,False,False
22374,2010-02-14,2011-08-17,789,227,35,0.36261980830670926,0.3888888888888889,True,False
22375,2010-02-14,2011-08-17,450,174,26,0.2779552715654952,0.28888888888888886,False,False
22376,2010-02-14,2011-08-02,428,162,23,0.25878594249201275,0.25555555555555554,False,False
22377,2010-01-26,2011-08-18,3467,246,38,0.3929712460063898,0.4222222222222222,True,False
22378,2010-01-25,2011-08-18,3560,284,40,0.4536741214057508,0.4444444444444444,True,False
22379,2010-01-25,2011-08-18,13443,424,62,0.6773162939297125,0.6888888888888889,True,False
22380,2010-01-22,2011-08-18,4537,314,43,0.5015974440894568,0.4777777777777778,True,False
22381,2010-01-24,2011-08-17,8033,394,59,0.6293929712460063,0.6555555555555556,True,False
22382,2010-01-22,2011-08-18,16538,447,74,0.7140575079872205,0.8222222222222222,True,False
22383,2010-01-22,2011-08-18,21716,451,72,0.7204472843450479,0.8,True,False
22384,2010-01-25,2011-08-18,18158,450,73,0.7188498402555911,0.8111111111111111,True,False
22385,2010-01-29,2011-08-18,13807,377,58,0.6022364217252396,0.6444444444444445,True,False
22386,2010-01-29,2011-08-18,30453,445,74,0.7108626198083067,0.8222222222222222,True,True
22389,2010-03-30,2011-08-04,447,62,3,0.09904153354632587,0.03333333333333333,False,False
22390,2010-03-26,2011-08-09,718,59,4,0.09424920127795527,0.044444444444444446,False,False
22391,2010-03-30,2011-07-25,266,47,5,0.07507987220447285,0.05555555555555555,False,False
22393,2010-03-26,2011-08-04,513,70,7,0.11182108626198083,0.07777777777777778,False,False
22394,2010-04-06,2011-07-14,302,42,2,0.0670926517571885,0.022222222222222223,False,False
22395,2010-04-13,2011-07-18,134,33,3,0.052715654952076675,0.03333333333333333,False,False
22396,2010-03-26,2011-08-11,1420,101,21,0.16134185303514376,0.23333333333333334,False,False
22398,2010-03-26,2011-08-17,2775,197,34,0.3146964856230032,0.37777777777777777,False,False
22399,2010-03-26,2011-08-16,3948,186,19,0.2971246006389776,0.2111111111111111,False,False
22400,2010-03-30,2011-08-12,1704,118,27,0.18849840255591055,0.3,False,False
22402,2010-03-26,2011-08-11,2580,135,26,0.21565495207667731,0.28888888888888886,False,False
22403,2010-03-29,2011-08-10,1256,130,18,0.20766773162939298,0.2,False,False
22405,2010-03-26,2011-08-15,1493,139,11,0.2220447284345048,0.12222222222222222,False,False
22406,2010-03-26,2011-08-18,2331,132,10,0.2108626198083067,0.1111111111111111,False,False
22407,2010-03-26,2011-08-18,397,59,7,0.09424920127795527,0.07777777777777778,False,False
22408,2010-03-26,2011-08-18,560,69,6,0.11022364217252396,0.06666666666666667,False,False
22409,2010-03-26,2011-08-18,1619,117,12,0.1869009584664537,0.13333333333333333,False,False
22410,2010-03-26,2011-08-18,1214,127,7,0.20287539936102236,0.07777777777777778,False,False
22411,2010-01-29,2011-08-18,22459,447,74,0.7140575079872205,0.8222222222222222,True,False
22412,2010-01-29,2011-08-11,2211,246,30,0.3929712460063898,0.3333333333333333,True,False
22413,2010-01-29,2011-08-18,4820,358,52,0.5718849840255591,0.5777777777777777,True,False
22414,2010-01-10,2011-08-09,1013,147,13,0.23482428115015974,0.14444444444444443,False,False
22415,2009-12-01,2011-01-26,317,139,0,0.2220447284345048,0.0,False,False
22416,2010-02-03,2011-08-17,1824,133,15,0.2124600638977636,0.16666666666666666,False,False
22417,2010-01-31,2011-08-18,19156,391,58,0.6246006389776357,0.6444444444444445,True,False
22418,2010-05-06,2011-08-17,9863,244,36,0.38977635782747605,0.4,False,False
22419,2010-05-07,2011-08-18,5326,211,33,0.33706070287539935,0.36666666666666664,False,False
22420,2010-05-07,2011-08-17,1543,126,21,0.2012779552715655,0.23333333333333334,False,False
22421,2010-05-06,2011-08-18,3328,191,27,0.305111821086262,0.3,False,False
22422,2010-05-07,2011-08-11,1818,163,18,0.26038338658146964,0.2,False,False
22423,2010-03-15,2011-08-18,22866,419,74,0.6693290734824281,0.8222222222222222,False,False
22424,2010-05-16,2011-08-18,1242,287,54,0.4584664536741214,0.6,False,False
22425,2010-05-16,2011-08-12,725,173,29,0.2763578274760383,0.32222222222222224,False,False
22426,2010-04-08,2011-08-15,1125,199,35,0.31789137380191695,0.3888888888888889,False,False
22427,2010-05-14,2011-08-18,2745,274,67,0.43769968051118213,0.7444444444444445,False,False
22428,2010-04-08,2011-08-15,398,123,23,0.1964856230031949,0.25555555555555554,False,False
22429,2010-03-18,2011-08-18,1940,264,56,0.4217252396166134,0.6222222222222222,False,False
22430,2010-05-14,2011-08-18,1295,198,37,0.31629392971246006,0.4111111111111111,False,False
22431,2010-02-22,2011-08-17,3103,292,57,0.46645367412140576,0.6333333333333333,True,False
22432,2010-02-18,2011-08-17,3308,274,49,0.43769968051118213,0.5444444444444444,True,False
22433,2010-02-18,2011-08-17,2614,237,42,0.37859424920127793,0.4666666666666667,True,False
22434,2010-04-07,2011-08-17,2325,164,27,0.26198083067092653,0.3,False,False
22435,2010-04-08,2011-08-08,4210,273,45,0.43610223642172524,0.5,False,False
22436,2010-04-07,2011-08-17,3481,164,34,0.26198083067092653,0.37777777777777777,False,False
22437,2010-04-07,2011-08-17,5427,240,46,0.38338658146964855,0.5111111111111111,False,False
22438,2010-04-11,2011-08-10,804,104,9,0.16613418530351437,0.1,False,False
22439,2010-04-08,2011-08-15,3205,198,34,0.31629392971246006,0.37777777777777777,False,False
22440,2010-04-11,2011-08-17,8001,179,36,0.28594249201277955,0.4,False,False
22441,2010-03-23,2011-08-15,2195,222,32,0.3546325878594249,0.35555555555555557,False,False
22442,2010-03-23,2011-07-17,651,107,7,0.17092651757188498,0.07777777777777778,False,False
22443,2010-03-23,2011-08-05,690,181,15,0.28913738019169327,0.16666666666666666,False,False
22444,2010-03-23,2011-05-19,10135,211,0,0.33706070287539935,0.0,False,False
22445,2010-03-17,2011-08-16,1142,159,11,0.2539936102236422,0.12222222222222222,False,False
22446,2010-03-18,2011-07-21,317,81,3,0.12939297124600638,0.03333333333333333,False,False
22447,2010-03-23,2011-08-10,223,62,4,0.09904153354632587,0.044444444444444446,False,False
22448,2010-03-18,2011-08-03,671,91,5,0.14536741214057508,0.05555555555555555,False,False
22449,2010-03-17,2011-08-17,1144,165,20,0.26357827476038337,0.2222222222222222,False,False
22450,2010-03-17,2011-07-28,806,126,6,0.2012779552715655,0.06666666666666667,False,False
22451,2010-03-17,2011-05-13,1342,155,0,0.2476038338658147,0.0,False,False
22452,2010-03-21,2011-08-02,987,127,9,0.20287539936102236,0.1,False,False
22453,2010-03-21,2011-08-03,675,95,7,0.15175718849840256,0.07777777777777778,False,False
22454,2010-03-19,2011-07-27,1395,125,5,0.19968051118210864,0.05555555555555555,False,False
22456,2010-03-04,2011-08-18,3849,319,54,0.5095846645367412,0.6,False,False
22457,2010-03-04,2011-08-18,12096,373,75,0.5958466453674122,0.8333333333333334,False,False
22458,2010-03-04,2011-04-20,1525,126,0,0.2012779552715655,0.0,False,False
22459,2010-03-04,2011-04-27,1386,129,0,0.20607028753993611,0.0,False,False
22460,2010-03-08,2011-08-16,3905,198,36,0.31629392971246006,0.4,False,False
22461,2010-03-07,2011-08-12,411,118,22,0.18849840255591055,0.24444444444444444,False,False
22464,2010-03-04,2011-08-17,6579,339,44,0.5415335463258786,0.4888888888888889,False,False
22465,2010-03-04,2011-08-17,3295,217,23,0.3466453674121406,0.25555555555555554,False,False
22466,2010-03-05,2011-08-17,4295,180,23,0.28753993610223644,0.25555555555555554,False,False
22467,2010-03-04,2011-08-18,8903,292,66,0.46645367412140576,0.7333333333333333,False,False
22468,2010-03-08,2011-08-18,1531,208,18,0.33226837060702874,0.2,False,False
22469,2010-04-22,2011-08-18,21889,322,72,0.5143769968051118,0.8,False,False
22470,2010-04-22,2011-08-17,14132,334,71,0.5335463258785943,0.7888888888888889,False,False
22471,2010-03-11,2011-08-16,490,109,6,0.17412140575079874,0.06666666666666667,False,False
22472,2010-03-08,2011-08-09,977,153,6,0.24440894568690097,0.06666666666666667,False,False
22473,2010-03-11,2011-08-04,700,129,7,0.20607028753993611,0.07777777777777778,False,False
22474,2010-03-08,2011-08-17,833,143,9,0.22843450479233227,0.1,False,False
22475,2010-03-05,2011-08-17,571,145,14,0.23162939297124602,0.15555555555555556,False,False
22476,2010-03-07,2011-08-10,608,166,14,0.26517571884984026,0.15555555555555556,False,False
22477,2010-03-05,2011-08-15,2266,178,23,0.28434504792332266,0.25555555555555554,False,False
22478,2010-03-05,2011-08-18,2526,186,26,0.2971246006389776,0.28888888888888886,False,False
22479,2010-03-05,2011-08-18,1879,145,22,0.23162939297124602,0.24444444444444444,False,False
22480,2010-03-05,2011-08-05,2375,179,17,0.28594249201277955,0.18888888888888888,False,False
22481,2010-03-07,2011-08-15,975,129,23,0.20607028753993611,0.25555555555555554,False,False
22482,2010-03-05,2011-07-05,2326,153,9,0.24440894568690097,0.1,False,False
22483,2010-03-04,2011-08-11,1563,187,22,0.2987220447284345,0.24444444444444444,False,False
22485,2010-03-05,2011-08-18,935,246,43,0.3929712460063898,0.4777777777777778,False,False
22486,2010-03-08,2011-02-08,63,20,0,0.03194888178913738,0.0,False,False
22487,2010-03-05,2011-08-18,1418,337,52,0.5383386581469649,0.5777777777777777,False,False
22488,2010-03-05,2011-08-18,5830,329,57,0.5255591054313099,0.6333333333333333,False,False
22489,2010-03-02,2011-08-17,14524,293,60,0.4680511182108626,0.6666666666666666,False,False
22491,2010-05-06,2011-08-17,6461,196,32,0.31309904153354634,0.35555555555555557,False,False
22492,2010-05-06,2011-08-18,33188,283,43,0.4520766773162939,0.4777777777777778,False,False
22493,2010-05-07,2011-08-17,4114,208,35,0.33226837060702874,0.3888888888888889,False,False
22494,2010-01-29,2011-08-14,2499,259,43,0.41373801916932906,0.4777777777777778,True,False
22495,2010-01-29,2011-08-05,774,140,12,0.22364217252396165,0.13333333333333333,False,False
22496,2010-01-29,2011-08-11,552,120,11,0.19169329073482427,0.12222222222222222,False,False
22497,2010-01-31,2011-08-17,893,191,18,0.305111821086262,0.2,False,False
22498,2010-02-03,2011-08-15,1091,237,36,0.37859424920127793,0.4,True,False
22499,2010-02-02,2011-08-16,3462,316,42,0.5047923322683706,0.4666666666666667,True,False
22500,2010-01-31,2011-08-17,452,127,12,0.20287539936102236,0.13333333333333333,False,False
22501,2010-05-21,2011-08-17,2547,274,48,0.43769968051118213,0.5333333333333333,False,False
22502,2010-05-23,2011-08-18,3763,299,39,0.4776357827476038,0.43333333333333335,False,False
22503,2010-04-30,2011-07-22,118,45,11,0.07188498402555911,0.12222222222222222,False,False
22504,2010-05-04,2011-07-25,328,79,19,0.12619808306709265,0.2111111111111111,False,False
22505,2010-03-10,2011-08-17,3377,316,39,0.5047923322683706,0.43333333333333335,False,False
22507,2010-03-11,2011-08-18,4520,330,46,0.5271565495207667,0.5111111111111111,False,False
22508,2010-03-11,2011-08-18,1793,298,41,0.476038338658147,0.45555555555555555,False,False
22509,2010-03-10,2011-08-11,250,113,9,0.1805111821086262,0.1,False,False
22510,2010-03-12,2011-07-28,256,62,4,0.09904153354632587,0.044444444444444446,False,False
22511,2010-03-12,2011-07-18,343,78,3,0.12460063897763578,0.03333333333333333,False,False
22512,2010-03-12,2011-08-17,334,46,6,0.07348242811501597,0.06666666666666667,False,False
22513,2010-03-14,2011-08-05,488,112,8,0.17891373801916932,0.08888888888888889,False,False
22514,2010-03-28,2011-08-18,1039,146,18,0.23322683706070288,0.2,False,False
22515,2010-03-28,2011-07-25,1013,133,11,0.2124600638977636,0.12222222222222222,False,False
22516,2010-03-28,2011-08-15,824,115,11,0.18370607028753994,0.12222222222222222,False,False
22517,2010-03-26,2011-08-18,786,101,12,0.16134185303514376,0.13333333333333333,False,False
22518,2010-03-25,2011-05-16,1405,156,0,0.24920127795527156,0.0,False,False
22519,2010-03-25,2011-06-07,1427,148,6,0.2364217252396166,0.06666666666666667,False,False
22520,2010-03-25,2011-05-17,2295,199,0,0.31789137380191695,0.0,False,False
22521,2010-03-25,2011-05-05,2300,186,0,0.2971246006389776,0.0,False,False
22522,2010-03-25,2011-08-16,2188,193,20,0.3083067092651757,0.2222222222222222,False,False
22523,2010-03-25,2011-08-16,2109,187,17,0.2987220447284345,0.18888888888888888,False,False
22524,2010-03-25,2011-05-24,1925,175,2,0.2795527156549521,0.022222222222222223,False,False
22525,2010-03-25,2011-04-18,1949,178,0,0.28434504792332266,0.0,False,False
22526,2010-03-26,2011-08-09,517,127,20,0.20287539936102236,0.2222222222222222,False,False
22528,2010-03-26,2010-12-07,5830,154,0,0.24600638977635783,0.0,False,False
22529,2010-03-28,2011-08-11,1939,97,8,0.15495207667731628,0.08888888888888889,False,False
22530,2010-03-28,2011-08-18,8229,205,27,0.3274760383386581,0.3,False,False
22531,2010-03-31,2011-08-16,7036,201,30,0.3210862619808307,0.3333333333333333,False,False
22532,2010-03-28,2011-08-10,2371,107,16,0.17092651757188498,0.17777777777777778,False,False
22533,2010-03-28,2011-08-17,4152,142,14,0.2268370607028754,0.15555555555555556,False,False
22534,2010-03-28,2011-08-18,11018,253,36,0.40415335463258784,0.4,False,False
22535,2010-03-25,2011-08-15,3669,164,25,0.26198083067092653,0.2777777777777778,False,False
22536,2010-03-28,2011-08-16,8137,194,26,0.30990415335463256,0.28888888888888886,False,False
22537,2010-03-29,2011-08-17,4949,191,30,0.305111821086262,0.3333333333333333,False,False
22538,2010-03-28,2011-08-17,1356,68,12,0.10862619808306709,0.13333333333333333,False,False
22539,2010-03-26,2011-08-17,4150,138,20,0.22044728434504793,0.2222222222222222,False,False
22540,2010-03-28,2011-08-16,5640,121,18,0.19329073482428116,0.2,False,False
22541,2010-03-28,2011-08-17,1147,45,7,0.07188498402555911,0.07777777777777778,False,False
22543,2010-03-26,2011-08-12,2794,84,12,0.134185303514377,0.13333333333333333,False,False
22544,2010-03-25,2011-08-18,7431,187,27,0.2987220447284345,0.3,False,False
22545,2010-03-26,2011-08-17,2892,118,14,0.18849840255591055,0.15555555555555556,False,False
22546,2010-03-26,2011-08-12,3463,103,14,0.1645367412140575,0.15555555555555556,False,False
22547,2010-03-26,2011-08-12,1685,117,18,0.1869009584664537,0.2,False,False
22548,2010-03-25,2011-08-18,2722,213,38,0.3402555910543131,0.4222222222222222,False,False
22549,2010-03-25,2011-08-18,4913,270,34,0.43130990415335463,0.37777777777777777,False,False
22550,2010-03-25,2011-08-15,1705,210,25,0.3354632587859425,0.2777777777777778,False,False
22551,2010-03-25,2011-08-18,12428,358,57,0.5718849840255591,0.6333333333333333,False,False
22553,2010-03-25,2011-08-18,5706,328,57,0.5239616613418531,0.6333333333333333,False,False
22554,2010-03-25,2011-08-18,10396,354,62,0.5654952076677316,0.6888888888888889,False,False
22555,2010-03-25,2011-08-18,9383,322,51,0.5143769968051118,0.5666666666666667,False,False
22556,2010-03-25,2011-08-18,11268,352,54,0.5623003194888179,0.6,False,False
22557,2010-03-25,2011-08-18,8607,339,53,0.5415335463258786,0.5888888888888889,False,False
22558,2010-04-14,2011-08-18,11218,277,67,0.4424920127795527,0.7444444444444445,False,False
22559,2010-03-25,2011-08-17,1533,132,20,0.2108626198083067,0.2222222222222222,False,False
22560,2010-03-25,2011-08-18,10836,290,45,0.46325878594249204,0.5,False,False
22561,2010-03-25,2011-08-18,9161,313,45,0.5,0.5,False,False
22562,2010-03-24,2011-08-17,3224,184,25,0.2939297124600639,0.2777777777777778,False,False
22563,2010-03-24,2011-08-17,4752,235,35,0.3753993610223642,0.3888888888888889,False,False
22564,2010-03-24,2011-08-17,3722,174,26,0.2779552715654952,0.28888888888888886,False,False
22565,2010-03-10,2011-08-18,1740,159,15,0.2539936102236422,0.16666666666666666,False,False
22566,2010-03-10,2011-08-18,2423,162,16,0.25878594249201275,0.17777777777777778,False,False
22567,2010-03-26,2011-08-18,5074,242,25,0.3865814696485623,0.2777777777777778,False,False
22568,2010-03-10,2011-08-17,3848,316,49,0.5047923322683706,0.5444444444444444,False,False
22569,2010-03-10,2011-08-17,4665,309,45,0.4936102236421725,0.5,False,False
22570,2010-03-10,2011-08-17,4614,319,45,0.5095846645367412,0.5,False,False
22571,2010-07-23,2011-08-18,4043,119,16,0.1900958466453674,0.17777777777777778,False,False
22572,2010-07-22,2011-08-01,2385,108,9,0.17252396166134185,0.1,False,False
22573,2010-07-18,2011-08-18,2565,103,9,0.1645367412140575,0.1,False,False
22574,2010-07-18,2011-08-18,3225,106,7,0.16932907348242812,0.07777777777777778,False,False
22575,2010-07-18,2011-08-18,2655,111,8,0.17731629392971246,0.08888888888888889,False,False
22576,2010-07-18,2011-08-10,1977,92,5,0.14696485623003194,0.05555555555555555,False,False
22577,2010-07-18,2011-08-18,3956,142,15,0.2268370607028754,0.16666666666666666,False,False
22578,2010-07-18,2011-08-12,3141,111,9,0.17731629392971246,0.1,False,False
22579,2010-07-18,2011-08-03,2222,98,5,0.15654952076677317,0.05555555555555555,False,False
22580,2010-07-20,2011-08-18,1105,108,14,0.17252396166134185,0.15555555555555556,False,False
22581,2010-07-18,2011-08-16,2177,100,4,0.1597444089456869,0.044444444444444446,False,False
22582,2010-03-10,2011-08-11,2158,165,11,0.26357827476038337,0.12222222222222222,False,False
22583,2010-03-10,2011-08-10,1792,191,21,0.305111821086262,0.23333333333333334,False,False
22584,2010-03-10,2011-08-11,4376,269,24,0.42971246006389774,0.26666666666666666,False,False
22585,2010-03-10,2011-08-18,15077,326,37,0.5207667731629393,0.4111111111111111,False,False
22586,2010-03-10,2011-08-18,1752,157,21,0.2507987220447284,0.23333333333333334,False,False
22587,2010-03-10,2011-08-16,1595,158,9,0.2523961661341853,0.1,False,False
22588,2010-07-16,2011-08-18,2439,161,20,0.2571884984025559,0.2222222222222222,False,False
22589,2010-07-16,2011-08-02,1032,94,2,0.1501597444089457,0.022222222222222223,False,False
22591,2010-07-16,2011-07-10,976,69,2,0.11022364217252396,0.022222222222222223,False,False
22592,2010-07-27,2011-08-18,1378,91,4,0.14536741214057508,0.044444444444444446,False,False
22593,2010-07-16,2011-07-18,3757,120,7,0.19169329073482427,0.07777777777777778,False,False
22594,2010-07-18,2011-08-11,3314,116,8,0.1853035143769968,0.08888888888888889,False,False
22595,2010-07-16,2011-08-17,8065,221,41,0.35303514376996803,0.45555555555555555,False,False
22596,2010-07-16,2011-08-18,3150,86,18,0.13738019169329074,0.2,False,False
22597,2010-07-25,2011-07-22,2077,93,15,0.1485623003194888,0.16666666666666666,False,False
22598,2010-07-26,2011-07-17,827,41,2,0.06549520766773163,0.022222222222222223,False,False
22599,2010-07-25,2011-07-05,1195,51,2,0.08146964856230032,0.022222222222222223,False,False
22600,2010-07-16,2011-08-18,3551,115,10,0.18370607028753994,0.1111111111111111,False,False
22601,2010-07-18,2011-08-16,3230,113,8,0.1805111821086262,0.08888888888888889,False,False
22602,2010-07-16,2011-08-18,5208,179,30,0.28594249201277955,0.3333333333333333,False,False
22603,2010-07-16,2011-08-18,3074,108,7,0.17252396166134185,0.07777777777777778,False,False
22604,2010-07-23,2011-08-15,1809,134,20,0.21405750798722045,0.2222222222222222,False,False
22605,2010-04-08,2011-08-17,1684,267,57,0.426517571884984,0.6333333333333333,False,False
22606,2010-04-08,2011-08-17,1046,209,40,0.33386581469648563,0.4444444444444444,False,False
22607,2010-04-08,2011-08-17,2365,240,61,0.38338658146964855,0.6777777777777778,False,False
22608,2010-02-26,2011-08-18,3721,70,31,0.11182108626198083,0.34444444444444444,False,False
22609,2010-02-23,2011-08-18,4677,103,40,0.1645367412140575,0.4444444444444444,False,False
22610,2010-02-25,2011-08-18,8105,144,49,0.23003194888178913,0.5444444444444444,False,False
22611,2010-03-28,2011-08-17,849,129,4,0.20607028753993611,0.044444444444444446,False,False
22612,2010-03-28,2010-09-28,1001,74,0,0.1182108626198083,0.0,False,False
22613,2010-05-06,2011-08-18,2728,157,22,0.2507987220447284,0.24444444444444444,False,False
22614,2010-05-06,2011-08-18,4454,166,22,0.26517571884984026,0.24444444444444444,False,False
22615,2010-05-06,2011-08-18,3076,118,19,0.18849840255591055,0.2111111111111111,False,False
22616,2010-05-06,2011-08-18,32003,293,61,0.4680511182108626,0.6777777777777778,False,False
22617,2010-03-14,2011-08-18,3114,313,48,0.5,0.5333333333333333,False,False
22618,2010-03-14,2011-05-06,720,149,0,0.2380191693290735,0.0,False,False
22619,2010-05-07,2011-08-18,2906,245,44,0.3913738019169329,0.4888888888888889,False,False
22620,2010-05-09,2011-08-18,6565,280,55,0.4472843450479233,0.6111111111111112,False,False
22621,2010-05-06,2011-08-18,5536,252,55,0.402555910543131,0.6111111111111112,False,False
22622,2010-05-07,2011-08-18,2412,236,36,0.3769968051118211,0.4,False,False
22623,2010-05-06,2011-08-17,1856,219,31,0.3498402555910543,0.34444444444444444,False,False
22624,2010-05-04,2011-08-18,2441,321,69,0.512779552715655,0.7666666666666667,False,False
22625,2010-05-04,2011-08-18,2069,294,55,0.4696485623003195,0.6111111111111112,False,False
22626,2010-04-30,2011-08-18,704,194,31,0.30990415335463256,0.34444444444444444,False,False
22627,2010-05-04,2011-08-18,1214,252,60,0.402555910543131,0.6666666666666666,False,False
22628,2010-07-01,2011-08-18,1575,188,43,0.3003194888178914,0.4777777777777778,False,False
22629,2010-07-01,2011-08-18,16315,313,70,0.5,0.7777777777777778,False,False
22630,2010-07-01,2011-08-18,14463,316,70,0.5047923322683706,0.7777777777777778,False,False
22631,2010-03-14,2011-08-18,4923,253,54,0.40415335463258784,0.6,False,False
22632,2010-09-20,2011-05-31,6721,60,2,0.09584664536741214,0.022222222222222223,False,False
22633,2010-10-07,2011-07-18,4698,66,5,0.10543130990415335,0.05555555555555555,False,False
22634,2010-05-20,2011-08-18,1404,232,33,0.3706070287539936,0.36666666666666664,False,False
22635,2010-05-20,2011-08-18,1454,214,29,0.34185303514376997,0.32222222222222224,False,False
22636,2010-05-20,2011-08-15,1427,225,23,0.35942492012779553,0.25555555555555554,False,False
22637,2010-05-20,2011-08-18,3042,264,41,0.4217252396166134,0.45555555555555555,False,False
22638,2010-07-23,2011-07-25,302,39,3,0.06230031948881789,0.03333333333333333,False,False
22639,2010-07-18,2011-08-15,1325,139,25,0.2220447284345048,0.2777777777777778,False,False
22640,2010-06-24,2011-07-21,272,58,5,0.0926517571884984,0.05555555555555555,False,False
22641,2010-07-21,2011-08-02,257,48,6,0.07667731629392971,0.06666666666666667,False,False
22642,2010-07-18,2011-07-04,812,75,3,0.11980830670926518,0.03333333333333333,False,False
22643,2010-07-18,2011-08-15,378,64,5,0.10223642172523961,0.05555555555555555,False,False
22644,2010-05-14,2011-08-17,3835,252,31,0.402555910543131,0.34444444444444444,False,False
22645,2010-05-14,2011-08-17,4704,267,33,0.426517571884984,0.36666666666666664,False,False
22646,2010-05-14,2011-08-17,6961,299,47,0.4776357827476038,0.5222222222222223,False,False
22647,2010-05-14,2011-08-10,901,62,2,0.09904153354632587,0.022222222222222223,False,False
22649,2010-05-14,2011-08-17,2144,238,26,0.3801916932907348,0.28888888888888886,False,False
22650,2010-05-14,2011-08-17,1448,157,16,0.2507987220447284,0.17777777777777778,False,False
22651,2010-07-20,2011-08-16,2578,128,24,0.20447284345047922,0.26666666666666666,False,False
22652,2010-07-18,2011-08-18,8546,272,54,0.43450479233226835,0.6,False,False
22653,2010-07-19,2011-08-11,2074,160,29,0.25559105431309903,0.32222222222222224,False,False
22654,2010-07-19,2011-08-18,2124,209,32,0.33386581469648563,0.35555555555555557,False,False
22655,2010-07-12,2011-07-03,69,40,5,0.06389776357827476,0.05555555555555555,False,False
22656,2010-07-12,2011-06-26,44,32,4,0.051118210862619806,0.044444444444444446,False,False
22657,2010-01-31,2010-03-21,65,7,0,0.011182108626198083,0.0,False,False
22659,2010-03-14,2011-08-17,13022,301,64,0.48083067092651754,0.7111111111111111,False,False
22660,2010-06-28,2011-08-18,664,117,13,0.1869009584664537,0.14444444444444443,False,False
22661,2010-07-19,2011-08-18,6682,231,58,0.36900958466453676,0.6444444444444445,False,False
22662,2010-07-19,2011-08-18,8252,286,69,0.45686900958466453,0.7666666666666667,False,False
22663,2010-07-19,2011-08-18,4745,240,57,0.38338658146964855,0.6333333333333333,False,False
22664,2010-07-22,2011-08-18,1151,142,22,0.2268370607028754,0.24444444444444444,False,False
22665,2010-07-11,2011-08-18,2620,247,44,0.39456869009584666,0.4888888888888889,False,False
22666,2010-07-09,2011-08-18,7162,320,70,0.5111821086261981,0.7777777777777778,False,False
22667,2010-07-09,2011-08-18,3718,245,46,0.3913738019169329,0.5111111111111111,False,False
22668,2010-07-07,2011-08-17,3058,241,51,0.38498402555910544,0.5666666666666667,False,False
22669,2010-07-06,2011-08-17,2007,200,37,0.3194888178913738,0.4111111111111111,False,False
22670,2010-08-17,2011-08-18,3852,185,46,0.2955271565495208,0.5111111111111111,False,False
22671,2010-08-17,2011-08-17,1510,130,29,0.20766773162939298,0.32222222222222224,False,False
22672,2010-08-17,2011-08-18,2574,168,38,0.268370607028754,0.4222222222222222,False,False
22673,2010-08-17,2011-08-17,1128,113,27,0.1805111821086262,0.3,False,False
22674,2010-08-17,2011-08-18,2169,163,43,0.26038338658146964,0.4777777777777778,False,False
22675,2010-08-17,2011-08-18,2010,137,33,0.21884984025559107,0.36666666666666664,False,False
22676,2010-08-17,2011-08-17,1394,153,26,0.24440894568690097,0.28888888888888886,False,False
22677,2010-08-17,2011-08-15,1207,146,32,0.23322683706070288,0.35555555555555557,False,False
22678,2010-08-17,2011-08-16,1111,138,23,0.22044728434504793,0.25555555555555554,False,False
22679,2010-08-17,2011-08-17,1029,131,24,0.20926517571884984,0.26666666666666666,False,False
22680,2010-08-17,2011-08-15,1072,127,18,0.20287539936102236,0.2,False,False
22681,2010-08-17,2011-08-17,949,122,23,0.19488817891373802,0.25555555555555554,False,False
22682,2010-08-17,2011-08-15,947,114,19,0.18210862619808307,0.2111111111111111,False,False
22683,2010-08-17,2011-08-15,929,118,18,0.18849840255591055,0.2,False,False
22684,2010-08-17,2011-08-15,872,108,17,0.17252396166134185,0.18888888888888888,False,False
22685,2010-08-17,2011-08-15,943,107,21,0.17092651757188498,0.23333333333333334,False,False
22686,2010-08-17,2011-08-17,949,131,29,0.20926517571884984,0.32222222222222224,False,False
22687,2010-06-28,2011-08-18,340,57,5,0.09105431309904154,0.05555555555555555,False,False
22688,2010-06-28,2011-08-17,209,56,2,0.08945686900958466,0.022222222222222223,False,False
22689,2010-06-28,2011-08-18,514,80,9,0.12779552715654952,0.1,False,False
22690,2010-06-28,2011-08-18,2080,194,48,0.30990415335463256,0.5333333333333333,False,False
22691,2010-06-28,2011-08-16,554,130,27,0.20766773162939298,0.3,False,False
22692,2010-06-28,2011-08-18,1508,236,58,0.3769968051118211,0.6444444444444445,False,False
22693,2010-08-05,2011-08-16,15115,143,42,0.22843450479233227,0.4666666666666667,False,False
22694,2010-07-29,2011-08-17,3761,191,23,0.305111821086262,0.25555555555555554,False,False
22695,2010-07-29,2011-08-11,860,92,7,0.14696485623003194,0.07777777777777778,False,False
22696,2010-07-29,2011-08-07,911,115,8,0.18370607028753994,0.08888888888888889,False,False
22697,2010-08-11,2011-08-18,7375,291,72,0.46485623003194887,0.8,False,False
22698,2010-08-11,2011-08-18,6012,232,66,0.3706070287539936,0.7333333333333333,False,False
22699,2010-08-11,2011-08-18,10093,286,69,0.45686900958466453,0.7666666666666667,False,False
22700,2010-07-01,2011-07-28,1382,79,7,0.12619808306709265,0.07777777777777778,False,False
22701,2010-06-22,2011-08-05,510,75,14,0.11980830670926518,0.15555555555555556,False,False
22702,2010-06-23,2011-08-08,1568,72,10,0.11501597444089456,0.1111111111111111,False,False
22703,2010-06-23,2011-08-16,282,71,16,0.1134185303514377,0.17777777777777778,False,False
22704,2010-05-27,2011-08-18,7078,165,35,0.26357827476038337,0.3888888888888889,False,False
22705,2010-05-27,2011-08-14,3108,104,22,0.16613418530351437,0.24444444444444444,False,False
22706,2010-06-02,2011-07-18,3697,88,22,0.14057507987220447,0.24444444444444444,False,False
22707,2010-05-27,2011-08-10,1732,61,13,0.09744408945686901,0.14444444444444443,False,False
22708,2010-06-02,2011-08-18,4200,97,18,0.15495207667731628,0.2,False,False
22709,2010-06-02,2011-08-09,2324,54,11,0.08626198083067092,0.12222222222222222,False,False
22710,2010-05-27,2011-08-10,5559,111,17,0.17731629392971246,0.18888888888888888,False,False
22711,2010-05-27,2011-08-10,4502,117,17,0.1869009584664537,0.18888888888888888,False,False
22712,2010-05-28,2011-08-18,5558,213,58,0.3402555910543131,0.6444444444444445,False,False
22713,2010-05-27,2011-08-17,5088,193,36,0.3083067092651757,0.4,False,False
22714,2010-05-28,2011-08-16,4115,193,42,0.3083067092651757,0.4666666666666667,False,False
22715,2010-06-01,2011-08-18,2359,141,27,0.22523961661341854,0.3,False,False
22716,2010-06-01,2011-08-16,4304,225,45,0.35942492012779553,0.5,False,False
22717,2010-06-02,2011-08-16,2046,133,24,0.2124600638977636,0.26666666666666666,False,False
22718,2010-06-01,2011-08-18,2144,159,28,0.2539936102236422,0.3111111111111111,False,False
22719,2010-04-25,2011-05-10,1467,141,0,0.22523961661341854,0.0,False,False
22720,2010-12-13,2011-08-18,4780,167,61,0.26677316293929715,0.6777777777777778,False,False
22721,2010-12-14,2011-08-17,717,123,39,0.1964856230031949,0.43333333333333335,False,False
22722,2010-11-11,2011-08-17,3406,129,12,0.20607028753993611,0.13333333333333333,False,False
22723,2010-12-13,2011-08-18,901,136,47,0.21725239616613418,0.5222222222222223,False,False
22725,2010-09-24,2011-08-17,1553,186,47,0.2971246006389776,0.5222222222222223,False,False
22726,2010-09-24,2011-08-18,4157,213,53,0.3402555910543131,0.5888888888888889,False,False
22727,2010-09-24,2011-08-18,4819,254,72,0.4057507987220447,0.8,False,False
22728,2010-09-24,2011-08-18,3419,244,70,0.38977635782747605,0.7777777777777778,False,False
22729,2010-09-24,2011-08-17,2373,219,60,0.3498402555910543,0.6666666666666666,False,False
22730,2010-09-24,2011-08-18,2278,206,55,0.329073482428115,0.6111111111111112,False,False
22731,2010-09-16,2011-08-16,2013,80,7,0.12779552715654952,0.07777777777777778,False,False
22732,2010-09-15,2011-08-16,2363,87,9,0.1389776357827476,0.1,False,False
22733,2010-09-17,2011-08-16,2089,79,8,0.12619808306709265,0.08888888888888889,False,False
22734,2010-09-16,2011-08-18,6846,94,14,0.1501597444089457,0.15555555555555556,False,False
22735,2010-09-16,2011-08-18,916,69,5,0.11022364217252396,0.05555555555555555,False,False
22736,2010-09-16,2011-08-18,1622,94,9,0.1501597444089457,0.1,False,False
22737,2010-09-16,2011-08-18,2171,95,9,0.15175718849840256,0.1,False,False
22738,2010-09-16,2011-08-18,2738,101,10,0.16134185303514376,0.1111111111111111,False,False
22739,2010-09-16,2011-08-18,2728,109,14,0.17412140575079874,0.15555555555555556,False,False
22740,2010-09-30,2011-07-28,13304,150,31,0.23961661341853036,0.34444444444444444,False,False
22741,2010-09-30,2011-08-18,7231,129,30,0.20607028753993611,0.3333333333333333,False,False
22742,2010-08-10,2011-08-15,596,105,19,0.16773162939297126,0.2111111111111111,False,False
22743,2010-08-10,2011-08-17,1055,149,23,0.2380191693290735,0.25555555555555554,False,False
22744,2010-08-10,2011-08-17,1101,143,20,0.22843450479233227,0.2222222222222222,False,False
22745,2010-09-24,2011-08-18,3329,193,42,0.3083067092651757,0.4666666666666667,False,False
22746,2010-09-24,2011-08-18,2468,187,44,0.2987220447284345,0.4888888888888889,False,False
22747,2010-09-24,2011-08-17,1759,149,28,0.2380191693290735,0.3111111111111111,False,False
22748,2010-09-24,2011-08-18,3436,202,49,0.3226837060702875,0.5444444444444444,False,False
22749,2010-09-08,2011-08-18,2613,207,45,0.3306709265175719,0.5,False,False
22750,2010-09-06,2011-08-18,2180,188,36,0.3003194888178914,0.4,False,False
22751,2010-09-05,2011-08-18,1396,159,31,0.2539936102236422,0.34444444444444444,False,False
22752,2010-08-06,2011-08-18,2775,218,52,0.34824281150159747,0.5777777777777777,False,False
22753,2010-08-08,2011-08-18,1847,164,29,0.26198083067092653,0.32222222222222224,False,False
22754,2010-08-08,2011-08-18,2925,178,31,0.28434504792332266,0.34444444444444444,False,False
22755,2010-08-06,2011-08-18,3012,186,38,0.2971246006389776,0.4222222222222222,False,False
22756,2010-08-08,2011-08-18,931,108,19,0.17252396166134185,0.2111111111111111,False,False
22757,2010-08-08,2011-08-18,2159,135,20,0.21565495207667731,0.2222222222222222,False,False
22758,2010-08-06,2011-08-18,1728,149,23,0.2380191693290735,0.25555555555555554,False,False
22759,2010-08-08,2011-08-18,6527,235,46,0.3753993610223642,0.5111111111111111,False,False
22760,2010-10-10,2011-08-14,297,92,22,0.14696485623003194,0.24444444444444444,False,False
22761,2010-10-13,2011-07-04,36,26,5,0.04153354632587859,0.05555555555555555,False,False
22762,2010-10-10,2011-08-18,161,80,24,0.12779552715654952,0.26666666666666666,False,False
22763,2010-10-10,2011-08-17,590,74,17,0.1182108626198083,0.18888888888888888,False,False
22764,2010-10-12,2011-03-25,183,17,0,0.027156549520766772,0.0,False,False
22765,2010-10-10,2010-12-09,311,37,0,0.05910543130990415,0.0,False,False
22766,2010-10-10,2011-08-17,3038,211,61,0.33706070287539935,0.6777777777777778,False,False
22767,2010-10-10,2011-08-17,636,134,33,0.21405750798722045,0.36666666666666664,False,False
22768,2010-10-10,2011-08-17,710,148,36,0.2364217252396166,0.4,False,False
22769,2010-10-10,2011-01-04,174,31,0,0.04952076677316294,0.0,False,False
22770,2010-10-12,2011-08-02,77,47,10,0.07507987220447285,0.1111111111111111,False,False
22771,2010-10-17,2011-08-18,5704,194,57,0.30990415335463256,0.6333333333333333,False,False
22772,2010-10-17,2011-08-17,3531,156,48,0.24920127795527156,0.5333333333333333,False,False
22773,2010-10-17,2011-08-12,1925,123,30,0.1964856230031949,0.3333333333333333,False,False
22774,2010-10-17,2011-08-18,2270,98,20,0.15654952076677317,0.2222222222222222,False,False
22775,2010-10-17,2011-08-18,2621,136,50,0.21725239616613418,0.5555555555555556,False,False
22776,2010-10-17,2011-08-18,1412,198,58,0.31629392971246006,0.6444444444444445,False,False
22777,2010-10-22,2011-07-21,457,61,1,0.09744408945686901,0.011111111111111112,False,False
22778,2010-10-18,2011-08-18,763,100,25,0.1597444089456869,0.2777777777777778,False,False
22779,2010-10-24,2011-08-17,1380,91,21,0.14536741214057508,0.23333333333333334,False,False
22780,2010-10-22,2011-08-12,1363,91,18,0.14536741214057508,0.2,False,False
22781,2010-10-17,2011-08-12,675,130,34,0.20766773162939298,0.37777777777777777,False,False
22782,2010-10-27,2011-08-03,232,50,13,0.07987220447284345,0.14444444444444443,False,False
22783,2010-10-26,2011-06-14,482,35,3,0.05591054313099041,0.03333333333333333,False,False
22784,2010-10-22,2011-08-17,1142,154,51,0.24600638977635783,0.5666666666666667,False,False
22785,2010-10-17,2011-08-12,267,68,12,0.10862619808306709,0.13333333333333333,False,False
22786,2010-10-17,2011-08-04,211,51,3,0.08146964856230032,0.03333333333333333,False,False
22788,2010-10-17,2011-06-15,476,65,1,0.10383386581469649,0.011111111111111112,False,False
22789,2010-10-17,2011-08-10,1139,108,20,0.17252396166134185,0.2222222222222222,False,False
22790,2010-10-14,2010-10-14,200,1,0,0.001597444089456869,0.0,False,False
22791,2010-10-22,2011-08-18,6047,129,38,0.20607028753993611,0.4222222222222222,False,False
22792,2010-10-22,2011-08-08,1853,100,22,0.1597444089456869,0.24444444444444444,False,False
22794,2010-10-17,2011-08-18,317,122,36,0.19488817891373802,0.4,False,False
22795,2010-10-17,2011-08-17,1089,137,47,0.21884984025559107,0.5222222222222223,False,False
22796,2010-10-10,2011-08-17,620,150,34,0.23961661341853036,0.37777777777777777,False,False
22797,2010-10-17,2011-08-14,204,84,14,0.134185303514377,0.15555555555555556,False,False
22798,2010-10-22,2011-08-18,1516,138,40,0.22044728434504793,0.4444444444444444,False,False
22799,2010-10-18,2011-08-08,187,68,14,0.10862619808306709,0.15555555555555556,False,False
22800,2010-10-22,2011-08-18,870,120,28,0.19169329073482427,0.3111111111111111,False,False
22801,2010-10-22,2011-08-18,876,127,30,0.20287539936102236,0.3333333333333333,False,False
22802,2010-10-28,2011-08-02,73,33,4,0.052715654952076675,0.044444444444444446,False,False
22803,2010-10-22,2011-08-12,57,23,4,0.036741214057507986,0.044444444444444446,False,False
22804,2010-09-23,2011-08-18,4083,220,51,0.3514376996805112,0.5666666666666667,False,False
22805,2010-10-17,2011-08-17,1672,124,38,0.19808306709265175,0.4222222222222222,False,False
22806,2010-09-20,2011-08-08,306,40,6,0.06389776357827476,0.06666666666666667,False,False
22807,2010-09-20,2011-08-18,1118,136,31,0.21725239616613418,0.34444444444444444,False,False
22808,2010-09-20,2011-06-01,389,56,1,0.08945686900958466,0.011111111111111112,False,False
22809,2010-09-20,2011-08-18,1536,76,5,0.12140575079872204,0.05555555555555555,False,False
22810,2010-09-20,2011-08-18,1538,84,8,0.134185303514377,0.08888888888888889,False,False
22811,2010-09-21,2011-08-12,404,69,21,0.11022364217252396,0.23333333333333334,False,False
22812,2010-09-15,2011-08-10,3478,87,7,0.1389776357827476,0.07777777777777778,False,False
22813,2010-09-16,2011-08-17,2820,148,23,0.2364217252396166,0.25555555555555554,False,False
22814,2010-09-21,2011-08-16,1958,133,39,0.2124600638977636,0.43333333333333335,False,False
22815,2010-09-16,2011-08-17,2383,149,41,0.2380191693290735,0.45555555555555555,False,False
22816,2010-09-16,2011-08-18,3667,89,8,0.14217252396166133,0.08888888888888889,False,False
22817,2010-09-16,2011-08-12,2575,149,42,0.2380191693290735,0.4666666666666667,False,False
22818,2010-09-16,2011-08-18,3228,86,11,0.13738019169329074,0.12222222222222222,False,False
22819,2010-09-20,2011-08-18,2316,138,44,0.22044728434504793,0.4888888888888889,False,False
22820,2010-09-15,2011-08-10,1213,69,25,0.11022364217252396,0.2777777777777778,False,False
22821,2010-09-15,2011-08-18,1369,97,32,0.15495207667731628,0.35555555555555557,False,False
22822,2010-11-07,2011-08-17,546,111,21,0.17731629392971246,0.23333333333333334,False,False
22823,2010-10-26,2011-08-18,23,14,2,0.022364217252396165,0.022222222222222223,False,False
22824,2010-11-07,2011-08-18,54,40,15,0.06389776357827476,0.16666666666666666,False,False
22825,2010-10-22,2011-08-16,87,30,8,0.04792332268370607,0.08888888888888889,False,False
22826,2010-12-10,2011-08-11,23,16,8,0.025559105431309903,0.08888888888888889,False,False
22827,2010-10-21,2011-06-30,35,23,3,0.036741214057507986,0.03333333333333333,False,False
22828,2010-10-21,2011-05-24,14,8,1,0.012779552715654952,0.011111111111111112,False,False
22829,2010-11-10,2011-08-17,212,76,18,0.12140575079872204,0.2,False,False
22830,2010-10-22,2011-01-16,181,16,0,0.025559105431309903,0.0,False,False
22831,2010-11-07,2011-08-05,663,79,22,0.12619808306709265,0.24444444444444444,False,False
22832,2010-11-09,2011-08-18,150,55,9,0.0878594249201278,0.1,False,False
22833,2010-11-04,2011-02-03,120,12,0,0.019169329073482427,0.0,False,False
22834,2010-09-12,2011-07-28,6277,124,6,0.19808306709265175,0.06666666666666667,False,False
22835,2010-09-12,2011-08-18,2890,180,34,0.28753993610223644,0.37777777777777777,False,False
22837,2010-10-06,2011-08-10,3532,99,5,0.15814696485623003,0.05555555555555555,False,False
22838,2010-10-14,2011-08-17,722,110,24,0.1757188498402556,0.26666666666666666,False,False
22839,2010-10-14,2011-08-18,444,138,37,0.22044728434504793,0.4111111111111111,False,False
22840,2010-10-13,2011-08-14,1070,151,34,0.24121405750798722,0.37777777777777777,False,False
22841,2010-10-13,2011-08-18,614,140,27,0.22364217252396165,0.3,False,False
22842,2010-10-13,2011-08-14,667,117,20,0.1869009584664537,0.2222222222222222,False,False
22843,2010-10-15,2011-08-18,495,101,20,0.16134185303514376,0.2222222222222222,False,False
22844,2010-10-17,2011-08-18,961,184,54,0.2939297124600639,0.6,False,False
22845,2010-10-15,2011-08-17,784,165,44,0.26357827476038337,0.4888888888888889,False,False
22846,2010-10-14,2011-08-14,581,134,36,0.21405750798722045,0.4,False,False
22847,2010-10-14,2011-08-17,794,139,53,0.2220447284345048,0.5888888888888889,False,False
22848,2010-10-14,2011-08-18,337,96,25,0.15335463258785942,0.2777777777777778,False,False
22849,2010-10-14,2011-08-09,402,102,19,0.16293929712460065,0.2111111111111111,False,False
22850,2010-10-17,2010-10-17,8,1,0,0.001597444089456869,0.0,False,False
22851,2010-08-19,2011-08-17,4545,221,47,0.35303514376996803,0.5222222222222223,False,False
22852,2010-10-15,2011-08-18,440,88,25,0.14057507987220447,0.2777777777777778,False,False
22853,2010-10-15,2011-08-11,514,79,21,0.12619808306709265,0.23333333333333334,False,False
22854,2010-09-16,2011-08-05,1158,154,29,0.24600638977635783,0.32222222222222224,False,False
22855,2010-09-15,2011-08-01,4777,176,28,0.28115015974440893,0.3111111111111111,False,False
22856,2010-10-17,2011-04-08,829,22,0,0.03514376996805112,0.0,False,False
22857,2010-10-05,2011-08-02,1232,49,1,0.07827476038338659,0.011111111111111112,False,False
22858,2010-11-08,2011-05-27,1135,75,1,0.11980830670926518,0.011111111111111112,False,False
22859,2010-10-05,2011-08-12,1099,85,4,0.13578274760383385,0.044444444444444446,False,False
22860,2010-10-05,2011-04-21,612,60,0,0.09584664536741214,0.0,False,False
22861,2010-12-12,2011-04-21,305,39,0,0.06230031948881789,0.0,False,False
22862,2010-09-16,2011-01-25,763,88,0,0.14057507987220447,0.0,False,False
22863,2010-09-23,2011-08-01,1022,110,20,0.1757188498402556,0.2222222222222222,False,False
22864,2010-06-02,2010-06-29,378,2,0,0.003194888178913738,0.0,False,False
22865,2010-09-10,2011-07-10,7198,101,6,0.16134185303514376,0.06666666666666667,False,False
22866,2010-09-10,2011-05-22,7152,85,1,0.13578274760383385,0.011111111111111112,False,False
22867,2010-09-10,2011-04-10,7089,94,0,0.1501597444089457,0.0,False,False
22868,2010-10-18,2011-08-03,117,19,4,0.03035143769968051,0.044444444444444446,False,False
22869,2010-10-17,2011-07-28,153,40,11,0.06389776357827476,0.12222222222222222,False,False
22870,2010-10-18,2011-08-11,142,33,11,0.052715654952076675,0.12222222222222222,False,False
22871,2010-10-18,2011-07-28,122,25,6,0.039936102236421724,0.06666666666666667,False,False
22872,2010-10-18,2011-08-04,129,31,6,0.04952076677316294,0.06666666666666667,False,False
22873,2010-10-17,2011-07-28,117,28,7,0.04472843450479233,0.07777777777777778,False,False
22874,2010-10-18,2011-08-11,121,21,6,0.03354632587859425,0.06666666666666667,False,False
22875,2010-10-18,2011-07-28,118,23,4,0.036741214057507986,0.044444444444444446,False,False
22876,2010-10-18,2011-07-28,115,19,7,0.03035143769968051,0.07777777777777778,False,False
22877,2010-10-18,2011-07-28,122,23,2,0.036741214057507986,0.022222222222222223,False,False
22878,2010-10-18,2011-08-04,117,33,9,0.052715654952076675,0.1,False,False
22879,2010-10-19,2011-08-02,75,15,3,0.023961661341853034,0.03333333333333333,False,False
22880,2010-10-25,2011-08-12,97,26,8,0.04153354632587859,0.08888888888888889,False,False
22881,2010-10-25,2011-08-15,97,22,9,0.03514376996805112,0.1,False,False
22882,2010-10-19,2011-08-15,115,36,12,0.05750798722044728,0.13333333333333333,False,False
22883,2010-10-18,2011-08-02,96,23,5,0.036741214057507986,0.05555555555555555,False,False
22884,2010-10-21,2011-08-08,99,30,9,0.04792332268370607,0.1,False,False
22885,2010-10-20,2011-08-02,99,23,4,0.036741214057507986,0.044444444444444446,False,False
22886,2010-10-25,2011-08-12,86,20,6,0.03194888178913738,0.06666666666666667,False,False
22887,2010-10-18,2011-08-02,84,21,6,0.03354632587859425,0.06666666666666667,False,False
22888,2010-11-04,2011-08-02,70,15,7,0.023961661341853034,0.07777777777777778,False,False
22889,2010-10-25,2011-08-08,181,25,8,0.039936102236421724,0.08888888888888889,False,False
22890,2010-10-14,2011-08-11,688,126,27,0.2012779552715655,0.3,False,False
22891,2010-10-15,2011-08-18,515,105,23,0.16773162939297126,0.25555555555555554,False,False
22892,2010-10-15,2011-08-17,2941,141,30,0.22523961661341854,0.3333333333333333,False,False
22893,2010-10-15,2011-08-11,2233,92,21,0.14696485623003194,0.23333333333333334,False,False
22894,2010-09-24,2011-08-17,511,119,22,0.1900958466453674,0.24444444444444444,False,False
22895,2010-09-24,2011-08-15,2201,166,38,0.26517571884984026,0.4222222222222222,False,False
22896,2010-09-26,2011-08-18,1783,174,41,0.2779552715654952,0.45555555555555555,False,False
22897,2010-09-26,2011-08-17,1480,134,29,0.21405750798722045,0.32222222222222224,False,False
22898,2010-09-26,2011-08-18,2278,187,54,0.2987220447284345,0.6,False,False
22899,2010-09-26,2011-08-18,1935,168,43,0.268370607028754,0.4777777777777778,False,False
22900,2010-09-24,2011-08-17,4922,212,52,0.33865814696485624,0.5777777777777777,False,False
22902,2010-09-26,2011-08-16,1332,106,24,0.16932907348242812,0.26666666666666666,False,False
22903,2010-09-26,2011-08-18,650,40,9,0.06389776357827476,0.1,False,False
22904,2010-09-19,2011-08-18,2835,179,35,0.28594249201277955,0.3888888888888889,False,False
22905,2010-09-19,2011-08-18,676,83,8,0.13258785942492013,0.08888888888888889,False,False
22906,2010-09-19,2011-08-17,2716,163,44,0.26038338658146964,0.4888888888888889,False,False
22907,2010-09-16,2011-08-18,6962,242,68,0.3865814696485623,0.7555555555555555,False,False
22908,2010-09-20,2011-08-18,4751,195,57,0.31150159744408945,0.6333333333333333,False,False
22909,2010-09-16,2011-08-18,10165,118,22,0.18849840255591055,0.24444444444444444,False,False
22910,2010-09-19,2011-08-18,10482,118,24,0.18849840255591055,0.26666666666666666,False,False
22911,2010-09-19,2011-07-28,690,94,8,0.1501597444089457,0.08888888888888889,False,False
22912,2010-11-19,2011-08-12,268,70,16,0.11182108626198083,0.17777777777777778,False,False
22913,2010-11-19,2011-08-17,410,77,20,0.12300319488817892,0.2222222222222222,False,False
22914,2010-11-19,2011-08-18,516,104,28,0.16613418530351437,0.3111111111111111,False,False
22915,2010-11-19,2011-08-17,2097,92,21,0.14696485623003194,0.23333333333333334,False,False
22916,2010-11-21,2011-08-17,1698,128,34,0.20447284345047922,0.37777777777777777,False,False
22917,2010-11-21,2011-08-17,1727,123,33,0.1964856230031949,0.36666666666666664,False,False
22918,2010-11-21,2011-08-17,1658,124,34,0.19808306709265175,0.37777777777777777,False,False
22919,2010-11-22,2011-08-17,1565,125,35,0.19968051118210864,0.3888888888888889,False,False
22920,2010-11-21,2011-08-17,3239,124,36,0.19808306709265175,0.4,False,False
22921,2010-11-21,2011-08-17,1505,113,31,0.1805111821086262,0.34444444444444444,False,False
22922,2010-11-19,2011-08-17,1552,63,13,0.10063897763578275,0.14444444444444443,False,False
22923,2010-11-19,2011-08-17,1148,48,14,0.07667731629392971,0.15555555555555556,False,False
22924,2010-11-19,2011-08-18,966,48,13,0.07667731629392971,0.14444444444444443,False,False
22925,2010-11-22,2011-08-17,421,113,37,0.1805111821086262,0.4111111111111111,False,False
22926,2010-11-21,2011-05-10,684,102,0,0.16293929712460065,0.0,False,False
22927,2010-11-21,2011-08-15,441,107,34,0.17092651757188498,0.37777777777777777,False,False
22928,2010-11-22,2011-08-15,177,49,18,0.07827476038338659,0.2,False,False
22929,2010-11-24,2011-08-18,17,13,3,0.020766773162939296,0.03333333333333333,False,False
22930,2010-12-08,2011-08-17,888,88,15,0.14057507987220447,0.16666666666666666,False,False
22931,2010-12-08,2011-08-11,741,67,12,0.10702875399361023,0.13333333333333333,False,False
22932,2010-12-08,2011-08-16,824,41,8,0.06549520766773163,0.08888888888888889,False,False
22933,2010-12-09,2011-08-02,934,71,2,0.1134185303514377,0.022222222222222223,False,False
22934,2010-12-10,2011-06-16,580,56,2,0.08945686900958466,0.022222222222222223,False,False
22935,2010-12-08,2011-08-11,656,41,9,0.06549520766773163,0.1,False,False
22936,2010-12-08,2011-08-01,248,30,8,0.04792332268370607,0.08888888888888889,False,False
22937,2010-12-08,2011-08-12,832,79,12,0.12619808306709265,0.13333333333333333,False,False
22938,2010-09-20,2011-08-12,2993,146,31,0.23322683706070288,0.34444444444444444,False,False
22939,2010-09-26,2011-08-18,532,111,20,0.17731629392971246,0.2222222222222222,False,False
22940,2010-09-06,2011-08-18,2297,106,10,0.16932907348242812,0.1111111111111111,False,False
22941,2010-10-21,2011-08-12,1113,58,2,0.0926517571884984,0.022222222222222223,False,False
22942,2010-10-21,2011-08-02,682,48,1,0.07667731629392971,0.011111111111111112,False,False
22943,2010-10-21,2011-08-16,1421,68,11,0.10862619808306709,0.12222222222222222,False,False
22944,2010-09-19,2011-06-02,1565,40,1,0.06389776357827476,0.011111111111111112,False,False
22945,2010-09-19,2011-08-12,5486,94,12,0.1501597444089457,0.13333333333333333,False,False
22946,2010-09-16,2011-08-18,665,85,14,0.13578274760383385,0.15555555555555556,False,False
22947,2010-09-16,2011-08-16,299,54,2,0.08626198083067092,0.022222222222222223,False,False
22948,2010-09-16,2011-08-17,1562,94,15,0.1501597444089457,0.16666666666666666,False,False
22949,2010-09-19,2011-08-17,1753,96,14,0.15335463258785942,0.15555555555555556,False,False
22950,2010-09-19,2011-08-18,4856,55,18,0.0878594249201278,0.2,False,False
22951,2010-09-19,2011-08-18,8185,200,45,0.3194888178913738,0.5,False,False
22952,2010-09-17,2011-08-18,20279,123,30,0.1964856230031949,0.3333333333333333,False,False
22953,2010-11-04,2011-08-07,660,75,23,0.11980830670926518,0.25555555555555554,False,False
22954,2010-11-05,2011-08-09,201,41,14,0.06549520766773163,0.15555555555555556,False,False
22955,2010-11-04,2011-08-12,925,82,21,0.13099041533546327,0.23333333333333334,False,False
22956,2010-11-04,2011-08-17,1926,120,31,0.19169329073482427,0.34444444444444444,False,False
22957,2011-01-14,2011-08-02,1772,79,1,0.12619808306709265,0.011111111111111112,False,False
22959,2010-09-06,2011-08-18,5512,59,9,0.09424920127795527,0.1,False,False
22960,2010-11-28,2011-08-18,6110,205,72,0.3274760383386581,0.8,False,False
22961,2010-07-23,2011-08-18,11013,195,74,0.31150159744408945,0.8222222222222222,False,False
22962,2010-11-28,2011-08-12,3529,134,41,0.21405750798722045,0.45555555555555555,False,False
22963,2010-07-23,2011-08-12,2920,127,38,0.20287539936102236,0.4222222222222222,False,False
22964,2010-11-21,2011-08-18,1910,134,39,0.21405750798722045,0.43333333333333335,False,False
22965,2010-11-21,2011-08-17,1400,116,35,0.1853035143769968,0.3888888888888889,False,False
22966,2010-11-09,2011-08-17,5066,148,29,0.2364217252396166,0.32222222222222224,False,False
22967,2011-01-14,2011-06-06,1167,68,2,0.10862619808306709,0.022222222222222223,False,False
22968,2010-10-29,2011-08-08,1074,127,17,0.20287539936102236,0.18888888888888888,False,False
22969,2010-11-21,2011-08-18,10687,192,61,0.30670926517571884,0.6777777777777778,False,False
22970,2010-12-15,2011-08-17,3246,116,37,0.1853035143769968,0.4111111111111111,False,False
22971,2010-12-16,2011-08-17,1881,116,34,0.1853035143769968,0.37777777777777777,False,False
22972,2010-11-24,2011-08-18,1336,103,23,0.1645367412140575,0.25555555555555554,False,False
22973,2010-11-23,2011-08-16,961,82,18,0.13099041533546327,0.2,False,False
22974,2010-11-24,2011-08-09,1243,98,18,0.15654952076677317,0.2,False,False
22975,2010-11-24,2011-08-14,976,93,19,0.1485623003194888,0.2111111111111111,False,False
22976,2010-11-24,2011-08-16,931,86,16,0.13738019169329074,0.17777777777777778,False,False
22977,2010-11-24,2011-08-14,873,84,14,0.134185303514377,0.15555555555555556,False,False
22978,2011-02-17,2011-08-17,1350,89,36,0.14217252396166133,0.4,False,False
22979,2011-03-02,2011-08-18,2539,113,56,0.1805111821086262,0.6222222222222222,False,False
22980,2011-02-16,2011-08-18,1889,106,47,0.16932907348242812,0.5222222222222223,False,False
22981,2011-03-03,2011-08-09,369,45,17,0.07188498402555911,0.18888888888888888,False,False
22982,2011-03-02,2011-08-15,868,76,29,0.12140575079872204,0.32222222222222224,False,False
22983,2010-09-14,2011-08-18,4999,201,54,0.3210862619808307,0.6,False,False
22984,2010-09-12,2011-08-18,2500,119,32,0.1900958466453674,0.35555555555555557,False,False
22985,2010-09-07,2011-08-16,4072,89,20,0.14217252396166133,0.2222222222222222,False,False
22986,2010-09-07,2011-08-18,4519,115,31,0.18370607028753994,0.34444444444444444,False,False
22987,2010-09-07,2011-06-13,200,8,1,0.012779552715654952,0.011111111111111112,False,False
22988,2010-11-23,2011-08-17,6064,112,29,0.17891373801916932,0.32222222222222224,False,False
22989,2011-02-03,2011-08-18,2190,122,49,0.19488817891373802,0.5444444444444444,False,False
22990,2011-02-06,2011-08-18,411,73,28,0.11661341853035144,0.3111111111111111,False,False
22991,2011-02-17,2011-08-17,2231,83,36,0.13258785942492013,0.4,False,False
22992,2011-02-17,2011-08-17,2807,84,38,0.134185303514377,0.4222222222222222,False,False
22993,2011-02-16,2011-08-18,7699,149,75,0.2380191693290735,0.8333333333333334,False,False
22994,2011-02-16,2011-08-18,1273,80,38,0.12779552715654952,0.4222222222222222,False,False
22995,2011-02-17,2011-08-17,1668,89,47,0.14217252396166133,0.5222222222222223,False,False
22996,2011-02-17,2011-08-18,2988,113,52,0.1805111821086262,0.5777777777777777,False,False
22997,2011-02-17,2011-08-17,1551,77,42,0.12300319488817892,0.4666666666666667,False,False
22998,2011-02-16,2011-08-18,7553,131,63,0.20926517571884984,0.7,False,False
22999,2011-02-17,2011-08-18,1921,89,41,0.14217252396166133,0.45555555555555555,False,False
23000,2011-02-16,2011-08-18,1848,96,43,0.15335463258785942,0.4777777777777778,False,False
23002,2011-02-16,2011-08-18,1156,72,35,0.11501597444089456,0.3888888888888889,False,False
23003,2011-02-16,2011-06-12,542,43,9,0.06869009584664537,0.1,False,False
23004,2011-02-16,2011-08-18,1141,78,36,0.12460063897763578,0.4,False,False
23005,2011-02-17,2011-08-18,1789,46,43,0.07348242811501597,0.4777777777777778,False,False
23006,2011-02-16,2011-08-17,1195,74,26,0.1182108626198083,0.28888888888888886,False,False
23007,2011-03-09,2011-08-17,307,76,36,0.12140575079872204,0.4,False,False
23008,2011-03-09,2011-08-17,309,63,27,0.10063897763578275,0.3,False,False
23009,2011-03-09,2011-08-05,117,40,15,0.06389776357827476,0.16666666666666666,False,False
23010,2011-03-09,2011-08-16,226,55,24,0.0878594249201278,0.26666666666666666,False,False
23012,2011-06-14,2011-08-18,290,44,44,0.07028753993610223,0.4888888888888889,False,False
23013,2011-06-14,2011-08-18,241,37,37,0.05910543130990415,0.4111111111111111,False,False
23014,2011-06-14,2011-08-18,296,39,39,0.06230031948881789,0.43333333333333335,False,False
23015,2011-06-17,2011-08-18,22,9,9,0.01437699680511182,0.1,False,False
23016,2011-06-16,2011-08-11,20,5,5,0.007987220447284345,0.05555555555555555,False,False
23017,2011-06-26,2011-08-15,25,6,6,0.009584664536741214,0.06666666666666667,False,False
23018,2011-06-26,2011-08-15,32,8,8,0.012779552715654952,0.08888888888888889,False,False
23019,2011-06-21,2011-08-15,47,12,12,0.019169329073482427,0.13333333333333333,False,False
23020,2011-06-14,2011-08-17,78,22,22,0.03514376996805112,0.24444444444444444,False,False
23021,2011-06-20,2011-08-08,45,11,11,0.01757188498402556,0.12222222222222222,False,False
23022,2011-06-15,2011-08-01,218,10,10,0.01597444089456869,0.1111111111111111,False,False
23023,2011-06-20,2011-08-01,67,9,9,0.01437699680511182,0.1,False,False
23024,2011-06-22,2011-07-14,139,4,4,0.006389776357827476,0.044444444444444446,False,False
23025,2011-06-27,2011-08-12,103,11,11,0.01757188498402556,0.12222222222222222,False,False
23026,2011-06-16,2011-08-16,272,17,17,0.027156549520766772,0.18888888888888888,False,False
23027,2011-06-22,2011-08-11,51,8,8,0.012779552715654952,0.08888888888888889,False,False
23028,2011-06-14,2011-08-18,852,41,41,0.06549520766773163,0.45555555555555555,False,False
23029,2011-06-14,2011-08-18,591,41,41,0.06549520766773163,0.45555555555555555,False,False
23031,2011-06-14,2011-08-18,496,39,39,0.06230031948881789,0.43333333333333335,False,False
23032,2011-06-14,2011-08-18,910,45,45,0.07188498402555911,0.5,False,False
23033,2011-06-14,2011-08-12,233,20,20,0.03194888178913738,0.2222222222222222,False,False
23034,2011-06-14,2011-08-17,389,22,22,0.03514376996805112,0.24444444444444444,False,False
23035,2011-06-14,2011-08-18,883,36,36,0.05750798722044728,0.4,False,False
23036,2011-06-22,2011-08-11,48,4,4,0.006389776357827476,0.044444444444444446,False,False
23037,2011-06-24,2011-08-04,72,4,4,0.006389776357827476,0.044444444444444446,False,False
23038,2011-07-11,2011-07-24,24,2,2,0.003194888178913738,0.022222222222222223,False,False
23039,2011-06-19,2011-08-08,73,7,7,0.011182108626198083,0.07777777777777778,False,False
23040,2011-04-28,2011-07-14,32,9,4,0.01437699680511182,0.044444444444444446,False,False
23041,2011-04-28,2011-08-11,55,15,8,0.023961661341853034,0.08888888888888889,False,False
23042,2011-04-28,2011-08-11,25,9,5,0.01437699680511182,0.05555555555555555,False,False
23043,2011-05-05,2011-06-07,15,5,2,0.007987220447284345,0.022222222222222223,False,False
23044,2011-05-08,2011-08-11,41,11,9,0.01757188498402556,0.1,False,False
23045,2011-05-05,2011-08-11,17,7,3,0.011182108626198083,0.03333333333333333,False,False
23046,2011-05-08,2011-08-11,29,9,4,0.01437699680511182,0.044444444444444446,False,False
23047,2011-05-08,2011-08-11,28,11,8,0.01757188498402556,0.08888888888888889,False,False
23048,2011-04-28,2011-08-12,97,25,19,0.039936102236421724,0.2111111111111111,False,False
23049,2011-03-04,2011-08-15,394,87,41,0.1389776357827476,0.45555555555555555,False,False
23050,2011-03-04,2011-08-18,412,90,46,0.14376996805111822,0.5111111111111111,False,False
23051,2011-03-04,2011-08-15,320,83,41,0.13258785942492013,0.45555555555555555,False,False
23052,2011-03-04,2011-08-18,568,103,53,0.1645367412140575,0.5888888888888889,False,False
23053,2011-03-04,2011-08-18,315,81,36,0.12939297124600638,0.4,False,False
23054,2011-03-04,2011-08-12,252,74,35,0.1182108626198083,0.3888888888888889,False,False
23055,2011-04-19,2011-08-11,55,19,12,0.03035143769968051,0.13333333333333333,False,False
23056,2011-04-19,2011-08-15,83,21,10,0.03354632587859425,0.1111111111111111,False,False
23057,2011-04-18,2011-08-18,148,23,9,0.036741214057507986,0.1,False,False
23060,2011-04-18,2011-07-21,90,18,9,0.02875399361022364,0.1,False,False
23061,2011-04-19,2011-08-15,645,49,36,0.07827476038338659,0.4,False,False
23064,2011-04-28,2011-08-04,22,13,9,0.020766773162939296,0.1,False,False
23065,2011-04-15,2011-08-18,207,48,29,0.07667731629392971,0.32222222222222224,False,False
23066,2011-04-18,2011-08-18,198,46,29,0.07348242811501597,0.32222222222222224,False,False
23067,2011-04-26,2011-08-03,160,31,20,0.04952076677316294,0.2222222222222222,False,False
23068,2011-04-18,2011-08-18,427,53,34,0.08466453674121406,0.37777777777777777,False,False
23069,2011-04-26,2011-08-16,36,15,7,0.023961661341853034,0.07777777777777778,False,False
23070,2011-05-04,2011-08-11,68,18,10,0.02875399361022364,0.1111111111111111,False,False
23071,2011-04-20,2011-08-10,35,7,2,0.011182108626198083,0.022222222222222223,False,False
23072,2011-05-08,2011-08-10,19,12,7,0.019169329073482427,0.07777777777777778,False,False
23073,2011-04-19,2011-08-17,61,25,12,0.039936102236421724,0.13333333333333333,False,False
23075,2011-04-18,2011-08-12,253,34,24,0.054313099041533544,0.26666666666666666,False,False
23076,2011-03-24,2011-08-17,4422,83,50,0.13258785942492013,0.5555555555555556,False,False
23077,2011-03-24,2011-08-17,4296,83,48,0.13258785942492013,0.5333333333333333,False,False
23078,2011-03-24,2011-08-17,4067,83,47,0.13258785942492013,0.5222222222222223,False,False
23079,2011-05-11,2011-08-17,120,32,26,0.051118210862619806,0.28888888888888886,False,False
23080,2011-05-11,2011-08-18,229,56,47,0.08945686900958466,0.5222222222222223,False,False
23081,2011-05-10,2011-08-15,130,34,26,0.054313099041533544,0.28888888888888886,False,False
23082,2011-05-11,2011-08-18,937,61,53,0.09744408945686901,0.5888888888888889,False,False
23083,2011-05-15,2011-08-17,331,29,25,0.0463258785942492,0.2777777777777778,False,False
23084,2011-05-10,2011-08-17,3155,67,57,0.10702875399361023,0.6333333333333333,False,False
23085,2011-05-16,2011-08-03,19,6,5,0.009584664536741214,0.05555555555555555,False,False
23086,2011-05-16,2011-08-15,314,16,13,0.025559105431309903,0.14444444444444443,False,False
23087,2011-05-13,2011-08-15,389,22,19,0.03514376996805112,0.2111111111111111,False,False
23088,2011-05-12,2011-08-10,443,30,24,0.04792332268370607,0.26666666666666666,False,False
23089,2011-05-12,2011-08-18,1030,51,44,0.08146964856230032,0.4888888888888889,False,False
23090,2011-05-16,2011-08-12,572,24,22,0.038338658146964855,0.24444444444444444,False,False
23091,2011-05-11,2011-08-15,452,63,55,0.10063897763578275,0.6111111111111112,False,False
23092,2011-05-16,2011-08-18,192,44,39,0.07028753993610223,0.43333333333333335,False,False
23093,2011-05-11,2011-08-16,510,55,46,0.0878594249201278,0.5111111111111111,False,False
23094,2011-05-11,2011-08-17,96,38,32,0.06070287539936102,0.35555555555555557,False,False
23096,2011-05-10,2011-08-18,359,39,32,0.06230031948881789,0.35555555555555557,False,False
23099,2011-05-16,2011-08-15,71,26,24,0.04153354632587859,0.26666666666666666,False,False
23100,2011-05-11,2011-08-18,444,32,26,0.051118210862619806,0.28888888888888886,False,False
23101,2011-05-12,2011-08-02,408,23,19,0.036741214057507986,0.2111111111111111,False,False
23102,2011-05-11,2011-08-14,551,43,36,0.06869009584664537,0.4,False,False
23103,2011-05-11,2011-08-17,1224,51,44,0.08146964856230032,0.4888888888888889,False,False
23104,2011-05-11,2011-08-15,47,18,16,0.02875399361022364,0.17777777777777778,False,False
23106,2011-05-13,2011-08-15,170,24,21,0.038338658146964855,0.23333333333333334,False,False
23107,2011-05-12,2011-08-17,185,26,23,0.04153354632587859,0.25555555555555554,False,False
23108,2011-05-11,2011-08-18,857,65,57,0.10383386581469649,0.6333333333333333,False,False
23109,2011-05-11,2011-08-14,842,49,43,0.07827476038338659,0.4777777777777778,False,False
23110,2011-05-11,2011-08-18,369,60,52,0.09584664536741214,0.5777777777777777,False,False
23111,2011-05-11,2011-08-15,129,35,27,0.05591054313099041,0.3,False,False
23112,2011-05-11,2011-08-18,318,66,58,0.10543130990415335,0.6444444444444445,False,False
23118,2011-05-10,2011-08-15,382,59,50,0.09424920127795527,0.5555555555555556,False,False
23119,2011-06-17,2011-08-18,1585,36,36,0.05750798722044728,0.4,False,False
23120,2011-06-17,2011-08-17,1137,31,31,0.04952076677316294,0.34444444444444444,False,False
23121,2011-06-17,2011-08-15,1871,34,34,0.054313099041533544,0.37777777777777777,False,False
23122,2011-06-17,2011-08-17,1705,32,32,0.051118210862619806,0.35555555555555557,False,False
23123,2011-06-17,2011-08-12,501,19,19,0.03035143769968051,0.2111111111111111,False,False
23124,2011-06-17,2011-08-17,535,28,28,0.04472843450479233,0.3111111111111111,False,False
23125,2011-06-17,2011-08-10,427,17,17,0.027156549520766772,0.18888888888888888,False,False
23126,2011-03-02,2011-08-17,485,78,33,0.12460063897763578,0.36666666666666664,False,False
23127,2011-03-02,2011-08-17,363,68,31,0.10862619808306709,0.34444444444444444,False,False
23128,2011-03-03,2011-08-10,259,55,22,0.0878594249201278,0.24444444444444444,False,False
23129,2011-05-18,2011-08-18,61,15,14,0.023961661341853034,0.15555555555555556,False,False
23130,2011-05-01,2011-08-18,181,20,12,0.03194888178913738,0.13333333333333333,False,False
23131,2011-04-26,2011-08-18,521,31,20,0.04952076677316294,0.2222222222222222,False,False
23132,2011-04-19,2011-08-18,286,47,31,0.07507987220447285,0.34444444444444444,False,False
23133,2011-04-20,2011-08-18,229,52,37,0.08306709265175719,0.4111111111111111,False,False
23134,2011-04-20,2011-08-18,1063,33,22,0.052715654952076675,0.24444444444444444,False,False
23135,2011-04-19,2011-08-18,1074,25,17,0.039936102236421724,0.18888888888888888,False,False
23136,2011-04-21,2011-08-18,88,26,17,0.04153354632587859,0.18888888888888888,False,False
23137,2011-04-21,2011-08-18,50,11,6,0.01757188498402556,0.06666666666666667,False,False
23138,2011-04-21,2011-08-18,727,33,23,0.052715654952076675,0.25555555555555554,False,False
23139,2011-04-21,2011-08-18,343,14,11,0.022364217252396165,0.12222222222222222,False,False
23140,2011-04-19,2011-08-18,145,32,24,0.051118210862619806,0.26666666666666666,False,False
23141,2011-04-19,2011-08-18,50,18,13,0.02875399361022364,0.14444444444444443,False,False
23142,2011-04-21,2011-08-17,106,21,14,0.03354632587859425,0.15555555555555556,False,False
23143,2011-05-04,2011-08-02,10,6,3,0.009584664536741214,0.03333333333333333,False,False
23144,2011-04-21,2011-08-18,2818,73,52,0.11661341853035144,0.5777777777777777,False,False
23145,2011-04-21,2011-08-16,980,58,42,0.0926517571884984,0.4666666666666667,False,False
23146,2011-04-19,2011-08-18,450,71,50,0.1134185303514377,0.5555555555555556,False,False
23147,2011-04-21,2011-08-18,1143,74,54,0.1182108626198083,0.6,False,False
23148,2011-04-21,2011-08-18,1228,66,47,0.10543130990415335,0.5222222222222223,False,False
23149,2011-05-03,2011-08-17,74,12,7,0.019169329073482427,0.07777777777777778,False,False
23150,2011-04-21,2011-08-08,73,23,15,0.036741214057507986,0.16666666666666666,False,False
23151,2011-05-05,2011-08-01,25,9,5,0.01437699680511182,0.05555555555555555,False,False
23152,2011-04-20,2011-08-18,307,63,45,0.10063897763578275,0.5,False,False
23153,2011-04-18,2011-08-18,154,39,27,0.06230031948881789,0.3,False,False
23154,2011-03-25,2011-08-18,1462,83,48,0.13258785942492013,0.5333333333333333,False,False
23155,2011-03-25,2011-08-15,1697,57,26,0.09105431309904154,0.28888888888888886,False,False
23156,2011-03-25,2011-08-18,928,67,37,0.10702875399361023,0.4111111111111111,False,False
23157,2011-03-31,2011-08-04,565,15,12,0.023961661341853034,0.13333333333333333,False,False
23158,2011-03-25,2011-08-18,1457,69,38,0.11022364217252396,0.4222222222222222,False,False
23159,2011-03-25,2011-08-18,1514,79,46,0.12619808306709265,0.5111111111111111,False,False
23160,2011-05-03,2011-08-17,982,39,29,0.06230031948881789,0.32222222222222224,False,False
23161,2011-05-03,2011-08-17,1201,42,31,0.0670926517571885,0.34444444444444444,False,False
23162,2011-04-27,2011-08-18,704,56,40,0.08945686900958466,0.4444444444444444,False,False
23163,2011-04-27,2011-08-18,1057,71,54,0.1134185303514377,0.6,False,False
23164,2011-05-03,2011-08-18,328,42,30,0.0670926517571885,0.3333333333333333,False,False
23165,2011-05-12,2011-08-18,1804,60,54,0.09584664536741214,0.6,False,False
23166,2011-01-18,2011-08-18,76448,57,50,0.09105431309904154,0.5555555555555556,False,False
23167,2011-05-11,2011-08-18,3631,60,54,0.09584664536741214,0.6,False,False
23168,2011-05-12,2011-08-18,1526,69,62,0.11022364217252396,0.6888888888888889,False,False
23169,2011-05-12,2011-08-17,533,61,54,0.09744408945686901,0.6,False,False
23170,2011-05-10,2011-08-18,4579,69,59,0.11022364217252396,0.6555555555555556,False,False
23171,2011-05-10,2011-08-18,4421,70,60,0.11182108626198083,0.6666666666666666,False,False
23172,2011-05-10,2011-08-18,2352,66,56,0.10543130990415335,0.6222222222222222,False,False
23173,2011-05-10,2011-08-18,2021,78,68,0.12460063897763578,0.7555555555555555,False,False
23174,2011-05-10,2011-08-18,2369,70,60,0.11182108626198083,0.6666666666666666,False,False
23175,2011-05-10,2011-08-14,2429,65,55,0.10383386581469649,0.6111111111111112,False,False
23176,2011-03-02,2011-08-18,1093,78,33,0.12460063897763578,0.36666666666666664,False,False
23177,2011-03-02,2011-08-18,1014,82,35,0.13099041533546327,0.3888888888888889,False,False
23178,2011-03-03,2011-08-04,229,35,13,0.05591054313099041,0.14444444444444443,False,False
23179,2011-03-03,2011-08-04,261,31,9,0.04952076677316294,0.1,False,False
23180,2011-03-04,2011-08-02,69,27,12,0.04313099041533546,0.13333333333333333,False,False
23181,2011-03-08,2011-08-15,122,45,20,0.07188498402555911,0.2222222222222222,False,False
23182,2011-03-01,2011-08-18,2635,113,62,0.1805111821086262,0.6888888888888889,False,False
23183,2011-03-03,2011-08-12,139,33,10,0.052715654952076675,0.1111111111111111,False,False
23184,2011-03-06,2011-08-17,536,85,39,0.13578274760383385,0.43333333333333335,False,False
23185,2011-03-04,2011-08-05,120,8,6,0.012779552715654952,0.06666666666666667,False,False
23186,2011-03-08,2011-08-08,859,20,18,0.03194888178913738,0.2,False,False
23187,2011-03-08,2011-08-16,1098,21,20,0.03354632587859425,0.2222222222222222,False,False
23188,2011-06-14,2011-08-18,744,41,41,0.06549520766773163,0.45555555555555555,False,False
23189,2011-08-03,2011-08-18,325,7,7,0.011182108626198083,0.07777777777777778,False,False
23190,2011-05-09,2011-08-18,937,54,45,0.08626198083067092,0.5,False,False
23191,2011-05-10,2011-08-18,1002,61,52,0.09744408945686901,0.5777777777777777,False,False
23192,2011-05-10,2011-08-18,1426,73,63,0.11661341853035144,0.7,False,False
23193,2011-03-02,2011-08-18,726,64,27,0.10223642172523961,0.3,False,False
23194,2011-03-02,2011-08-18,940,72,30,0.11501597444089456,0.3333333333333333,False,False
23196,2011-06-23,2011-08-18,614,34,34,0.054313099041533544,0.37777777777777777,False,False
23197,2011-06-23,2011-08-18,449,37,37,0.05910543130990415,0.4111111111111111,False,False
23198,2011-06-22,2011-08-18,1122,47,47,0.07507987220447285,0.5222222222222223,False,False
23199,2011-04-11,2011-08-18,8234,104,74,0.16613418530351437,0.8222222222222222,False,False
23200,2011-05-06,2011-08-18,3962,86,73,0.13738019169329074,0.8111111111111111,False,False
23201,2011-04-11,2011-08-18,6506,103,73,0.1645367412140575,0.8111111111111111,False,False
23202,2011-05-06,2011-08-18,5948,89,76,0.14217252396166133,0.8444444444444444,False,False
23203,2011-05-06,2011-08-18,9780,87,74,0.1389776357827476,0.8222222222222222,False,False
23204,2011-04-11,2011-08-18,4891,99,69,0.15814696485623003,0.7666666666666667,False,False
23205,2011-04-11,2011-08-18,3228,95,68,0.15175718849840256,0.7555555555555555,False,False
23206,2011-04-11,2011-08-18,7955,104,74,0.16613418530351437,0.8222222222222222,False,False
23207,2011-04-11,2011-08-18,5362,104,75,0.16613418530351437,0.8333333333333334,False,False
23208,2011-04-12,2011-08-18,3764,103,74,0.1645367412140575,0.8222222222222222,False,False
23209,2011-05-08,2011-08-18,7363,87,75,0.1389776357827476,0.8333333333333334,False,False
23210,2011-06-02,2011-08-11,545,18,18,0.02875399361022364,0.2,False,False
23211,2011-06-02,2011-08-11,536,16,16,0.025559105431309903,0.17777777777777778,False,False
23212,2011-06-02,2011-08-18,484,23,23,0.036741214057507986,0.25555555555555554,False,False
23213,2011-06-02,2011-08-18,196,14,14,0.022364217252396165,0.15555555555555556,False,False
23214,2011-06-01,2011-07-21,113,9,9,0.01437699680511182,0.1,False,False
23215,2011-06-01,2011-08-18,890,16,16,0.025559105431309903,0.17777777777777778,False,False
23216,2011-06-02,2011-08-17,98,7,7,0.011182108626198083,0.07777777777777778,False,False
23217,2011-06-02,2011-08-17,156,10,10,0.01597444089456869,0.1111111111111111,False,False
23218,2011-07-18,2011-07-21,72,2,2,0.003194888178913738,0.022222222222222223,False,False
23219,2011-06-02,2011-08-17,46,4,4,0.006389776357827476,0.044444444444444446,False,False
23220,2011-06-09,2011-08-10,38,4,4,0.006389776357827476,0.044444444444444446,False,False
23221,2011-05-31,2011-08-17,126,14,14,0.022364217252396165,0.15555555555555556,False,False
23222,2011-06-23,2011-08-17,24,2,2,0.003194888178913738,0.022222222222222223,False,False
23223,2011-06-23,2011-08-02,29,4,4,0.006389776357827476,0.044444444444444446,False,False
23224,2011-06-02,2011-07-21,34,3,3,0.004792332268370607,0.03333333333333333,False,False
23225,2011-06-02,2011-08-05,127,8,8,0.012779552715654952,0.08888888888888889,False,False
23226,2011-05-31,2011-08-14,744,36,36,0.05750798722044728,0.4,False,False
23227,2011-05-26,2011-08-17,844,36,36,0.05750798722044728,0.4,False,False
23228,2011-05-26,2011-08-18,614,28,28,0.04472843450479233,0.3111111111111111,False,False
23229,2011-06-14,2011-08-18,679,42,42,0.0670926517571885,0.4666666666666667,False,False
23230,2011-01-13,2011-08-17,5726,107,34,0.17092651757188498,0.37777777777777777,False,False
23231,2011-01-12,2011-08-18,4953,106,45,0.16932907348242812,0.5,False,False
23232,2011-01-17,2011-08-16,5026,92,35,0.14696485623003194,0.3888888888888889,False,False
23233,2011-01-16,2011-08-18,3375,79,32,0.12619808306709265,0.35555555555555557,False,False
23234,2011-06-14,2011-08-18,390,23,23,0.036741214057507986,0.25555555555555554,False,False
23235,2011-06-08,2011-08-11,483,32,32,0.051118210862619806,0.35555555555555557,False,False
23236,2011-06-08,2011-08-18,1239,51,51,0.08146964856230032,0.5666666666666667,False,False
23237,2011-06-08,2011-08-18,553,44,44,0.07028753993610223,0.4888888888888889,False,False
23238,2011-06-07,2011-08-17,828,53,53,0.08466453674121406,0.5888888888888889,False,False
23239,2011-06-08,2011-08-17,453,39,39,0.06230031948881789,0.43333333333333335,False,False
23240,2011-06-07,2011-08-18,1947,60,60,0.09584664536741214,0.6666666666666666,False,False
23241,2011-06-08,2011-08-18,903,56,56,0.08945686900958466,0.6222222222222222,False,False
23242,2011-06-08,2011-08-18,647,44,44,0.07028753993610223,0.4888888888888889,False,False
23243,2011-06-08,2011-08-18,1795,59,59,0.09424920127795527,0.6555555555555556,False,False
23244,2011-06-08,2011-08-18,570,37,37,0.05910543130990415,0.4111111111111111,False,False
23245,2011-06-08,2011-08-18,3221,61,61,0.09744408945686901,0.6777777777777778,False,False
23247,2011-06-08,2011-08-12,335,19,19,0.03035143769968051,0.2111111111111111,False,False
23249,2011-06-14,2011-08-18,486,25,25,0.039936102236421724,0.2777777777777778,False,False
23250,2011-06-14,2011-08-18,479,31,31,0.04952076677316294,0.34444444444444444,False,False
23251,2011-06-14,2011-08-18,875,39,39,0.06230031948881789,0.43333333333333335,False,False
23252,2011-06-12,2011-08-18,316,37,37,0.05910543130990415,0.4111111111111111,False,False
23253,2011-04-18,2011-08-15,195,38,28,0.06070287539936102,0.3111111111111111,False,False
23254,2011-04-07,2011-08-18,969,78,53,0.12460063897763578,0.5888888888888889,False,False
23255,2011-04-10,2011-08-17,545,55,37,0.0878594249201278,0.4111111111111111,False,False
23256,2011-04-07,2011-08-18,1132,89,61,0.14217252396166133,0.6777777777777778,False,False
23263,2011-06-02,2011-08-18,809,46,46,0.07348242811501597,0.5111111111111111,False,False
23264,2011-06-09,2011-08-18,150,20,20,0.03194888178913738,0.2222222222222222,False,False
23265,2011-06-09,2011-08-18,129,19,19,0.03035143769968051,0.2111111111111111,False,False
23266,2011-06-09,2011-08-18,226,22,22,0.03514376996805112,0.24444444444444444,False,False
23267,2011-06-23,2011-08-17,173,10,10,0.01597444089456869,0.1111111111111111,False,False
23268,2011-06-12,2011-08-17,661,21,21,0.03354632587859425,0.23333333333333334,False,False
23269,2011-06-12,2011-08-17,63,9,9,0.01437699680511182,0.1,False,False
23270,2011-06-02,2011-08-18,438,25,25,0.039936102236421724,0.2777777777777778,False,False
23271,2011-06-13,2011-08-16,110,8,8,0.012779552715654952,0.08888888888888889,False,False
23272,2011-06-22,2011-08-05,60,4,4,0.006389776357827476,0.044444444444444446,False,False
23273,2011-06-05,2011-08-18,212,19,19,0.03035143769968051,0.2111111111111111,False,False
23274,2011-06-05,2011-08-09,103,8,8,0.012779552715654952,0.08888888888888889,False,False
23275,2011-06-02,2011-08-18,863,38,38,0.06070287539936102,0.4222222222222222,False,False
23280,2011-05-09,2011-08-17,1157,49,39,0.07827476038338659,0.43333333333333335,False,False
23281,2011-05-10,2011-08-14,728,37,29,0.05910543130990415,0.32222222222222224,False,False
23282,2011-05-09,2011-08-17,498,43,34,0.06869009584664537,0.37777777777777777,False,False
23283,2011-04-27,2011-08-11,508,56,39,0.08945686900958466,0.43333333333333335,False,False
23284,2011-04-27,2011-08-11,2292,77,59,0.12300319488817892,0.6555555555555556,False,False
23285,2011-06-12,2011-08-18,2383,45,45,0.07188498402555911,0.5,False,False
23286,2011-06-12,2011-08-18,2414,50,50,0.07987220447284345,0.5555555555555556,False,False
23287,2011-06-13,2011-08-18,1305,47,47,0.07507987220447285,0.5222222222222223,False,False
23288,2011-06-12,2011-08-18,2115,48,48,0.07667731629392971,0.5333333333333333,False,False
23289,2011-06-13,2011-08-16,667,40,40,0.06389776357827476,0.4444444444444444,False,False
23290,2011-06-13,2011-08-18,760,45,45,0.07188498402555911,0.5,False,False
23291,2011-06-13,2011-08-18,851,41,41,0.06549520766773163,0.45555555555555555,False,False
23292,2011-06-13,2011-08-18,973,47,47,0.07507987220447285,0.5222222222222223,False,False
23293,2011-07-12,2011-08-18,3020,33,33,0.052715654952076675,0.36666666666666664,False,False
23294,2011-07-12,2011-08-18,1919,29,29,0.0463258785942492,0.32222222222222224,False,False
23295,2011-07-12,2011-08-18,2500,33,33,0.052715654952076675,0.36666666666666664,False,False
23296,2011-07-12,2011-08-18,2312,31,31,0.04952076677316294,0.34444444444444444,False,False
23297,2011-07-12,2011-08-18,3217,32,32,0.051118210862619806,0.35555555555555557,False,False
23298,2011-05-04,2011-08-18,5384,91,76,0.14536741214057508,0.8444444444444444,False,False
23299,2011-05-04,2011-08-11,876,57,43,0.09105431309904154,0.4777777777777778,False,False
23300,2011-05-15,2011-08-18,3279,81,75,0.12939297124600638,0.8333333333333334,False,False
23301,2011-05-15,2011-08-18,2977,81,75,0.12939297124600638,0.8333333333333334,False,False
23302,2011-05-15,2011-08-18,610,61,56,0.09744408945686901,0.6222222222222222,False,False
23306,2011-06-05,2011-08-18,1972,60,60,0.09584664536741214,0.6666666666666666,False,False
23307,2011-06-03,2011-08-18,6114,63,63,0.10063897763578275,0.7,False,False
23308,2011-06-05,2011-08-18,3274,60,60,0.09584664536741214,0.6666666666666666,False,False
23309,2011-06-02,2011-08-18,2911,62,62,0.09904153354632587,0.6888888888888889,False,False
23310,2011-06-09,2011-08-16,3848,43,43,0.06869009584664537,0.4777777777777778,False,False
23311,2011-07-14,2011-08-17,147,12,12,0.019169329073482427,0.13333333333333333,False,False
23312,2011-07-17,2011-08-18,215,12,12,0.019169329073482427,0.13333333333333333,False,False
23313,2011-07-12,2011-08-18,269,18,18,0.02875399361022364,0.2,False,False
23314,2011-07-15,2011-08-18,121,7,7,0.011182108626198083,0.07777777777777778,False,False
23315,2011-06-23,2011-08-18,85,26,26,0.04153354632587859,0.28888888888888886,False,False
23316,2011-06-23,2011-08-18,73,23,23,0.036741214057507986,0.25555555555555554,False,False
23317,2011-06-26,2011-08-18,55,21,21,0.03354632587859425,0.23333333333333334,False,False
23318,2011-07-04,2011-08-18,272,12,12,0.019169329073482427,0.13333333333333333,False,False
23319,2011-07-07,2011-08-18,204,16,16,0.025559105431309903,0.17777777777777778,False,False
23320,2011-07-05,2011-08-16,289,18,18,0.02875399361022364,0.2,False,False
23321,2011-06-09,2011-08-18,1437,60,60,0.09584664536741214,0.6666666666666666,False,False
23322,2011-06-12,2011-08-18,838,55,55,0.0878594249201278,0.6111111111111112,False,False
23323,2011-06-23,2011-08-18,163,25,25,0.039936102236421724,0.2777777777777778,False,False
23324,2011-08-05,2011-08-18,49,4,4,0.006389776357827476,0.044444444444444446,False,False
23325,2011-08-11,2011-08-16,60,3,3,0.004792332268370607,0.03333333333333333,False,False
23326,2011-08-11,2011-08-18,1021,5,5,0.007987220447284345,0.05555555555555555,False,False
23327,2011-08-10,2011-08-18,360,5,5,0.007987220447284345,0.05555555555555555,False,False
23328,2011-08-08,2011-08-18,371,10,10,0.01597444089456869,0.1111111111111111,False,False
23329,2011-08-07,2011-08-18,176,9,9,0.01437699680511182,0.1,False,False
23330,2011-08-08,2011-08-18,151,8,8,0.012779552715654952,0.08888888888888889,False,False
23331,2011-08-10,2011-08-18,254,5,5,0.007987220447284345,0.05555555555555555,False,False
23332,2011-08-07,2011-08-18,188,10,10,0.01597444089456869,0.1111111111111111,False,False
23333,2011-08-08,2011-08-18,174,9,9,0.01437699680511182,0.1,False,False
23334,2011-08-08,2011-08-18,295,6,6,0.009584664536741214,0.06666666666666667,False,False
23335,2011-06-13,2011-08-17,153,18,18,0.02875399361022364,0.2,False,False
23336,2011-06-13,2011-08-17,46,17,17,0.027156549520766772,0.18888888888888888,False,False
23337,2011-06-13,2011-08-17,36,15,15,0.023961661341853034,0.16666666666666666,False,False
23338,2011-06-12,2011-08-17,119,18,18,0.02875399361022364,0.2,False,False
23339,2011-06-13,2011-08-17,42,11,11,0.01757188498402556,0.12222222222222222,False,False
23340,2011-07-31,2011-08-18,303,8,8,0.012779552715654952,0.08888888888888889,False,False
23341,2011-06-24,2011-08-17,81,25,25,0.039936102236421724,0.2777777777777778,False,False
23342,2011-06-24,2011-08-18,88,30,30,0.04792332268370607,0.3333333333333333,False,False
23343,2011-06-13,2011-08-18,541,29,29,0.0463258785942492,0.32222222222222224,False,False
23344,2011-06-15,2011-08-18,726,42,42,0.0670926517571885,0.4666666666666667,False,False
23345,2011-07-24,2011-08-18,891,20,20,0.03194888178913738,0.2222222222222222,False,False
23346,2011-07-24,2011-08-18,889,18,18,0.02875399361022364,0.2,False,False
23347,2011-07-24,2011-08-18,233,20,20,0.03194888178913738,0.2222222222222222,False,False
23348,2011-04-18,2011-08-10,25,17,12,0.027156549520766772,0.13333333333333333,False,False
23349,2011-08-04,2011-08-18,72,5,5,0.007987220447284345,0.05555555555555555,False,False
23350,2011-08-04,2011-08-18,93,5,5,0.007987220447284345,0.05555555555555555,False,False
23351,2011-08-04,2011-08-18,89,5,5,0.007987220447284345,0.05555555555555555,False,False
23352,2011-08-04,2011-08-11,48,2,2,0.003194888178913738,0.022222222222222223,False,False
23353,2011-08-02,2011-08-18,300,6,6,0.009584664536741214,0.06666666666666667,False,False
23354,2011-08-02,2011-08-18,85,6,6,0.009584664536741214,0.06666666666666667,False,False
23359,2011-08-02,2011-08-18,129,6,6,0.009584664536741214,0.06666666666666667,False,False
23360,2011-08-02,2011-08-18,211,8,8,0.012779552715654952,0.08888888888888889,False,False
23373,2011-08-02,2011-08-11,19,2,2,0.003194888178913738,0.022222222222222223,False,False
23374,2011-08-02,2011-08-18,80,6,6,0.009584664536741214,0.06666666666666667,False,False
23436,2011-08-02,2011-08-18,144,3,3,0.004792332268370607,0.03333333333333333,False,False
23438,2011-08-03,2011-08-18,56,6,6,0.009584664536741214,0.06666666666666667,False,False
23444,2011-05-26,2011-08-17,24,19,19,0.03035143769968051,0.2111111111111111,False,False
23545,2011-07-20,2011-08-18,655,17,17,0.027156549520766772,0.18888888888888888,False,False
23546,2011-07-19,2011-08-18,875,20,20,0.03194888178913738,0.2222222222222222,False,False
23547,2011-07-20,2011-08-18,425,13,13,0.020766773162939296,0.14444444444444443,False,False
23548,2011-07-20,2011-08-17,400,10,10,0.01597444089456869,0.1111111111111111,False,False
23549,2011-07-19,2011-08-15,355,11,11,0.01757188498402556,0.12222222222222222,False,False
23550,2011-07-18,2011-08-18,755,16,16,0.025559105431309903,0.17777777777777778,False,False
23574,2011-07-06,2011-08-18,2,2,2,0.003194888178913738,0.022222222222222223,False,False
30086C,2009-12-01,2009-12-01,1,1,0,0.001597444089456869,0.0,False,False
35001B,2009-12-17,2010-03-16,17,6,0,0.009584664536741214,0.0,False,False
35001G,2009-12-01,2011-06-23,624,72,1,0.11501597444089456,0.011111111111111112,False,False
35001P,2009-12-14,2009-12-17,2,2,0,0.003194888178913738,0.0,False,False
35001W,2009-12-01,2010-12-16,887,135,0,0.21565495207667731,0.0,False,False
35004B,2009-12-01,2011-08-11,1336,184,36,0.2939297124600639,0.4,True,False
35004C,2009-12-01,2011-03-07,3066,218,0,0.34824281150159747,0.0,False,False
35004G,2009-12-01,2011-08-12,306,63,4,0.10063897763578275,0.044444444444444446,False,False
35004P,2009-12-01,2010-12-10,121,31,0,0.04952076677316294,0.0,False,False
35004S,2009-12-01,2009-12-23,146,13,0,0.020766773162939296,0.0,False,False
35015,2009-12-02,2010-11-07,2072,34,0,0.054313099041533544,0.0,False,False
35051B,2009-12-01,2009-12-07,14,2,0,0.003194888178913738,0.0,False,False
35071,2009-12-01,2009-12-09,50,6,0,0.009584664536741214,0.0,False,False
35085E,2009-12-01,2010-07-14,39,9,0,0.01437699680511182,0.0,False,False
35095A,2009-12-01,2011-08-12,1510,98,14,0.15654952076677317,0.15555555555555556,False,False
35095B,2009-12-01,2011-08-08,1733,112,12,0.17891373801916932,0.13333333333333333,False,False
35096A,2009-12-02,2010-03-05,777,35,0,0.05591054313099041,0.0,False,False
35096B,2009-12-02,2010-03-05,295,21,0,0.03354632587859425,0.0,False,False
35160,2009-12-01,2010-10-12,2180,53,0,0.08466453674121406,0.0,False,False
35233,2009-12-08,2010-05-18,12,8,0,0.012779552715654952,0.0,False,False
35240,2010-05-27,2010-11-21,49,34,0,0.054313099041533544,0.0,False,False
35241,2009-12-02,2011-05-03,309,108,0,0.17252396166134185,0.0,False,False
35265,2010-05-25,2011-08-07,18,13,2,0.020766773162939296,0.022222222222222223,False,False
35271S,2009-12-05,2010-12-02,420,18,0,0.02875399361022364,0.0,False,False
35400,2009-12-01,2011-02-01,1438,112,0,0.17891373801916932,0.0,False,False
35443,2009-12-06,2011-05-08,10,6,0,0.009584664536741214,0.0,False,False
35471A,2009-12-01,2010-11-14,421,67,0,0.10702875399361023,0.0,False,False
35471D,2009-12-01,2011-08-17,896,160,25,0.25559105431309903,0.2777777777777778,False,False
35537,2009-12-06,2010-05-19,13,3,0,0.004792332268370607,0.0,False,False
35591T,2010-09-05,2010-12-10,16,7,0,0.011182108626198083,0.0,False,False
35594,2009-12-01,2010-10-29,171,35,0,0.05591054313099041,0.0,False,False
35596,2010-10-12,2010-10-22,29,4,0,0.006389776357827476,0.0,False,False
35597A,2010-09-06,2010-12-06,10,4,0,0.006389776357827476,0.0,False,False
35597B,2009-12-13,2010-12-06,78,7,0,0.011182108626198083,0.0,False,False
35597D,2009-12-04,2011-08-16,36,6,1,0.009584664536741214,0.011111111111111112,False,False
35598A,2009-12-07,2009-12-07,1,1,0,0.001597444089456869,0.0,False,False
35598B,2009-12-01,2011-08-10,436,34,1,0.054313099041533544,0.011111111111111112,False,False
35598C,2009-12-18,2009-12-18,1,1,0,0.001597444089456869,0.0,False,False
35598D,2009-12-02,2011-08-16,1211,64,6,0.10223642172523961,0.06666666666666667,False,False
35599B,2009-12-02,2010-12-15,60,26,0,0.04153354632587859,0.0,False,False
35599D,2009-12-01,2011-08-03,252,59,5,0.09424920127795527,0.05555555555555555,False,False
35600D,2009-12-01,2010-09-28,141,12,0,0.019169329073482427,0.0,False,False
35603B,2009-12-17,2009-12-18,50,2,0,0.003194888178913738,0.0,False,False
35603C,2009-12-02,2010-11-09,83,21,0,0.03354632587859425,0.0,False,False
35607A,2009-12-11,2011-01-18,556,29,0,0.0463258785942492,0.0,False,False
35607B,2009-12-11,2011-06-20,292,15,3,0.023961661341853034,0.03333333333333333,False,False
35609A,2009-12-02,2010-12-10,447,23,0,0.036741214057507986,0.0,False,False
35610A,2009-12-07,2010-12-15,143,12,0,0.019169329073482427,0.0,False,False
35610B,2009-12-02,2010-12-13,179,13,0,0.020766773162939296,0.0,False,False
35610C,2009-12-10,2010-12-13,94,8,0,0.012779552715654952,0.0,False,False
35611B,2009-12-03,2010-11-23,62,3,0,0.004792332268370607,0.0,False,False
35633B,2009-12-04,2010-11-28,130,11,0,0.01757188498402556,0.0,False,False
35637A,2009-12-13,2011-08-08,419,33,6,0.052715654952076675,0.06666666666666667,False,False
35637C,2010-01-14,2011-07-21,80,14,2,0.022364217252396165,0.022222222222222223,False,False
35638A,2010-01-25,2011-08-07,36,4,1,0.006389776357827476,0.011111111111111112,False,False
35638B,2009-12-09,2011-07-21,68,8,2,0.012779552715654952,0.022222222222222223,False,False
35644,2010-02-03,2010-11-21,25,6,0,0.009584664536741214,0.0,False,False
35645,2009-12-09,2011-07-15,60,32,2,0.051118210862619806,0.022222222222222223,False,False
35646,2009-12-02,2011-08-11,324,38,9,0.06070287539936102,0.1,False,False
35647,2009-12-08,2011-03-11,563,53,0,0.08466453674121406,0.0,False,False
35648,2009-12-02,2011-08-16,638,73,27,0.11661341853035144,0.3,False,False
35649,2009-12-02,2011-08-05,1790,28,7,0.04472843450479233,0.07777777777777778,False,False
35650,2010-06-03,2011-08-01,3,3,1,0.004792332268370607,0.011111111111111112,False,False
35651,2009-12-02,2011-08-16,323,34,10,0.054313099041533544,0.1111111111111111,False,False
35652,2009-12-16,2010-03-08,18,2,0,0.003194888178913738,0.0,False,False
35653,2009-12-02,2011-08-11,311,93,25,0.1485623003194888,0.2777777777777778,False,False
35654,2010-01-05,2010-08-04,12,5,0,0.007987220447284345,0.0,False,False
35751C,2009-12-01,2009-12-02,31,2,0,0.003194888178913738,0.0,False,False
35751D,2009-12-02,2009-12-02,28,1,0,0.001597444089456869,0.0,False,False
35793,2009-12-01,2009-12-22,108,8,0,0.012779552715654952,0.0,False,False
35809A,2009-12-03,2011-06-09,1148,140,5,0.22364217252396165,0.05555555555555555,False,False
35809B,2009-12-02,2011-04-11,104,26,0,0.04153354632587859,0.0,False,False
35810A,2009-12-03,2011-08-03,1142,129,17,0.20607028753993611,0.18888888888888888,False,False
35810B,2009-12-02,2011-05-05,318,56,0,0.08945686900958466,0.0,False,False
35811A,2009-12-03,2010-10-08,434,68,0,0.10862619808306709,0.0,False,False
35815B,2009-12-07,2009-12-15,95,3,0,0.004792332268370607,0.0,False,False
35815P,2010-10-18,2011-05-09,55,4,0,0.006389776357827476,0.0,False,False
35816B,2009-12-16,2010-05-14,139,3,0,0.004792332268370607,0.0,False,False
35816P,2010-02-18,2011-08-16,297,9,2,0.01437699680511182,0.022222222222222223,False,False
35817B,2009-12-03,2010-05-14,143,2,0,0.003194888178913738,0.0,False,False
35817P,2010-05-14,2011-08-12,420,10,1,0.01597444089456869,0.011111111111111112,False,False
35818B,2010-04-13,2011-08-16,401,9,1,0.01437699680511182,0.011111111111111112,False,False
35818C,2009-12-14,2009-12-14,1,1,0,0.001597444089456869,0.0,False,False
35818P,2010-05-14,2011-06-19,335,10,2,0.01597444089456869,0.022222222222222223,False,False
35819B,2009-12-14,2011-02-07,119,10,0,0.01597444089456869,0.0,False,False
35821B,2009-12-10,2010-04-08,150,3,0,0.004792332268370607,0.0,False,False
35821P,2009-12-02,2009-12-15,2,2,0,0.003194888178913738,0.0,False,False
35822B,2010-01-27,2010-01-27,229,1,0,0.001597444089456869,0.0,False,False
35822P,2010-01-27,2010-01-27,114,1,0,0.001597444089456869,0.0,False,False
35823P,2010-02-21,2010-07-15,2,2,0,0.003194888178913738,0.0,False,False
35824B,2009-12-10,2010-05-14,528,6,0,0.009584664536741214,0.0,False,False
35824C,2009-12-03,2010-04-08,235,8,0,0.012779552715654952,0.0,False,False
35824P,2010-03-22,2010-04-23,324,3,0,0.004792332268370607,0.0,False,False
35832,2009-12-01,2010-11-04,1739,73,0,0.11661341853035144,0.0,False,False
35833G,2009-12-06,2010-12-06,134,28,0,0.04472843450479233,0.0,False,False
35833P,2009-12-06,2011-07-08,164,47,2,0.07507987220447285,0.022222222222222223,False,False
35837,2009-12-10,2009-12-10,2,1,0,0.001597444089456869,0.0,False,False
35838A,2009-12-07,2010-09-29,181,16,0,0.025559105431309903,0.0,False,False
35838B,2009-12-09,2010-09-28,100,18,0,0.02875399361022364,0.0,False,False
35840,2009-12-04,2009-12-23,45,7,0,0.011182108626198083,0.0,False,False
35909A,2010-02-23,2011-04-26,20,5,0,0.007987220447284345,0.0,False,False
35909B,2009-12-06,2011-06-14,16,6,1,0.009584664536741214,0.011111111111111112,False,False
35910A,2009-12-13,2011-03-28,53,13,0,0.020766773162939296,0.0,False,False
35910B,2010-01-07,2011-03-29,28,6,0,0.009584664536741214,0.0,False,False
35911A,2009-12-02,2011-07-31,312,61,9,0.09744408945686901,0.1,False,False
35911B,2009-12-11,2011-03-22,159,19,0,0.03035143769968051,0.0,False,False
35912B,2010-01-07,2011-07-11,217,27,2,0.04313099041533546,0.022222222222222223,False,False
35913B,2010-01-07,2011-04-18,103,18,0,0.02875399361022364,0.0,False,False
35914,2009-12-02,2011-04-20,236,39,0,0.06230031948881789,0.0,False,False
35915A,2009-12-18,2009-12-18,288,1,0,0.001597444089456869,0.0,False,False
35915B,2009-12-18,2011-03-28,564,45,0,0.07188498402555911,0.0,False,False
35915C,2009-12-03,2011-04-18,662,58,0,0.0926517571884984,0.0,False,False
35916A,2009-12-07,2011-08-12,120,36,17,0.05750798722044728,0.18888888888888888,False,False
35916B,2009-12-01,2011-08-12,124,39,23,0.06230031948881789,0.25555555555555554,False,False
35916C,2009-12-01,2011-08-12,150,36,10,0.05750798722044728,0.1111111111111111,False,False
35918B,2009-12-02,2010-02-23,10,4,0,0.006389776357827476,0.0,False,False
35920,2010-01-27,2011-04-19,1070,22,0,0.03514376996805112,0.0,False,False
35921,2010-01-22,2011-04-19,183,40,0,0.06389776357827476,0.0,False,False
35922,2009-12-22,2011-04-08,97,32,0,0.051118210862619806,0.0,False,False
35923,2009-12-08,2011-08-16,942,74,22,0.1182108626198083,0.24444444444444444,False,False
35924,2009-12-01,2011-08-08,2065,130,18,0.20766773162939298,0.2,False,False
35930,2009-12-16,2009-12-16,1,1,0,0.001597444089456869,0.0,False,False
35931,2009-12-01,2010-11-12,156,14,0,0.022364217252396165,0.0,False,False
35932,2009-12-04,2010-11-12,37,10,0,0.01597444089456869,0.0,False,False
35933,2009-12-01,2011-07-31,145,11,2,0.01757188498402556,0.022222222222222223,False,False
35936,2009-12-11,2010-10-17,36,9,0,0.01437699680511182,0.0,False,False
35937,2009-12-15,2010-10-18,188,15,0,0.023961661341853034,0.0,False,False
35945,2009-12-18,2009-12-18,1,1,0,0.001597444089456869,0.0,False,False
35950,2010-03-03,2010-03-03,1,1,0,0.001597444089456869,0.0,False,False
35951,2009-12-01,2010-11-25,1352,36,0,0.05750798722044728,0.0,False,False
35953,2009-12-03,2011-08-17,389,30,4,0.04792332268370607,0.044444444444444446,False,False
35954,2009-12-01,2011-08-01,1132,61,3,0.09744408945686901,0.03333333333333333,False,False
35955,2009-12-01,2010-05-13,135,3,0,0.004792332268370607,0.0,False,False
35957,2009-12-01,2011-01-13,3577,100,0,0.1597444089456869,0.0,False,False
35958,2009-12-03,2010-12-09,1133,64,0,0.10223642172523961,0.0,False,False
35961,2009-12-01,2011-08-18,10432,314,29,0.5015974440894568,0.32222222222222224,True,False
35962,2009-12-01,2010-10-20,593,61,0,0.09744408945686901,0.0,False,False
35963,2009-12-16,2010-09-22,104,11,0,0.01757188498402556,0.0,False,False
35964,2009-12-04,2011-07-18,433,44,2,0.07028753993610223,0.022222222222222223,False,False
35965,2009-12-01,2011-08-18,601,135,13,0.21565495207667731,0.14444444444444443,False,False
35966,2009-12-02,2011-06-09,240,22,1,0.03514376996805112,0.011111111111111112,False,False
35967,2009-12-02,2011-08-11,564,54,5,0.08626198083067092,0.05555555555555555,False,False
35968,2009-12-02,2011-07-28,677,57,6,0.09105431309904154,0.06666666666666667,False,False
35969,2009-12-02,2010-11-18,525,63,0,0.10063897763578275,0.0,False,False
35970,2010-03-19,2011-08-18,3731,138,21,0.22044728434504793,0.23333333333333334,False,False
35971,2009-12-01,2011-08-17,1799,152,10,0.24281150159744408,0.1111111111111111,False,False
35972,2009-12-04,2011-07-13,413,67,3,0.10702875399361023,0.03333333333333333,False,False
35973,2009-12-09,2010-03-21,51,11,0,0.01757188498402556,0.0,False,False
35974,2009-12-16,2009-12-16,1,1,0,0.001597444089456869,0.0,False,False
35976B,2009-12-06,2009-12-06,1,1,0,0.001597444089456869,0.0,False,False
35979,2009-12-01,2010-04-09,94,18,0,0.02875399361022364,0.0,False,False
35980B,2009-12-18,2010-05-16,4,2,0,0.003194888178913738,0.0,False,False
35980C,2009-12-14,2010-10-13,384,24,0,0.038338658146964855,0.0,False,False
35981C,2009-12-02,2010-10-17,590,47,0,0.07507987220447285,0.0,False,False
35991,2009-12-01,2010-11-17,403,48,0,0.07667731629392971,0.0,False,False
35995,2009-12-01,2009-12-23,5,5,0,0.007987220447284345,0.0,False,False
35999,2009-12-13,2009-12-13,1,1,0,0.001597444089456869,0.0,False,False
37112,2009-12-04,2010-02-02,10,4,0,0.006389776357827476,0.0,False,False
37326,2010-01-11,2010-03-29,3,2,0,0.003194888178913738,0.0,False,False
37327,2009-12-02,2011-08-18,1508,61,25,0.09744408945686901,0.2777777777777778,False,False
37330,2010-01-11,2011-03-22,517,27,0,0.04313099041533546,0.0,False,False
37333,2009-12-03,2011-05-03,146,48,0,0.07667731629392971,0.0,False,False
37340,2009-12-01,2011-08-18,12871,111,28,0.17731629392971246,0.3111111111111111,False,False
37342,2009-12-07,2011-08-10,1628,98,30,0.15654952076677317,0.3333333333333333,False,False
37343,2009-12-01,2011-03-09,1116,93,0,0.1485623003194888,0.0,False,False
37345,2009-12-03,2010-01-07,321,8,0,0.012779552715654952,0.0,False,False
37348,2009-12-02,2010-03-31,14,7,0,0.011182108626198083,0.0,False,False
37351,2009-12-22,2011-03-20,5404,11,0,0.01757188498402556,0.0,False,False
37352,2009-12-17,2010-11-01,4643,7,0,0.011182108626198083,0.0,False,False
37370,2009-12-01,2011-08-09,7142,264,3,0.4217252396166134,0.03333333333333333,False,False
37379A,2009-12-02,2011-01-19,41,14,0,0.022364217252396165,0.0,False,False
37379B,2010-03-04,2010-03-23,1122,3,0,0.004792332268370607,0.0,False,False
37399,2009-12-13,2009-12-22,143,5,0,0.007987220447284345,0.0,False,False
37408,2009-12-04,2009-12-04,5,1,0,0.001597444089456869,0.0,False,False
37409,2010-01-14,2010-04-11,8,3,0,0.004792332268370607,0.0,False,False
37410,2009-12-01,2010-04-07,25707,25,0,0.039936102236421724,0.0,False,False
37413,2011-02-07,2011-08-16,428,31,12,0.04952076677316294,0.13333333333333333,False,False
37422,2009-12-01,2010-05-26,434,53,0,0.08466453674121406,0.0,False,False
37423,2009-12-02,2011-03-18,6168,56,0,0.08945686900958466,0.0,False,False
37424,2009-12-01,2010-11-21,5251,86,0,0.13738019169329074,0.0,False,False
37432,2009-12-08,2009-12-08,6,1,0,0.001597444089456869,0.0,False,False
37438,2009-12-13,2009-12-13,2,1,0,0.001597444089456869,0.0,False,False
37441,2009-12-03,2010-08-02,706,47,0,0.07507987220447285,0.0,False,False
37444A,2009-12-01,2011-07-13,2711,42,2,0.0670926517571885,0.022222222222222223,False,False
37444B,2009-12-01,2011-03-28,2010,26,0,0.04153354632587859,0.0,False,False
37444C,2009-12-01,2011-03-28,1656,47,0,0.07507987220447285,0.0,False,False
37446,2009-12-01,2011-08-15,3466,206,38,0.329073482428115,0.4222222222222222,True,False
37447,2009-12-01,2011-08-14,2695,228,20,0.36421725239616615,0.2222222222222222,False,False
37448,2009-12-01,2011-08-18,4234,272,27,0.43450479233226835,0.3,True,False
37449,2009-12-01,2011-08-17,2210,248,21,0.3961661341853035,0.23333333333333334,False,False
37450,2009-12-01,2011-08-14,2272,232,19,0.3706070287539936,0.2111111111111111,False,False
37451,2010-02-07,2010-02-07,1,1,0,0.001597444089456869,0.0,False,False
37461,2009-12-01,2010-12-05,742,86,0,0.13738019169329074,0.0,False,False
37462B,2009-12-01,2010-10-12,170,29,0,0.0463258785942492,0.0,False,False
37462E,2010-01-10,2011-07-31,92,24,2,0.038338658146964855,0.022222222222222223,False,False
37464,2009-12-01,2010-12-17,316,66,0,0.10543130990415335,0.0,False,False
37467,2009-12-02,2011-08-02,209,53,5,0.08466453674121406,0.05555555555555555,False,False
37468,2009-12-18,2011-07-14,27,8,3,0.012779552715654952,0.03333333333333333,False,False
37471,2009-12-22,2011-05-18,1389,9,0,0.01437699680511182,0.0,False,False
37474,2009-12-02,2010-12-06,64,42,0,0.0670926517571885,0.0,False,False
37475,2009-12-14,2011-08-17,97,56,14,0.08945686900958466,0.15555555555555556,False,False
37476,2009-12-02,2011-07-18,207,66,8,0.10543130990415335,0.08888888888888889,False,False
37477B,2009-12-02,2010-11-22,16,8,0,0.012779552715654952,0.0,False,False
37477C,2010-11-23,2010-11-23,6,1,0,0.001597444089456869,0.0,False,False
37479B,2010-01-11,2011-06-15,1253,30,5,0.04792332268370607,0.05555555555555555,False,False
37479P,2010-06-11,2011-07-07,104,21,7,0.03354632587859425,0.07777777777777778,False,False
37481,2010-06-06,2010-06-06,6,1,0,0.001597444089456869,0.0,False,False
37482B,2009-12-05,2010-08-01,1252,10,0,0.01597444089456869,0.0,False,False
37482P,2009-12-01,2011-04-13,681,70,0,0.11182108626198083,0.0,False,False
37483,2010-05-16,2010-06-08,144,8,0,0.012779552715654952,0.0,False,False
37484,2009-12-08,2009-12-08,1,1,0,0.001597444089456869,0.0,False,False
37485,2009-12-01,2010-02-22,49,15,0,0.023961661341853034,0.0,False,False
37487B,2011-04-11,2011-04-13,68,2,0,0.003194888178913738,0.0,False,False
37488A,2010-02-23,2011-04-13,31,5,0,0.007987220447284345,0.0,False,False
37489A,2009-12-13,2011-07-06,28,15,3,0.023961661341853034,0.03333333333333333,False,False
37489B,2010-02-12,2011-07-06,24,12,3,0.019169329073482427,0.03333333333333333,False,False
37489C,2009-12-01,2011-06-07,20,10,2,0.01597444089456869,0.022222222222222223,False,False
37489D,2010-01-14,2011-07-06,19,10,3,0.01597444089456869,0.03333333333333333,False,False
37491A,2009-12-15,2011-02-18,15,10,0,0.01597444089456869,0.0,False,False
37491B,2010-01-11,2011-07-18,14,8,1,0.012779552715654952,0.011111111111111112,False,False
37491C,2009-12-11,2011-07-18,59,10,1,0.01597444089456869,0.011111111111111112,False,False
37491D,2010-01-27,2011-07-18,26,13,1,0.020766773162939296,0.011111111111111112,False,False
37492A,2009-12-01,2009-12-23,108,11,0,0.01757188498402556,0.0,False,False
37492B,2009-12-02,2010-10-05,489,41,0,0.06549520766773163,0.0,False,False
37492C,2009-12-01,2010-05-18,242,24,0,0.038338658146964855,0.0,False,False
37492D,2009-12-04,2010-05-21,361,22,0,0.03514376996805112,0.0,False,False
37494A,2009-12-02,2010-04-01,242,33,0,0.052715654952076675,0.0,False,False
37495,2009-12-04,2011-08-17,1409,212,20,0.33865814696485624,0.2222222222222222,False,False
37500,2009-12-01,2011-08-17,687,167,11,0.26677316293929715,0.12222222222222222,False,False
37501,2009-12-02,2011-08-10,484,138,6,0.22044728434504793,0.06666666666666667,False,False
37502,2009-12-01,2010-07-30,872,104,0,0.16613418530351437,0.0,False,False
37503,2009-12-01,2010-08-01,2469,180,0,0.28753993610223644,0.0,False,False
37506,2009-12-02,2010-08-24,34,26,0,0.04153354632587859,0.0,False,False
37508,2009-12-01,2010-08-24,92,40,0,0.06389776357827476,0.0,False,False
37509,2010-03-22,2010-12-06,29,14,0,0.022364217252396165,0.0,False,False
40001,2009-12-06,2011-08-03,2147,94,13,0.1501597444089457,0.14444444444444443,False,False
40002,2009-12-18,2009-12-18,78,1,0,0.001597444089456869,0.0,False,False
40003,2009-12-18,2011-06-06,1150,57,1,0.09105431309904154,0.011111111111111112,False,False
40005B,2010-03-25,2010-12-06,23,10,0,0.01597444089456869,0.0,False,False
40016,2009-12-01,2011-08-09,14425,187,21,0.2987220447284345,0.23333333333333334,False,False
40018E,2009-12-01,2010-07-25,386,61,0,0.09744408945686901,0.0,False,False
40018F,2009-12-01,2010-09-05,1093,81,0,0.12939297124600638,0.0,False,False
40046A,2009-12-02,2011-08-10,337,54,3,0.08626198083067092,0.03333333333333333,False,False
40046C,2009-12-06,2009-12-16,3,3,0,0.004792332268370607,0.0,False,False
44089A,2010-02-04,2011-03-23,30,9,0,0.01437699680511182,0.0,False,False
44089C,2010-02-04,2011-06-22,64,14,2,0.022364217252396165,0.022222222222222223,False,False
44091A,2010-03-26,2011-07-20,20,6,1,0.009584664536741214,0.011111111111111112,False,False
44091C,2009-12-17,2010-08-04,61,17,0,0.027156549520766772,0.0,False,False
44092B,2010-07-18,2011-06-10,12,5,2,0.007987220447284345,0.022222222222222223,False,False
44092C,2009-12-18,2011-06-10,15,7,2,0.011182108626198083,0.022222222222222223,False,False
44217M,2010-02-15,2010-02-15,72,1,0,0.001597444089456869,0.0,False,False
44228,2010-11-18,2010-12-20,36,2,0,0.003194888178913738,0.0,False,False
44230,2009-12-01,2010-10-10,347,44,0,0.07028753993610223,0.0,False,False
44234,2009-12-14,2011-08-12,1177,45,13,0.07188498402555911,0.14444444444444443,False,False
44235,2010-01-13,2011-08-12,802,17,3,0.027156549520766772,0.03333333333333333,False,False
44236,2010-01-24,2011-07-21,59,11,4,0.01757188498402556,0.044444444444444446,False,False
44241C,2010-01-25,2010-08-04,70,7,0,0.011182108626198083,0.0,False,False
44242A,2010-03-25,2011-07-10,14,2,1,0.003194888178913738,0.011111111111111112,False,False
44242B,2009-12-06,2011-04-14,77,7,0,0.011182108626198083,0.0,False,False
44265,2009-12-08,2011-02-10,8,4,0,0.006389776357827476,0.0,False,False
45008C,2009-12-03,2010-07-14,83,31,0,0.04952076677316294,0.0,False,False
45013,2010-05-12,2011-02-09,47,7,0,0.011182108626198083,0.0,False,False
45014,2010-07-15,2010-07-15,1,1,0,0.001597444089456869,0.0,False,False
45016,2009-12-14,2010-09-09,101,22,0,0.03514376996805112,0.0,False,False
46000M,2009-12-01,2011-08-09,2021,193,22,0.3083067092651757,0.24444444444444444,False,False
46000P,2009-12-01,2011-03-23,203,41,0,0.06549520766773163,0.0,False,False
46000R,2010-01-26,2011-07-27,186,40,7,0.06389776357827476,0.07777777777777778,False,False
46000S,2009-12-01,2011-08-09,2701,200,19,0.3194888178913738,0.2111111111111111,False,False
46000U,2009-12-03,2011-08-11,196,36,3,0.05750798722044728,0.03333333333333333,False,False
46037A,2010-05-25,2010-08-12,6,2,0,0.003194888178913738,0.0,False,False
46115B,2010-05-11,2011-03-04,286,21,0,0.03354632587859425,0.0,False,False
46118,2009-12-03,2011-07-25,231,41,2,0.06549520766773163,0.022222222222222223,False,False
46126A,2009-12-03,2011-05-18,317,44,0,0.07028753993610223,0.0,False,False
46137D,2010-01-29,2010-03-19,45,4,0,0.006389776357827476,0.0,False,False
46138B,2009-12-07,2011-07-20,67,23,7,0.036741214057507986,0.07777777777777778,False,False
46138D,2010-03-25,2010-03-25,1,1,0,0.001597444089456869,0.0,False,False
46307,2009-12-21,2010-07-29,53,25,0,0.039936102236421724,0.0,False,False
46775A,2009-12-02,2010-02-24,83,15,0,0.023961661341853034,0.0,False,False
46775B,2009-12-02,2009-12-10,5,4,0,0.006389776357827476,0.0,False,False
46775D,2009-12-13,2011-08-09,130,59,9,0.09424920127795527,0.1,False,False
46775E,2009-12-11,2010-09-12,101,29,0,0.0463258785942492,0.0,False,False
46776A,2009-12-04,2011-08-12,292,62,10,0.09904153354632587,0.1111111111111111,False,False
46776B,2009-12-03,2011-08-10,317,79,9,0.12619808306709265,0.1,False,False
46776C,2009-12-10,2011-07-25,181,50,4,0.07987220447284345,0.044444444444444446,False,False
46776D,2009-12-04,2011-07-26,93,40,4,0.06389776357827476,0.044444444444444446,False,False
46776E,2010-01-04,2011-08-12,160,46,6,0.07348242811501597,0.06666666666666667,False,False
46776F,2009-12-03,2011-08-10,338,78,12,0.12460063897763578,0.13333333333333333,False,False
47013A,2009-12-16,2011-04-19,141,25,0,0.039936102236421724,0.0,False,False
47013C,2009-12-04,2011-06-20,147,26,5,0.04153354632587859,0.05555555555555555,False,False
47016,2009-12-07,2010-11-03,29,4,0,0.006389776357827476,0.0,False,False
47021G,2009-12-01,2011-06-23,713,62,5,0.09904153354632587,0.05555555555555555,False,False
47310M,2009-12-09,2011-08-15,563,90,12,0.14376996805111822,0.13333333333333333,False,False
47341A,2010-09-13,2011-06-08,29,7,2,0.011182108626198083,0.022222222222222223,False,False
47341B,2009-12-09,2011-07-10,33,9,3,0.01437699680511182,0.03333333333333333,False,False
47343A,2009-12-17,2011-08-07,203,22,8,0.03514376996805112,0.08888888888888889,False,False
47344B,2009-12-17,2011-06-02,54,10,1,0.01597444089456869,0.011111111111111112,False,False
47347B,2009-12-07,2010-03-08,240,11,0,0.01757188498402556,0.0,False,False
47348A,2010-04-11,2011-07-29,82,14,5,0.022364217252396165,0.05555555555555555,False,False
47351B,2009-12-06,2011-08-18,90,12,4,0.019169329073482427,0.044444444444444446,False,False
47367B,2009-12-14,2011-08-15,233,83,13,0.13258785942492013,0.14444444444444443,False,False
47369A,2010-03-08,2011-07-20,42,18,8,0.02875399361022364,0.08888888888888889,False,False
47369B,2009-12-13,2011-07-22,48,19,11,0.03035143769968051,0.12222222222222222,False,False
47420,2009-12-02,2011-08-05,320,24,3,0.038338658146964855,0.03333333333333333,False,False
47421,2010-02-07,2011-08-17,1022,42,12,0.0670926517571885,0.13333333333333333,False,False
47422,2010-02-07,2011-08-17,967,45,6,0.07188498402555911,0.06666666666666667,False,False
47469,2010-01-19,2011-08-11,1076,22,3,0.03514376996805112,0.03333333333333333,False,False
47471,2009-12-01,2011-08-18,380,42,4,0.0670926517571885,0.044444444444444446,False,False
47480,2009-12-07,2011-08-18,1438,89,13,0.14217252396166133,0.14444444444444443,False,False
47481,2009-12-03,2011-06-16,300,36,4,0.05750798722044728,0.044444444444444446,False,False
47502,2009-12-09,2010-09-13,640,65,0,0.10383386581469649,0.0,False,False
47503A,2009-12-02,2011-08-18,1367,81,30,0.12939297124600638,0.3333333333333333,False,False
47503E,2009-12-08,2010-09-28,6842,25,0,0.039936102236421724,0.0,False,False
47503F,2009-12-02,2010-03-09,2571,10,0,0.01597444089456869,0.0,False,False
47503G,2009-12-02,2010-03-12,284,28,0,0.04472843450479233,0.0,False,False
47503H,2009-12-08,2011-08-08,86,38,9,0.06070287539936102,0.1,False,False
47503J,2009-12-01,2010-12-07,345,64,0,0.10223642172523961,0.0,False,False
47503K,2009-12-01,2010-06-21,3179,36,0,0.05750798722044728,0.0,False,False
47504E,2009-12-01,2010-10-12,4387,43,0,0.06869009584664537,0.0,False,False
47504F,2009-12-01,2010-02-15,528,8,0,0.012779552715654952,0.0,False,False
47504G,2009-12-01,2010-05-11,267,41,0,0.06549520766773163,0.0,False,False
47504H,2009-12-03,2011-08-18,464,61,11,0.09744408945686901,0.12222222222222222,False,False
47504J,2009-12-03,2009-12-16,5,3,0,0.004792332268370607,0.0,False,False
47504K,2009-12-01,2011-08-18,1698,173,34,0.2763578274760383,0.37777777777777777,True,False
47505,2009-12-01,2010-06-07,738,84,0,0.134185303514377,0.0,False,False
47518F,2009-12-01,2011-08-04,664,29,9,0.0463258785942492,0.1,False,False
47552A,2009-12-10,2010-06-17,13,9,0,0.01437699680511182,0.0,False,False
47554,2009-12-06,2009-12-06,1,1,0,0.001597444089456869,0.0,False,False
47556,2009-12-02,2009-12-02,1,1,0,0.001597444089456869,0.0,False,False
47556B,2009-12-01,2011-04-18,5206,228,0,0.36421725239616615,0.0,False,False
47559B,2009-12-08,2011-08-17,4567,338,36,0.5399361022364217,0.4,True,False
47562,2009-12-03,2010-03-29,104,34,0,0.054313099041533544,0.0,False,False
47563A,2009-12-02,2011-08-16,195,83,18,0.13258785942492013,0.2,False,False
47563B,2010-02-14,2010-11-28,8,6,0,0.009584664536741214,0.0,False,False
47566,2009-12-01,2011-08-18,24786,447,74,0.7140575079872205,0.8222222222222222,True,False
47566B,2009-12-01,2011-08-17,5879,338,59,0.5399361022364217,0.6555555555555556,True,False
47567B,2009-12-10,2011-08-18,1974,206,23,0.329073482428115,0.25555555555555554,False,False
47568,2009-12-01,2010-08-22,2389,167,0,0.26677316293929715,0.0,False,False
47569,2009-12-02,2009-12-02,1,1,0,0.001597444089456869,0.0,False,False
47570,2009-12-02,2010-04-26,220,62,0,0.09904153354632587,0.0,False,False
47570B,2009-12-01,2011-03-29,983,169,0,0.26996805111821087,0.0,False,False
47574A,2009-12-09,2011-08-18,477,81,32,0.12939297124600638,0.35555555555555557,False,False
47574B,2010-01-06,2011-05-18,50,23,0,0.036741214057507986,0.0,False,False
47578A,2009-12-02,2011-08-02,171,38,10,0.06070287539936102,0.1111111111111111,False,False
47579,2009-12-02,2010-12-05,185,46,0,0.07348242811501597,0.0,False,False
47580,2009-12-02,2011-08-15,1602,236,17,0.3769968051118211,0.18888888888888888,False,False
47581B,2009-12-08,2010-05-25,47,33,0,0.052715654952076675,0.0,False,False
47583A,2010-01-11,2010-02-17,71,6,0,0.009584664536741214,0.0,False,False
47583B,2009-12-16,2010-02-17,27,5,0,0.007987220447284345,0.0,False,False
47585A,2009-12-07,2011-08-04,1046,104,18,0.16613418530351437,0.2,False,False
47586A,2009-12-14,2011-07-20,190,23,1,0.036741214057507986,0.011111111111111112,False,False
47587A,2009-12-01,2010-05-14,2706,24,0,0.038338658146964855,0.0,False,False
47589,2009-12-15,2011-05-24,185,63,1,0.10063897763578275,0.011111111111111112,False,False
47590A,2009-12-02,2011-08-18,4226,291,58,0.46485623003194887,0.6444444444444445,True,False
47590B,2009-12-07,2011-08-18,5191,356,51,0.5686900958466453,0.5666666666666667,True,False
47591A,2009-12-01,2010-08-24,163,62,0,0.09904153354632587,0.0,False,False
47591B,2009-12-01,2011-02-02,1066,186,0,0.2971246006389776,0.0,False,False
47591C,2009-12-01,2010-08-15,1055,108,0,0.17252396166134185,0.0,False,False
47591D,2009-12-01,2011-08-18,8260,400,56,0.6389776357827476,0.6222222222222222,True,False
47592A,2009-12-02,2010-09-13,331,76,0,0.12140575079872204,0.0,False,False
47592B,2009-12-03,2010-07-21,67,25,0,0.039936102236421724,0.0,False,False
47593A,2009-12-07,2011-03-29,304,79,0,0.12619808306709265,0.0,False,False
47593B,2009-12-02,2011-08-18,1702,201,43,0.3210862619808307,0.4777777777777778,True,False
47594A,2009-12-14,2011-08-03,323,77,2,0.12300319488817892,0.022222222222222223,False,False
47594B,2009-12-03,2011-08-03,396,93,3,0.1485623003194888,0.03333333333333333,False,False
47597,2009-12-10,2010-08-31,322,87,0,0.1389776357827476,0.0,False,False
47598,2009-12-01,2010-06-25,138,27,0,0.04313099041533546,0.0,False,False
47599A,2009-12-04,2011-08-16,5619,243,34,0.38817891373801916,0.37777777777777777,True,False
47599B,2010-01-11,2011-08-16,3176,209,23,0.33386581469648563,0.25555555555555554,False,False
48103,2009-12-18,2010-07-16,35,10,0,0.01597444089456869,0.0,False,False
48111,2009-12-01,2011-08-18,3587,329,35,0.5255591054313099,0.3888888888888889,True,False
48116,2009-12-01,2011-08-18,2936,269,30,0.42971246006389774,0.3333333333333333,True,False
48129,2009-12-01,2011-08-17,2665,305,38,0.48722044728434505,0.4222222222222222,True,False
48138,2009-12-15,2011-08-18,8824,442,50,0.7060702875399361,0.5555555555555556,True,False
48173A,2010-01-26,2010-01-26,1,1,0,0.001597444089456869,0.0,False,False
48173C,2009-12-01,2011-08-18,3800,281,24,0.4488817891373802,0.26666666666666666,False,False
48175,2009-12-14,2009-12-15,39,2,0,0.003194888178913738,0.0,False,False
48179,2009-12-01,2009-12-16,34,10,0,0.01597444089456869,0.0,False,False
48184,2009-12-01,2011-08-18,3853,354,60,0.5654952076677316,0.6666666666666666,True,False
48185,2009-12-01,2011-08-17,5958,401,41,0.6405750798722045,0.45555555555555555,True,False
48187,2009-12-01,2011-08-18,6108,411,60,0.6565495207667732,0.6666666666666666,True,False
48188,2009-12-01,2011-08-17,4513,345,46,0.5511182108626198,0.5111111111111111,True,False
48189,2009-12-01,2011-04-26,1322,178,0,0.28434504792332266,0.0,False,False
48194,2009-12-01,2011-08-18,6660,449,58,0.7172523961661342,0.6444444444444445,True,False
48195,2009-12-01,2010-07-22,271,65,0,0.10383386581469649,0.0,False,False
48197,2009-12-01,2010-07-28,898,127,0,0.20287539936102236,0.0,False,False
51008,2009-12-02,2011-05-06,2570,57,0,0.09105431309904154,0.0,False,False
51012C,2009-12-01,2010-02-26,171,19,0,0.03035143769968051,0.0,False,False
51012L,2009-12-03,2009-12-11,10,5,0,0.007987220447284345,0.0,False,False
51014A,2009-12-01,2011-08-18,4230,171,39,0.2731629392971246,0.43333333333333335,True,False
51014C,2009-12-01,2011-08-18,2546,144,33,0.23003194888178913,0.36666666666666664,False,False
51014L,2009-12-04,2011-08-17,2264,125,34,0.19968051118210864,0.37777777777777777,False,False
51020A,2009-12-16,2011-04-27,1304,47,0,0.07507987220447285,0.0,False,False
51020B,2009-12-04,2011-04-27,1084,57,0,0.09105431309904154,0.0,False,False
62018,2009-12-02,2011-08-16,8868,93,17,0.1485623003194888,0.18888888888888888,False,False
62043B,2010-04-30,2011-05-19,54,10,0,0.01597444089456869,0.0,False,False
62074B,2009-12-13,2011-07-12,38,11,2,0.01757188498402556,0.022222222222222223,False,False
62086A,2010-03-01,2011-06-23,113,22,4,0.03514376996805112,0.044444444444444446,False,False
62094B,2010-01-19,2011-02-04,305,62,0,0.09904153354632587,0.0,False,False
62095B,2010-02-01,2010-11-28,292,19,0,0.03035143769968051,0.0,False,False
62096A,2010-01-07,2011-02-24,383,75,0,0.11980830670926518,0.0,False,False
62096B,2009-12-07,2011-03-07,257,68,0,0.10862619808306709,0.0,False,False
62097A,2009-12-11,2010-08-06,3,3,0,0.004792332268370607,0.0,False,False
62097B,2010-06-16,2011-05-23,11,4,1,0.006389776357827476,0.011111111111111112,False,False
70006,2009-12-01,2011-08-09,4183,134,4,0.21405750798722045,0.044444444444444446,False,False
70007,2009-12-01,2011-08-08,986,98,5,0.15654952076677317,0.05555555555555555,False,False
71028B,2009-12-01,2010-01-17,494,11,0,0.01757188498402556,0.0,False,False
71038,2009-12-02,2011-07-24,647,112,8,0.17891373801916932,0.08888888888888889,False,False
71050,2010-06-08,2011-02-28,24,3,0,0.004792332268370607,0.0,False,False
71053,2009-12-01,2011-08-18,4279,332,47,0.5303514376996805,0.5222222222222223,True,False
71101A,2009-12-13,2009-12-13,6,1,0,0.001597444089456869,0.0,False,False
71101E,2009-12-13,2011-07-19,697,41,5,0.06549520766773163,0.05555555555555555,False,False
71143,2009-12-01,2011-07-13,349,77,14,0.12300319488817892,0.15555555555555556,False,False
71215,2009-12-09,2011-05-26,177,11,1,0.01757188498402556,0.011111111111111112,False,False
71270,2009-12-18,2011-08-15,298,55,11,0.0878594249201278,0.12222222222222222,False,False
71279,2009-12-01,2011-07-24,249,64,7,0.10223642172523961,0.07777777777777778,False,False
71403,2009-12-04,2011-08-11,138,53,7,0.08466453674121406,0.07777777777777778,False,False
71406C,2009-12-03,2011-08-04,149,27,6,0.04313099041533546,0.06666666666666667,False,False
71434B,2010-01-26,2010-03-10,2,2,0,0.003194888178913738,0.0,False,False
71459,2009-12-02,2011-08-18,30008,380,57,0.6070287539936102,0.6333333333333333,True,False
71477,2009-12-01,2011-08-18,11928,283,53,0.4520766773162939,0.5888888888888889,True,False
71495A,2010-02-09,2011-06-23,176,18,2,0.02875399361022364,0.022222222222222223,False,False
71495B,2010-01-28,2011-07-15,197,14,2,0.022364217252396165,0.022222222222222223,False,False
71496A,2010-03-01,2011-07-06,236,14,3,0.022364217252396165,0.03333333333333333,False,False
71496B,2010-04-20,2011-01-31,6,3,0,0.004792332268370607,0.0,False,False
71510,2009-12-17,2011-08-11,164,12,2,0.019169329073482427,0.022222222222222223,False,False
72008,2009-12-01,2010-11-14,3820,138,0,0.22044728434504793,0.0,False,False
72023F,2009-12-01,2010-08-08,640,38,0,0.06070287539936102,0.0,False,False
72024U,2009-12-02,2011-06-27,220,11,1,0.01757188498402556,0.011111111111111112,False,False
72038P,2009-12-02,2010-08-27,1050,9,0,0.01437699680511182,0.0,False,False
72045D,2009-12-03,2010-03-03,539,3,0,0.004792332268370607,0.0,False,False
72051S,2009-12-01,2011-04-13,302,50,0,0.07987220447284345,0.0,False,False
72083A,2010-02-24,2010-03-31,24,5,0,0.007987220447284345,0.0,False,False
72084B,2010-03-26,2010-03-26,2,1,0,0.001597444089456869,0.0,False,False
72122,2009-12-04,2011-08-15,473,82,9,0.13099041533546327,0.1,False,False
72127,2009-12-01,2011-07-31,321,52,5,0.08306709265175719,0.05555555555555555,False,False
72128,2009-12-07,2011-07-21,657,67,6,0.10702875399361023,0.06666666666666667,False,False
72129,2009-12-18,2010-09-29,75,18,0,0.02875399361022364,0.0,False,False
72130,2009-12-13,2011-06-06,700,41,1,0.06549520766773163,0.011111111111111112,False,False
72131,2009-12-10,2011-05-08,638,40,0,0.06389776357827476,0.0,False,False
72132,2009-12-21,2011-07-13,539,18,1,0.02875399361022364,0.011111111111111112,False,False
72133,2009-12-13,2011-05-08,85,21,0,0.03354632587859425,0.0,False,False
72134,2009-12-13,2011-08-02,293,22,1,0.03514376996805112,0.011111111111111112,False,False
72140E,2009-12-07,2011-06-08,212,26,2,0.04153354632587859,0.022222222222222223,False,False
72140F,2009-12-01,2010-11-24,175,13,0,0.020766773162939296,0.0,False,False
72225C,2009-12-17,2011-08-16,1614,30,4,0.04792332268370607,0.044444444444444446,False,False
72225D,2009-12-17,2010-05-13,962,11,0,0.01757188498402556,0.0,False,False
72232,2009-12-06,2011-08-16,5176,80,9,0.12779552715654952,0.1,False,False
72267,2009-12-01,2010-03-28,273,24,0,0.038338658146964855,0.0,False,False
72349B,2009-12-01,2011-08-17,1812,201,15,0.3210862619808307,0.16666666666666666,False,False
72351A,2009-12-02,2011-08-16,3575,266,25,0.4249201277955272,0.2777777777777778,False,False
72351B,2009-12-03,2011-08-17,5248,278,24,0.4440894568690096,0.26666666666666666,False,False
72369A,2009-12-03,2011-06-21,45,12,1,0.019169329073482427,0.011111111111111112,False,False
72484,2009-12-02,2010-03-04,1818,41,0,0.06549520766773163,0.0,False,False
72487,2009-12-01,2009-12-14,827,7,0,0.011182108626198083,0.0,False,False
72529W,2009-12-01,2010-09-30,465,29,0,0.0463258785942492,0.0,False,False
72586,2009-12-04,2011-08-18,1676,95,11,0.15175718849840256,0.12222222222222222,False,False
72598,2009-12-01,2011-08-15,788,100,14,0.1597444089456869,0.15555555555555556,False,False
72606A,2010-01-11,2010-10-05,226,16,0,0.025559105431309903,0.0,False,False
72708,2009-12-10,2010-08-23,44,5,0,0.007987220447284345,0.0,False,False
72709,2010-04-19,2011-07-08,70,11,1,0.01757188498402556,0.011111111111111112,False,False
72715,2010-02-16,2010-08-26,88,13,0,0.020766773162939296,0.0,False,False
72724,2009-12-01,2009-12-10,36,7,0,0.011182108626198083,0.0,False,False
72728,2009-12-10,2010-08-04,643,45,0,0.07188498402555911,0.0,False,False
72739B,2009-12-01,2010-01-26,394,17,0,0.027156549520766772,0.0,False,False
72739C,2009-12-02,2010-01-27,326,16,0,0.025559105431309903,0.0,False,False
72740A,2009-12-02,2010-01-05,65,9,0,0.01437699680511182,0.0,False,False
72740B,2010-01-11,2010-01-11,1,1,0,0.001597444089456869,0.0,False,False
72741,2009-12-01,2011-08-18,17454,373,33,0.5958466453674122,0.36666666666666664,True,False
72750A,2009-12-02,2010-04-23,383,15,0,0.023961661341853034,0.0,False,False
72750B,2009-12-14,2010-11-11,496,37,0,0.05910543130990415,0.0,False,False
72750C,2009-12-01,2010-03-30,232,13,0,0.020766773162939296,0.0,False,False
72750D,2009-12-07,2010-01-28,110,11,0,0.01757188498402556,0.0,False,False
72751A,2009-12-04,2009-12-04,1,1,0,0.001597444089456869,0.0,False,False
72751B,2009-12-04,2009-12-04,1,1,0,0.001597444089456869,0.0,False,False
72751C,2010-02-07,2010-02-07,1,1,0,0.001597444089456869,0.0,False,False
72752A,2009-12-04,2009-12-04,1,1,0,0.001597444089456869,0.0,False,False
72752B,2009-12-04,2009-12-11,3,2,0,0.003194888178913738,0.0,False,False
72753A,2009-12-01,2010-01-27,315,13,0,0.020766773162939296,0.0,False,False
72753B,2009-12-04,2010-03-26,445,13,0,0.020766773162939296,0.0,False,False
72753C,2009-12-06,2010-01-20,43,6,0,0.009584664536741214,0.0,False,False
72753D,2009-12-06,2010-01-17,144,8,0,0.012779552715654952,0.0,False,False
72754A,2009-12-04,2010-02-24,292,4,0,0.006389776357827476,0.0,False,False
72754B,2009-12-01,2010-01-08,170,7,0,0.011182108626198083,0.0,False,False
72754D,2009-12-02,2009-12-02,1,1,0,0.001597444089456869,0.0,False,False
72755C,2009-12-22,2010-03-26,592,13,0,0.020766773162939296,0.0,False,False
72755D,2009-12-04,2010-03-26,533,12,0,0.019169329073482427,0.0,False,False
72756,2009-12-01,2010-06-15,4021,24,0,0.038338658146964855,0.0,False,False
72760B,2009-12-01,2011-08-10,1610,246,23,0.3929712460063898,0.25555555555555554,False,False
72771B,2009-12-10,2009-12-15,129,4,0,0.006389776357827476,0.0,False,False
72771C,2009-12-07,2009-12-13,54,4,0,0.006389776357827476,0.0,False,False
72772,2009-12-13,2010-01-17,457,8,0,0.012779552715654952,0.0,False,False
72779,2009-12-02,2010-05-05,49,14,0,0.022364217252396165,0.0,False,False
72780,2009-12-06,2011-07-17,441,34,3,0.054313099041533544,0.03333333333333333,False,False
72781,2009-12-17,2010-10-11,121,15,0,0.023961661341853034,0.0,False,False
72783,2009-12-01,2010-11-07,27,7,0,0.011182108626198083,0.0,False,False
72785A,2009-12-11,2010-02-19,8,4,0,0.006389776357827476,0.0,False,False
72785B,2009-12-11,2010-01-29,9,3,0,0.004792332268370607,0.0,False,False
72789,2009-12-10,2010-10-10,122,39,0,0.06230031948881789,0.0,False,False
72793,2009-12-13,2010-10-26,55,10,0,0.01597444089456869,0.0,False,False
72796A,2009-12-02,2010-04-29,11,5,0,0.007987220447284345,0.0,False,False
72796B,2009-12-02,2010-07-04,27,12,0,0.019169329073482427,0.0,False,False
72796C,2010-01-17,2010-01-17,1,1,0,0.001597444089456869,0.0,False,False
72798C,2009-12-01,2011-02-03,28,15,0,0.023961661341853034,0.0,False,False
72799A,2009-12-03,2010-08-04,612,17,0,0.027156549520766772,0.0,False,False
72799B,2009-12-01,2010-01-05,322,9,0,0.01437699680511182,0.0,False,False
72799C,2009-12-01,2011-05-06,395,31,0,0.04952076677316294,0.0,False,False
72799D,2009-12-01,2010-09-29,78,18,0,0.02875399361022364,0.0,False,False
72799E,2009-12-01,2011-08-08,903,101,5,0.16134185303514376,0.05555555555555555,False,False
72799F,2009-12-01,2011-07-26,1060,74,2,0.1182108626198083,0.022222222222222223,False,False
72800A,2009-12-01,2010-05-16,677,40,0,0.06389776357827476,0.0,False,False
72800B,2009-12-04,2011-07-08,879,59,3,0.09424920127795527,0.03333333333333333,False,False
72800C,2009-12-07,2011-07-31,572,55,5,0.0878594249201278,0.05555555555555555,False,False
72800D,2009-12-04,2011-08-18,615,67,6,0.10702875399361023,0.06666666666666667,False,False
72800E,2009-12-01,2011-08-18,1135,155,13,0.2476038338658147,0.14444444444444443,False,False
72800F,2009-12-01,2010-11-21,825,51,0,0.08146964856230032,0.0,False,False
72801C,2009-12-11,2011-08-11,713,64,6,0.10223642172523961,0.06666666666666667,False,False
72801D,2009-12-04,2011-07-21,608,80,5,0.12779552715654952,0.05555555555555555,False,False
72801E,2009-12-01,2010-09-02,776,25,0,0.039936102236421724,0.0,False,False
72801F,2009-12-01,2010-01-28,234,15,0,0.023961661341853034,0.0,False,False
72801G,2009-12-01,2011-08-05,1322,57,2,0.09105431309904154,0.022222222222222223,False,False
72802A,2009-12-02,2011-08-17,835,141,13,0.22523961661341854,0.14444444444444443,False,False
72802B,2009-12-01,2011-08-18,810,156,14,0.24920127795527156,0.15555555555555556,False,False
72802C,2009-12-01,2011-08-18,1144,174,16,0.2779552715654952,0.17777777777777778,False,False
72803A,2009-12-02,2011-08-15,296,81,6,0.12939297124600638,0.06666666666666667,False,False
72803B,2009-12-03,2010-12-03,95,34,0,0.054313099041533544,0.0,False,False
72805,2009-12-06,2010-02-07,10,3,0,0.004792332268370607,0.0,False,False
72807A,2009-12-01,2011-08-10,799,140,15,0.22364217252396165,0.16666666666666666,False,False
72807B,2009-12-01,2011-08-10,951,158,17,0.2523961661341853,0.18888888888888888,False,False
72807C,2009-12-01,2011-08-17,1703,212,23,0.33865814696485624,0.25555555555555554,False,False
72811,2009-12-02,2011-08-17,425,17,2,0.027156549520766772,0.022222222222222223,False,False
72812,2009-12-11,2011-08-09,95,24,2,0.038338658146964855,0.022222222222222223,False,False
72814,2009-12-01,2010-11-22,269,39,0,0.06230031948881789,0.0,False,False
72815,2009-12-01,2011-01-26,282,48,0,0.07667731629392971,0.0,False,False
72816,2009-12-01,2011-07-05,614,73,3,0.11661341853035144,0.03333333333333333,False,False
72817,2009-12-02,2011-07-15,471,60,3,0.09584664536741214,0.03333333333333333,False,False
72818,2009-12-02,2011-07-15,683,51,1,0.08146964856230032,0.011111111111111112,False,False
72819,2009-12-04,2011-07-20,583,66,5,0.10543130990415335,0.05555555555555555,False,False
72821,2010-01-31,2011-02-10,61,14,0,0.022364217252396165,0.0,False,False
75011,2009-12-11,2011-08-10,69,9,4,0.01437699680511182,0.044444444444444446,False,False
75013B,2009-12-01,2011-01-16,390,69,0,0.11022364217252396,0.0,False,False
75049L,2009-12-02,2011-08-18,12474,189,42,0.3019169329073482,0.4666666666666667,True,False
75131,2009-12-11,2011-04-04,1217,61,0,0.09744408945686901,0.0,False,False
75149N,2009-12-04,2010-05-04,272,22,0,0.03514376996805112,0.0,False,False
75172,2010-06-23,2011-07-04,97,10,5,0.01597444089456869,0.05555555555555555,False,False
75178,2010-02-18,2011-07-08,488,23,1,0.036741214057507986,0.011111111111111112,False,False
77079,2010-03-03,2011-06-12,64,12,1,0.019169329073482427,0.011111111111111112,False,False
77081,2009-12-01,2010-08-31,242,29,0,0.0463258785942492,0.0,False,False
77101A,2009-12-06,2011-03-21,1084,80,0,0.12779552715654952,0.0,False,False
78026,2010-01-17,2010-09-03,12,2,0,0.003194888178913738,0.0,False,False
78027,2010-01-31,2010-09-03,6,5,0,0.007987220447284345,0.0,False,False
78033,2010-01-27,2011-06-13,67,12,3,0.019169329073482427,0.03333333333333333,False,False
78034B,2010-06-16,2011-08-02,14,8,2,0.012779552715654952,0.022222222222222223,False,False
78056,2009-12-02,2009-12-08,3,2,0,0.003194888178913738,0.0,False,False
78124,2009-12-03,2011-07-31,645,19,5,0.03035143769968051,0.05555555555555555,False,False
79000,2009-12-01,2011-08-15,11997,273,20,0.43610223642172524,0.2222222222222222,False,False
79026B,2009-12-01,2011-05-18,70,32,0,0.051118210862619806,0.0,False,False
79029,2009-12-01,2010-08-09,2958,149,0,0.2380191693290735,0.0,False,False
79030A,2009-12-01,2010-07-29,171,26,0,0.04153354632587859,0.0,False,False
79030D,2009-12-08,2011-08-01,979,52,21,0.08306709265175719,0.23333333333333334,False,False
79030G,2009-12-02,2011-06-03,1763,90,7,0.14376996805111822,0.07777777777777778,False,False
79051A,2009-12-02,2011-08-03,683,36,11,0.05750798722044728,0.12222222222222222,False,False
79062D,2011-02-17,2011-08-16,52,4,3,0.006389776357827476,0.03333333333333333,False,False
79063C,2011-03-09,2011-07-29,197,8,5,0.012779552715654952,0.05555555555555555,False,False
79063D,2011-02-09,2011-07-29,175,6,3,0.009584664536741214,0.03333333333333333,False,False
79065A,2009-12-02,2009-12-02,4,1,0,0.001597444089456869,0.0,False,False
79066K,2009-12-07,2011-08-18,1001,156,26,0.24920127795527156,0.28888888888888886,False,False
79067,2009-12-01,2010-12-21,1616,209,0,0.33386581469648563,0.0,False,False
79070B,2009-12-01,2009-12-01,1,1,0,0.001597444089456869,0.0,False,False
79071B,2010-02-01,2011-06-13,154,62,2,0.09904153354632587,0.022222222222222223,False,False
79072,2009-12-01,2010-03-29,285,55,0,0.0878594249201278,0.0,False,False
79140,2010-02-01,2010-06-01,15,2,0,0.003194888178913738,0.0,False,False
79144B,2009-12-04,2011-08-09,262,59,9,0.09424920127795527,0.1,False,False
79144C,2009-12-14,2011-08-04,233,69,10,0.11022364217252396,0.1111111111111111,False,False
79149B,2009-12-04,2011-06-05,15,6,1,0.009584664536741214,0.011111111111111112,False,False
79151B,2010-12-05,2010-12-05,1,1,0,0.001597444089456869,0.0,False,False
79157B,2010-02-07,2010-02-07,1,1,0,0.001597444089456869,0.0,False,False
79160,2009-12-01,2011-08-12,912,134,7,0.21405750798722045,0.07777777777777778,False,False
79161A,2010-03-10,2010-11-26,49,13,0,0.020766773162939296,0.0,False,False
79163,2009-12-02,2011-08-16,1813,54,16,0.08626198083067092,0.17777777777777778,False,False
79164,2009-12-01,2011-06-06,3641,75,2,0.11980830670926518,0.022222222222222223,False,False
79172D,2010-03-08,2010-10-31,24,4,0,0.006389776357827476,0.0,False,False
79190A,2009-12-03,2011-08-09,585,86,15,0.13738019169329074,0.16666666666666666,False,False
79190B,2009-12-02,2011-08-09,1302,103,10,0.1645367412140575,0.1111111111111111,False,False
79190D,2009-12-03,2011-08-09,559,93,8,0.1485623003194888,0.08888888888888889,False,False
79191B,2009-12-04,2011-08-02,410,52,5,0.08306709265175719,0.05555555555555555,False,False
79191C,2009-12-02,2011-08-05,1248,106,16,0.16932907348242812,0.17777777777777778,False,False
79191D,2009-12-02,2011-06-29,125,45,2,0.07188498402555911,0.022222222222222223,False,False
79192A,2009-12-02,2011-02-02,114,33,0,0.052715654952076675,0.0,False,False
79301,2010-01-21,2010-01-21,1,1,0,0.001597444089456869,0.0,False,False
79302M,2009-12-01,2011-08-18,407,70,8,0.11182108626198083,0.08888888888888889,False,False
79303A,2010-01-26,2010-01-26,2,1,0,0.001597444089456869,0.0,False,False
79303B,2009-12-02,2010-08-09,109,10,0,0.01597444089456869,0.0,False,False
79303D,2009-12-01,2010-08-09,78,16,0,0.025559105431309903,0.0,False,False
79308B,2010-06-02,2010-06-29,144,2,0,0.003194888178913738,0.0,False,False
79315W,2009-12-03,2010-08-09,199,11,0,0.01757188498402556,0.0,False,False
79320,2009-12-02,2010-09-22,904,105,0,0.16773162939297126,0.0,False,False
79321,2009-12-01,2011-08-18,11746,349,60,0.5575079872204473,0.6666666666666666,True,False
79323B,2009-12-01,2011-02-11,243,43,0,0.06869009584664537,0.0,False,False
79323G,2009-12-01,2010-04-19,314,44,0,0.07028753993610223,0.0,False,False
79323GR,2009-12-01,2010-04-20,532,56,0,0.08945686900958466,0.0,False,False
79323LP,2009-12-01,2010-10-25,1433,83,0,0.13258785942492013,0.0,False,False
79323P,2009-12-01,2011-01-11,2281,95,0,0.15175718849840256,0.0,False,False
79323S,2009-12-01,2010-09-16,334,36,0,0.05750798722044728,0.0,False,False
79323W,2009-12-01,2010-09-16,3004,106,0,0.16932907348242812,0.0,False,False
79328,2009-12-01,2010-07-26,594,17,0,0.027156549520766772,0.0,False,False
79329,2009-12-02,2011-04-10,100,7,0,0.011182108626198083,0.0,False,False
79331,2010-02-10,2011-04-07,60,9,0,0.01437699680511182,0.0,False,False
79336,2009-12-02,2011-08-18,834,19,2,0.03035143769968051,0.022222222222222223,False,False
79337,2010-01-04,2011-07-08,1194,21,3,0.03354632587859425,0.03333333333333333,False,False
79338,2009-12-03,2010-03-02,553,13,0,0.020766773162939296,0.0,False,False
79341,2009-12-01,2010-04-20,725,51,0,0.08146964856230032,0.0,False,False
79342B,2009-12-01,2010-04-06,120,30,0,0.04792332268370607,0.0,False,False
79403,2009-12-18,2011-08-08,203,31,3,0.04952076677316294,0.03333333333333333,False,False
79406,2009-12-04,2011-08-18,232,19,3,0.03035143769968051,0.03333333333333333,False,False
79413,2009-12-04,2010-05-04,30,6,0,0.009584664536741214,0.0,False,False
79532,2010-06-07,2010-10-05,97,17,0,0.027156549520766772,0.0,False,False
79534,2009-12-02,2010-10-05,116,16,0,0.025559105431309903,0.0,False,False
81950B,2009-12-03,2011-08-17,217,32,7,0.051118210862619806,0.07777777777777778,False,False
81950V,2009-12-03,2011-07-13,33,9,2,0.01437699680511182,0.022222222222222223,False,False
81952B,2010-01-11,2011-07-26,254,20,9,0.03194888178913738,0.1,False,False
81952V,2009-12-02,2011-08-17,404,37,15,0.05910543130990415,0.16666666666666666,False,False
81953B,2010-05-09,2011-07-18,14,6,3,0.009584664536741214,0.03333333333333333,False,False
81953P,2010-02-24,2011-07-21,33,6,3,0.009584664536741214,0.03333333333333333,False,False
81985A,2009-12-07,2010-08-22,23,7,0,0.011182108626198083,0.0,False,False
82001S,2009-12-01,2011-08-18,2445,143,19,0.22843450479233227,0.2111111111111111,False,False
82011A,2010-02-03,2011-08-08,55,30,2,0.04792332268370607,0.022222222222222223,False,False
82011B,2009-12-02,2011-08-08,67,39,3,0.06230031948881789,0.03333333333333333,False,False
82011C,2009-12-07,2011-08-15,100,59,2,0.09424920127795527,0.022222222222222223,False,False
82011E,2010-02-11,2010-02-11,2,1,0,0.001597444089456869,0.0,False,False
82069,2009-12-16,2010-10-18,17,11,0,0.01757188498402556,0.0,False,False
82072,2010-02-07,2010-08-27,5,3,0,0.004792332268370607,0.0,False,False
82076,2009-12-01,2010-01-27,290,15,0,0.023961661341853034,0.0,False,False
82081,2009-12-01,2010-02-24,174,19,0,0.03035143769968051,0.0,False,False
82093,2009-12-01,2010-01-22,139,17,0,0.027156549520766772,0.0,False,False
82095,2009-12-09,2011-07-05,102,44,6,0.07028753993610223,0.06666666666666667,False,False
82482,2009-12-01,2011-08-18,13600,426,75,0.6805111821086262,0.8333333333333334,True,False
82483,2009-12-01,2011-08-17,3982,367,52,0.5862619808306709,0.5777777777777777,True,False
82484,2010-04-11,2011-08-18,8185,354,63,0.5654952076677316,0.7,False,False
82486,2009-12-01,2011-08-18,3964,422,63,0.6741214057507987,0.7,True,False
82494L,2009-12-01,2011-08-18,12646,438,60,0.6996805111821086,0.6666666666666666,True,False
82545A,2010-01-14,2010-10-21,31,11,0,0.01757188498402556,0.0,False,False
82551,2009-12-01,2011-08-18,4562,345,51,0.5511182108626198,0.5666666666666667,True,False
82552,2009-12-02,2011-08-18,5975,339,52,0.5415335463258786,0.5777777777777777,True,False
82553,2009-12-01,2010-02-18,114,26,0,0.04153354632587859,0.0,False,False
82567,2009-12-01,2011-08-18,929,260,56,0.41533546325878595,0.6222222222222222,True,False
82578,2009-12-01,2011-08-18,4816,337,45,0.5383386581469649,0.5,True,False
82580,2009-12-01,2011-08-18,11282,454,64,0.7252396166134185,0.7111111111111111,True,False
82581,2009-12-01,2011-08-18,7516,396,57,0.6325878594249201,0.6333333333333333,True,False
82582,2009-12-01,2011-08-18,5587,335,52,0.5351437699680511,0.5777777777777777,True,False
82583,2009-12-01,2011-08-16,9120,387,38,0.6182108626198083,0.4222222222222222,True,False
82585,2009-12-02,2010-03-02,165,33,0,0.052715654952076675,0.0,False,False
82587,2009-12-06,2010-05-13,133,31,0,0.04952076677316294,0.0,False,False
82597,2009-12-01,2010-11-01,1236,152,0,0.24281150159744408,0.0,False,False
82599,2009-12-02,2011-05-08,2519,276,0,0.44089456869009586,0.0,False,False
82600,2009-12-01,2011-08-18,10183,434,63,0.6932907348242812,0.7,True,False
82605,2009-12-02,2011-03-18,270,105,0,0.16773162939297126,0.0,False,False
82607A,2009-12-03,2010-10-12,670,104,0,0.16613418530351437,0.0,False,False
82607C,2009-12-01,2010-03-09,115,29,0,0.0463258785942492,0.0,False,False
82607E,2009-12-03,2010-10-31,101,21,0,0.03354632587859425,0.0,False,False
82613A,2009-12-02,2011-07-14,536,90,6,0.14376996805111822,0.06666666666666667,False,False
82613B,2009-12-01,2011-08-18,877,169,15,0.26996805111821087,0.16666666666666666,False,False
82613C,2009-12-02,2011-08-18,742,140,13,0.22364217252396165,0.14444444444444443,False,False
82613D,2009-12-01,2011-08-18,1127,176,17,0.28115015974440893,0.18888888888888888,False,False
82615,2009-12-02,2010-12-01,583,67,0,0.10702875399361023,0.0,False,False
82616A,2009-12-02,2010-10-27,316,44,0,0.07028753993610223,0.0,False,False
82616B,2009-12-01,2011-08-17,374,61,4,0.09744408945686901,0.044444444444444446,False,False
82616C,2009-12-02,2011-07-26,417,63,5,0.10063897763578275,0.05555555555555555,False,False
84006,2009-12-01,2011-08-18,1348,109,8,0.17412140575079874,0.08888888888888889,False,False
84007,2009-12-01,2010-11-30,159,33,0,0.052715654952076675,0.0,False,False
84012,2009-12-01,2011-08-17,1009,84,6,0.134185303514377,0.06666666666666667,False,False
84016,2009-12-07,2011-04-27,979,44,0,0.07028753993610223,0.0,False,False
84029C,2009-12-01,2010-01-05,205,20,0,0.03194888178913738,0.0,False,False
84029D,2009-12-07,2010-02-08,51,12,0,0.019169329073482427,0.0,False,False
84029E,2009-12-01,2011-08-16,7893,251,14,0.4009584664536741,0.15555555555555556,False,False
84029G,2009-12-01,2011-08-17,5246,277,26,0.4424920127795527,0.28888888888888886,False,False
84030B,2010-01-25,2010-03-05,6,4,0,0.006389776357827476,0.0,False,False
84030C,2009-12-01,2010-03-05,53,7,0,0.011182108626198083,0.0,False,False
84030E,2009-12-03,2011-08-18,1224,154,17,0.24600638977635783,0.18888888888888888,False,False
84031A,2009-12-01,2011-08-08,873,143,13,0.22843450479233227,0.14444444444444443,False,False
84031B,2009-12-01,2011-08-16,687,130,17,0.20766773162939298,0.18888888888888888,False,False
84032A,2009-12-01,2011-08-17,2727,226,29,0.3610223642172524,0.32222222222222224,True,False
84032B,2009-12-01,2011-08-11,2680,208,17,0.33226837060702874,0.18888888888888888,False,False
84033,2010-01-15,2011-05-23,391,42,1,0.0670926517571885,0.011111111111111112,False,False
84050,2009-12-01,2011-08-18,9365,322,27,0.5143769968051118,0.3,True,False
84051,2009-12-06,2011-07-13,553,39,5,0.06230031948881789,0.05555555555555555,False,False
84077,2009-12-01,2011-08-17,87508,383,56,0.6118210862619808,0.6222222222222222,True,True
84078A,2009-12-02,2011-08-17,1047,203,32,0.3242811501597444,0.35555555555555557,True,False
84081,2009-12-02,2010-07-14,100,17,0,0.027156549520766772,0.0,False,False
84086B,2010-05-16,2011-07-20,16,9,1,0.01437699680511182,0.011111111111111112,False,False
84086C,2009-12-09,2011-06-05,200,62,3,0.09904153354632587,0.03333333333333333,False,False
84192,2010-02-08,2011-08-02,192,28,7,0.04472843450479233,0.07777777777777778,False,False
84199,2009-12-01,2011-06-24,487,44,1,0.07028753993610223,0.011111111111111112,False,False
84201B,2009-12-06,2010-10-20,26,6,0,0.009584664536741214,0.0,False,False
84201C,2010-08-23,2010-08-24,5,2,0,0.003194888178913738,0.0,False,False
84205C,2010-03-03,2010-03-03,2,1,0,0.001597444089456869,0.0,False,False
84206A,2009-12-06,2010-10-31,55,6,0,0.009584664536741214,0.0,False,False
84206B,2010-08-24,2010-08-24,4,1,0,0.001597444089456869,0.0,False,False
84206C,2009-12-06,2011-06-01,7,3,1,0.004792332268370607,0.011111111111111112,False,False
84212,2009-12-06,2011-08-17,22117,194,31,0.30990415335463256,0.34444444444444444,True,False
84218,2010-01-31,2011-03-31,263,65,0,0.10383386581469649,0.0,False,False
84219,2010-01-31,2010-03-28,140,21,0,0.03354632587859425,0.0,False,False
84226,2010-02-28,2011-06-08,77,17,1,0.027156549520766772,0.011111111111111112,False,False
84227,2010-02-18,2011-03-14,112,11,0,0.01757188498402556,0.0,False,False
84228,2009-12-07,2011-04-15,342,40,0,0.06389776357827476,0.0,False,False
84231,2010-01-24,2011-04-11,217,39,0,0.06230031948881789,0.0,False,False
84247C,2009-12-01,2010-11-29,73,20,0,0.03194888178913738,0.0,False,False
84247E,2010-06-30,2011-07-19,272,43,1,0.06869009584664537,0.011111111111111112,False,False
84247G,2009-12-03,2011-07-14,1438,93,7,0.1485623003194888,0.07777777777777778,False,False
84247H,2009-12-22,2010-06-17,42,20,0,0.03194888178913738,0.0,False,False
84247J,2009-12-02,2009-12-18,10,8,0,0.012779552715654952,0.0,False,False
84247K,2009-12-02,2011-06-24,73,23,1,0.036741214057507986,0.011111111111111112,False,False
84247L,2009-12-03,2011-04-19,1161,91,0,0.14536741214057508,0.0,False,False
84247N,2010-01-11,2011-08-02,103,41,3,0.06549520766773163,0.03333333333333333,False,False
84249A,2010-02-04,2011-08-05,245,29,8,0.0463258785942492,0.08888888888888889,False,False
84249D,2009-12-02,2010-08-23,835,52,0,0.08306709265175719,0.0,False,False
84250M,2009-12-03,2010-07-15,28,13,0,0.020766773162939296,0.0,False,False
84251B,2010-03-08,2011-08-15,294,47,16,0.07507987220447285,0.17777777777777778,False,False
84251C,2009-12-14,2011-08-04,259,40,6,0.06389776357827476,0.06666666666666667,False,False
84251F,2009-12-01,2010-09-20,341,47,0,0.07507987220447285,0.0,False,False
84251G,2009-12-01,2011-07-20,386,68,15,0.10862619808306709,0.16666666666666666,False,False
84251J,2009-12-01,2010-06-07,74,15,0,0.023961661341853034,0.0,False,False
84255A,2009-12-13,2010-01-21,2,2,0,0.003194888178913738,0.0,False,False
84255B,2009-12-03,2010-03-09,66,15,0,0.023961661341853034,0.0,False,False
84270,2009-12-01,2010-12-06,22996,215,0,0.34345047923322686,0.0,False,False
84279B,2009-12-01,2011-06-17,811,149,9,0.2380191693290735,0.1,False,False
84279P,2009-12-06,2011-08-18,1020,199,29,0.31789137380191695,0.32222222222222224,True,False
84288B,2009-12-01,2010-06-23,62,19,0,0.03035143769968051,0.0,False,False
84292,2009-12-03,2010-06-16,44,13,0,0.020766773162939296,0.0,False,False
84292B,2010-01-04,2010-04-29,9,5,0,0.007987220447284345,0.0,False,False
84306,2009-12-03,2011-03-22,48,27,0,0.04313099041533546,0.0,False,False
84311,2010-02-09,2010-02-09,11,1,0,0.001597444089456869,0.0,False,False
84313A,2009-12-15,2010-10-10,38,19,0,0.03035143769968051,0.0,False,False
84313B,2009-12-01,2011-04-01,227,69,0,0.11022364217252396,0.0,False,False
84313C,2010-01-11,2011-06-02,548,65,2,0.10383386581469649,0.022222222222222223,False,False
84327A,2009-12-01,2010-08-05,961,87,0,0.1389776357827476,0.0,False,False
84340,2009-12-01,2009-12-22,21,11,0,0.01757188498402556,0.0,False,False
84341B,2009-12-01,2011-08-15,1335,72,5,0.11501597444089456,0.05555555555555555,False,False
84347,2009-12-01,2011-08-15,24607,174,13,0.2779552715654952,0.14444444444444443,False,False
84352,2009-12-01,2011-08-11,199,79,4,0.12619808306709265,0.044444444444444446,False,False
84356,2009-12-04,2011-08-14,664,98,22,0.15654952076677317,0.24444444444444444,False,False
84358,2009-12-01,2011-08-09,121,29,4,0.0463258785942492,0.044444444444444446,False,False
84360,2009-12-01,2011-07-21,164,32,2,0.051118210862619806,0.022222222222222223,False,False
84366,2010-02-02,2010-05-13,3,3,0,0.004792332268370607,0.0,False,False
84367,2009-12-09,2010-08-04,74,8,0,0.012779552715654952,0.0,False,False
84371,2009-12-02,2010-01-25,30,5,0,0.007987220447284345,0.0,False,False
84375,2009-12-01,2011-08-18,6048,305,49,0.48722044728434505,0.5444444444444444,True,False
84378,2009-12-01,2011-08-17,9143,402,50,0.6421725239616614,0.5555555555555556,True,False
84380,2009-12-01,2011-08-18,8598,391,63,0.6246006389776357,0.7,True,False
84387A,2011-07-21,2011-07-21,11,1,1,0.001597444089456869,0.011111111111111112,False,False
84388,2009-12-01,2011-04-19,72,20,0,0.03194888178913738,0.0,False,False
84396,2009-12-01,2010-02-24,552,34,0,0.054313099041533544,0.0,False,False
84402B,2010-11-17,2011-07-21,63,3,2,0.004792332268370607,0.022222222222222223,False,False
84402D,2009-12-01,2010-03-19,373,13,0,0.020766773162939296,0.0,False,False
84405A,2009-12-02,2010-10-05,129,42,0,0.0670926517571885,0.0,False,False
84406B,2009-12-01,2011-08-18,6741,366,32,0.5846645367412141,0.35555555555555557,True,False
84414B,2009-12-10,2010-03-25,78,9,0,0.01437699680511182,0.0,False,False
84415A,2009-12-08,2011-06-24,27,6,2,0.009584664536741214,0.022222222222222223,False,False
84415B,2009-12-03,2011-06-08,24,7,1,0.011182108626198083,0.011111111111111112,False,False
84422,2009-12-20,2011-08-10,765,35,6,0.05591054313099041,0.06666666666666667,False,False
84424A,2010-06-09,2010-10-24,23,10,0,0.01597444089456869,0.0,False,False
84425A,2009-12-04,2010-05-13,18,9,0,0.01437699680511182,0.0,False,False
84427B,2009-12-04,2010-03-07,17,5,0,0.007987220447284345,0.0,False,False
84429A,2009-12-02,2011-08-10,89,34,5,0.054313099041533544,0.05555555555555555,False,False
84437A,2010-01-11,2010-04-09,106,17,0,0.027156549520766772,0.0,False,False
84447,2010-01-27,2010-03-23,70,15,0,0.023961661341853034,0.0,False,False
84450A,2009-12-16,2010-02-03,52,5,0,0.007987220447284345,0.0,False,False
84450B,2009-12-10,2010-04-01,139,31,0,0.04952076677316294,0.0,False,False
84452,2009-12-04,2011-04-15,186,39,0,0.06230031948881789,0.0,False,False
84454,2009-12-07,2010-04-09,93,14,0,0.022364217252396165,0.0,False,False
84455,2010-01-11,2010-04-09,86,18,0,0.02875399361022364,0.0,False,False
84456,2009-12-04,2010-06-25,37,15,0,0.023961661341853034,0.0,False,False
84457,2010-01-24,2011-05-05,281,56,0,0.08945686900958466,0.0,False,False
84458,2010-01-18,2010-03-21,124,17,0,0.027156549520766772,0.0,False,False
84459A,2009-12-01,2011-08-04,1253,150,14,0.23961661341853036,0.15555555555555556,False,False
84459B,2009-12-07,2011-04-07,1475,144,0,0.23003194888178913,0.0,False,False
84461,2010-01-31,2011-04-20,99,33,0,0.052715654952076675,0.0,False,False
84462,2010-02-02,2011-04-14,100,13,0,0.020766773162939296,0.0,False,False
84464,2010-01-08,2010-02-19,83,9,0,0.01437699680511182,0.0,False,False
84465,2010-02-03,2011-03-29,32,22,0,0.03514376996805112,0.0,False,False
84466,2009-12-01,2011-07-14,1259,49,3,0.07827476038338659,0.03333333333333333,False,False
84467,2009-12-06,2010-07-27,816,44,0,0.07028753993610223,0.0,False,False
84469,2009-12-04,2010-03-24,664,28,0,0.04472843450479233,0.0,False,False
84472,2009-12-01,2010-05-11,87,25,0,0.039936102236421724,0.0,False,False
84482,2009-12-06,2010-10-03,76,28,0,0.04472843450479233,0.0,False,False
84493,2010-06-13,2010-09-27,1142,5,0,0.007987220447284345,0.0,False,False
84497,2009-12-02,2011-06-26,96,34,2,0.054313099041533544,0.022222222222222223,False,False
84499,2009-12-16,2011-01-04,326,37,0,0.05910543130990415,0.0,False,False
84507B,2009-12-01,2011-08-12,1345,94,10,0.1501597444089457,0.1111111111111111,False,False
84507C,2009-12-01,2011-08-04,428,66,9,0.10543130990415335,0.1,False,False
84508A,2009-12-01,2011-08-16,3562,94,14,0.1501597444089457,0.15555555555555556,False,False
84508B,2009-12-04,2011-07-27,153,60,7,0.09584664536741214,0.07777777777777778,False,False
84508C,2009-12-04,2011-08-12,72,34,6,0.054313099041533544,0.06666666666666667,False,False
84509A,2009-12-01,2011-08-17,1370,254,41,0.4057507987220447,0.45555555555555555,True,False
84509B,2009-12-02,2011-08-17,593,146,17,0.23322683706070288,0.18888888888888888,False,False
84509C,2009-12-01,2011-08-17,307,101,13,0.16134185303514376,0.14444444444444443,False,False
84509E,2010-01-11,2011-07-20,144,28,4,0.04472843450479233,0.044444444444444446,False,False
84509F,2009-12-04,2010-11-10,2781,41,0,0.06549520766773163,0.0,False,False
84509G,2009-12-03,2011-08-16,742,115,4,0.18370607028753994,0.044444444444444446,False,False
84510A,2009-12-01,2011-08-17,2047,283,45,0.4520766773162939,0.5,True,False
84510B,2009-12-01,2010-08-02,1188,85,0,0.13578274760383385,0.0,False,False
84510C,2009-12-02,2011-08-11,285,93,9,0.1485623003194888,0.1,False,False
84510E,2010-01-11,2011-08-12,141,28,3,0.04472843450479233,0.03333333333333333,False,False
84510F,2009-12-02,2010-10-07,1101,35,0,0.05591054313099041,0.0,False,False
84519A,2009-12-01,2011-08-15,1052,133,14,0.2124600638977636,0.15555555555555556,False,False
84519B,2009-12-01,2011-08-15,705,133,23,0.2124600638977636,0.25555555555555554,False,False
84520B,2009-12-01,2011-03-03,7513,302,0,0.48242811501597443,0.0,False,False
84520D,2009-12-02,2010-02-26,701,41,0,0.06549520766773163,0.0,False,False
84522,2009-12-07,2011-08-12,185,25,8,0.039936102236421724,0.08888888888888889,False,False
84526,2009-12-02,2010-11-18,538,32,0,0.051118210862619806,0.0,False,False
84527,2010-03-30,2011-07-17,78,20,4,0.03194888178913738,0.044444444444444446,False,False
84529A,2009-12-16,2010-04-20,50,14,0,0.022364217252396165,0.0,False,False
84529B,2010-02-14,2010-04-23,13,5,0,0.007987220447284345,0.0,False,False
84529C,2009-12-16,2010-06-04,78,29,0,0.0463258785942492,0.0,False,False
84531A,2009-12-07,2011-04-18,191,33,0,0.052715654952076675,0.0,False,False
84531B,2009-12-07,2011-04-18,196,34,0,0.054313099041533544,0.0,False,False
84532B,2009-12-02,2010-03-31,54,27,0,0.04313099041533546,0.0,False,False
84533B,2009-12-01,2010-03-12,59,23,0,0.036741214057507986,0.0,False,False
84534B,2009-12-01,2011-01-20,824,146,0,0.23322683706070288,0.0,False,False
84535A,2009-12-01,2011-05-08,607,42,0,0.0670926517571885,0.0,False,False
84535B,2009-12-01,2011-08-17,2099,200,24,0.3194888178913738,0.26666666666666666,False,False
84536A,2009-12-01,2011-08-18,3892,304,53,0.48562300319488816,0.5888888888888889,True,False
84536B,2009-12-01,2011-08-17,2794,231,33,0.36900958466453676,0.36666666666666664,True,False
84537B,2009-12-03,2010-03-15,117,11,0,0.01757188498402556,0.0,False,False
84539,2009-12-07,2011-07-10,58,11,1,0.01757188498402556,0.011111111111111112,False,False
84546,2010-03-01,2010-07-14,21,3,0,0.004792332268370607,0.0,False,False
84548,2009-12-03,2011-07-08,48,13,3,0.020766773162939296,0.03333333333333333,False,False
84549,2009-12-08,2011-07-28,74,15,3,0.023961661341853034,0.03333333333333333,False,False
84550,2009-12-11,2010-11-14,14,4,0,0.006389776357827476,0.0,False,False
84551,2009-12-08,2011-06-14,27,7,1,0.011182108626198083,0.011111111111111112,False,False
84555A,2010-02-02,2010-06-13,47,16,0,0.025559105431309903,0.0,False,False
84558A,2009-12-01,2011-08-15,1170,128,17,0.20447284345047922,0.18888888888888888,False,False
84559A,2009-12-01,2011-08-18,1213,165,22,0.26357827476038337,0.24444444444444444,False,False
84559B,2009-12-01,2011-08-18,1207,155,13,0.2476038338658147,0.14444444444444443,False,False
84559D,2009-12-01,2010-11-15,151,31,0,0.04952076677316294,0.0,False,False
84562A,2009-12-03,2011-02-20,170,68,0,0.10862619808306709,0.0,False,False
84562B,2009-12-02,2010-01-22,10,6,0,0.009584664536741214,0.0,False,False
84563A,2009-12-07,2011-05-17,139,56,0,0.08945686900958466,0.0,False,False
84563B,2009-12-20,2011-06-19,132,51,7,0.08146964856230032,0.07777777777777778,False,False
84564,2009-12-08,2010-06-09,21,11,0,0.01757188498402556,0.0,False,False
84567,2010-01-20,2010-01-20,9,1,0,0.001597444089456869,0.0,False,False
84568,2009-12-01,2011-08-12,35589,183,31,0.29233226837060705,0.34444444444444444,True,True
84569A,2009-12-02,2011-08-16,518,89,20,0.14217252396166133,0.2222222222222222,False,False
84569B,2009-12-04,2011-03-22,437,68,0,0.10862619808306709,0.0,False,False
84569C,2009-12-02,2011-03-25,415,78,0,0.12460063897763578,0.0,False,False
84569D,2009-12-03,2011-08-16,989,129,28,0.20607028753993611,0.3111111111111111,False,False
84570B,2009-12-15,2010-01-20,4,2,0,0.003194888178913738,0.0,False,False
84572,2009-12-02,2009-12-02,1,1,0,0.001597444089456869,0.0,False,False
84575A,2010-02-21,2011-04-19,24,13,0,0.020766773162939296,0.0,False,False
84575B,2009-12-09,2010-02-15,4,3,0,0.004792332268370607,0.0,False,False
84576,2009-12-06,2011-07-20,96,29,11,0.0463258785942492,0.12222222222222222,False,False
84578,2009-12-01,2010-04-09,223,64,0,0.10223642172523961,0.0,False,False
84580,2009-12-01,2011-08-16,888,231,25,0.36900958466453676,0.2777777777777778,False,False
84581,2009-12-03,2011-08-14,421,161,15,0.2571884984025559,0.16666666666666666,False,False
84582,2009-12-01,2010-03-26,15,8,0,0.012779552715654952,0.0,False,False
84584,2009-12-03,2011-07-10,282,70,15,0.11182108626198083,0.16666666666666666,False,False
84586L,2009-12-06,2010-01-31,15,8,0,0.012779552715654952,0.0,False,False
84592,2009-12-06,2011-07-27,154,41,5,0.06549520766773163,0.05555555555555555,False,False
84593,2009-12-06,2011-03-07,26,7,0,0.011182108626198083,0.0,False,False
84595B,2009-12-15,2010-06-27,230,16,0,0.025559105431309903,0.0,False,False
84595E,2009-12-03,2011-08-02,367,43,16,0.06869009584664537,0.17777777777777778,False,False
84596B,2009-12-01,2011-08-18,4646,290,69,0.46325878594249204,0.7666666666666667,True,False
84596E,2009-12-01,2011-04-01,1158,146,0,0.23322683706070288,0.0,False,False
84596F,2009-12-01,2011-08-18,3505,269,63,0.42971246006389774,0.7,True,False
84596G,2009-12-01,2011-08-18,1734,186,44,0.2971246006389776,0.4888888888888889,True,False
84596I,2010-02-19,2010-04-11,72,10,0,0.01597444089456869,0.0,False,False
84596J,2009-12-09,2011-05-23,813,111,1,0.17731629392971246,0.011111111111111112,False,False
84596K,2009-12-01,2010-11-16,428,71,0,0.1134185303514377,0.0,False,False
84596L,2009-12-01,2011-08-17,1465,169,46,0.26996805111821087,0.5111111111111111,True,False
84597B,2009-12-09,2011-06-19,205,26,1,0.04153354632587859,0.011111111111111112,False,False
84597C,2009-12-02,2011-06-02,364,42,1,0.0670926517571885,0.011111111111111112,False,False
84598,2009-12-01,2011-08-12,20178,143,14,0.22843450479233227,0.15555555555555556,False,False
84599,2010-01-14,2010-04-23,15,5,0,0.007987220447284345,0.0,False,False
84600,2009-12-02,2011-07-28,67,33,3,0.052715654952076675,0.03333333333333333,False,False
84601A,2009-12-01,2010-07-15,260,15,0,0.023961661341853034,0.0,False,False
84608,2009-12-04,2010-01-15,6,4,0,0.006389776357827476,0.0,False,False
84609,2009-12-16,2011-06-26,64,23,1,0.036741214057507986,0.011111111111111112,False,False
84611B,2010-01-07,2010-11-15,7,4,0,0.006389776357827476,0.0,False,False
84612B,2010-01-08,2010-10-26,20,4,0,0.006389776357827476,0.0,False,False
84613A,2010-02-23,2011-02-02,22,10,0,0.01597444089456869,0.0,False,False
84613C,2010-03-15,2010-12-08,62,12,0,0.019169329073482427,0.0,False,False
84614A,2010-02-18,2010-12-03,17,10,0,0.01597444089456869,0.0,False,False
84614C,2010-01-05,2010-01-05,3,1,0,0.001597444089456869,0.0,False,False
84615,2009-12-08,2010-04-12,240,17,0,0.027156549520766772,0.0,False,False
84616,2009-12-16,2011-08-09,63,18,2,0.02875399361022364,0.022222222222222223,False,False
84617,2009-12-07,2011-03-18,10,6,0,0.009584664536741214,0.0,False,False
84619,2009-12-02,2010-03-03,72,18,0,0.02875399361022364,0.0,False,False
84620,2009-12-02,2010-12-15,123,46,0,0.07348242811501597,0.0,False,False
84621,2009-12-14,2010-04-23,29,15,0,0.023961661341853034,0.0,False,False
84622,2009-12-01,2010-02-01,23,7,0,0.011182108626198083,0.0,False,False
84623,2009-12-02,2010-03-03,56,12,0,0.019169329073482427,0.0,False,False
84625A,2009-12-03,2011-08-18,735,65,6,0.10383386581469649,0.06666666666666667,False,False
84625B,2009-12-04,2010-03-24,180,16,0,0.025559105431309903,0.0,False,False
84625C,2009-12-02,2011-08-18,694,57,6,0.09105431309904154,0.06666666666666667,False,False
84625D,2009-12-03,2010-11-17,651,42,0,0.0670926517571885,0.0,False,False
84626,2009-12-09,2009-12-09,1,1,0,0.001597444089456869,0.0,False,False
84627,2009-12-03,2010-09-26,51,19,0,0.03035143769968051,0.0,False,False
84629,2010-02-22,2011-07-26,24,12,8,0.019169329073482427,0.08888888888888889,False,False
84630,2010-01-21,2010-01-21,2,1,0,0.001597444089456869,0.0,False,False
84631,2009-12-16,2011-06-30,289,43,3,0.06869009584664537,0.03333333333333333,False,False
84632,2010-03-11,2011-07-21,15,11,2,0.01757188498402556,0.022222222222222223,False,False
84637,2009-12-14,2011-08-12,571,89,34,0.14217252396166133,0.37777777777777777,False,False
84638,2009-12-03,2011-08-14,399,55,8,0.0878594249201278,0.08888888888888889,False,False
84648,2009-12-01,2009-12-01,1,1,0,0.001597444089456869,0.0,False,False
84653,2010-01-11,2010-03-24,14,12,0,0.019169329073482427,0.0,False,False
84656,2009-12-01,2010-05-20,22,13,0,0.020766773162939296,0.0,False,False
84657,2009-12-18,2010-04-19,247,17,0,0.027156549520766772,0.0,False,False
84658,2009-12-01,2011-06-19,189,50,2,0.07987220447284345,0.022222222222222223,False,False
84659A,2009-12-03,2011-08-11,538,150,19,0.23961661341853036,0.2111111111111111,False,False
84660A,2009-12-18,2011-08-18,365,36,15,0.05750798722044728,0.16666666666666666,False,False
84660B,2009-12-01,2011-08-10,545,57,12,0.09105431309904154,0.13333333333333333,False,False
84660C,2009-12-02,2011-08-11,570,92,16,0.14696485623003194,0.17777777777777778,False,False
84661A,2009-12-07,2011-07-12,146,31,3,0.04952076677316294,0.03333333333333333,False,False
84661B,2009-12-16,2011-07-26,151,34,4,0.054313099041533544,0.044444444444444446,False,False
84661C,2009-12-04,2011-07-26,94,19,2,0.03035143769968051,0.022222222222222223,False,False
84663A,2009-12-07,2011-07-24,344,53,13,0.08466453674121406,0.14444444444444443,False,False
84664,2009-12-09,2010-10-24,193,23,0,0.036741214057507986,0.0,False,False
84665,2009-12-09,2011-07-25,206,30,5,0.04792332268370607,0.05555555555555555,False,False
84666,2009-12-09,2011-04-19,226,18,0,0.02875399361022364,0.0,False,False
84670,2009-12-01,2010-11-22,5223,128,0,0.20447284345047922,0.0,False,False
84671B,2009-12-01,2010-01-11,111,18,0,0.02875399361022364,0.0,False,False
84673A,2009-12-02,2011-08-11,494,81,22,0.12939297124600638,0.24444444444444444,False,False
84673B,2009-12-01,2011-08-11,471,101,20,0.16134185303514376,0.2222222222222222,False,False
84674,2009-12-08,2011-08-17,433,83,13,0.13258785942492013,0.14444444444444443,False,False
84675,2009-12-03,2011-01-17,206,51,0,0.08146964856230032,0.0,False,False
84676,2009-12-03,2010-08-18,848,77,0,0.12300319488817892,0.0,False,False
84678,2009-12-08,2011-03-23,568,73,0,0.11661341853035144,0.0,False,False
84679,2010-03-02,2011-06-21,10,3,1,0.004792332268370607,0.011111111111111112,False,False
84680,2009-12-03,2010-09-05,94,16,0,0.025559105431309903,0.0,False,False
84682,2009-12-08,2010-09-27,295,46,0,0.07348242811501597,0.0,False,False
84683,2009-12-02,2011-05-03,539,43,0,0.06869009584664537,0.0,False,False
84684,2009-12-01,2010-06-04,609,33,0,0.052715654952076675,0.0,False,False
84685,2009-12-02,2011-05-22,436,108,1,0.17252396166134185,0.011111111111111112,False,False
84686,2009-12-01,2011-07-10,389,67,4,0.10702875399361023,0.044444444444444446,False,False
84687,2009-12-03,2011-08-04,287,58,11,0.0926517571884984,0.12222222222222222,False,False
84688,2009-12-02,2011-05-12,422,68,0,0.10862619808306709,0.0,False,False
84689,2009-12-18,2011-05-04,312,36,0,0.05750798722044728,0.0,False,False
84690,2009-12-02,2010-08-15,28,14,0,0.022364217252396165,0.0,False,False
84691,2009-12-01,2011-05-31,2754,139,1,0.2220447284345048,0.011111111111111112,False,False
84692,2009-12-02,2011-08-16,16561,411,62,0.6565495207667732,0.6888888888888889,True,False
84705A,2009-12-02,2010-04-07,15,7,0,0.011182108626198083,0.0,False,False
84705B,2009-12-01,2009-12-23,86,4,0,0.006389776357827476,0.0,False,False
84705C,2009-12-04,2011-05-03,162,8,0,0.012779552715654952,0.0,False,False
84705D,2009-12-02,2010-07-12,22,14,0,0.022364217252396165,0.0,False,False
84705F,2009-12-02,2010-04-18,10,5,0,0.007987220447284345,0.0,False,False
84706A,2009-12-17,2010-02-28,137,7,0,0.011182108626198083,0.0,False,False
84706B,2009-12-03,2010-02-11,20,9,0,0.01437699680511182,0.0,False,False
84706C,2009-12-01,2010-01-27,84,4,0,0.006389776357827476,0.0,False,False
84706D,2009-12-18,2011-05-22,219,16,1,0.025559105431309903,0.011111111111111112,False,False
84706F,2009-12-01,2011-07-31,20,9,2,0.01437699680511182,0.022222222222222223,False,False
84707A,2009-12-07,2011-07-20,76,37,4,0.05910543130990415,0.044444444444444446,False,False
84707B,2009-12-08,2011-07-17,55,40,1,0.06389776357827476,0.011111111111111112,False,False
84708B,2009-12-02,2011-08-16,115,42,6,0.0670926517571885,0.06666666666666667,False,False
84709A,2010-05-28,2010-10-26,25,13,0,0.020766773162939296,0.0,False,False
84709B,2009-12-01,2011-06-26,177,72,2,0.11501597444089456,0.022222222222222223,False,False
84711A,2009-12-13,2011-07-19,37,19,2,0.03035143769968051,0.022222222222222223,False,False
84711B,2009-12-02,2011-07-21,32,24,4,0.038338658146964855,0.044444444444444446,False,False
84712B,2009-12-02,2011-08-15,87,50,4,0.07987220447284345,0.044444444444444446,False,False
84715,2009-12-07,2011-04-13,241,42,0,0.0670926517571885,0.0,False,False
84720,2010-03-03,2010-03-25,35,2,0,0.003194888178913738,0.0,False,False
84721,2009-12-03,2009-12-04,20,2,0,0.003194888178913738,0.0,False,False
84723,2010-02-05,2011-08-08,54,12,4,0.019169329073482427,0.044444444444444446,False,False
84725,2009-12-03,2011-08-10,105,21,6,0.03354632587859425,0.06666666666666667,False,False
84726,2010-03-03,2010-08-20,233,4,0,0.006389776357827476,0.0,False,False
84731,2010-04-27,2011-07-31,3,3,1,0.004792332268370607,0.011111111111111112,False,False
84732B,2009-12-17,2011-08-18,28,6,2,0.009584664536741214,0.022222222222222223,False,False
84732D,2009-12-17,2011-08-18,15,5,2,0.007987220447284345,0.022222222222222223,False,False
84741C,2009-12-06,2011-04-27,186,44,0,0.07028753993610223,0.0,False,False
84743C,2010-03-12,2011-03-31,10,5,0,0.007987220447284345,0.0,False,False
84744,2009-12-07,2011-08-05,145,26,2,0.04153354632587859,0.022222222222222223,False,False
84745A,2009-12-03,2011-04-27,74,15,0,0.023961661341853034,0.0,False,False
84745B,2009-12-03,2011-04-27,85,17,0,0.027156549520766772,0.0,False,False
84746,2009-12-07,2011-07-20,24,16,9,0.025559105431309903,0.1,False,False
84748,2009-12-18,2011-07-22,1166,64,15,0.10223642172523961,0.16666666666666666,False,False
84750A,2009-12-01,2011-03-20,544,68,0,0.10862619808306709,0.0,False,False
84750B,2009-12-02,2011-04-19,609,67,0,0.10702875399361023,0.0,False,False
84751B,2010-02-23,2011-04-08,40,18,0,0.02875399361022364,0.0,False,False
84753A,2009-12-04,2010-02-19,97,18,0,0.02875399361022364,0.0,False,False
84754,2009-12-01,2011-08-18,1969,116,9,0.1853035143769968,0.1,False,False
84755,2009-12-01,2011-08-18,36927,418,69,0.6677316293929713,0.7666666666666667,True,True
84757,2010-05-16,2010-06-06,5,4,0,0.006389776357827476,0.0,False,False
84760L,2010-05-04,2010-05-04,560,1,0,0.001597444089456869,0.0,False,False
84760S,2009-12-09,2011-05-12,228,35,0,0.05591054313099041,0.0,False,False
84761,2009-12-03,2010-09-16,279,53,0,0.08466453674121406,0.0,False,False
84762A,2009-12-04,2010-06-30,59,23,0,0.036741214057507986,0.0,False,False
84762B,2009-12-04,2010-09-12,113,39,0,0.06230031948881789,0.0,False,False
84762C,2009-12-07,2010-05-21,105,37,0,0.05910543130990415,0.0,False,False
84763,2009-12-03,2011-05-27,1517,144,1,0.23003194888178913,0.011111111111111112,False,False
84765,2009-12-02,2010-03-16,9,6,0,0.009584664536741214,0.0,False,False
84766,2010-01-14,2011-05-19,197,22,0,0.03514376996805112,0.0,False,False
84767,2009-12-01,2010-03-14,195,6,0,0.009584664536741214,0.0,False,False
84770,2010-02-28,2010-04-08,135,9,0,0.01437699680511182,0.0,False,False
84773,2009-12-01,2010-12-05,190,43,0,0.06869009584664537,0.0,False,False
84782A,2009-12-01,2010-08-19,119,22,0,0.03514376996805112,0.0,False,False
84782B,2009-12-15,2010-06-06,10,6,0,0.009584664536741214,0.0,False,False
84782C,2009-12-01,2010-09-06,74,18,0,0.02875399361022364,0.0,False,False
84789,2009-12-06,2011-07-21,447,103,2,0.1645367412140575,0.022222222222222223,False,False
84791,2009-12-01,2010-07-20,337,77,0,0.12300319488817892,0.0,False,False
84792,2009-12-01,2011-08-15,2038,289,32,0.46166134185303515,0.35555555555555557,True,False
84795A,2009-12-06,2010-08-04,209,50,0,0.07987220447284345,0.0,False,False
84795B,2009-12-06,2011-08-18,303,92,18,0.14696485623003194,0.2,False,False
84795C,2009-12-02,2011-01-31,325,83,0,0.13258785942492013,0.0,False,False
84795D,2009-12-04,2010-08-03,189,57,0,0.09105431309904154,0.0,False,False
84795E,2009-12-02,2010-08-01,10,5,0,0.007987220447284345,0.0,False,False
84796A,2009-12-07,2011-08-11,307,106,23,0.16932907348242812,0.25555555555555554,False,False
84796B,2009-12-01,2011-08-11,594,125,43,0.19968051118210864,0.4777777777777778,False,False
84797A,2009-12-01,2010-06-04,499,28,0,0.04472843450479233,0.0,False,False
84797B,2009-12-01,2010-06-01,344,23,0,0.036741214057507986,0.0,False,False
84798A,2010-01-05,2011-06-01,188,9,1,0.01437699680511182,0.011111111111111112,False,False
84798B,2010-01-07,2011-03-22,326,10,0,0.01597444089456869,0.0,False,False
84798C,2010-01-05,2010-02-04,16,3,0,0.004792332268370607,0.0,False,False
84799,2010-01-21,2011-04-14,679,29,0,0.0463258785942492,0.0,False,False
84800L,2010-01-19,2011-06-03,650,38,2,0.06070287539936102,0.022222222222222223,False,False
84800M,2010-01-28,2011-08-10,248,25,4,0.039936102236421724,0.044444444444444446,False,False
84800S,2010-02-19,2011-08-16,388,17,1,0.027156549520766772,0.011111111111111112,False,False
84801A,2010-01-05,2011-05-25,262,14,1,0.022364217252396165,0.011111111111111112,False,False
84801B,2009-12-17,2011-04-06,214,17,0,0.027156549520766772,0.0,False,False
84802A,2009-12-11,2010-12-19,209,24,0,0.038338658146964855,0.0,False,False
84802B,2009-12-02,2011-03-01,435,17,0,0.027156549520766772,0.0,False,False
84803A,2010-01-07,2011-02-14,112,16,0,0.025559105431309903,0.0,False,False
84803B,2010-02-04,2011-08-10,42,10,1,0.01597444089456869,0.011111111111111112,False,False
84804A,2010-01-19,2011-08-16,209,15,1,0.023961661341853034,0.011111111111111112,False,False
84804B,2010-01-05,2011-08-16,316,16,2,0.025559105431309903,0.022222222222222223,False,False
84805A,2010-03-02,2011-08-10,123,6,1,0.009584664536741214,0.011111111111111112,False,False
84805B,2010-01-07,2010-10-22,302,6,0,0.009584664536741214,0.0,False,False
84806A,2010-01-24,2011-06-28,221,15,1,0.023961661341853034,0.011111111111111112,False,False
84806B,2010-03-14,2011-07-13,355,23,4,0.036741214057507986,0.044444444444444446,False,False
84807,2010-01-07,2010-05-14,233,7,0,0.011182108626198083,0.0,False,False
84809A,2010-01-27,2011-06-01,276,19,2,0.03035143769968051,0.022222222222222223,False,False
84809B,2010-01-27,2011-02-25,296,7,0,0.011182108626198083,0.0,False,False
84813,2009-12-01,2011-08-18,369,75,11,0.11980830670926518,0.12222222222222222,False,False
84814A,2010-03-26,2010-03-26,1,1,0,0.001597444089456869,0.0,False,False
84814B,2009-12-01,2009-12-06,7,2,0,0.003194888178913738,0.0,False,False
84815,2009-12-10,2010-06-15,930,48,0,0.07667731629392971,0.0,False,False
84816,2009-12-21,2011-08-18,32,19,5,0.03035143769968051,0.05555555555555555,False,False
84817,2010-02-08,2011-08-16,809,59,10,0.09424920127795527,0.1111111111111111,False,False
84818,2009-12-02,2011-08-16,1304,144,22,0.23003194888178913,0.24444444444444444,False,False
84819,2009-12-06,2011-08-03,673,58,6,0.0926517571884984,0.06666666666666667,False,False
84820,2010-01-19,2011-08-15,258,40,5,0.06389776357827476,0.05555555555555555,False,False
84821,2009-12-22,2011-08-03,1196,57,6,0.09105431309904154,0.06666666666666667,False,False
84823,2010-04-26,2011-02-07,120,16,0,0.025559105431309903,0.0,False,False
84824,2009-12-14,2011-06-09,37,28,1,0.04472843450479233,0.011111111111111112,False,False
84826,2009-12-06,2011-08-05,1571,38,4,0.06070287539936102,0.044444444444444446,False,False
84827,2009-12-08,2011-07-01,944,23,1,0.036741214057507986,0.011111111111111112,False,False
84828,2009-12-02,2011-08-11,2387,223,46,0.3562300319488818,0.5111111111111111,True,False
84830,2009-12-05,2010-03-07,113,7,0,0.011182108626198083,0.0,False,False
84832,2009-12-01,2011-08-17,5019,284,32,0.4536741214057508,0.35555555555555557,True,False
84836,2009-12-01,2011-08-18,17633,447,61,0.7140575079872205,0.6777777777777778,True,False
84837,2009-12-01,2010-08-02,253,106,0,0.16932907348242812,0.0,False,False
84838,2009-12-18,2010-01-12,50,3,0,0.004792332268370607,0.0,False,False
84839,2009-12-01,2010-10-26,1538,187,0,0.2987220447284345,0.0,False,False
84840,2010-05-02,2011-03-25,284,97,0,0.15495207667731628,0.0,False,False
84842,2009-12-07,2011-08-01,1502,31,4,0.04952076677316294,0.044444444444444446,False,False
84843,2009-12-07,2011-08-05,176,79,7,0.12619808306709265,0.07777777777777778,False,False
84845A,2009-12-06,2009-12-06,1,1,0,0.001597444089456869,0.0,False,False
84845C,2009-12-06,2010-08-18,42,13,0,0.020766773162939296,0.0,False,False
84845D,2009-12-06,2010-10-21,41,10,0,0.01597444089456869,0.0,False,False
84846A,2009-12-04,2011-07-15,226,48,1,0.07667731629392971,0.011111111111111112,False,False
84847,2009-12-14,2011-08-01,2332,46,4,0.07348242811501597,0.044444444444444446,False,False
84849A,2009-12-08,2011-08-18,415,80,16,0.12779552715654952,0.17777777777777778,False,False
84849B,2009-12-01,2011-07-20,1936,216,8,0.3450479233226837,0.08888888888888889,False,False
84849D,2010-01-14,2011-08-08,1429,181,14,0.28913738019169327,0.15555555555555556,False,False
84854,2009-12-01,2010-12-01,382,77,0,0.12300319488817892,0.0,False,False
84855,2009-12-01,2010-07-11,36,11,0,0.01757188498402556,0.0,False,False
84856L,2009-12-17,2011-03-18,238,66,0,0.10543130990415335,0.0,False,False
84856S,2009-12-14,2011-03-30,467,29,0,0.0463258785942492,0.0,False,False
84857A,2010-02-03,2010-05-21,8,3,0,0.004792332268370607,0.0,False,False
84857B,2011-07-21,2011-07-21,24,1,1,0.001597444089456869,0.011111111111111112,False,False
84857C,2010-06-16,2011-07-04,197,15,6,0.023961661341853034,0.06666666666666667,False,False
84858A,2009-12-04,2010-09-15,53,8,0,0.012779552715654952,0.0,False,False
84858B,2010-04-28,2010-06-02,326,7,0,0.011182108626198083,0.0,False,False
84858C,2009-12-18,2011-04-13,347,28,0,0.04472843450479233,0.0,False,False
84859A,2009-12-11,2011-08-18,236,36,11,0.05750798722044728,0.12222222222222222,False,False
84859B,2010-02-03,2011-08-18,270,12,4,0.019169329073482427,0.044444444444444446,False,False
84859C,2009-12-11,2011-08-18,258,21,5,0.03354632587859425,0.05555555555555555,False,False
84864A,2010-02-08,2010-08-19,7,4,0,0.006389776357827476,0.0,False,False
84865,2009-12-22,2011-07-01,79,43,6,0.06869009584664537,0.06666666666666667,False,False
84867A,2010-01-07,2010-05-05,17,4,0,0.006389776357827476,0.0,False,False
84867B,2010-01-25,2010-01-25,2,1,0,0.001597444089456869,0.0,False,False
84868A,2010-01-26,2010-01-31,2,2,0,0.003194888178913738,0.0,False,False
84868B,2010-01-26,2010-05-09,5,4,0,0.006389776357827476,0.0,False,False
84869,2009-12-09,2010-04-23,302,24,0,0.038338658146964855,0.0,False,False
84870B,2009-12-07,2011-08-18,87,35,3,0.05591054313099041,0.03333333333333333,False,False
84870C,2009-12-14,2011-08-18,87,33,2,0.052715654952076675,0.022222222222222223,False,False
84872A,2009-12-01,2011-07-26,235,90,2,0.14376996805111822,0.022222222222222223,False,False
84873A,2009-12-01,2011-06-01,121,22,1,0.03514376996805112,0.011111111111111112,False,False
84874B,2009-12-02,2011-08-02,86,34,7,0.054313099041533544,0.07777777777777778,False,False
84875A,2009-12-02,2010-11-30,16,12,0,0.019169329073482427,0.0,False,False
84875B,2010-04-18,2011-08-04,298,11,4,0.01757188498402556,0.044444444444444446,False,False
84875D,2009-12-03,2011-08-07,350,17,3,0.027156549520766772,0.03333333333333333,False,False
84876B,2009-12-10,2011-07-22,237,19,9,0.03035143769968051,0.1,False,False
84876C,2009-12-13,2010-03-07,8,3,0,0.004792332268370607,0.0,False,False
84876D,2009-12-16,2011-08-08,317,30,6,0.04792332268370607,0.06666666666666667,False,False
84877A,2009-12-17,2011-06-13,74,17,1,0.027156549520766772,0.011111111111111112,False,False
84877B,2009-12-01,2011-08-08,263,37,11,0.05910543130990415,0.12222222222222222,False,False
84877D,2009-12-09,2011-08-08,153,35,8,0.05591054313099041,0.08888888888888889,False,False
84879,2009-12-01,2011-08-18,66706,486,74,0.7763578274760383,0.8222222222222222,True,True
84880,2009-12-03,2011-08-17,1677,225,17,0.35942492012779553,0.18888888888888888,False,False
84881,2010-01-28,2011-07-17,52,24,1,0.038338658146964855,0.011111111111111112,False,False
84882,2009-12-03,2011-07-21,57,29,1,0.0463258785942492,0.011111111111111112,False,False
84884A,2009-12-01,2011-08-18,1688,229,17,0.365814696485623,0.18888888888888888,False,False
84886,2010-01-28,2010-07-01,13,9,0,0.01437699680511182,0.0,False,False
84891B,2010-05-30,2010-11-18,12,5,0,0.007987220447284345,0.0,False,False
84893,2009-12-06,2010-03-01,34,15,0,0.023961661341853034,0.0,False,False
84898F,2009-12-01,2011-03-24,165,44,0,0.07028753993610223,0.0,False,False
84899E,2009-12-01,2010-05-06,53,18,0,0.02875399361022364,0.0,False,False
84899F,2009-12-01,2010-11-26,121,46,0,0.07348242811501597,0.0,False,False
84901,2009-12-01,2010-10-20,126,62,0,0.09904153354632587,0.0,False,False
84902,2009-12-01,2010-07-04,84,42,0,0.0670926517571885,0.0,False,False
84905,2009-12-16,2011-06-29,269,83,8,0.13258785942492013,0.08888888888888889,False,False
84906,2009-12-03,2011-05-23,66,21,1,0.03354632587859425,0.011111111111111112,False,False
84907,2009-12-02,2011-07-26,386,31,15,0.04952076677316294,0.16666666666666666,False,False
84908A,2010-02-07,2010-11-12,433,34,0,0.054313099041533544,0.0,False,False
84908B,2010-03-02,2010-11-18,435,32,0,0.051118210862619806,0.0,False,False
84909A,2009-12-09,2010-03-24,209,14,0,0.022364217252396165,0.0,False,False
84910A,2009-12-01,2011-07-20,432,51,11,0.08146964856230032,0.12222222222222222,False,False
84912A,2009-12-03,2011-08-18,1077,177,32,0.2827476038338658,0.35555555555555557,True,False
84912B,2009-12-01,2011-08-18,1025,162,32,0.25878594249201275,0.35555555555555557,True,False
84913A,2009-12-09,2011-08-12,592,192,31,0.30670926517571884,0.34444444444444444,True,False
84913B,2009-12-02,2011-07-25,388,146,5,0.23322683706070288,0.05555555555555555,False,False
84914A,2010-05-05,2010-06-09,6,5,0,0.007987220447284345,0.0,False,False
84915,2010-03-30,2011-06-14,221,26,1,0.04153354632587859,0.011111111111111112,False,False
84916,2009-12-04,2011-05-04,261,51,0,0.08146964856230032,0.0,False,False
84917,2010-01-07,2011-05-26,229,45,1,0.07188498402555911,0.011111111111111112,False,False
84918,2009-12-06,2010-09-27,208,51,0,0.08146964856230032,0.0,False,False
84919,2009-12-09,2011-08-12,283,37,13,0.05910543130990415,0.14444444444444443,False,False
84920,2009-12-01,2011-08-15,181,65,19,0.10383386581469649,0.2111111111111111,False,False
84921,2009-12-13,2011-04-19,27,12,0,0.019169329073482427,0.0,False,False
84922,2009-12-03,2011-05-16,337,14,0,0.022364217252396165,0.0,False,False
84923,2010-02-04,2011-08-12,161,86,10,0.13738019169329074,0.1111111111111111,False,False
84924A,2009-12-04,2011-08-16,99,42,3,0.0670926517571885,0.03333333333333333,False,False
84924D,2009-12-04,2010-11-11,764,15,0,0.023961661341853034,0.0,False,False
84924F,2009-12-22,2011-07-29,975,10,3,0.01597444089456869,0.03333333333333333,False,False
84925A,2009-12-02,2010-03-28,179,17,0,0.027156549520766772,0.0,False,False
84925C,2009-12-02,2010-05-11,28,10,0,0.01597444089456869,0.0,False,False
84925D,2009-12-07,2011-06-23,452,26,4,0.04153354632587859,0.044444444444444446,False,False
84925E,2009-12-02,2010-01-12,75,3,0,0.004792332268370607,0.0,False,False
84925F,2010-01-12,2011-07-31,715,34,7,0.054313099041533544,0.07777777777777778,False,False
84926A,2010-03-03,2011-08-16,368,35,9,0.05591054313099041,0.1,False,False
84926B,2009-12-02,2010-04-18,54,9,0,0.01437699680511182,0.0,False,False
84926C,2009-12-01,2010-08-05,140,22,0,0.03514376996805112,0.0,False,False
84926D,2009-12-04,2011-08-10,530,28,10,0.04472843450479233,0.1111111111111111,False,False
84926E,2009-12-04,2011-08-16,773,30,11,0.04792332268370607,0.12222222222222222,False,False
84926F,2009-12-04,2011-08-01,335,25,6,0.039936102236421724,0.06666666666666667,False,False
84927A,2010-02-03,2011-08-09,226,33,6,0.052715654952076675,0.06666666666666667,False,False
84927D,2010-04-18,2011-07-25,954,27,8,0.04313099041533546,0.08888888888888889,False,False
84927E,2010-02-02,2011-07-18,494,29,6,0.0463258785942492,0.06666666666666667,False,False
84927F,2009-12-16,2011-08-17,146,37,12,0.05910543130990415,0.13333333333333333,False,False
84929,2009-12-01,2011-08-17,2562,59,18,0.09424920127795527,0.2,False,False
84931A,2009-12-01,2011-08-17,163,59,7,0.09424920127795527,0.07777777777777778,False,False
84931B,2009-12-14,2011-07-15,172,55,5,0.0878594249201278,0.05555555555555555,False,False
84932A,2009-12-04,2010-06-14,262,23,0,0.036741214057507986,0.0,False,False
84932B,2009-12-04,2010-04-26,189,16,0,0.025559105431309903,0.0,False,False
84932C,2009-12-04,2010-06-30,282,30,0,0.04792332268370607,0.0,False,False
84932D,2009-12-04,2010-04-20,239,18,0,0.02875399361022364,0.0,False,False
84933A,2009-12-01,2010-02-01,131,6,0,0.009584664536741214,0.0,False,False
84933B,2009-12-01,2010-01-22,136,5,0,0.007987220447284345,0.0,False,False
84933C,2009-12-04,2010-01-22,136,5,0,0.007987220447284345,0.0,False,False
84934,2009-12-01,2010-04-09,687,12,0,0.019169329073482427,0.0,False,False
84937,2009-12-01,2010-05-07,2543,77,0,0.12300319488817892,0.0,False,False
84942,2009-12-16,2010-01-24,3,3,0,0.004792332268370607,0.0,False,False
84944,2009-12-01,2011-08-01,1101,111,30,0.17731629392971246,0.3333333333333333,False,False
84945,2009-12-04,2011-08-17,16732,266,31,0.4249201277955272,0.34444444444444444,True,False
84946,2009-12-01,2011-08-18,29304,448,66,0.7156549520766773,0.7333333333333333,True,False
84947,2009-12-02,2011-08-18,11496,296,42,0.4728434504792332,0.4666666666666667,True,False
84948,2009-12-01,2010-05-11,279,28,0,0.04472843450479233,0.0,False,False
84949,2009-12-01,2011-08-17,9745,325,39,0.5191693290734825,0.43333333333333335,True,False
84950,2009-12-01,2011-08-10,5369,179,19,0.28594249201277955,0.2111111111111111,False,False
84951A,2009-12-01,2011-08-17,476,82,19,0.13099041533546327,0.2111111111111111,False,False
84951B,2009-12-01,2011-08-11,468,70,10,0.11182108626198083,0.1111111111111111,False,False
84952A,2009-12-06,2011-05-19,125,28,0,0.04472843450479233,0.0,False,False
84952B,2009-12-01,2011-05-13,351,30,0,0.04792332268370607,0.0,False,False
84952C,2009-12-02,2011-03-01,371,33,0,0.052715654952076675,0.0,False,False
84962,2010-02-22,2010-05-19,3,2,0,0.003194888178913738,0.0,False,False
84963A,2010-02-02,2010-12-05,23,9,0,0.01437699680511182,0.0,False,False
84963B,2010-05-19,2011-08-04,18,6,1,0.009584664536741214,0.011111111111111112,False,False
84964A,2010-02-22,2010-11-02,11,2,0,0.003194888178913738,0.0,False,False
84964B,2010-02-22,2010-11-02,17,2,0,0.003194888178913738,0.0,False,False
84965A,2010-02-22,2010-11-02,20,3,0,0.004792332268370607,0.0,False,False
84965B,2010-02-22,2010-11-02,27,4,0,0.006389776357827476,0.0,False,False
84966A,2010-01-19,2010-11-02,13,4,0,0.006389776357827476,0.0,False,False
84966B,2010-01-19,2010-11-02,33,4,0,0.006389776357827476,0.0,False,False
84966C,2010-09-03,2010-11-02,23,2,0,0.003194888178913738,0.0,False,False
84967A,2010-02-02,2010-10-24,3,3,0,0.004792332268370607,0.0,False,False
84967B,2010-01-06,2010-11-02,24,11,0,0.01757188498402556,0.0,False,False
84967C,2010-05-19,2010-10-11,9,4,0,0.006389776357827476,0.0,False,False
84968A,2009-12-03,2011-08-16,454,137,17,0.21884984025559107,0.18888888888888888,False,False
84968B,2009-12-01,2011-04-06,434,94,0,0.1501597444089457,0.0,False,False
84968C,2009-12-01,2011-08-05,614,132,16,0.2108626198083067,0.17777777777777778,False,False
84968D,2009-12-08,2011-08-05,461,75,8,0.11980830670926518,0.08888888888888889,False,False
84968E,2009-12-02,2011-08-17,342,79,6,0.12619808306709265,0.06666666666666667,False,False
84968F,2009-12-01,2011-08-09,265,87,9,0.1389776357827476,0.1,False,False
84969,2009-12-02,2011-08-11,843,210,28,0.3354632587859425,0.3111111111111111,True,False
84970L,2009-12-01,2011-08-18,16142,413,53,0.6597444089456869,0.5888888888888889,True,False
84970S,2009-12-01,2011-08-18,24810,456,59,0.7284345047923323,0.6555555555555556,True,False
84971L,2009-12-01,2010-04-07,588,41,0,0.06549520766773163,0.0,False,False
84971S,2009-12-02,2011-08-18,6130,278,31,0.4440894568690096,0.34444444444444444,True,False
84972L,2009-12-09,2010-07-14,117,31,0,0.04952076677316294,0.0,False,False
84974,2010-01-06,2011-08-17,82,47,7,0.07507987220447285,0.07777777777777778,False,False
84975,2009-12-01,2010-12-08,2010,139,0,0.2220447284345048,0.0,False,False
84976,2009-12-09,2011-08-18,548,37,13,0.05910543130990415,0.14444444444444443,False,False
84977,2009-12-01,2011-03-18,224,40,0,0.06389776357827476,0.0,False,False
84978,2009-12-04,2011-08-18,18703,444,67,0.7092651757188498,0.7444444444444445,True,False
84984A,2010-01-08,2011-08-04,255,13,2,0.020766773162939296,0.022222222222222223,False,False
84984B,2010-01-08,2011-08-04,311,13,1,0.020766773162939296,0.011111111111111112,False,False
84984C,2009-12-09,2010-11-14,232,16,0,0.025559105431309903,0.0,False,False
84984D,2009-12-01,2011-08-04,151,18,2,0.02875399361022364,0.022222222222222223,False,False
84985A,2009-12-01,2011-03-01,656,127,0,0.20287539936102236,0.0,False,False
84985B,2009-12-01,2010-05-26,129,24,0,0.038338658146964855,0.0,False,False
84986B,2009-12-01,2010-10-13,470,58,0,0.0926517571884984,0.0,False,False
84987,2009-12-01,2011-08-18,7252,382,45,0.610223642172524,0.5,True,False
84988,2009-12-01,2011-08-17,7111,409,58,0.6533546325878594,0.6444444444444445,True,False
84989A,2009-12-02,2011-08-16,2182,152,11,0.24281150159744408,0.12222222222222222,False,False
84989B,2009-12-03,2010-08-08,1020,51,0,0.08146964856230032,0.0,False,False
84990,2009-12-01,2011-05-08,4276,135,0,0.21565495207667731,0.0,False,False
84991,2009-12-01,2011-08-18,48456,478,63,0.7635782747603834,0.7,True,True
84992,2009-12-01,2011-08-18,31444,438,53,0.6996805111821086,0.5888888888888889,True,True
84993A,2009-12-03,2011-08-11,1334,150,11,0.23961661341853036,0.12222222222222222,False,False
84993B,2009-12-03,2011-08-08,572,81,4,0.12939297124600638,0.044444444444444446,False,False
84997A,2009-12-01,2011-08-18,4503,309,42,0.4936102236421725,0.4666666666666667,True,False
84997B,2009-12-01,2011-08-18,8340,412,49,0.65814696485623,0.5444444444444444,True,False
84997C,2009-12-01,2011-08-18,7751,407,48,0.6501597444089456,0.5333333333333333,True,False
84997D,2009-12-01,2011-08-18,8956,407,60,0.6501597444089456,0.6666666666666666,True,False
85006,2009-12-01,2011-04-27,3049,37,0,0.05910543130990415,0.0,False,False
85007,2009-12-02,2010-03-02,143,15,0,0.023961661341853034,0.0,False,False
85008,2009-12-01,2011-04-10,270,86,0,0.13738019169329074,0.0,False,False
85014A,2009-12-01,2011-08-17,4190,315,44,0.5031948881789138,0.4888888888888889,True,False
85014B,2009-12-01,2011-08-17,5329,350,39,0.5591054313099042,0.43333333333333335,True,False
85014C,2009-12-01,2010-06-11,547,45,0,0.07188498402555911,0.0,False,False
85014D,2009-12-01,2010-03-29,1919,48,0,0.07667731629392971,0.0,False,False
85015,2009-12-01,2011-08-18,1779,151,30,0.24121405750798722,0.3333333333333333,False,False
85016,2009-12-01,2011-05-31,1679,132,2,0.2108626198083067,0.022222222222222223,False,False
85017A,2009-12-01,2011-04-03,1158,124,0,0.19808306709265175,0.0,False,False
85017B,2009-12-02,2011-08-18,1917,202,38,0.3226837060702875,0.4222222222222222,True,False
85017C,2009-12-01,2011-05-12,1092,93,0,0.1485623003194888,0.0,False,False
85018A,2009-12-16,2010-08-13,15,10,0,0.01597444089456869,0.0,False,False
85018B,2009-12-16,2010-11-03,15,10,0,0.01597444089456869,0.0,False,False
85018C,2009-12-09,2010-11-24,36,4,0,0.006389776357827476,0.0,False,False
85018D,2009-12-02,2011-01-14,790,50,0,0.07987220447284345,0.0,False,False
85019A,2010-01-05,2011-08-14,448,36,10,0.05750798722044728,0.1111111111111111,False,False
85019B,2010-03-18,2011-08-18,392,28,13,0.04472843450479233,0.14444444444444443,False,False
85019C,2009-12-04,2011-06-09,423,25,2,0.039936102236421724,0.022222222222222223,False,False
85020,2009-12-04,2011-08-03,219,52,7,0.08306709265175719,0.07777777777777778,False,False
85023A,2009-12-04,2010-04-19,22,9,0,0.01437699680511182,0.0,False,False
85023B,2009-12-03,2011-06-30,193,29,1,0.0463258785942492,0.011111111111111112,False,False
85023C,2010-01-18,2010-06-06,23,10,0,0.01597444089456869,0.0,False,False
85024A,2009-12-04,2009-12-04,1,1,0,0.001597444089456869,0.0,False,False
85024B,2010-01-19,2011-08-03,59,16,5,0.025559105431309903,0.05555555555555555,False,False
85024C,2009-12-04,2011-07-10,91,36,2,0.05750798722044728,0.022222222222222223,False,False
85025B,2009-12-07,2011-07-07,276,67,5,0.10702875399361023,0.05555555555555555,False,False
85025C,2009-12-02,2011-08-16,566,106,13,0.16932907348242812,0.14444444444444443,False,False
85026B,2009-12-01,2011-06-30,261,25,1,0.039936102236421724,0.011111111111111112,False,False
85027L,2010-01-17,2011-04-19,190,36,0,0.05750798722044728,0.0,False,False
85028L,2009-12-01,2011-04-08,271,24,0,0.038338658146964855,0.0,False,False
85028S,2009-12-01,2011-04-08,430,29,0,0.0463258785942492,0.0,False,False
85030,2009-12-15,2011-04-08,213,24,0,0.038338658146964855,0.0,False,False
85031A,2009-12-01,2011-04-13,477,82,0,0.13099041533546327,0.0,False,False
85031B,2009-12-01,2010-12-16,497,67,0,0.10702875399361023,0.0,False,False
85031C,2009-12-01,2010-12-16,481,82,0,0.13099041533546327,0.0,False,False
85032A,2009-12-02,2011-08-18,1004,64,28,0.10223642172523961,0.3111111111111111,False,False
85032B,2010-01-22,2011-08-18,625,58,29,0.0926517571884984,0.32222222222222224,False,False
85032C,2009-12-04,2011-08-17,492,58,26,0.0926517571884984,0.28888888888888886,False,False
85032D,2009-12-02,2011-08-18,766,74,17,0.1182108626198083,0.18888888888888888,False,False
85033G,2009-12-01,2010-09-21,236,14,0,0.022364217252396165,0.0,False,False
85033S,2009-12-01,2010-11-08,260,29,0,0.0463258785942492,0.0,False,False
85034A,2009-12-01,2011-08-08,407,74,6,0.1182108626198083,0.06666666666666667,False,False
85034B,2009-12-01,2011-07-26,435,58,4,0.0926517571884984,0.044444444444444446,False,False
85034C,2009-12-04,2011-07-31,394,67,3,0.10702875399361023,0.03333333333333333,False,False
85035A,2009-12-02,2011-08-08,469,116,10,0.1853035143769968,0.1111111111111111,False,False
85035B,2009-12-06,2011-07-26,904,93,6,0.1485623003194888,0.06666666666666667,False,False
85035C,2009-12-02,2011-07-21,789,95,4,0.15175718849840256,0.044444444444444446,False,False
85036A,2009-12-03,2011-08-08,536,124,12,0.19808306709265175,0.13333333333333333,False,False
85036B,2009-12-01,2011-07-21,415,56,4,0.08945686900958466,0.044444444444444446,False,False
85036C,2009-12-01,2011-08-08,271,68,3,0.10862619808306709,0.03333333333333333,False,False
85038,2009-12-01,2011-08-10,2184,206,11,0.329073482428115,0.12222222222222222,False,False
85039A,2009-12-01,2011-08-12,1244,155,27,0.2476038338658147,0.3,False,False
85039B,2009-12-02,2011-08-02,1447,151,24,0.24121405750798722,0.26666666666666666,False,False
85039C,2009-12-03,2011-08-01,499,79,8,0.12619808306709265,0.08888888888888889,False,False
85040A,2009-12-01,2011-08-17,1840,253,25,0.40415335463258784,0.2777777777777778,False,False
85040B,2009-12-01,2011-04-10,2473,189,0,0.3019169329073482,0.0,False,False
85041,2009-12-01,2010-07-15,1858,62,0,0.09904153354632587,0.0,False,False
85042,2009-12-01,2010-11-16,2686,170,0,0.2715654952076677,0.0,False,False
85043,2010-01-04,2010-01-04,1,1,0,0.001597444089456869,0.0,False,False
85044,2009-12-01,2010-11-22,150,32,0,0.051118210862619806,0.0,False,False
85045,2009-12-01,2011-08-17,440,58,2,0.0926517571884984,0.022222222222222223,False,False
85047,2009-12-01,2011-01-27,1054,141,0,0.22523961661341854,0.0,False,False
85048,2009-12-01,2011-08-11,1475,121,9,0.19329073482428116,0.1,False,False
85049A,2009-12-01,2011-08-12,4211,193,22,0.3083067092651757,0.24444444444444444,False,False
85049B,2009-12-01,2011-03-29,2133,208,0,0.33226837060702874,0.0,False,False
85049C,2009-12-01,2011-08-17,2639,285,36,0.45527156549520764,0.4,True,False
85049D,2009-12-01,2011-08-11,2337,257,22,0.41054313099041534,0.24444444444444444,False,False
85049E,2009-12-01,2011-08-16,4929,312,43,0.4984025559105431,0.4777777777777778,True,False
85049F,2009-12-02,2011-08-17,2074,215,18,0.34345047923322686,0.2,False,False
85049G,2009-12-01,2011-08-10,3322,264,40,0.4217252396166134,0.4444444444444444,True,False
85049H,2009-12-01,2011-08-16,1708,175,18,0.2795527156549521,0.2,False,False
85050,2010-05-11,2010-05-11,48,1,0,0.001597444089456869,0.0,False,False
85053,2009-12-01,2011-08-11,1078,160,36,0.25559105431309903,0.4,True,False
85054,2009-12-01,2011-08-17,794,143,25,0.22843450479233227,0.2777777777777778,False,False
85055,2009-12-01,2011-01-18,361,93,0,0.1485623003194888,0.0,False,False
85059,2009-12-01,2011-08-15,634,139,21,0.2220447284345048,0.23333333333333334,False,False
85060,2009-12-04,2010-07-26,1448,66,0,0.10543130990415335,0.0,False,False
85061W,2009-12-01,2011-08-16,5363,272,24,0.43450479233226835,0.26666666666666666,False,False
85062,2009-12-10,2011-08-17,3623,226,31,0.3610223642172524,0.34444444444444444,True,False
85063,2009-12-01,2010-11-18,310,122,0,0.19488817891373802,0.0,False,False
85064,2009-12-01,2011-01-27,1599,151,0,0.24121405750798722,0.0,False,False
85065,2009-12-02,2010-10-29,624,158,0,0.2523961661341853,0.0,False,False
85066,2009-12-01,2011-08-18,2355,378,53,0.6038338658146964,0.5888888888888889,True,False
85067,2009-12-01,2011-01-13,498,132,0,0.2108626198083067,0.0,False,False
85068,2009-12-01,2010-11-15,961,119,0,0.1900958466453674,0.0,False,False
85069,2009-12-11,2009-12-11,3,1,0,0.001597444089456869,0.0,False,False
85070,2010-05-16,2010-07-26,3,3,0,0.004792332268370607,0.0,False,False
85071A,2009-12-01,2011-08-17,1356,68,16,0.10862619808306709,0.17777777777777778,False,False
85071B,2009-12-01,2011-08-16,1705,72,17,0.11501597444089456,0.18888888888888888,False,False
85071C,2009-12-06,2011-08-18,898,76,18,0.12140575079872204,0.2,False,False
85071D,2009-12-01,2011-08-16,642,59,10,0.09424920127795527,0.1111111111111111,False,False
85072,2009-12-10,2009-12-10,120,1,0,0.001597444089456869,0.0,False,False
85077,2009-12-22,2009-12-22,1,1,0,0.001597444089456869,0.0,False,False
85078,2009-12-03,2011-08-07,1259,89,24,0.14217252396166133,0.26666666666666666,False,False
85079,2009-12-03,2009-12-23,24,7,0,0.011182108626198083,0.0,False,False
85080,2009-12-02,2010-09-26,114,19,0,0.03035143769968051,0.0,False,False
85081,2009-12-09,2010-10-07,107,18,0,0.02875399361022364,0.0,False,False
85083,2009-12-03,2009-12-10,5,2,0,0.003194888178913738,0.0,False,False
85084,2009-12-08,2010-12-21,684,51,0,0.08146964856230032,0.0,False,False
85086A,2009-12-01,2011-08-12,587,121,31,0.19329073482428116,0.34444444444444444,False,False
85087,2009-12-04,2011-08-10,366,92,38,0.14696485623003194,0.4222222222222222,False,False
85088,2009-12-02,2011-08-18,222,59,10,0.09424920127795527,0.1111111111111111,False,False
85089,2009-12-02,2011-07-15,95,24,1,0.038338658146964855,0.011111111111111112,False,False
85090,2009-12-01,2010-11-24,106,43,0,0.06869009584664537,0.0,False,False
85091,2009-12-14,2010-08-15,343,17,0,0.027156549520766772,0.0,False,False
85092,2010-01-11,2011-02-20,391,23,0,0.036741214057507986,0.0,False,False
85093,2009-12-07,2011-08-12,1297,100,13,0.1597444089456869,0.14444444444444443,False,False
85094,2009-12-15,2011-08-12,538,61,6,0.09744408945686901,0.06666666666666667,False,False
85095,2010-08-19,2011-08-05,147,33,12,0.052715654952076675,0.13333333333333333,False,False
85096,2009-12-04,2011-08-17,159,60,4,0.09584664536741214,0.044444444444444446,False,False
85097B,2009-12-02,2010-08-09,107,33,0,0.052715654952076675,0.0,False,False
85098B,2009-12-02,2010-11-18,366,82,0,0.13099041533546327,0.0,False,False
85099B,2009-12-01,2011-08-18,78222,493,76,0.7875399361022364,0.8444444444444444,True,True
85099C,2009-12-01,2011-08-18,25782,466,73,0.744408945686901,0.8111111111111111,True,False
85099F,2009-12-01,2011-08-18,31632,464,70,0.7412140575079872,0.7777777777777778,True,True
85103,2009-12-02,2011-07-19,319,74,2,0.1182108626198083,0.022222222222222223,False,False
85104,2009-12-01,2011-08-18,327,44,2,0.07028753993610223,0.022222222222222223,False,False
85106,2009-12-08,2011-08-18,1188,50,4,0.07987220447284345,0.044444444444444446,False,False
85107,2009-12-02,2011-08-16,1025,45,5,0.07188498402555911,0.05555555555555555,False,False
85109,2009-12-11,2010-12-19,4211,18,0,0.02875399361022364,0.0,False,False
85110,2009-12-10,2010-09-27,11520,21,0,0.03354632587859425,0.0,False,False
85111,2009-12-02,2011-08-18,1952,36,9,0.05750798722044728,0.1,False,False
85112,2009-12-01,2010-02-07,466,18,0,0.02875399361022364,0.0,False,False
85113,2009-12-02,2010-08-19,285,38,0,0.06070287539936102,0.0,False,False
85114A,2009-12-22,2011-08-15,1143,88,12,0.14057507987220447,0.13333333333333333,False,False
85114B,2009-12-01,2011-08-17,1899,161,17,0.2571884984025559,0.18888888888888888,False,False
85114C,2009-12-01,2011-08-17,1006,121,14,0.19329073482428116,0.15555555555555556,False,False
85115B,2010-06-09,2010-06-09,3,1,0,0.001597444089456869,0.0,False,False
85116,2009-12-01,2011-08-02,1752,127,19,0.20287539936102236,0.2111111111111111,False,False
85117,2009-12-05,2010-05-04,351,45,0,0.07188498402555911,0.0,False,False
85118,2009-12-07,2011-01-17,2062,69,0,0.11022364217252396,0.0,False,False
85119,2009-12-15,2010-12-07,413,37,0,0.05910543130990415,0.0,False,False
85121B,2009-12-03,2010-06-27,86,40,0,0.06389776357827476,0.0,False,False
85121C,2009-12-07,2010-11-17,98,47,0,0.07507987220447285,0.0,False,False
85123A,2009-12-01,2011-08-18,83953,507,76,0.8099041533546326,0.8444444444444444,True,True
85123B,2009-12-22,2009-12-22,1,1,0,0.001597444089456869,0.0,False,False
85124A,2009-12-01,2010-10-01,387,78,0,0.12460063897763578,0.0,False,False
85124B,2009-12-08,2011-08-10,335,88,6,0.14057507987220447,0.06666666666666667,False,False
85124C,2009-12-08,2011-07-25,416,100,5,0.1597444089456869,0.05555555555555555,False,False
85125,2009-12-01,2011-06-26,217,47,2,0.07507987220447285,0.022222222222222223,False,False
85126,2009-12-01,2010-12-21,157,34,0,0.054313099041533544,0.0,False,False
85127,2009-12-01,2011-08-11,221,58,5,0.0926517571884984,0.05555555555555555,False,False
85128,2009-12-04,2010-01-12,167,4,0,0.006389776357827476,0.0,False,False
85129A,2009-12-01,2010-08-29,445,63,0,0.10063897763578275,0.0,False,False
85129B,2009-12-15,2011-07-07,228,47,4,0.07507987220447285,0.044444444444444446,False,False
85129C,2009-12-02,2011-03-27,364,55,0,0.0878594249201278,0.0,False,False
85129D,2009-12-01,2011-08-12,752,125,6,0.19968051118210864,0.06666666666666667,False,False
85130A,2009-12-01,2011-05-23,710,75,1,0.11980830670926518,0.011111111111111112,False,False
85130B,2010-01-11,2011-08-17,495,51,17,0.08146964856230032,0.18888888888888888,False,False
85130C,2010-01-05,2011-08-17,443,42,12,0.0670926517571885,0.13333333333333333,False,False
85130D,2009-12-02,2011-08-11,723,84,20,0.134185303514377,0.2222222222222222,False,False
85131A,2009-12-03,2011-08-05,2023,152,28,0.24281150159744408,0.3111111111111111,False,False
85131B,2009-12-16,2011-08-12,719,129,32,0.20607028753993611,0.35555555555555557,False,False
85131C,2010-01-28,2011-08-12,372,51,7,0.08146964856230032,0.07777777777777778,False,False
85131D,2009-12-17,2011-08-12,1234,149,35,0.2380191693290735,0.3888888888888889,False,False
85132A,2009-12-01,2011-05-24,1364,150,2,0.23961661341853036,0.022222222222222223,False,False
85132B,2009-12-06,2011-06-21,929,84,17,0.134185303514377,0.18888888888888888,False,False
85132C,2009-12-01,2011-08-18,1835,171,54,0.2731629392971246,0.6,True,False
85135A,2009-12-02,2011-04-27,81,47,0,0.07507987220447285,0.0,False,False
85135B,2009-12-01,2011-08-08,142,78,9,0.12460063897763578,0.1,False,False
85135C,2009-12-02,2011-08-08,124,72,8,0.11501597444089456,0.08888888888888889,False,False
85136A,2009-12-01,2011-07-11,108,68,3,0.10862619808306709,0.03333333333333333,False,False
85136B,2009-12-03,2010-12-14,59,40,0,0.06389776357827476,0.0,False,False
85136C,2009-12-01,2011-08-17,157,80,2,0.12779552715654952,0.022222222222222223,False,False
85141,2009-12-15,2011-06-16,191,58,1,0.0926517571884984,0.011111111111111112,False,False
85142,2009-12-06,2010-07-08,61,33,0,0.052715654952076675,0.0,False,False
85144,2009-12-06,2011-05-03,290,60,0,0.09584664536741214,0.0,False,False
85145,2009-12-17,2011-04-28,92,26,0,0.04153354632587859,0.0,False,False
85146,2010-03-26,2011-04-07,118,27,0,0.04313099041533546,0.0,False,False
85147,2009-12-01,2010-05-02,61,14,0,0.022364217252396165,0.0,False,False
85150,2009-12-01,2011-05-25,6979,363,3,0.5798722044728435,0.03333333333333333,False,False
85151,2009-12-02,2009-12-14,44,5,0,0.007987220447284345,0.0,False,False
85152,2009-12-01,2011-08-17,12792,440,60,0.7028753993610224,0.6666666666666666,True,False
85157,2010-01-13,2010-01-13,1,1,0,0.001597444089456869,0.0,False,False
85159A,2009-12-07,2011-08-18,432,64,11,0.10223642172523961,0.12222222222222222,False,False
85159B,2009-12-02,2011-08-17,506,69,15,0.11022364217252396,0.16666666666666666,False,False
85160A,2009-12-10,2011-01-25,8824,33,0,0.052715654952076675,0.0,False,False
85160B,2009-12-14,2011-07-12,6123,30,5,0.04792332268370607,0.05555555555555555,False,False
85161,2009-12-10,2011-08-01,43,23,2,0.036741214057507986,0.022222222222222223,False,False
85162A,2009-12-01,2010-06-08,607,20,0,0.03194888178913738,0.0,False,False
85162B,2009-12-07,2010-06-08,977,13,0,0.020766773162939296,0.0,False,False
85162C,2009-12-02,2010-06-08,904,27,0,0.04313099041533546,0.0,False,False
85163A,2009-12-02,2011-08-17,90,43,5,0.06869009584664537,0.05555555555555555,False,False
85163B,2009-12-22,2011-08-11,111,52,7,0.08306709265175719,0.07777777777777778,False,False
85164B,2009-12-01,2010-09-29,141,55,0,0.0878594249201278,0.0,False,False
85165,2009-12-02,2010-06-21,90,50,0,0.07987220447284345,0.0,False,False
85166A,2009-12-02,2010-01-18,77,10,0,0.01597444089456869,0.0,False,False
85166B,2009-12-04,2010-11-14,510,34,0,0.054313099041533544,0.0,False,False
85167A,2009-12-03,2010-03-31,176,11,0,0.01757188498402556,0.0,False,False
85167B,2009-12-14,2011-04-08,692,54,0,0.08626198083067092,0.0,False,False
85168A,2009-12-02,2010-06-14,22,15,0,0.023961661341853034,0.0,False,False
85168B,2009-12-02,2011-07-20,47,31,3,0.04952076677316294,0.03333333333333333,False,False
85169A,2009-12-08,2011-08-12,1130,101,11,0.16134185303514376,0.12222222222222222,False,False
85169B,2009-12-02,2011-08-11,379,63,7,0.10063897763578275,0.07777777777777778,False,False
85169C,2009-12-08,2011-07-21,498,57,4,0.09105431309904154,0.044444444444444446,False,False
85169D,2009-12-14,2011-08-11,468,72,5,0.11501597444089456,0.05555555555555555,False,False
85170A,2009-12-01,2010-12-07,848,72,0,0.11501597444089456,0.0,False,False
85170B,2009-12-02,2011-08-18,268,44,9,0.07028753993610223,0.1,False,False
85170C,2009-12-02,2011-08-12,500,79,13,0.12619808306709265,0.14444444444444443,False,False
85170D,2009-12-01,2011-08-12,665,101,12,0.16134185303514376,0.13333333333333333,False,False
85171,2009-12-07,2009-12-07,1,1,0,0.001597444089456869,0.0,False,False
85172,2009-12-01,2011-08-10,3663,117,8,0.1869009584664537,0.08888888888888889,False,False
85173,2009-12-03,2011-08-10,868,94,7,0.1501597444089457,0.07777777777777778,False,False
85174,2009-12-01,2011-08-18,1309,212,15,0.33865814696485624,0.16666666666666666,False,False
85175,2009-12-01,2011-08-18,14410,255,22,0.4073482428115016,0.24444444444444444,False,False
85176,2009-12-01,2011-08-16,2349,181,29,0.28913738019169327,0.32222222222222224,True,False
85177,2009-12-02,2011-08-11,1640,101,13,0.16134185303514376,0.14444444444444443,False,False
85178,2009-12-01,2011-08-18,4577,178,22,0.28434504792332266,0.24444444444444444,False,False
85179A,2009-12-03,2011-07-28,50,24,1,0.038338658146964855,0.011111111111111112,False,False
85179B,2009-12-03,2010-11-15,247,38,0,0.06070287539936102,0.0,False,False
85179C,2009-12-03,2011-07-28,20,13,2,0.020766773162939296,0.022222222222222223,False,False
85180A,2009-12-03,2011-07-28,609,58,3,0.0926517571884984,0.03333333333333333,False,False
85180B,2009-12-01,2011-08-09,340,43,4,0.06869009584664537,0.044444444444444446,False,False
85183A,2009-12-01,2011-07-31,1256,86,24,0.13738019169329074,0.26666666666666666,False,False
85183B,2009-12-01,2011-08-12,1339,99,30,0.15814696485623003,0.3333333333333333,False,False
85184B,2009-12-09,2010-03-22,14,6,0,0.009584664536741214,0.0,False,False
85184C,2009-12-01,2011-08-17,2183,188,18,0.3003194888178914,0.2,False,False
85184D,2009-12-01,2010-09-27,8313,58,0,0.0926517571884984,0.0,False,False
85185B,2009-12-01,2011-08-16,524,135,16,0.21565495207667731,0.17777777777777778,False,False
85185C,2009-12-02,2010-08-01,58,23,0,0.036741214057507986,0.0,False,False
85185D,2009-12-01,2011-05-25,197,58,1,0.0926517571884984,0.011111111111111112,False,False
85185E,2009-12-03,2009-12-15,4,2,0,0.003194888178913738,0.0,False,False
85185F,2009-12-02,2010-03-08,37,16,0,0.025559105431309903,0.0,False,False
85186A,2009-12-01,2011-04-14,1545,108,0,0.17252396166134185,0.0,False,False
85186B,2010-03-17,2010-03-21,14,2,0,0.003194888178913738,0.0,False,False
85186C,2009-12-01,2011-07-06,1374,102,1,0.16293929712460065,0.011111111111111112,False,False
85187,2010-01-13,2011-07-29,474,80,5,0.12779552715654952,0.05555555555555555,False,False
85188A,2009-12-09,2011-04-21,945,75,0,0.11980830670926518,0.0,False,False
85188B,2010-01-11,2011-03-27,749,51,0,0.08146964856230032,0.0,False,False
85189,2009-12-16,2011-03-16,1180,48,0,0.07667731629392971,0.0,False,False
85190,2009-12-14,2010-03-17,140,12,0,0.019169329073482427,0.0,False,False
85192S,2010-02-07,2010-02-08,3,2,0,0.003194888178913738,0.0,False,False
85194L,2009-12-07,2011-04-20,1809,99,0,0.15814696485623003,0.0,False,False
85194S,2010-01-05,2011-07-25,1282,89,11,0.14217252396166133,0.12222222222222222,False,False
85195,2009-12-04,2011-03-16,146,17,0,0.027156549520766772,0.0,False,False
85196,2009-12-07,2010-03-29,1564,45,0,0.07188498402555911,0.0,False,False
85197,2009-12-06,2011-07-29,1673,56,1,0.08945686900958466,0.011111111111111112,False,False
85198,2009-12-07,2011-05-18,3871,44,0,0.07028753993610223,0.0,False,False
85199L,2009-12-01,2011-08-07,2870,173,12,0.2763578274760383,0.13333333333333333,False,False
85199S,2009-12-01,2011-08-18,4244,232,23,0.3706070287539936,0.25555555555555554,False,False
85200,2009-12-07,2011-04-18,1047,68,0,0.10862619808306709,0.0,False,False
85202,2009-12-14,2011-07-24,1139,149,7,0.2380191693290735,0.07777777777777778,False,False
85203,2009-12-08,2011-07-24,1304,147,9,0.23482428115015974,0.1,False,False
85204,2009-12-14,2011-08-18,1281,105,16,0.16773162939297126,0.17777777777777778,False,False
85205A,2010-02-02,2010-03-23,66,16,0,0.025559105431309903,0.0,False,False
85205B,2010-01-11,2011-04-21,241,52,0,0.08306709265175719,0.0,False,False
85206A,2009-12-01,2011-03-17,2334,120,0,0.19169329073482427,0.0,False,False
85206B,2009-12-14,2011-01-20,1543,69,0,0.11022364217252396,0.0,False,False
85208,2009-12-01,2011-07-22,398,67,16,0.10702875399361023,0.17777777777777778,False,False
85211,2009-12-01,2011-07-20,299,66,8,0.10543130990415335,0.08888888888888889,False,False
85212,2009-12-02,2011-08-18,2481,89,23,0.14217252396166133,0.25555555555555554,False,False
85213,2009-12-13,2011-07-31,1390,71,13,0.1134185303514377,0.14444444444444443,False,False
85214,2009-12-06,2011-08-10,516,133,19,0.2124600638977636,0.2111111111111111,False,False
85215,2009-12-10,2011-08-10,843,59,4,0.09424920127795527,0.044444444444444446,False,False
85216,2009-12-01,2011-07-25,2848,138,2,0.22044728434504793,0.022222222222222223,False,False
85217,2009-12-01,2010-09-09,2875,117,0,0.1869009584664537,0.0,False,False
85218,2010-01-14,2010-02-15,1992,2,0,0.003194888178913738,0.0,False,False
85220,2009-12-02,2010-02-17,12236,5,0,0.007987220447284345,0.0,False,False
85221,2009-12-02,2010-05-10,3558,38,0,0.06070287539936102,0.0,False,False
85222,2009-12-02,2010-06-21,1407,41,0,0.06549520766773163,0.0,False,False
85224,2009-12-02,2011-03-23,2008,54,0,0.08626198083067092,0.0,False,False
85225,2009-12-13,2011-04-28,14,9,0,0.01437699680511182,0.0,False,False
85226A,2009-12-02,2010-11-24,1717,101,0,0.16134185303514376,0.0,False,False
85226C,2009-12-01,2010-11-09,991,67,0,0.10702875399361023,0.0,False,False
85227,2009-12-01,2011-08-17,2916,216,28,0.3450479233226837,0.3111111111111111,True,False
85230A,2009-12-13,2011-08-08,1728,39,5,0.06230031948881789,0.05555555555555555,False,False
85230B,2009-12-08,2011-08-03,1376,41,2,0.06549520766773163,0.022222222222222223,False,False
85230C,2009-12-10,2009-12-10,24,1,0,0.001597444089456869,0.0,False,False
85230D,2009-12-10,2009-12-10,24,1,0,0.001597444089456869,0.0,False,False
85230E,2009-12-08,2011-08-03,2301,57,5,0.09105431309904154,0.05555555555555555,False,False
85230F,2009-12-02,2011-04-04,2874,51,0,0.08146964856230032,0.0,False,False
85230G,2009-12-02,2011-08-07,1464,36,4,0.05750798722044728,0.044444444444444446,False,False
85231B,2009-12-01,2011-08-17,1652,195,12,0.31150159744408945,0.13333333333333333,False,False
85231E,2009-12-01,2010-06-13,837,68,0,0.10862619808306709,0.0,False,False
85231G,2009-12-01,2011-08-18,1317,174,16,0.2779552715654952,0.17777777777777778,False,False
85231L,2009-12-01,2010-05-02,1043,67,0,0.10702875399361023,0.0,False,False
85232A,2009-12-01,2011-06-06,378,121,2,0.19329073482428116,0.022222222222222223,False,False
85232B,2009-12-01,2011-02-11,3091,254,0,0.4057507987220447,0.0,False,False
85232C,2010-01-15,2010-01-15,1,1,0,0.001597444089456869,0.0,False,False
85232D,2009-12-01,2011-06-22,624,154,8,0.24600638977635783,0.08888888888888889,False,False
90000A,2009-12-01,2011-06-26,28,16,3,0.025559105431309903,0.03333333333333333,False,False
90000B,2009-12-07,2011-07-25,29,20,3,0.03194888178913738,0.03333333333333333,False,False
90000C,2009-12-13,2010-01-18,2,2,0,0.003194888178913738,0.0,False,False
90000D,2009-12-01,2011-07-22,46,29,4,0.0463258785942492,0.044444444444444446,False,False
90001A,2009-12-15,2011-06-13,10,9,1,0.01437699680511182,0.011111111111111112,False,False
90001B,2010-01-13,2011-06-13,10,7,1,0.011182108626198083,0.011111111111111112,False,False
90001C,2009-12-11,2011-04-21,10,9,0,0.01437699680511182,0.0,False,False
90001D,2009-12-06,2011-06-13,17,9,1,0.01437699680511182,0.011111111111111112,False,False
90002A,2009-12-07,2010-11-04,39,14,0,0.022364217252396165,0.0,False,False
90002B,2009-12-02,2010-10-25,22,11,0,0.01757188498402556,0.0,False,False
90002C,2009-12-02,2010-08-18,33,17,0,0.027156549520766772,0.0,False,False
90002D,2009-12-02,2011-05-08,104,32,0,0.051118210862619806,0.0,False,False
90002E,2009-12-02,2010-08-18,18,11,0,0.01757188498402556,0.0,False,False
90003B,2009-12-01,2011-07-12,35,20,1,0.03194888178913738,0.011111111111111112,False,False
90003C,2009-12-01,2011-07-28,30,22,2,0.03514376996805112,0.022222222222222223,False,False
90003D,2009-12-01,2011-07-12,45,21,3,0.03354632587859425,0.03333333333333333,False,False
90003E,2009-12-16,2011-07-12,16,13,2,0.020766773162939296,0.022222222222222223,False,False
90004A,2009-12-15,2009-12-15,1,1,0,0.001597444089456869,0.0,False,False
90005A,2009-12-01,2011-04-27,106,48,0,0.07667731629392971,0.0,False,False
90010A,2009-12-03,2011-08-08,40,22,5,0.03514376996805112,0.05555555555555555,False,False
90010B,2009-12-02,2011-04-10,63,31,0,0.04952076677316294,0.0,False,False
90010E,2009-12-01,2011-07-13,43,26,1,0.04153354632587859,0.011111111111111112,False,False
90011A,2009-12-03,2011-05-05,13,13,0,0.020766773162939296,0.0,False,False
90011B,2009-12-03,2011-04-18,13,12,0,0.019169329073482427,0.0,False,False
90011C,2009-12-04,2011-07-06,11,6,1,0.009584664536741214,0.011111111111111112,False,False
90011D,2009-12-02,2011-04-21,4,4,0,0.006389776357827476,0.0,False,False
90011E,2009-12-08,2011-07-18,7,7,1,0.011182108626198083,0.011111111111111112,False,False
90012A,2009-12-03,2011-03-29,5,5,0,0.007987220447284345,0.0,False,False
90012B,2009-12-03,2010-12-16,5,4,0,0.006389776357827476,0.0,False,False
90013A,2009-12-03,2011-08-08,93,64,7,0.10223642172523961,0.07777777777777778,False,False
90013B,2009-12-02,2011-08-04,89,60,4,0.09584664536741214,0.044444444444444446,False,False
90013C,2009-12-01,2011-07-25,68,43,3,0.06869009584664537,0.03333333333333333,False,False
90013D,2010-01-13,2011-06-29,46,16,1,0.025559105431309903,0.011111111111111112,False,False
90013E,2009-12-09,2010-01-13,2,2,0,0.003194888178913738,0.0,False,False
90014A,2009-12-07,2011-08-05,43,32,3,0.051118210862619806,0.03333333333333333,False,False
90014B,2009-12-04,2011-08-01,32,25,2,0.039936102236421724,0.022222222222222223,False,False
90014C,2009-12-02,2011-08-18,27,18,1,0.02875399361022364,0.011111111111111112,False,False
90016A,2009-12-18,2011-08-05,20,15,4,0.023961661341853034,0.044444444444444446,False,False
90016B,2009-12-16,2011-08-05,27,20,3,0.03194888178913738,0.03333333333333333,False,False
90016C,2010-01-11,2011-06-14,16,13,1,0.020766773162939296,0.011111111111111112,False,False
90018A,2009-12-14,2011-08-10,53,38,6,0.06070287539936102,0.06666666666666667,False,False
90018B,2009-12-02,2011-08-05,29,22,2,0.03514376996805112,0.022222222222222223,False,False
90018C,2009-12-14,2011-06-14,19,13,3,0.020766773162939296,0.03333333333333333,False,False
90019A,2009-12-02,2011-08-08,48,37,5,0.05910543130990415,0.05555555555555555,False,False
90019B,2010-01-20,2011-08-01,22,18,5,0.02875399361022364,0.05555555555555555,False,False
90019C,2009-12-03,2011-08-12,33,28,3,0.04472843450479233,0.03333333333333333,False,False
90020,2009-12-17,2010-05-04,5,3,0,0.004792332268370607,0.0,False,False
90021,2010-08-18,2011-04-27,5,4,0,0.006389776357827476,0.0,False,False
90022,2009-12-04,2011-08-09,28,24,2,0.038338658146964855,0.022222222222222223,False,False
90023,2009-12-01,2011-05-08,26,17,0,0.027156549520766772,0.0,False,False
90024A,2010-01-28,2010-11-05,5,4,0,0.006389776357827476,0.0,False,False
90024B,2009-12-01,2011-02-14,19,17,0,0.027156549520766772,0.0,False,False
90024C,2009-12-03,2011-07-25,11,10,1,0.01597444089456869,0.011111111111111112,False,False
90024D,2009-12-09,2011-04-10,14,12,0,0.019169329073482427,0.0,False,False
90024E,2009-12-02,2011-03-29,16,10,0,0.01597444089456869,0.0,False,False
90024F,2010-04-19,2011-02-20,6,4,0,0.006389776357827476,0.0,False,False
90025A,2011-04-10,2011-04-10,1,1,0,0.001597444089456869,0.0,False,False
90025B,2010-03-07,2011-04-21,3,3,0,0.004792332268370607,0.0,False,False
90025C,2010-02-17,2010-10-24,6,6,0,0.009584664536741214,0.0,False,False
90025D,2010-02-16,2011-05-06,4,4,0,0.006389776357827476,0.0,False,False
90025E,2009-12-02,2011-06-06,7,7,1,0.011182108626198083,0.011111111111111112,False,False
90025F,2010-01-11,2011-07-04,5,5,1,0.007987220447284345,0.011111111111111112,False,False
90026A,2010-03-19,2011-06-13,11,9,1,0.01437699680511182,0.011111111111111112,False,False
90026B,2009-12-13,2011-03-31,8,7,0,0.011182108626198083,0.0,False,False
90026C,2009-12-10,2011-07-06,6,5,1,0.007987220447284345,0.011111111111111112,False,False
90026D,2010-06-07,2011-03-31,9,7,0,0.011182108626198083,0.0,False,False
90027A,2010-03-21,2010-12-20,8,5,0,0.007987220447284345,0.0,False,False
90027B,2009-12-09,2011-04-08,12,9,0,0.01437699680511182,0.0,False,False
90027C,2009-12-14,2011-07-06,13,11,1,0.01757188498402556,0.011111111111111112,False,False
90027D,2009-12-02,2011-07-25,19,11,1,0.01757188498402556,0.011111111111111112,False,False
90028,2009-12-03,2011-08-08,27,22,1,0.03514376996805112,0.011111111111111112,False,False
90029,2009-12-06,2011-07-05,22,11,2,0.01757188498402556,0.022222222222222223,False,False
90030A,2009-12-09,2011-07-18,13,4,1,0.006389776357827476,0.011111111111111112,False,False
90030B,2009-12-09,2011-08-09,42,22,3,0.03514376996805112,0.03333333333333333,False,False
90030C,2009-12-09,2011-07-18,19,9,1,0.01437699680511182,0.011111111111111112,False,False
90031,2009-12-15,2011-07-18,10,5,1,0.007987220447284345,0.011111111111111112,False,False
90032,2010-01-21,2011-05-08,39,22,0,0.03514376996805112,0.0,False,False
90033,2009-12-02,2011-07-25,20,16,1,0.025559105431309903,0.011111111111111112,False,False
90034,2009-12-02,2011-04-18,5,5,0,0.007987220447284345,0.0,False,False
90035A,2009-12-03,2011-04-13,24,15,0,0.023961661341853034,0.0,False,False
90035B,2009-12-02,2010-06-24,43,4,0,0.006389776357827476,0.0,False,False
90035C,2009-12-02,2011-05-13,28,5,0,0.007987220447284345,0.0,False,False
90036A,2009-12-03,2011-08-05,27,20,3,0.03194888178913738,0.03333333333333333,False,False
90036B,2010-01-18,2011-08-01,18,10,2,0.01597444089456869,0.022222222222222223,False,False
90036C,2009-12-03,2011-05-09,26,12,0,0.019169329073482427,0.0,False,False
90036D,2009-12-01,2011-06-13,38,16,1,0.025559105431309903,0.011111111111111112,False,False
90036E,2009-12-08,2011-08-05,41,26,3,0.04153354632587859,0.03333333333333333,False,False
90036F,2009-12-18,2011-03-23,24,15,0,0.023961661341853034,0.0,False,False
90037A,2009-12-14,2011-01-25,26,12,0,0.019169329073482427,0.0,False,False
90037B,2010-03-16,2011-08-04,27,9,1,0.01437699680511182,0.011111111111111112,False,False
90037C,2009-12-14,2011-07-14,26,12,2,0.019169329073482427,0.022222222222222223,False,False
90037D,2009-12-07,2010-06-23,14,7,0,0.011182108626198083,0.0,False,False
90038A,2009-12-07,2011-07-28,27,18,3,0.02875399361022364,0.03333333333333333,False,False
90038B,2009-12-14,2011-07-13,17,9,1,0.01437699680511182,0.011111111111111112,False,False
90038C,2009-12-18,2011-06-09,18,8,1,0.012779552715654952,0.011111111111111112,False,False
90039A,2009-12-18,2011-05-12,9,4,0,0.006389776357827476,0.0,False,False
90039B,2010-01-12,2011-07-27,21,11,2,0.01757188498402556,0.022222222222222223,False,False
90039C,2009-12-10,2011-02-09,20,8,0,0.012779552715654952,0.0,False,False
90039D,2009-12-01,2011-08-01,40,20,3,0.03194888178913738,0.03333333333333333,False,False
90040A,2009-12-03,2011-03-07,53,33,0,0.052715654952076675,0.0,False,False
90040B,2009-12-03,2011-05-06,71,34,0,0.054313099041533544,0.0,False,False
90040C,2009-12-04,2011-03-29,31,14,0,0.022364217252396165,0.0,False,False
90040D,2009-12-01,2010-09-14,41,22,0,0.03514376996805112,0.0,False,False
90041,2009-12-09,2011-05-25,5,4,1,0.006389776357827476,0.011111111111111112,False,False
90042A,2009-12-02,2011-04-13,63,30,0,0.04792332268370607,0.0,False,False
90042B,2009-12-02,2010-11-24,17,6,0,0.009584664536741214,0.0,False,False
90042C,2010-06-02,2011-01-11,59,25,0,0.039936102236421724,0.0,False,False
90043,2009-12-17,2011-07-07,9,5,1,0.007987220447284345,0.011111111111111112,False,False
90046,2010-03-26,2011-07-07,13,6,1,0.009584664536741214,0.011111111111111112,False,False
90048,2009-12-08,2011-07-07,31,7,1,0.011182108626198083,0.011111111111111112,False,False
90049,2010-05-23,2011-07-07,18,3,1,0.004792332268370607,0.011111111111111112,False,False
90050,2010-01-26,2011-07-20,7,5,2,0.007987220447284345,0.022222222222222223,False,False
90051,2010-06-28,2011-04-26,12,9,0,0.01437699680511182,0.0,False,False
90052,2009-12-22,2011-08-12,6,4,1,0.006389776357827476,0.011111111111111112,False,False
90053,2010-01-11,2011-06-29,9,9,2,0.01437699680511182,0.022222222222222223,False,False
90054,2009-12-14,2011-06-08,12,12,1,0.019169329073482427,0.011111111111111112,False,False
90055,2010-01-11,2011-02-11,7,7,0,0.011182108626198083,0.0,False,False
90056,2009-12-08,2010-12-06,16,11,0,0.01757188498402556,0.0,False,False
90057,2009-12-09,2011-02-22,1276,22,0,0.03514376996805112,0.0,False,False
90058A,2009-12-10,2011-07-03,324,8,1,0.012779552715654952,0.011111111111111112,False,False
90058B,2009-12-23,2011-07-03,650,18,2,0.02875399361022364,0.022222222222222223,False,False
90059A,2009-12-02,2011-07-25,75,34,4,0.054313099041533544,0.044444444444444446,False,False
90059B,2010-01-19,2011-07-11,18,11,1,0.01757188498402556,0.011111111111111112,False,False
90059C,2009-12-09,2011-05-13,30,17,0,0.027156549520766772,0.0,False,False
90059D,2009-12-03,2011-07-06,51,31,2,0.04952076677316294,0.022222222222222223,False,False
90059E,2009-12-09,2011-07-14,37,24,2,0.038338658146964855,0.022222222222222223,False,False
90059F,2009-12-16,2011-07-25,35,18,3,0.02875399361022364,0.03333333333333333,False,False
90060B,2009-12-13,2010-12-15,7,4,0,0.006389776357827476,0.0,False,False
90060C,2009-12-06,2010-07-04,7,3,0,0.004792332268370607,0.0,False,False
90060D,2009-12-06,2010-12-15,12,8,0,0.012779552715654952,0.0,False,False
90060F,2009-12-06,2011-04-21,26,15,0,0.023961661341853034,0.0,False,False
90062,2009-12-01,2011-04-28,205,86,0,0.13738019169329074,0.0,False,False
90063A,2010-06-17,2011-08-03,15,9,1,0.01437699680511182,0.011111111111111112,False,False
90063B,2009-12-03,2011-08-03,15,11,1,0.01757188498402556,0.011111111111111112,False,False
90064A,2010-01-13,2011-08-08,18,10,1,0.01597444089456869,0.011111111111111112,False,False
90064B,2009-12-17,2011-06-13,16,8,1,0.012779552715654952,0.011111111111111112,False,False
90065A,2009-12-02,2011-06-26,28,15,2,0.023961661341853034,0.022222222222222223,False,False
90065B,2009-12-13,2010-11-18,22,12,0,0.019169329073482427,0.0,False,False
90066A,2010-07-19,2010-10-07,5,2,0,0.003194888178913738,0.0,False,False
90067A,2009-12-01,2011-06-29,26,14,2,0.022364217252396165,0.022222222222222223,False,False
90067B,2009-12-01,2011-07-27,16,6,2,0.009584664536741214,0.022222222222222223,False,False
90068,2010-09-28,2011-03-18,2,2,0,0.003194888178913738,0.0,False,False
90069,2009-12-10,2010-11-23,9,4,0,0.006389776357827476,0.0,False,False
90070,2009-12-04,2011-08-08,57,28,4,0.04472843450479233,0.044444444444444446,False,False
90071,2009-12-02,2011-08-09,75,58,4,0.0926517571884984,0.044444444444444446,False,False
90072,2009-12-02,2011-07-25,32,22,2,0.03514376996805112,0.022222222222222223,False,False
90073,2009-12-02,2011-07-04,44,29,4,0.0463258785942492,0.044444444444444446,False,False
90074,2010-03-07,2010-12-06,4,4,0,0.006389776357827476,0.0,False,False
90075,2010-03-07,2011-03-29,8,7,0,0.011182108626198083,0.0,False,False
90076,2010-01-14,2011-05-08,11,6,0,0.009584664536741214,0.0,False,False
90077,2009-12-14,2010-12-13,4,4,0,0.006389776357827476,0.0,False,False
90078,2010-02-16,2010-12-13,9,5,0,0.007987220447284345,0.0,False,False
90079,2009-12-17,2011-07-22,20,12,2,0.019169329073482427,0.022222222222222223,False,False
90081A,2009-12-07,2011-07-21,42,19,1,0.03035143769968051,0.011111111111111112,False,False
90081B,2010-10-19,2011-05-18,7,3,0,0.004792332268370607,0.0,False,False
90081C,2009-12-01,2011-06-29,42,30,2,0.04792332268370607,0.022222222222222223,False,False
90082A,2009-12-02,2011-07-07,44,24,2,0.038338658146964855,0.022222222222222223,False,False
90082B,2009-12-15,2011-05-22,55,22,1,0.03514376996805112,0.011111111111111112,False,False
90082C,2010-01-13,2010-02-10,3,3,0,0.004792332268370607,0.0,False,False
90082D,2009-12-01,2010-12-17,104,47,0,0.07507987220447285,0.0,False,False
90083,2009-12-03,2011-06-29,31,9,2,0.01437699680511182,0.022222222222222223,False,False
90084,2009-12-01,2011-03-06,64,7,0,0.011182108626198083,0.0,False,False
90085,2009-12-01,2011-08-05,299,25,4,0.039936102236421724,0.044444444444444446,False,False
90086,2010-03-03,2011-08-09,137,30,3,0.04792332268370607,0.03333333333333333,False,False
90087,2009-12-01,2011-07-05,215,37,4,0.05910543130990415,0.044444444444444446,False,False
90088,2009-12-01,2010-11-25,101,11,0,0.01757188498402556,0.0,False,False
90089,2009-12-03,2011-07-05,88,21,1,0.03354632587859425,0.011111111111111112,False,False
90090,2009-12-01,2010-11-25,263,18,0,0.02875399361022364,0.0,False,False
90091,2010-05-10,2010-10-11,3,2,0,0.003194888178913738,0.0,False,False
90092,2009-12-01,2011-01-12,102,9,0,0.01437699680511182,0.0,False,False
90093,2009-12-01,2011-07-05,174,18,3,0.02875399361022364,0.03333333333333333,False,False
90094,2010-06-27,2011-08-16,69,28,3,0.04472843450479233,0.03333333333333333,False,False
90095,2010-03-08,2010-06-27,8,3,0,0.004792332268370607,0.0,False,False
90096,2010-01-05,2011-08-16,97,44,5,0.07028753993610223,0.05555555555555555,False,False
90098,2009-12-18,2011-08-16,124,35,4,0.05591054313099041,0.044444444444444446,False,False
90099,2009-12-07,2011-05-17,28,15,0,0.023961661341853034,0.0,False,False
90100,2009-12-07,2011-02-24,30,11,0,0.01757188498402556,0.0,False,False
90101,2009-12-09,2011-08-02,37,22,4,0.03514376996805112,0.044444444444444446,False,False
90102,2010-01-25,2011-06-07,19,4,1,0.006389776357827476,0.011111111111111112,False,False
90103,2009-12-22,2011-07-22,38,22,3,0.03514376996805112,0.03333333333333333,False,False
90104,2010-06-21,2011-04-18,130,46,0,0.07348242811501597,0.0,False,False
90108,2010-01-15,2011-08-16,93,16,2,0.025559105431309903,0.022222222222222223,False,False
90111,2009-12-07,2010-03-08,8,6,0,0.009584664536741214,0.0,False,False
90112,2009-12-07,2010-12-23,84,19,0,0.03035143769968051,0.0,False,False
90114,2010-02-02,2011-08-12,136,73,23,0.11661341853035144,0.25555555555555554,False,False
90115,2009-12-06,2011-06-02,108,54,1,0.08626198083067092,0.011111111111111112,False,False
90116,2010-02-02,2011-08-08,81,46,12,0.07348242811501597,0.13333333333333333,False,False
90118,2010-06-16,2011-08-08,25,20,4,0.03194888178913738,0.044444444444444446,False,False
90119,2010-06-23,2011-08-08,33,20,7,0.03194888178913738,0.07777777777777778,False,False
90120A,2009-12-07,2011-01-25,93,35,0,0.05591054313099041,0.0,False,False
90120B,2009-12-09,2011-07-17,86,31,2,0.04952076677316294,0.022222222222222223,False,False
90120C,2009-12-01,2011-07-14,89,47,2,0.07507987220447285,0.022222222222222223,False,False
90120D,2009-12-07,2011-02-09,134,36,0,0.05750798722044728,0.0,False,False
90121B,2009-12-01,2010-01-28,19,7,0,0.011182108626198083,0.0,False,False
90122A,2010-01-11,2011-07-20,53,28,6,0.04472843450479233,0.06666666666666667,False,False
90122B,2009-12-06,2011-07-20,45,25,2,0.039936102236421724,0.022222222222222223,False,False
90122C,2009-12-14,2011-07-17,44,24,2,0.038338658146964855,0.022222222222222223,False,False
90123A,2009-12-13,2011-08-01,36,17,3,0.027156549520766772,0.03333333333333333,False,False
90123B,2010-01-11,2011-08-01,28,13,2,0.020766773162939296,0.022222222222222223,False,False
90123C,2009-12-23,2011-08-01,27,12,3,0.019169329073482427,0.03333333333333333,False,False
90123D,2009-12-04,2011-06-10,27,12,1,0.019169329073482427,0.011111111111111112,False,False
90124A,2009-12-02,2011-05-25,27,17,1,0.027156549520766772,0.011111111111111112,False,False
90124B,2009-12-08,2011-05-25,37,27,1,0.04313099041533546,0.011111111111111112,False,False
90124C,2009-12-16,2011-05-16,14,11,0,0.01757188498402556,0.0,False,False
90125A,2009-12-01,2011-07-13,149,17,2,0.027156549520766772,0.022222222222222223,False,False
90125B,2009-12-08,2011-07-13,38,16,2,0.025559105431309903,0.022222222222222223,False,False
90125C,2009-12-01,2011-05-26,92,9,1,0.01437699680511182,0.011111111111111112,False,False
90125D,2009-12-01,2011-07-13,136,32,2,0.051118210862619806,0.022222222222222223,False,False
90125E,2009-12-02,2011-05-26,18,17,1,0.027156549520766772,0.011111111111111112,False,False
90126A,2009-12-06,2010-12-13,20,5,0,0.007987220447284345,0.0,False,False
90126B,2009-12-18,2010-03-26,3,3,0,0.004792332268370607,0.0,False,False
90126C,2009-12-18,2011-07-15,21,5,1,0.007987220447284345,0.011111111111111112,False,False
90127A,2010-11-21,2011-07-15,14,2,1,0.003194888178913738,0.011111111111111112,False,False
90127B,2010-02-19,2010-09-09,2,2,0,0.003194888178913738,0.0,False,False
90128A,2010-01-24,2011-07-26,33,10,1,0.01597444089456869,0.011111111111111112,False,False
90128B,2010-01-24,2010-12-09,18,6,0,0.009584664536741214,0.0,False,False
90128C,2009-12-18,2010-12-09,16,5,0,0.007987220447284345,0.0,False,False
90128D,2010-02-24,2011-02-15,13,7,0,0.011182108626198083,0.0,False,False
90129A,2009-12-14,2011-08-12,143,57,4,0.09105431309904154,0.044444444444444446,False,False
90129B,2009-12-02,2011-07-18,124,48,4,0.07667731629392971,0.044444444444444446,False,False
90129C,2009-12-02,2011-07-18,92,40,4,0.06389776357827476,0.044444444444444446,False,False
90129D,2009-12-16,2011-07-18,57,28,1,0.04472843450479233,0.011111111111111112,False,False
90129E,2009-12-16,2011-07-18,114,44,1,0.07028753993610223,0.011111111111111112,False,False
90129F,2009-12-16,2011-07-18,61,31,2,0.04952076677316294,0.022222222222222223,False,False
90130A,2009-12-18,2011-07-20,23,11,1,0.01757188498402556,0.011111111111111112,False,False
90130B,2009-12-04,2011-08-08,44,34,5,0.054313099041533544,0.05555555555555555,False,False
90130C,2009-12-04,2011-08-05,19,17,2,0.027156549520766772,0.022222222222222223,False,False
90130D,2010-01-11,2011-01-13,11,6,0,0.009584664536741214,0.0,False,False
90131,2009-12-01,2011-06-01,10,5,1,0.007987220447284345,0.011111111111111112,False,False
90132,2009-12-16,2011-01-10,6,6,0,0.009584664536741214,0.0,False,False
90133,2009-12-02,2011-07-05,34,26,1,0.04153354632587859,0.011111111111111112,False,False
90134,2009-12-01,2011-08-08,111,73,8,0.11661341853035144,0.08888888888888889,False,False
90135,2010-11-23,2011-04-26,9,3,0,0.004792332268370607,0.0,False,False
90135A,2010-03-08,2011-04-19,11,4,0,0.006389776357827476,0.0,False,False
90136,2010-11-23,2011-04-26,4,3,0,0.004792332268370607,0.0,False,False
90137,2009-12-10,2011-07-20,26,14,1,0.022364217252396165,0.011111111111111112,False,False
90138,2009-12-10,2011-06-07,22,15,1,0.023961661341853034,0.011111111111111112,False,False
90139,2009-12-02,2010-03-21,23,12,0,0.019169329073482427,0.0,False,False
90140,2009-12-13,2010-12-06,8,6,0,0.009584664536741214,0.0,False,False
90141A,2009-12-06,2011-07-28,18,15,3,0.023961661341853034,0.03333333333333333,False,False
90141B,2009-12-16,2011-07-18,12,8,2,0.012779552715654952,0.022222222222222223,False,False
90141C,2009-12-06,2011-07-18,12,9,2,0.01437699680511182,0.022222222222222223,False,False
90141D,2010-01-19,2011-07-18,7,5,1,0.007987220447284345,0.011111111111111112,False,False
90141E,2009-12-06,2011-07-18,8,4,1,0.006389776357827476,0.011111111111111112,False,False
90142A,2010-06-25,2010-12-17,5,4,0,0.006389776357827476,0.0,False,False
90142B,2010-11-22,2010-11-22,1,1,0,0.001597444089456869,0.0,False,False
90142C,2010-11-08,2010-11-08,1,1,0,0.001597444089456869,0.0,False,False
90142D,2010-11-24,2011-04-13,8,4,0,0.006389776357827476,0.0,False,False
90143,2009-12-14,2011-07-18,74,33,2,0.052715654952076675,0.022222222222222223,False,False
90144,2009-12-07,2011-06-02,46,26,4,0.04153354632587859,0.044444444444444446,False,False
90145,2009-12-01,2011-07-18,60,34,4,0.054313099041533544,0.044444444444444446,False,False
90146,2009-12-13,2011-06-29,31,17,1,0.027156549520766772,0.011111111111111112,False,False
90147,2009-12-02,2011-06-26,85,49,3,0.07827476038338659,0.03333333333333333,False,False
90148,2009-12-02,2011-05-16,24,15,0,0.023961661341853034,0.0,False,False
90149,2010-01-31,2011-05-22,10,6,1,0.009584664536741214,0.011111111111111112,False,False
90150,2009-12-06,2010-09-24,13,8,0,0.012779552715654952,0.0,False,False
90151,2009-12-08,2010-12-13,14,8,0,0.012779552715654952,0.0,False,False
90152A,2009-12-08,2011-06-09,5,5,1,0.007987220447284345,0.011111111111111112,False,False
90152B,2009-12-06,2010-12-13,6,5,0,0.007987220447284345,0.0,False,False
90152C,2010-04-01,2011-02-14,7,4,0,0.006389776357827476,0.0,False,False
90154,2010-06-07,2011-08-03,6,5,1,0.007987220447284345,0.011111111111111112,False,False
90155,2009-12-02,2011-07-18,25,16,1,0.025559105431309903,0.011111111111111112,False,False
90156,2010-01-11,2011-07-18,24,12,1,0.019169329073482427,0.011111111111111112,False,False
90157,2010-01-20,2011-06-29,48,22,1,0.03514376996805112,0.011111111111111112,False,False
90158,2009-12-01,2011-07-12,54,46,3,0.07348242811501597,0.03333333333333333,False,False
90159,2009-12-06,2011-06-29,36,18,1,0.02875399361022364,0.011111111111111112,False,False
90160A,2010-01-13,2011-08-01,41,22,4,0.03514376996805112,0.044444444444444446,False,False
90160B,2009-12-02,2011-08-01,61,27,3,0.04313099041533546,0.03333333333333333,False,False
90160C,2009-12-22,2011-08-01,74,36,4,0.05750798722044728,0.044444444444444446,False,False
90160D,2009-12-06,2011-07-22,56,21,3,0.03354632587859425,0.03333333333333333,False,False
90161A,2009-12-06,2011-07-13,63,35,3,0.05591054313099041,0.03333333333333333,False,False
90161B,2009-12-02,2011-07-26,104,55,6,0.0878594249201278,0.06666666666666667,False,False
90161C,2009-12-02,2011-08-01,120,71,10,0.1134185303514377,0.1111111111111111,False,False
90161D,2009-12-06,2011-07-22,103,59,3,0.09424920127795527,0.03333333333333333,False,False
90162A,2010-01-24,2010-07-29,24,8,0,0.012779552715654952,0.0,False,False
90162B,2010-03-01,2011-06-02,38,13,2,0.020766773162939296,0.022222222222222223,False,False
90162C,2010-03-01,2011-05-22,38,14,1,0.022364217252396165,0.011111111111111112,False,False
90162D,2010-01-24,2011-06-02,25,12,1,0.019169329073482427,0.011111111111111112,False,False
90163A,2009-12-04,2011-07-05,32,21,1,0.03354632587859425,0.011111111111111112,False,False
90163B,2009-12-09,2011-04-26,11,7,0,0.011182108626198083,0.0,False,False
90164A,2009-12-04,2011-07-05,22,18,2,0.02875399361022364,0.022222222222222223,False,False
90164B,2009-12-02,2011-07-18,38,26,1,0.04153354632587859,0.011111111111111112,False,False
90165A,2009-12-07,2011-07-25,38,22,5,0.03514376996805112,0.05555555555555555,False,False
90165B,2009-12-04,2011-08-09,43,25,2,0.039936102236421724,0.022222222222222223,False,False
90166,2009-12-08,2011-08-10,28,20,3,0.03194888178913738,0.03333333333333333,False,False
90167,2009-12-01,2010-12-05,2197,88,0,0.14057507987220447,0.0,False,False
90168,2009-12-01,2011-07-29,29,15,2,0.023961661341853034,0.022222222222222223,False,False
90169,2009-12-09,2011-07-20,30,17,2,0.027156549520766772,0.022222222222222223,False,False
90170,2009-12-07,2011-08-02,118,51,10,0.08146964856230032,0.1111111111111111,False,False
90171,2009-12-01,2010-03-12,47,21,0,0.03354632587859425,0.0,False,False
90173,2009-12-09,2011-07-04,80,43,2,0.06869009584664537,0.022222222222222223,False,False
90174,2009-12-04,2011-07-28,27,20,6,0.03194888178913738,0.06666666666666667,False,False
90175A,2009-12-01,2011-07-15,97,49,3,0.07827476038338659,0.03333333333333333,False,False
90175B,2009-12-09,2011-07-20,31,21,1,0.03354632587859425,0.011111111111111112,False,False
90175C,2009-12-01,2011-05-25,35,18,1,0.02875399361022364,0.011111111111111112,False,False
90175D,2009-12-02,2011-07-11,47,31,4,0.04952076677316294,0.044444444444444446,False,False
90176A,2009-12-03,2011-02-28,8,6,0,0.009584664536741214,0.0,False,False
90176B,2010-11-05,2010-12-20,2,2,0,0.003194888178913738,0.0,False,False
90176C,2009-12-14,2011-02-28,8,5,0,0.007987220447284345,0.0,False,False
90176D,2009-12-15,2011-06-26,6,4,1,0.006389776357827476,0.011111111111111112,False,False
90177A,2009-12-10,2011-08-09,10,10,3,0.01597444089456869,0.03333333333333333,False,False
90177B,2009-12-10,2011-06-13,28,16,1,0.025559105431309903,0.011111111111111112,False,False
90177C,2009-12-10,2011-07-27,27,18,3,0.02875399361022364,0.03333333333333333,False,False
90177D,2009-12-10,2011-07-18,34,18,2,0.02875399361022364,0.022222222222222223,False,False
90177E,2009-12-10,2011-07-04,21,19,1,0.03035143769968051,0.011111111111111112,False,False
90178A,2009-12-01,2011-02-28,26,19,0,0.03035143769968051,0.0,False,False
90178B,2009-12-14,2010-12-17,16,11,0,0.01757188498402556,0.0,False,False
90179A,2010-01-26,2011-06-29,8,6,1,0.009584664536741214,0.011111111111111112,False,False
90179B,2009-12-02,2010-10-24,8,6,0,0.009584664536741214,0.0,False,False
90179C,2010-06-15,2011-08-16,17,12,3,0.019169329073482427,0.03333333333333333,False,False
90180A,2009-12-02,2011-08-09,36,23,1,0.036741214057507986,0.011111111111111112,False,False
90180B,2009-12-03,2011-04-06,15,11,0,0.01757188498402556,0.0,False,False
90181A,2010-01-26,2011-06-29,9,9,1,0.01437699680511182,0.011111111111111112,False,False
90181B,2009-12-02,2011-07-22,19,18,3,0.02875399361022364,0.03333333333333333,False,False
90181C,2009-12-02,2011-04-18,5,5,0,0.007987220447284345,0.0,False,False
90182A,2010-11-29,2011-08-09,3,3,2,0.004792332268370607,0.022222222222222223,False,False
90182B,2009-12-16,2011-03-22,2,2,0,0.003194888178913738,0.0,False,False
90182C,2009-12-13,2011-08-09,9,8,2,0.012779552715654952,0.022222222222222223,False,False
90183A,2010-01-19,2011-08-09,25,19,4,0.03035143769968051,0.044444444444444446,False,False
90183B,2009-12-22,2011-07-26,18,15,2,0.023961661341853034,0.022222222222222223,False,False
90183C,2009-12-02,2011-07-05,7,7,1,0.011182108626198083,0.011111111111111112,False,False
90184A,2009-12-06,2011-07-18,41,23,1,0.036741214057507986,0.011111111111111112,False,False
90184B,2009-12-01,2011-08-08,51,34,1,0.054313099041533544,0.011111111111111112,False,False
90184C,2009-12-06,2011-06-21,64,38,1,0.06070287539936102,0.011111111111111112,False,False
90185A,2009-12-08,2011-04-27,46,21,0,0.03354632587859425,0.0,False,False
90185B,2009-12-01,2011-08-09,58,26,1,0.04153354632587859,0.011111111111111112,False,False
90185C,2009-12-01,2011-04-27,55,24,0,0.038338658146964855,0.0,False,False
90185D,2009-12-03,2011-06-02,69,30,1,0.04792332268370607,0.011111111111111112,False,False
90186A,2009-12-03,2011-08-05,75,31,2,0.04952076677316294,0.022222222222222223,False,False
90186B,2009-12-10,2011-08-09,43,23,1,0.036741214057507986,0.011111111111111112,False,False
90187A,2009-12-07,2011-02-28,8,7,0,0.011182108626198083,0.0,False,False
90187B,2009-12-03,2011-07-05,17,12,2,0.019169329073482427,0.022222222222222223,False,False
90188,2009-12-01,2011-06-29,18,14,1,0.022364217252396165,0.011111111111111112,False,False
90189A,2010-01-18,2010-11-11,9,6,0,0.009584664536741214,0.0,False,False
90189B,2010-02-16,2010-04-29,3,2,0,0.003194888178913738,0.0,False,False
90190A,2009-12-02,2011-06-13,39,23,1,0.036741214057507986,0.011111111111111112,False,False
90190B,2009-12-03,2011-06-13,43,13,2,0.020766773162939296,0.022222222222222223,False,False
90190C,2009-12-08,2011-06-30,46,23,2,0.036741214057507986,0.022222222222222223,False,False
90191,2009-12-17,2011-07-12,18,15,1,0.023961661341853034,0.011111111111111112,False,False
90192,2009-12-01,2011-08-09,74,40,4,0.06389776357827476,0.044444444444444446,False,False
90194,2009-12-10,2011-05-22,24,17,1,0.027156549520766772,0.011111111111111112,False,False
90195A,2009-12-02,2011-01-27,60,33,0,0.052715654952076675,0.0,False,False
90195B,2009-12-01,2010-12-03,58,21,0,0.03354632587859425,0.0,False,False
90196A,2009-12-06,2011-01-27,17,9,0,0.01437699680511182,0.0,False,False
90196B,2009-12-06,2011-07-29,17,11,1,0.01757188498402556,0.011111111111111112,False,False
90197B,2009-12-02,2011-07-25,50,38,5,0.06070287539936102,0.05555555555555555,False,False
90197D,2010-02-02,2010-04-07,9,4,0,0.006389776357827476,0.0,False,False
90198A,2009-12-14,2011-08-08,108,60,8,0.09584664536741214,0.08888888888888889,False,False
90198B,2009-12-07,2011-08-01,89,39,6,0.06230031948881789,0.06666666666666667,False,False
90199A,2009-12-16,2011-06-30,19,13,1,0.020766773162939296,0.011111111111111112,False,False
90199B,2009-12-01,2010-12-20,29,23,0,0.036741214057507986,0.0,False,False
90199C,2009-12-01,2011-05-25,89,24,1,0.038338658146964855,0.011111111111111112,False,False
90199D,2009-12-17,2011-06-20,20,14,1,0.022364217252396165,0.011111111111111112,False,False
90200A,2009-12-01,2011-08-01,144,69,8,0.11022364217252396,0.08888888888888889,False,False
90200B,2009-12-01,2011-08-03,155,62,9,0.09904153354632587,0.1,False,False
90200C,2009-12-01,2011-03-22,206,82,0,0.13099041533546327,0.0,False,False
90200D,2009-12-01,2011-08-05,254,97,10,0.15495207667731628,0.1111111111111111,False,False
90200E,2009-12-01,2011-08-18,158,60,9,0.09584664536741214,0.1,False,False
90201A,2009-12-13,2011-07-22,95,40,4,0.06389776357827476,0.044444444444444446,False,False
90201B,2009-12-02,2011-07-22,113,45,4,0.07188498402555911,0.044444444444444446,False,False
90201C,2009-12-23,2011-07-22,90,38,5,0.06070287539936102,0.05555555555555555,False,False
90201D,2009-12-18,2011-07-22,98,42,5,0.0670926517571885,0.05555555555555555,False,False
90202A,2010-02-10,2011-06-30,19,16,1,0.025559105431309903,0.011111111111111112,False,False
90202B,2009-12-02,2011-06-30,14,11,2,0.01757188498402556,0.022222222222222223,False,False
90202C,2009-12-09,2011-08-02,21,20,1,0.03194888178913738,0.011111111111111112,False,False
90202D,2009-12-15,2011-05-19,36,17,0,0.027156549520766772,0.0,False,False
90203,2009-12-02,2010-10-25,73,30,0,0.04792332268370607,0.0,False,False
90204,2009-12-07,2011-07-28,36,26,4,0.04153354632587859,0.044444444444444446,False,False
90205A,2009-12-09,2011-08-04,24,15,3,0.023961661341853034,0.03333333333333333,False,False
90205C,2009-12-09,2011-08-03,69,17,5,0.027156549520766772,0.05555555555555555,False,False
90206A,2009-12-17,2011-06-29,10,7,2,0.011182108626198083,0.022222222222222223,False,False
90206C,2009-12-01,2011-08-18,62,39,4,0.06230031948881789,0.044444444444444446,False,False
90208,2009-12-01,2011-07-20,130,45,7,0.07188498402555911,0.07777777777777778,False,False
90209A,2009-12-01,2011-08-05,91,7,1,0.011182108626198083,0.011111111111111112,False,False
90209B,2009-12-09,2011-08-08,326,78,17,0.12460063897763578,0.18888888888888888,False,False
90209C,2009-12-01,2011-08-05,252,55,7,0.0878594249201278,0.07777777777777778,False,False
90210A,2009-12-04,2011-06-29,88,19,1,0.03035143769968051,0.011111111111111112,False,False
90210B,2009-12-10,2010-12-13,77,21,0,0.03354632587859425,0.0,False,False
90210C,2009-12-04,2011-06-29,96,10,1,0.01597444089456869,0.011111111111111112,False,False
90210D,2009-12-04,2011-07-05,122,17,1,0.027156549520766772,0.011111111111111112,False,False
90211A,2009-12-14,2010-12-17,20,15,0,0.023961661341853034,0.0,False,False
90211B,2009-12-02,2011-03-17,33,25,0,0.039936102236421724,0.0,False,False
90212B,2009-12-02,2011-05-06,37,27,0,0.04313099041533546,0.0,False,False
90212C,2009-12-13,2011-03-18,12,6,0,0.009584664536741214,0.0,False,False
90214A,2009-12-02,2011-08-05,159,75,13,0.11980830670926518,0.14444444444444443,False,False
90214B,2009-12-09,2011-08-04,58,33,3,0.052715654952076675,0.03333333333333333,False,False
90214C,2009-12-03,2011-07-26,129,52,6,0.08306709265175719,0.06666666666666667,False,False
90214D,2009-12-03,2011-07-13,66,42,6,0.0670926517571885,0.06666666666666667,False,False
90214E,2009-12-10,2011-07-26,104,49,8,0.07827476038338659,0.08888888888888889,False,False
90214F,2009-12-10,2011-07-26,29,21,1,0.03354632587859425,0.011111111111111112,False,False
90214G,2009-12-13,2011-07-26,64,36,5,0.05750798722044728,0.05555555555555555,False,False
90214H,2009-12-01,2011-08-04,56,38,5,0.06070287539936102,0.05555555555555555,False,False
90214I,2009-12-09,2011-08-02,46,23,4,0.036741214057507986,0.044444444444444446,False,False
90214J,2009-12-02,2011-08-12,126,61,7,0.09744408945686901,0.07777777777777778,False,False
90214K,2009-12-07,2011-08-05,119,67,5,0.10702875399361023,0.05555555555555555,False,False
90214L,2009-12-06,2011-08-04,129,54,8,0.08626198083067092,0.08888888888888889,False,False
90214M,2009-12-06,2011-08-05,113,49,5,0.07827476038338659,0.05555555555555555,False,False
90214N,2009-12-06,2011-08-10,58,34,5,0.054313099041533544,0.05555555555555555,False,False
90214O,2009-12-09,2011-04-21,22,14,0,0.022364217252396165,0.0,False,False
90214P,2009-12-07,2011-08-05,51,29,3,0.0463258785942492,0.03333333333333333,False,False
90214R,2009-12-06,2011-08-12,74,40,5,0.06389776357827476,0.05555555555555555,False,False
90214S,2009-12-02,2011-07-26,136,59,6,0.09424920127795527,0.06666666666666667,False,False
90214T,2009-12-06,2011-08-05,43,20,3,0.03194888178913738,0.03333333333333333,False,False
90214U,2010-11-03,2010-11-03,1,1,0,0.001597444089456869,0.0,False,False
90214V,2010-02-03,2011-08-04,25,21,5,0.03354632587859425,0.05555555555555555,False,False
90214W,2010-06-07,2011-07-18,7,7,1,0.011182108626198083,0.011111111111111112,False,False
90214Y,2010-11-03,2011-05-17,6,6,0,0.009584664536741214,0.0,False,False
90214Z,2009-12-10,2011-07-25,16,15,2,0.023961661341853034,0.022222222222222223,False,False
