product_id,description,date,model,actual,prediction,absolute_error,signed_error,spike_threshold_units,is_spike
15036,ASSORTED COLOURS SILK FAN,2011-11-11,seasonal_naive,14.0,2.0,12.0,-12.0,760.4699999999995,False
15036,ASSORTED COLOURS SILK FAN,2011-11-12,seasonal_naive,0.0,0.0,0.0,0.0,760.4699999999995,False
15036,ASSORTED COLOURS SILK FAN,2011-11-13,seasonal_naive,24.0,0.0,24.0,-24.0,760.4699999999995,False
15036,ASSORTED COLOURS SILK FAN,2011-11-14,seasonal_naive,0.0,0.0,0.0,0.0,760.4699999999995,False
15036,ASSORTED COLOURS SILK FAN,2011-11-15,seasonal_naive,30.0,9.0,21.0,-21.0,760.4699999999995,False
15036,ASSORTED COLOURS SILK FAN,2011-11-16,seasonal_naive,61.0,48.0,13.0,-13.0,760.4699999999995,False
15036,ASSORTED COLOURS SILK FAN,2011-11-17,seasonal_naive,1.0,12.0,11.0,11.0,760.4699999999995,False
15036,ASSORTED COLOURS SILK FAN,2011-11-18,seasonal_naive,12.0,2.0,10.0,-10.0,760.4699999999995,False
15036,ASSORTED COLOURS SILK FAN,2011-11-19,seasonal_naive,0.0,0.0,0.0,0.0,760.4699999999995,False
15036,ASSORTED COLOURS SILK FAN,2011-11-20,seasonal_naive,0.0,0.0,0.0,0.0,760.4699999999995,False
15036,ASSORTED COLOURS SILK FAN,2011-11-21,seasonal_naive,24.0,0.0,24.0,-24.0,760.4699999999995,False
15036,ASSORTED COLOURS SILK FAN,2011-11-22,seasonal_naive,2.0,9.0,7.0,7.0,760.4699999999995,False
15036,ASSORTED COLOURS SILK FAN,2011-11-23,seasonal_naive,84.0,48.0,36.0,-36.0,760.4699999999995,False
15036,ASSORTED COLOURS SILK FAN,2011-11-24,seasonal_naive,113.0,12.0,101.0,-101.0,760.4699999999995,False
15036,ASSORTED COLOURS SILK FAN,2011-11-25,seasonal_naive,14.0,2.0,12.0,-12.0,760.4699999999995,False
15036,ASSORTED COLOURS SILK FAN,2011-11-26,seasonal_naive,0.0,0.0,0.0,0.0,760.4699999999995,False
15036,ASSORTED COLOURS SILK FAN,2011-11-27,seasonal_naive,0.0,0.0,0.0,0.0,760.4699999999995,False
15036,ASSORTED COLOURS SILK FAN,2011-11-28,seasonal_naive,84.0,0.0,84.0,-84.0,760.4699999999995,False
15036,ASSORTED COLOURS SILK FAN,2011-11-29,seasonal_naive,2.0,9.0,7.0,7.0,760.4699999999995,False
15036,ASSORTED COLOURS SILK FAN,2011-11-30,seasonal_naive,2.0,48.0,46.0,46.0,760.4699999999995,False
15036,ASSORTED COLOURS SILK FAN,2011-12-01,seasonal_naive,1.0,12.0,11.0,11.0,760.4699999999995,False
15036,ASSORTED COLOURS SILK FAN,2011-12-02,seasonal_naive,54.0,2.0,52.0,-52.0,760.4699999999995,False
15036,ASSORTED COLOURS SILK FAN,2011-12-03,seasonal_naive,0.0,0.0,0.0,0.0,760.4699999999995,False
15036,ASSORTED COLOURS SILK FAN,2011-12-04,seasonal_naive,0.0,0.0,0.0,0.0,760.4699999999995,False
15036,ASSORTED COLOURS SILK FAN,2011-12-05,seasonal_naive,5.0,0.0,5.0,-5.0,760.4699999999995,False
15036,ASSORTED COLOURS SILK FAN,2011-12-06,seasonal_naive,0.0,9.0,9.0,9.0,760.4699999999995,False
15036,ASSORTED COLOURS SILK FAN,2011-12-07,seasonal_naive,0.0,48.0,48.0,48.0,760.4699999999995,False
15036,ASSORTED COLOURS SILK FAN,2011-12-08,seasonal_naive,8.0,12.0,4.0,4.0,760.4699999999995,False
15036,ASSORTED COLOURS SILK FAN,2011-11-11,hw_weekly,14.0,23.831755439851587,9.831755439851587,9.831755439851587,760.4699999999995,False
15036,ASSORTED COLOURS SILK FAN,2011-11-12,hw_weekly,0.0,0.0,0.0,0.0,760.4699999999995,False
15036,ASSORTED COLOURS SILK FAN,2011-11-13,hw_weekly,24.0,0.0,24.0,-24.0,760.4699999999995,False
15036,ASSORTED COLOURS SILK FAN,2011-11-14,hw_weekly,0.0,27.923733499802257,27.923733499802257,27.923733499802257,760.4699999999995,False
15036,ASSORTED COLOURS SILK FAN,2011-11-15,hw_weekly,30.0,40.10918490494076,10.109184904940761,10.109184904940761,760.4699999999995,False
15036,ASSORTED COLOURS SILK FAN,2011-11-16,hw_weekly,61.0,55.99075913281372,5.0092408671862785,-5.0092408671862785,760.4699999999995,False
15036,ASSORTED COLOURS SILK FAN,2011-11-17,hw_weekly,1.0,72.55348492070877,71.55348492070877,71.55348492070877,760.4699999999995,False
15036,ASSORTED COLOURS SILK FAN,2011-11-18,hw_weekly,12.0,23.831755439851587,11.831755439851587,11.831755439851587,760.4699999999995,False
15036,ASSORTED COLOURS SILK FAN,2011-11-19,hw_weekly,0.0,0.0,0.0,0.0,760.4699999999995,False
15036,ASSORTED COLOURS SILK FAN,2011-11-20,hw_weekly,0.0,0.0,0.0,0.0,760.4699999999995,False
15036,ASSORTED COLOURS SILK FAN,2011-11-21,hw_weekly,24.0,27.923733499802257,3.923733499802257,3.923733499802257,760.4699999999995,False
15036,ASSORTED COLOURS SILK FAN,2011-11-22,hw_weekly,2.0,40.10918490494076,38.10918490494076,38.10918490494076,760.4699999999995,False
15036,ASSORTED COLOURS SILK FAN,2011-11-23,hw_weekly,84.0,55.99075913281372,28.00924086718628,-28.00924086718628,760.4699999999995,False
15036,ASSORTED COLOURS SILK FAN,2011-11-24,hw_weekly,113.0,72.55348492070877,40.44651507929123,-40.44651507929123,760.4699999999995,False
15036,ASSORTED COLOURS SILK FAN,2011-11-25,hw_weekly,14.0,23.831755439851587,9.831755439851587,9.831755439851587,760.4699999999995,False
15036,ASSORTED COLOURS SILK FAN,2011-11-26,hw_weekly,0.0,0.0,0.0,0.0,760.4699999999995,False
15036,ASSORTED COLOURS SILK FAN,2011-11-27,hw_weekly,0.0,0.0,0.0,0.0,760.4699999999995,False
15036,ASSORTED COLOURS SILK FAN,2011-11-28,hw_weekly,84.0,27.923733499802257,56.07626650019775,-56.07626650019775,760.4699999999995,False
15036,ASSORTED COLOURS SILK FAN,2011-11-29,hw_weekly,2.0,40.10918490494076,38.10918490494076,38.10918490494076,760.4699999999995,False
15036,ASSORTED COLOURS SILK FAN,2011-11-30,hw_weekly,2.0,55.99075913281372,53.99075913281372,53.99075913281372,760.4699999999995,False
15036,ASSORTED COLOURS SILK FAN,2011-12-01,hw_weekly,1.0,72.55348492070877,71.55348492070877,71.55348492070877,760.4699999999995,False
15036,ASSORTED COLOURS SILK FAN,2011-12-02,hw_weekly,54.0,23.831755439851587,30.168244560148413,-30.168244560148413,760.4699999999995,False
15036,ASSORTED COLOURS SILK FAN,2011-12-03,hw_weekly,0.0,0.0,0.0,0.0,760.4699999999995,False
15036,ASSORTED COLOURS SILK FAN,2011-12-04,hw_weekly,0.0,0.0,0.0,0.0,760.4699999999995,False
15036,ASSORTED COLOURS SILK FAN,2011-12-05,hw_weekly,5.0,27.923733499802257,22.923733499802257,22.923733499802257,760.4699999999995,False
15036,ASSORTED COLOURS SILK FAN,2011-12-06,hw_weekly,0.0,40.10918490494076,40.10918490494076,40.10918490494076,760.4699999999995,False
15036,ASSORTED COLOURS SILK FAN,2011-12-07,hw_weekly,0.0,55.99075913281372,55.99075913281372,55.99075913281372,760.4699999999995,False
15036,ASSORTED COLOURS SILK FAN,2011-12-08,hw_weekly,8.0,72.55348492070877,64.55348492070877,64.55348492070877,760.4699999999995,False
17003,BROCADE RING PURSE ,2011-11-11,seasonal_naive,0.0,27.0,27.0,27.0,1391.3999999999828,False
17003,BROCADE RING PURSE ,2011-11-12,seasonal_naive,0.0,0.0,0.0,0.0,1391.3999999999828,False
17003,BROCADE RING PURSE ,2011-11-13,seasonal_naive,64.0,36.0,28.0,-28.0,1391.3999999999828,False
17003,BROCADE RING PURSE ,2011-11-14,seasonal_naive,190.0,0.0,190.0,-190.0,1391.3999999999828,False
17003,BROCADE RING PURSE ,2011-11-15,seasonal_naive,0.0,0.0,0.0,0.0,1391.3999999999828,False
17003,BROCADE RING PURSE ,2011-11-16,seasonal_naive,87.0,9.0,78.0,-78.0,1391.3999999999828,False
17003,BROCADE RING PURSE ,2011-11-17,seasonal_naive,0.0,36.0,36.0,36.0,1391.3999999999828,False
17003,BROCADE RING PURSE ,2011-11-18,seasonal_naive,2.0,27.0,25.0,25.0,1391.3999999999828,False
17003,BROCADE RING PURSE ,2011-11-19,seasonal_naive,0.0,0.0,0.0,0.0,1391.3999999999828,False
17003,BROCADE RING PURSE ,2011-11-20,seasonal_naive,36.0,36.0,0.0,0.0,1391.3999999999828,False
17003,BROCADE RING PURSE ,2011-11-21,seasonal_naive,108.0,0.0,108.0,-108.0,1391.3999999999828,False
17003,BROCADE RING PURSE ,2011-11-22,seasonal_naive,130.0,0.0,130.0,-130.0,1391.3999999999828,False
17003,BROCADE RING PURSE ,2011-11-23,seasonal_naive,4.0,9.0,5.0,5.0,1391.3999999999828,False
17003,BROCADE RING PURSE ,2011-11-24,seasonal_naive,51.0,36.0,15.0,-15.0,1391.3999999999828,False
17003,BROCADE RING PURSE ,2011-11-25,seasonal_naive,37.0,27.0,10.0,-10.0,1391.3999999999828,False
17003,BROCADE RING PURSE ,2011-11-26,seasonal_naive,0.0,0.0,0.0,0.0,1391.3999999999828,False
17003,BROCADE RING PURSE ,2011-11-27,seasonal_naive,144.0,36.0,108.0,-108.0,1391.3999999999828,False
17003,BROCADE RING PURSE ,2011-11-28,seasonal_naive,0.0,0.0,0.0,0.0,1391.3999999999828,False
17003,BROCADE RING PURSE ,2011-11-29,seasonal_naive,38.0,0.0,38.0,-38.0,1391.3999999999828,False
17003,BROCADE RING PURSE ,2011-11-30,seasonal_naive,72.0,9.0,63.0,-63.0,1391.3999999999828,False
17003,BROCADE RING PURSE ,2011-12-01,seasonal_naive,14.0,36.0,22.0,22.0,1391.3999999999828,False
17003,BROCADE RING PURSE ,2011-12-02,seasonal_naive,1.0,27.0,26.0,26.0,1391.3999999999828,False
17003,BROCADE RING PURSE ,2011-12-03,seasonal_naive,0.0,0.0,0.0,0.0,1391.3999999999828,False
17003,BROCADE RING PURSE ,2011-12-04,seasonal_naive,5.0,36.0,31.0,31.0,1391.3999999999828,False
17003,BROCADE RING PURSE ,2011-12-05,seasonal_naive,17.0,0.0,17.0,-17.0,1391.3999999999828,False
17003,BROCADE RING PURSE ,2011-12-06,seasonal_naive,114.0,0.0,114.0,-114.0,1391.3999999999828,False
17003,BROCADE RING PURSE ,2011-12-07,seasonal_naive,70.0,9.0,61.0,-61.0,1391.3999999999828,False
17003,BROCADE RING PURSE ,2011-12-08,seasonal_naive,76.0,36.0,40.0,-40.0,1391.3999999999828,False
17003,BROCADE RING PURSE ,2011-11-11,hw_weekly,0.0,178.95040936304937,178.95040936304937,178.95040936304937,1391.3999999999828,False
17003,BROCADE RING PURSE ,2011-11-12,hw_weekly,0.0,0.0,0.0,0.0,1391.3999999999828,False
17003,BROCADE RING PURSE ,2011-11-13,hw_weekly,64.0,31.962094498859216,32.037905501140784,-32.037905501140784,1391.3999999999828,False
17003,BROCADE RING PURSE ,2011-11-14,hw_weekly,190.0,25.926547562946027,164.07345243705396,-164.07345243705396,1391.3999999999828,False
17003,BROCADE RING PURSE ,2011-11-15,hw_weekly,0.0,75.91961438657879,75.91961438657879,75.91961438657879,1391.3999999999828,False
17003,BROCADE RING PURSE ,2011-11-16,hw_weekly,87.0,124.93252846943749,37.932528469437486,37.932528469437486,1391.3999999999828,False
17003,BROCADE RING PURSE ,2011-11-17,hw_weekly,0.0,82.96300357298713,82.96300357298713,82.96300357298713,1391.3999999999828,False
17003,BROCADE RING PURSE ,2011-11-18,hw_weekly,2.0,178.95040936304937,176.95040936304937,176.95040936304937,1391.3999999999828,False
17003,BROCADE RING PURSE ,2011-11-19,hw_weekly,0.0,0.0,0.0,0.0,1391.3999999999828,False
17003,BROCADE RING PURSE ,2011-11-20,hw_weekly,36.0,31.962094498859216,4.037905501140784,-4.037905501140784,1391.3999999999828,False
17003,BROCADE RING PURSE ,2011-11-21,hw_weekly,108.0,25.926547562946027,82.07345243705397,-82.07345243705397,1391.3999999999828,False
17003,BROCADE RING PURSE ,2011-11-22,hw_weekly,130.0,75.91961438657879,54.080385613421214,-54.080385613421214,1391.3999999999828,False
17003,BROCADE RING PURSE ,2011-11-23,hw_weekly,4.0,124.93252846943749,120.93252846943749,120.93252846943749,1391.3999999999828,False
17003,BROCADE RING PURSE ,2011-11-24,hw_weekly,51.0,82.96300357298713,31.963003572987134,31.963003572987134,1391.3999999999828,False
17003,BROCADE RING PURSE ,2011-11-25,hw_weekly,37.0,178.95040936304937,141.95040936304937,141.95040936304937,1391.3999999999828,False
17003,BROCADE RING PURSE ,2011-11-26,hw_weekly,0.0,0.0,0.0,0.0,1391.3999999999828,False
17003,BROCADE RING PURSE ,2011-11-27,hw_weekly,144.0,31.962094498859216,112.03790550114078,-112.03790550114078,1391.3999999999828,False
17003,BROCADE RING PURSE ,2011-11-28,hw_weekly,0.0,25.926547562946027,25.926547562946027,25.926547562946027,1391.3999999999828,False
17003,BROCADE RING PURSE ,2011-11-29,hw_weekly,38.0,75.91961438657879,37.919614386578786,37.919614386578786,1391.3999999999828,False
17003,BROCADE RING PURSE ,2011-11-30,hw_weekly,72.0,124.93252846943749,52.932528469437486,52.932528469437486,1391.3999999999828,False
17003,BROCADE RING PURSE ,2011-12-01,hw_weekly,14.0,82.96300357298713,68.96300357298713,68.96300357298713,1391.3999999999828,False
17003,BROCADE RING PURSE ,2011-12-02,hw_weekly,1.0,178.95040936304937,177.95040936304937,177.95040936304937,1391.3999999999828,False
17003,BROCADE RING PURSE ,2011-12-03,hw_weekly,0.0,0.0,0.0,0.0,1391.3999999999828,False
17003,BROCADE RING PURSE ,2011-12-04,hw_weekly,5.0,31.962094498859216,26.962094498859216,26.962094498859216,1391.3999999999828,False
17003,BROCADE RING PURSE ,2011-12-05,hw_weekly,17.0,25.926547562946027,8.926547562946027,8.926547562946027,1391.3999999999828,False
17003,BROCADE RING PURSE ,2011-12-06,hw_weekly,114.0,75.91961438657879,38.080385613421214,-38.080385613421214,1391.3999999999828,False
17003,BROCADE RING PURSE ,2011-12-07,hw_weekly,70.0,124.93252846943749,54.932528469437486,54.932528469437486,1391.3999999999828,False
17003,BROCADE RING PURSE ,2011-12-08,hw_weekly,76.0,82.96300357298713,6.963003572987134,6.963003572987134,1391.3999999999828,False
20725,LUNCH BAG RED RETROSPOT,2011-11-11,seasonal_naive,88.0,38.0,50.0,-50.0,283.92999999999927,False
20725,LUNCH BAG RED RETROSPOT,2011-11-12,seasonal_naive,0.0,0.0,0.0,0.0,283.92999999999927,False
20725,LUNCH BAG RED RETROSPOT,2011-11-13,seasonal_naive,23.0,122.0,99.0,99.0,283.92999999999927,False
20725,LUNCH BAG RED RETROSPOT,2011-11-14,seasonal_naive,155.0,130.0,25.0,-25.0,283.92999999999927,False
20725,LUNCH BAG RED RETROSPOT,2011-11-15,seasonal_naive,232.0,61.0,171.0,-171.0,283.92999999999927,False
20725,LUNCH BAG RED RETROSPOT,2011-11-16,seasonal_naive,66.0,161.0,95.0,95.0,283.92999999999927,False
20725,LUNCH BAG RED RETROSPOT,2011-11-17,seasonal_naive,71.0,93.0,22.0,22.0,283.92999999999927,False
20725,LUNCH BAG RED RETROSPOT,2011-11-18,seasonal_naive,77.0,38.0,39.0,-39.0,283.92999999999927,False
20725,LUNCH BAG RED RETROSPOT,2011-11-19,seasonal_naive,0.0,0.0,0.0,0.0,283.92999999999927,False
20725,LUNCH BAG RED RETROSPOT,2011-11-20,seasonal_naive,49.0,122.0,73.0,73.0,283.92999999999927,False
20725,LUNCH BAG RED RETROSPOT,2011-11-21,seasonal_naive,37.0,130.0,93.0,93.0,283.92999999999927,False
20725,LUNCH BAG RED RETROSPOT,2011-11-22,seasonal_naive,47.0,61.0,14.0,14.0,283.92999999999927,False
20725,LUNCH BAG RED RETROSPOT,2011-11-23,seasonal_naive,37.0,161.0,124.0,124.0,283.92999999999927,False
20725,LUNCH BAG RED RETROSPOT,2011-11-24,seasonal_naive,44.0,93.0,49.0,49.0,283.92999999999927,False
20725,LUNCH BAG RED RETROSPOT,2011-11-25,seasonal_naive,93.0,38.0,55.0,-55.0,283.92999999999927,False
20725,LUNCH BAG RED RETROSPOT,2011-11-26,seasonal_naive,0.0,0.0,0.0,0.0,283.92999999999927,False
20725,LUNCH BAG RED RETROSPOT,2011-11-27,seasonal_naive,18.0,122.0,104.0,104.0,283.92999999999927,False
20725,LUNCH BAG RED RETROSPOT,2011-11-28,seasonal_naive,58.0,130.0,72.0,72.0,283.92999999999927,False
20725,LUNCH BAG RED RETROSPOT,2011-11-29,seasonal_naive,49.0,61.0,12.0,12.0,283.92999999999927,False
20725,LUNCH BAG RED RETROSPOT,2011-11-30,seasonal_naive,91.0,161.0,70.0,70.0,283.92999999999927,False
20725,LUNCH BAG RED RETROSPOT,2011-12-01,seasonal_naive,51.0,93.0,42.0,42.0,283.92999999999927,False
20725,LUNCH BAG RED RETROSPOT,2011-12-02,seasonal_naive,72.0,38.0,34.0,-34.0,283.92999999999927,False
20725,LUNCH BAG RED RETROSPOT,2011-12-03,seasonal_naive,0.0,0.0,0.0,0.0,283.92999999999927,False
20725,LUNCH BAG RED RETROSPOT,2011-12-04,seasonal_naive,10.0,122.0,112.0,112.0,283.92999999999927,False
20725,LUNCH BAG RED RETROSPOT,2011-12-05,seasonal_naive,50.0,130.0,80.0,80.0,283.92999999999927,False
20725,LUNCH BAG RED RETROSPOT,2011-12-06,seasonal_naive,85.0,61.0,24.0,-24.0,283.92999999999927,False
20725,LUNCH BAG RED RETROSPOT,2011-12-07,seasonal_naive,35.0,161.0,126.0,126.0,283.92999999999927,False
20725,LUNCH BAG RED RETROSPOT,2011-12-08,seasonal_naive,52.0,93.0,41.0,41.0,283.92999999999927,False
20725,LUNCH BAG RED RETROSPOT,2011-11-11,hw_weekly,88.0,62.89782852524911,25.10217147475089,-25.10217147475089,283.92999999999927,False
20725,LUNCH BAG RED RETROSPOT,2011-11-12,hw_weekly,0.0,1.523669385565121,1.523669385565121,1.523669385565121,283.92999999999927,False
20725,LUNCH BAG RED RETROSPOT,2011-11-13,hw_weekly,23.0,37.38907967365084,14.38907967365084,14.38907967365084,283.92999999999927,False
20725,LUNCH BAG RED RETROSPOT,2011-11-14,hw_weekly,155.0,60.71958004200512,94.28041995799488,-94.28041995799488,283.92999999999927,False
20725,LUNCH BAG RED RETROSPOT,2011-11-15,hw_weekly,232.0,79.05074380195602,152.949256198044,-152.949256198044,283.92999999999927,False
20725,LUNCH BAG RED RETROSPOT,2011-11-16,hw_weekly,66.0,69.66575033372446,3.6657503337244606,3.6657503337244606,283.92999999999927,False
20725,LUNCH BAG RED RETROSPOT,2011-11-17,hw_weekly,71.0,82.26735631324522,11.267356313245216,11.267356313245216,283.92999999999927,False
20725,LUNCH BAG RED RETROSPOT,2011-11-18,hw_weekly,77.0,62.89782852524911,14.10217147475089,-14.10217147475089,283.92999999999927,False
20725,LUNCH BAG RED RETROSPOT,2011-11-19,hw_weekly,0.0,1.523669385565121,1.523669385565121,1.523669385565121,283.92999999999927,False
20725,LUNCH BAG RED RETROSPOT,2011-11-20,hw_weekly,49.0,37.38907967365084,11.61092032634916,-11.61092032634916,283.92999999999927,False
20725,LUNCH BAG RED RETROSPOT,2011-11-21,hw_weekly,37.0,60.71958004200512,23.71958004200512,23.71958004200512,283.92999999999927,False
20725,LUNCH BAG RED RETROSPOT,2011-11-22,hw_weekly,47.0,79.05074380195602,32.05074380195602,32.05074380195602,283.92999999999927,False
20725,LUNCH BAG RED RETROSPOT,2011-11-23,hw_weekly,37.0,69.66575033372446,32.66575033372446,32.66575033372446,283.92999999999927,False
20725,LUNCH BAG RED RETROSPOT,2011-11-24,hw_weekly,44.0,82.26735631324522,38.267356313245216,38.267356313245216,283.92999999999927,False
20725,LUNCH BAG RED RETROSPOT,2011-11-25,hw_weekly,93.0,62.89782852524911,30.10217147475089,-30.10217147475089,283.92999999999927,False
20725,LUNCH BAG RED RETROSPOT,2011-11-26,hw_weekly,0.0,1.523669385565121,1.523669385565121,1.523669385565121,283.92999999999927,False
20725,LUNCH BAG RED RETROSPOT,2011-11-27,hw_weekly,18.0,37.38907967365084,19.38907967365084,19.38907967365084,283.92999999999927,False
20725,LUNCH BAG RED RETROSPOT,2011-11-28,hw_weekly,58.0,60.71958004200512,2.71958004200512,2.71958004200512,283.92999999999927,False
20725,LUNCH BAG RED RETROSPOT,2011-11-29,hw_weekly,49.0,79.05074380195602,30.050743801956017,30.050743801956017,283.92999999999927,False
20725,LUNCH BAG RED RETROSPOT,2011-11-30,hw_weekly,91.0,69.66575033372446,21.33424966627554,-21.33424966627554,283.92999999999927,False
20725,LUNCH BAG RED RETROSPOT,2011-12-01,hw_weekly,51.0,82.26735631324522,31.267356313245216,31.267356313245216,283.92999999999927,False
20725,LUNCH BAG RED RETROSPOT,2011-12-02,hw_weekly,72.0,62.89782852524911,9.10217147475089,-9.10217147475089,283.92999999999927,False
20725,LUNCH BAG RED RETROSPOT,2011-12-03,hw_weekly,0.0,1.523669385565121,1.523669385565121,1.523669385565121,283.92999999999927,False
20725,LUNCH BAG RED RETROSPOT,2011-12-04,hw_weekly,10.0,37.38907967365084,27.38907967365084,27.38907967365084,283.92999999999927,False
20725,LUNCH BAG RED RETROSPOT,2011-12-05,hw_weekly,50.0,60.71958004200512,10.71958004200512,10.71958004200512,283.92999999999927,False
20725,LUNCH BAG RED RETROSPOT,2011-12-06,hw_weekly,85.0,79.05074380195602,5.949256198043983,-5.949256198043983,283.92999999999927,False
20725,LUNCH BAG RED RETROSPOT,2011-12-07,hw_weekly,35.0,69.66575033372446,34.66575033372446,34.66575033372446,283.92999999999927,False
20725,LUNCH BAG RED RETROSPOT,2011-12-08,hw_weekly,52.0,82.26735631324522,30.267356313245216,30.267356313245216,283.92999999999927,False
21212,PACK OF 72 RETROSPOT CAKE CASES,2011-11-11,seasonal_naive,50.0,56.0,6.0,6.0,981.2799999999966,False
21212,PACK OF 72 RETROSPOT CAKE CASES,2011-11-12,seasonal_naive,0.0,0.0,0.0,0.0,981.2799999999966,False
21212,PACK OF 72 RETROSPOT CAKE CASES,2011-11-13,seasonal_naive,87.0,146.0,59.0,59.0,981.2799999999966,False
21212,PACK OF 72 RETROSPOT CAKE CASES,2011-11-14,seasonal_naive,164.0,77.0,87.0,-87.0,981.2799999999966,False
21212,PACK OF 72 RETROSPOT CAKE CASES,2011-11-15,seasonal_naive,62.0,66.0,4.0,4.0,981.2799999999966,False
21212,PACK OF 72 RETROSPOT CAKE CASES,2011-11-16,seasonal_naive,89.0,4.0,85.0,-85.0,981.2799999999966,False
21212,PACK OF 72 RETROSPOT CAKE CASES,2011-11-17,seasonal_naive,84.0,78.0,6.0,-6.0,981.2799999999966,False
21212,PACK OF 72 RETROSPOT CAKE CASES,2011-11-18,seasonal_naive,109.0,56.0,53.0,-53.0,981.2799999999966,False
21212,PACK OF 72 RETROSPOT CAKE CASES,2011-11-19,seasonal_naive,0.0,0.0,0.0,0.0,981.2799999999966,False
21212,PACK OF 72 RETROSPOT CAKE CASES,2011-11-20,seasonal_naive,82.0,146.0,64.0,64.0,981.2799999999966,False
21212,PACK OF 72 RETROSPOT CAKE CASES,2011-11-21,seasonal_naive,100.0,77.0,23.0,-23.0,981.2799999999966,False
21212,PACK OF 72 RETROSPOT CAKE CASES,2011-11-22,seasonal_naive,99.0,66.0,33.0,-33.0,981.2799999999966,False
21212,PACK OF 72 RETROSPOT CAKE CASES,2011-11-23,seasonal_naive,82.0,4.0,78.0,-78.0,981.2799999999966,False
21212,PACK OF 72 RETROSPOT CAKE CASES,2011-11-24,seasonal_naive,1.0,78.0,77.0,77.0,981.2799999999966,False
21212,PACK OF 72 RETROSPOT CAKE CASES,2011-11-25,seasonal_naive,45.0,56.0,11.0,11.0,981.2799999999966,False
21212,PACK OF 72 RETROSPOT CAKE CASES,2011-11-26,seasonal_naive,0.0,0.0,0.0,0.0,981.2799999999966,False
21212,PACK OF 72 RETROSPOT CAKE CASES,2011-11-27,seasonal_naive,15.0,146.0,131.0,131.0,981.2799999999966,False
21212,PACK OF 72 RETROSPOT CAKE CASES,2011-11-28,seasonal_naive,60.0,77.0,17.0,17.0,981.2799999999966,False
21212,PACK OF 72 RETROSPOT CAKE CASES,2011-11-29,seasonal_naive,52.0,66.0,14.0,14.0,981.2799999999966,False
21212,PACK OF 72 RETROSPOT CAKE CASES,2011-11-30,seasonal_naive,241.0,4.0,237.0,-237.0,981.2799999999966,False
21212,PACK OF 72 RETROSPOT CAKE CASES,2011-12-01,seasonal_naive,29.0,78.0,49.0,49.0,981.2799999999966,False
21212,PACK OF 72 RETROSPOT CAKE CASES,2011-12-02,seasonal_naive,116.0,56.0,60.0,-60.0,981.2799999999966,False
21212,PACK OF 72 RETROSPOT CAKE CASES,2011-12-03,seasonal_naive,0.0,0.0,0.0,0.0,981.2799999999966,False
21212,PACK OF 72 RETROSPOT CAKE CASES,2011-12-04,seasonal_naive,48.0,146.0,98.0,98.0,981.2799999999966,False
21212,PACK OF 72 RETROSPOT CAKE CASES,2011-12-05,seasonal_naive,42.0,77.0,35.0,35.0,981.2799999999966,False
21212,PACK OF 72 RETROSPOT CAKE CASES,2011-12-06,seasonal_naive,90.0,66.0,24.0,-24.0,981.2799999999966,False
21212,PACK OF 72 RETROSPOT CAKE CASES,2011-12-07,seasonal_naive,74.0,4.0,70.0,-70.0,981.2799999999966,False
21212,PACK OF 72 RETROSPOT CAKE CASES,2011-12-08,seasonal_naive,51.0,78.0,27.0,27.0,981.2799999999966,False
21212,PACK OF 72 RETROSPOT CAKE CASES,2011-11-11,hw_weekly,50.0,97.56483415140931,47.564834151409315,47.564834151409315,981.2799999999966,False
21212,PACK OF 72 RETROSPOT CAKE CASES,2011-11-12,hw_weekly,0.0,0.0,0.0,0.0,981.2799999999966,False
21212,PACK OF 72 RETROSPOT CAKE CASES,2011-11-13,hw_weekly,87.0,51.74264208476451,35.25735791523549,-35.25735791523549,981.2799999999966,False
21212,PACK OF 72 RETROSPOT CAKE CASES,2011-11-14,hw_weekly,164.0,99.03553479721032,64.96446520278968,-64.96446520278968,981.2799999999966,False
21212,PACK OF 72 RETROSPOT CAKE CASES,2011-11-15,hw_weekly,62.0,154.47234158236378,92.47234158236378,92.47234158236378,981.2799999999966,False
21212,PACK OF 72 RETROSPOT CAKE CASES,2011-11-16,hw_weekly,89.0,144.69591784597296,55.69591784597296,55.69591784597296,981.2799999999966,False
21212,PACK OF 72 RETROSPOT CAKE CASES,2011-11-17,hw_weekly,84.0,135.05436522243355,51.054365222433546,51.054365222433546,981.2799999999966,False
21212,PACK OF 72 RETROSPOT CAKE CASES,2011-11-18,hw_weekly,109.0,97.56483415140931,11.435165848590685,-11.435165848590685,981.2799999999966,False
21212,PACK OF 72 RETROSPOT CAKE CASES,2011-11-19,hw_weekly,0.0,0.0,0.0,0.0,981.2799999999966,False
21212,PACK OF 72 RETROSPOT CAKE CASES,2011-11-20,hw_weekly,82.0,51.74264208476451,30.257357915235488,-30.257357915235488,981.2799999999966,False
21212,PACK OF 72 RETROSPOT CAKE CASES,2011-11-21,hw_weekly,100.0,99.03553479721032,0.9644652027896825,-0.9644652027896825,981.2799999999966,False
21212,PACK OF 72 RETROSPOT CAKE CASES,2011-11-22,hw_weekly,99.0,154.47234158236378,55.47234158236378,55.47234158236378,981.2799999999966,False
21212,PACK OF 72 RETROSPOT CAKE CASES,2011-11-23,hw_weekly,82.0,144.69591784597296,62.69591784597296,62.69591784597296,981.2799999999966,False
21212,PACK OF 72 RETROSPOT CAKE CASES,2011-11-24,hw_weekly,1.0,135.05436522243355,134.05436522243355,134.05436522243355,981.2799999999966,False
21212,PACK OF 72 RETROSPOT CAKE CASES,2011-11-25,hw_weekly,45.0,97.56483415140931,52.564834151409315,52.564834151409315,981.2799999999966,False
21212,PACK OF 72 RETROSPOT CAKE CASES,2011-11-26,hw_weekly,0.0,0.0,0.0,0.0,981.2799999999966,False
21212,PACK OF 72 RETROSPOT CAKE CASES,2011-11-27,hw_weekly,15.0,51.74264208476451,36.74264208476451,36.74264208476451,981.2799999999966,False
21212,PACK OF 72 RETROSPOT CAKE CASES,2011-11-28,hw_weekly,60.0,99.03553479721032,39.03553479721032,39.03553479721032,981.2799999999966,False
21212,PACK OF 72 RETROSPOT CAKE CASES,2011-11-29,hw_weekly,52.0,154.47234158236378,102.47234158236378,102.47234158236378,981.2799999999966,False
21212,PACK OF 72 RETROSPOT CAKE CASES,2011-11-30,hw_weekly,241.0,144.69591784597296,96.30408215402704,-96.30408215402704,981.2799999999966,False
21212,PACK OF 72 RETROSPOT CAKE CASES,2011-12-01,hw_weekly,29.0,135.05436522243355,106.05436522243355,106.05436522243355,981.2799999999966,False
21212,PACK OF 72 RETROSPOT CAKE CASES,2011-12-02,hw_weekly,116.0,97.56483415140931,18.435165848590685,-18.435165848590685,981.2799999999966,False
21212,PACK OF 72 RETROSPOT CAKE CASES,2011-12-03,hw_weekly,0.0,0.0,0.0,0.0,981.2799999999966,False
21212,PACK OF 72 RETROSPOT CAKE CASES,2011-12-04,hw_weekly,48.0,51.74264208476451,3.742642084764512,3.742642084764512,981.2799999999966,False
21212,PACK OF 72 RETROSPOT CAKE CASES,2011-12-05,hw_weekly,42.0,99.03553479721032,57.03553479721032,57.03553479721032,981.2799999999966,False
21212,PACK OF 72 RETROSPOT CAKE CASES,2011-12-06,hw_weekly,90.0,154.47234158236378,64.47234158236378,64.47234158236378,981.2799999999966,False
21212,PACK OF 72 RETROSPOT CAKE CASES,2011-12-07,hw_weekly,74.0,144.69591784597296,70.69591784597296,70.69591784597296,981.2799999999966,False
21212,PACK OF 72 RETROSPOT CAKE CASES,2011-12-08,hw_weekly,51.0,135.05436522243355,84.05436522243355,84.05436522243355,981.2799999999966,False
21213,PACK OF 72 SKULL CAKE CASES,2011-11-11,seasonal_naive,47.0,69.0,22.0,22.0,595.6799999999985,False
21213,PACK OF 72 SKULL CAKE CASES,2011-11-12,seasonal_naive,0.0,0.0,0.0,0.0,595.6799999999985,False
21213,PACK OF 72 SKULL CAKE CASES,2011-11-13,seasonal_naive,14.0,50.0,36.0,36.0,595.6799999999985,False
21213,PACK OF 72 SKULL CAKE CASES,2011-11-14,seasonal_naive,27.0,24.0,3.0,-3.0,595.6799999999985,False
21213,PACK OF 72 SKULL CAKE CASES,2011-11-15,seasonal_naive,10.0,6.0,4.0,-4.0,595.6799999999985,False
21213,PACK OF 72 SKULL CAKE CASES,2011-11-16,seasonal_naive,15.0,25.0,10.0,10.0,595.6799999999985,False
21213,PACK OF 72 SKULL CAKE CASES,2011-11-17,seasonal_naive,50.0,1.0,49.0,-49.0,595.6799999999985,False
21213,PACK OF 72 SKULL CAKE CASES,2011-11-18,seasonal_naive,32.0,69.0,37.0,37.0,595.6799999999985,False
21213,PACK OF 72 SKULL CAKE CASES,2011-11-19,seasonal_naive,0.0,0.0,0.0,0.0,595.6799999999985,False
21213,PACK OF 72 SKULL CAKE CASES,2011-11-20,seasonal_naive,29.0,50.0,21.0,21.0,595.6799999999985,False
21213,PACK OF 72 SKULL CAKE CASES,2011-11-21,seasonal_naive,26.0,24.0,2.0,-2.0,595.6799999999985,False
21213,PACK OF 72 SKULL CAKE CASES,2011-11-22,seasonal_naive,6.0,6.0,0.0,0.0,595.6799999999985,False
21213,PACK OF 72 SKULL CAKE CASES,2011-11-23,seasonal_naive,28.0,25.0,3.0,-3.0,595.6799999999985,False
21213,PACK OF 72 SKULL CAKE CASES,2011-11-24,seasonal_naive,0.0,1.0,1.0,1.0,595.6799999999985,False
21213,PACK OF 72 SKULL CAKE CASES,2011-11-25,seasonal_naive,0.0,69.0,69.0,69.0,595.6799999999985,False
21213,PACK OF 72 SKULL CAKE CASES,2011-11-26,seasonal_naive,0.0,0.0,0.0,0.0,595.6799999999985,False
21213,PACK OF 72 SKULL CAKE CASES,2011-11-27,seasonal_naive,4.0,50.0,46.0,46.0,595.6799999999985,False
21213,PACK OF 72 SKULL CAKE CASES,2011-11-28,seasonal_naive,26.0,24.0,2.0,-2.0,595.6799999999985,False
21213,PACK OF 72 SKULL CAKE CASES,2011-11-29,seasonal_naive,27.0,6.0,21.0,-21.0,595.6799999999985,False
21213,PACK OF 72 SKULL CAKE CASES,2011-11-30,seasonal_naive,121.0,25.0,96.0,-96.0,595.6799999999985,False
21213,PACK OF 72 SKULL CAKE CASES,2011-12-01,seasonal_naive,24.0,1.0,23.0,-23.0,595.6799999999985,False
21213,PACK OF 72 SKULL CAKE CASES,2011-12-02,seasonal_naive,6.0,69.0,63.0,63.0,595.6799999999985,False
21213,PACK OF 72 SKULL CAKE CASES,2011-12-03,seasonal_naive,0.0,0.0,0.0,0.0,595.6799999999985,False
21213,PACK OF 72 SKULL CAKE CASES,2011-12-04,seasonal_naive,6.0,50.0,44.0,44.0,595.6799999999985,False
21213,PACK OF 72 SKULL CAKE CASES,2011-12-05,seasonal_naive,50.0,24.0,26.0,-26.0,595.6799999999985,False
21213,PACK OF 72 SKULL CAKE CASES,2011-12-06,seasonal_naive,3.0,6.0,3.0,3.0,595.6799999999985,False
21213,PACK OF 72 SKULL CAKE CASES,2011-12-07,seasonal_naive,48.0,25.0,23.0,-23.0,595.6799999999985,False
21213,PACK OF 72 SKULL CAKE CASES,2011-12-08,seasonal_naive,3.0,1.0,2.0,-2.0,595.6799999999985,False
21213,PACK OF 72 SKULL CAKE CASES,2011-11-11,hw_weekly,47.0,49.34574880276229,2.3457488027622873,2.3457488027622873,595.6799999999985,False
21213,PACK OF 72 SKULL CAKE CASES,2011-11-12,hw_weekly,0.0,0.0,0.0,0.0,595.6799999999985,False
21213,PACK OF 72 SKULL CAKE CASES,2011-11-13,hw_weekly,14.0,40.63260322683424,26.63260322683424,26.63260322683424,595.6799999999985,False
21213,PACK OF 72 SKULL CAKE CASES,2011-11-14,hw_weekly,27.0,55.65416187328245,28.654161873282447,28.654161873282447,595.6799999999985,False
21213,PACK OF 72 SKULL CAKE CASES,2011-11-15,hw_weekly,10.0,83.01455613589637,73.01455613589637,73.01455613589637,595.6799999999985,False
21213,PACK OF 72 SKULL CAKE CASES,2011-11-16,hw_weekly,15.0,64.20324050096082,49.20324050096082,49.20324050096082,595.6799999999985,False
21213,PACK OF 72 SKULL CAKE CASES,2011-11-17,hw_weekly,50.0,50.57908623288137,0.5790862328813731,0.5790862328813731,595.6799999999985,False
21213,PACK OF 72 SKULL CAKE CASES,2011-11-18,hw_weekly,32.0,49.34574880276229,17.345748802762287,17.345748802762287,595.6799999999985,False
21213,PACK OF 72 SKULL CAKE CASES,2011-11-19,hw_weekly,0.0,0.0,0.0,0.0,595.6799999999985,False
21213,PACK OF 72 SKULL CAKE CASES,2011-11-20,hw_weekly,29.0,40.63260322683424,11.632603226834242,11.632603226834242,595.6799999999985,False
21213,PACK OF 72 SKULL CAKE CASES,2011-11-21,hw_weekly,26.0,55.65416187328245,29.654161873282447,29.654161873282447,595.6799999999985,False
21213,PACK OF 72 SKULL CAKE CASES,2011-11-22,hw_weekly,6.0,83.01455613589637,77.01455613589637,77.01455613589637,595.6799999999985,False
21213,PACK OF 72 SKULL CAKE CASES,2011-11-23,hw_weekly,28.0,64.20324050096082,36.20324050096082,36.20324050096082,595.6799999999985,False
21213,PACK OF 72 SKULL CAKE CASES,2011-11-24,hw_weekly,0.0,50.57908623288137,50.57908623288137,50.57908623288137,595.6799999999985,False
21213,PACK OF 72 SKULL CAKE CASES,2011-11-25,hw_weekly,0.0,49.34574880276229,49.34574880276229,49.34574880276229,595.6799999999985,False
21213,PACK OF 72 SKULL CAKE CASES,2011-11-26,hw_weekly,0.0,0.0,0.0,0.0,595.6799999999985,False
21213,PACK OF 72 SKULL CAKE CASES,2011-11-27,hw_weekly,4.0,40.63260322683424,36.63260322683424,36.63260322683424,595.6799999999985,False
21213,PACK OF 72 SKULL CAKE CASES,2011-11-28,hw_weekly,26.0,55.65416187328245,29.654161873282447,29.654161873282447,595.6799999999985,False
21213,PACK OF 72 SKULL CAKE CASES,2011-11-29,hw_weekly,27.0,83.01455613589637,56.01455613589637,56.01455613589637,595.6799999999985,False
21213,PACK OF 72 SKULL CAKE CASES,2011-11-30,hw_weekly,121.0,64.20324050096082,56.79675949903918,-56.79675949903918,595.6799999999985,False
21213,PACK OF 72 SKULL CAKE CASES,2011-12-01,hw_weekly,24.0,50.57908623288137,26.579086232881373,26.579086232881373,595.6799999999985,False
21213,PACK OF 72 SKULL CAKE CASES,2011-12-02,hw_weekly,6.0,49.34574880276229,43.34574880276229,43.34574880276229,595.6799999999985,False
21213,PACK OF 72 SKULL CAKE CASES,2011-12-03,hw_weekly,0.0,0.0,0.0,0.0,595.6799999999985,False
21213,PACK OF 72 SKULL CAKE CASES,2011-12-04,hw_weekly,6.0,40.63260322683424,34.63260322683424,34.63260322683424,595.6799999999985,False
21213,PACK OF 72 SKULL CAKE CASES,2011-12-05,hw_weekly,50.0,55.65416187328245,5.6541618732824475,5.6541618732824475,595.6799999999985,False
21213,PACK OF 72 SKULL CAKE CASES,2011-12-06,hw_weekly,3.0,83.01455613589637,80.01455613589637,80.01455613589637,595.6799999999985,False
21213,PACK OF 72 SKULL CAKE CASES,2011-12-07,hw_weekly,48.0,64.20324050096082,16.203240500960817,16.203240500960817,595.6799999999985,False
21213,PACK OF 72 SKULL CAKE CASES,2011-12-08,hw_weekly,3.0,50.57908623288137,47.57908623288137,47.57908623288137,595.6799999999985,False
21232,STRAWBERRY CERAMIC TRINKET BOX,2011-11-11,seasonal_naive,19.0,41.0,22.0,22.0,317.9199999999996,False
21232,STRAWBERRY CERAMIC TRINKET BOX,2011-11-12,seasonal_naive,0.0,0.0,0.0,0.0,317.9199999999996,False
21232,STRAWBERRY CERAMIC TRINKET BOX,2011-11-13,seasonal_naive,30.0,25.0,5.0,-5.0,317.9199999999996,False
21232,STRAWBERRY CERAMIC TRINKET BOX,2011-11-14,seasonal_naive,84.0,17.0,67.0,-67.0,317.9199999999996,False
21232,STRAWBERRY CERAMIC TRINKET BOX,2011-11-15,seasonal_naive,577.0,28.0,549.0,-549.0,317.9199999999996,True
21232,STRAWBERRY CERAMIC TRINKET BOX,2011-11-16,seasonal_naive,14.0,0.0,14.0,-14.0,317.9199999999996,False
21232,STRAWBERRY CERAMIC TRINKET BOX,2011-11-17,seasonal_naive,66.0,57.0,9.0,-9.0,317.9199999999996,False
21232,STRAWBERRY CERAMIC TRINKET BOX,2011-11-18,seasonal_naive,2.0,41.0,39.0,39.0,317.9199999999996,False
21232,STRAWBERRY CERAMIC TRINKET BOX,2011-11-19,seasonal_naive,0.0,0.0,0.0,0.0,317.9199999999996,False
21232,STRAWBERRY CERAMIC TRINKET BOX,2011-11-20,seasonal_naive,26.0,25.0,1.0,-1.0,317.9199999999996,False
21232,STRAWBERRY CERAMIC TRINKET BOX,2011-11-21,seasonal_naive,75.0,17.0,58.0,-58.0,317.9199999999996,False
21232,STRAWBERRY CERAMIC TRINKET BOX,2011-11-22,seasonal_naive,7.0,28.0,21.0,21.0,317.9199999999996,False
21232,STRAWBERRY CERAMIC TRINKET BOX,2011-11-23,seasonal_naive,94.0,0.0,94.0,-94.0,317.9199999999996,False
21232,STRAWBERRY CERAMIC TRINKET BOX,2011-11-24,seasonal_naive,2.0,57.0,55.0,55.0,317.9199999999996,False
21232,STRAWBERRY CERAMIC TRINKET BOX,2011-11-25,seasonal_naive,46.0,41.0,5.0,-5.0,317.9199999999996,False
21232,STRAWBERRY CERAMIC TRINKET BOX,2011-11-26,seasonal_naive,0.0,0.0,0.0,0.0,317.9199999999996,False
21232,STRAWBERRY CERAMIC TRINKET BOX,2011-11-27,seasonal_naive,1.0,25.0,24.0,24.0,317.9199999999996,False
21232,STRAWBERRY CERAMIC TRINKET BOX,2011-11-28,seasonal_naive,37.0,17.0,20.0,-20.0,317.9199999999996,False
21232,STRAWBERRY CERAMIC TRINKET BOX,2011-11-29,seasonal_naive,64.0,28.0,36.0,-36.0,317.9199999999996,False
21232,STRAWBERRY CERAMIC TRINKET BOX,2011-11-30,seasonal_naive,56.0,0.0,56.0,-56.0,317.9199999999996,False
21232,STRAWBERRY CERAMIC TRINKET BOX,2011-12-01,seasonal_naive,251.0,57.0,194.0,-194.0,317.9199999999996,False
21232,STRAWBERRY CERAMIC TRINKET BOX,2011-12-02,seasonal_naive,31.0,41.0,10.0,10.0,317.9199999999996,False
21232,STRAWBERRY CERAMIC TRINKET BOX,2011-12-03,seasonal_naive,0.0,0.0,0.0,0.0,317.9199999999996,False
21232,STRAWBERRY CERAMIC TRINKET BOX,2011-12-04,seasonal_naive,24.0,25.0,1.0,1.0,317.9199999999996,False
21232,STRAWBERRY CERAMIC TRINKET BOX,2011-12-05,seasonal_naive,75.0,17.0,58.0,-58.0,317.9199999999996,False
21232,STRAWBERRY CERAMIC TRINKET BOX,2011-12-06,seasonal_naive,3.0,28.0,25.0,25.0,317.9199999999996,False
21232,STRAWBERRY CERAMIC TRINKET BOX,2011-12-07,seasonal_naive,142.0,0.0,142.0,-142.0,317.9199999999996,False
21232,STRAWBERRY CERAMIC TRINKET BOX,2011-12-08,seasonal_naive,30.0,57.0,27.0,27.0,317.9199999999996,False
21232,STRAWBERRY CERAMIC TRINKET BOX,2011-11-11,hw_weekly,19.0,25.9683006903435,6.968300690343501,6.968300690343501,317.9199999999996,False
21232,STRAWBERRY CERAMIC TRINKET BOX,2011-11-12,hw_weekly,0.0,0.0,0.0,0.0,317.9199999999996,False
21232,STRAWBERRY CERAMIC TRINKET BOX,2011-11-13,hw_weekly,30.0,12.139111401557528,17.86088859844247,-17.86088859844247,317.9199999999996,False
21232,STRAWBERRY CERAMIC TRINKET BOX,2011-11-14,hw_weekly,84.0,32.53378107010446,51.46621892989554,-51.46621892989554,317.9199999999996,False
21232,STRAWBERRY CERAMIC TRINKET BOX,2011-11-15,hw_weekly,577.0,46.014580731728216,530.9854192682718,-530.9854192682718,317.9199999999996,True
21232,STRAWBERRY CERAMIC TRINKET BOX,2011-11-16,hw_weekly,14.0,48.29185970528359,34.29185970528359,34.29185970528359,317.9199999999996,False
21232,STRAWBERRY CERAMIC TRINKET BOX,2011-11-17,hw_weekly,66.0,47.66059796522404,18.339402034775958,-18.339402034775958,317.9199999999996,False
21232,STRAWBERRY CERAMIC TRINKET BOX,2011-11-18,hw_weekly,2.0,25.9683006903435,23.9683006903435,23.9683006903435,317.9199999999996,False
21232,STRAWBERRY CERAMIC TRINKET BOX,2011-11-19,hw_weekly,0.0,0.0,0.0,0.0,317.9199999999996,False
21232,STRAWBERRY CERAMIC TRINKET BOX,2011-11-20,hw_weekly,26.0,12.139111401557528,13.860888598442472,-13.860888598442472,317.9199999999996,False
21232,STRAWBERRY CERAMIC TRINKET BOX,2011-11-21,hw_weekly,75.0,32.53378107010446,42.46621892989554,-42.46621892989554,317.9199999999996,False
21232,STRAWBERRY CERAMIC TRINKET BOX,2011-11-22,hw_weekly,7.0,46.014580731728216,39.014580731728216,39.014580731728216,317.9199999999996,False
21232,STRAWBERRY CERAMIC TRINKET BOX,2011-11-23,hw_weekly,94.0,48.29185970528359,45.70814029471641,-45.70814029471641,317.9199999999996,False
21232,STRAWBERRY CERAMIC TRINKET BOX,2011-11-24,hw_weekly,2.0,47.66059796522404,45.66059796522404,45.66059796522404,317.9199999999996,False
21232,STRAWBERRY CERAMIC TRINKET BOX,2011-11-25,hw_weekly,46.0,25.9683006903435,20.0316993096565,-20.0316993096565,317.9199999999996,False
21232,STRAWBERRY CERAMIC TRINKET BOX,2011-11-26,hw_weekly,0.0,0.0,0.0,0.0,317.9199999999996,False
21232,STRAWBERRY CERAMIC TRINKET BOX,2011-11-27,hw_weekly,1.0,12.139111401557528,11.139111401557528,11.139111401557528,317.9199999999996,False
21232,STRAWBERRY CERAMIC TRINKET BOX,2011-11-28,hw_weekly,37.0,32.53378107010446,4.46621892989554,-4.46621892989554,317.9199999999996,False
21232,STRAWBERRY CERAMIC TRINKET BOX,2011-11-29,hw_weekly,64.0,46.014580731728216,17.985419268271784,-17.985419268271784,317.9199999999996,False
21232,STRAWBERRY CERAMIC TRINKET BOX,2011-11-30,hw_weekly,56.0,48.29185970528359,7.708140294716408,-7.708140294716408,317.9199999999996,False
21232,STRAWBERRY CERAMIC TRINKET BOX,2011-12-01,hw_weekly,251.0,47.66059796522404,203.33940203477596,-203.33940203477596,317.9199999999996,False
21232,STRAWBERRY CERAMIC TRINKET BOX,2011-12-02,hw_weekly,31.0,25.9683006903435,5.031699309656499,-5.031699309656499,317.9199999999996,False
21232,STRAWBERRY CERAMIC TRINKET BOX,2011-12-03,hw_weekly,0.0,0.0,0.0,0.0,317.9199999999996,False
21232,STRAWBERRY CERAMIC TRINKET BOX,2011-12-04,hw_weekly,24.0,12.139111401557528,11.860888598442472,-11.860888598442472,317.9199999999996,False
21232,STRAWBERRY CERAMIC TRINKET BOX,2011-12-05,hw_weekly,75.0,32.53378107010446,42.46621892989554,-42.46621892989554,317.9199999999996,False
21232,STRAWBERRY CERAMIC TRINKET BOX,2011-12-06,hw_weekly,3.0,46.014580731728216,43.014580731728216,43.014580731728216,317.9199999999996,False
21232,STRAWBERRY CERAMIC TRINKET BOX,2011-12-07,hw_weekly,142.0,48.29185970528359,93.7081402947164,-93.7081402947164,317.9199999999996,False
21232,STRAWBERRY CERAMIC TRINKET BOX,2011-12-08,hw_weekly,30.0,47.66059796522404,17.660597965224042,17.660597965224042,317.9199999999996,False
21977,PACK OF 60 PINK PAISLEY CAKE CASES,2011-11-11,seasonal_naive,40.0,2.0,38.0,-38.0,699.8199999999999,False
21977,PACK OF 60 PINK PAISLEY CAKE CASES,2011-11-12,seasonal_naive,0.0,0.0,0.0,0.0,699.8199999999999,False
21977,PACK OF 60 PINK PAISLEY CAKE CASES,2011-11-13,seasonal_naive,62.0,48.0,14.0,-14.0,699.8199999999999,False
21977,PACK OF 60 PINK PAISLEY CAKE CASES,2011-11-14,seasonal_naive,6.0,2.0,4.0,-4.0,699.8199999999999,False
21977,PACK OF 60 PINK PAISLEY CAKE CASES,2011-11-15,seasonal_naive,53.0,28.0,25.0,-25.0,699.8199999999999,False
21977,PACK OF 60 PINK PAISLEY CAKE CASES,2011-11-16,seasonal_naive,243.0,25.0,218.0,-218.0,699.8199999999999,False
21977,PACK OF 60 PINK PAISLEY CAKE CASES,2011-11-17,seasonal_naive,6.0,146.0,140.0,140.0,699.8199999999999,False
21977,PACK OF 60 PINK PAISLEY CAKE CASES,2011-11-18,seasonal_naive,97.0,2.0,95.0,-95.0,699.8199999999999,False
21977,PACK OF 60 PINK PAISLEY CAKE CASES,2011-11-19,seasonal_naive,0.0,0.0,0.0,0.0,699.8199999999999,False
21977,PACK OF 60 PINK PAISLEY CAKE CASES,2011-11-20,seasonal_naive,10.0,48.0,38.0,38.0,699.8199999999999,False
21977,PACK OF 60 PINK PAISLEY CAKE CASES,2011-11-21,seasonal_naive,221.0,2.0,219.0,-219.0,699.8199999999999,False
21977,PACK OF 60 PINK PAISLEY CAKE CASES,2011-11-22,seasonal_naive,49.0,28.0,21.0,-21.0,699.8199999999999,False
21977,PACK OF 60 PINK PAISLEY CAKE CASES,2011-11-23,seasonal_naive,77.0,25.0,52.0,-52.0,699.8199999999999,False
21977,PACK OF 60 PINK PAISLEY CAKE CASES,2011-11-24,seasonal_naive,29.0,146.0,117.0,117.0,699.8199999999999,False
21977,PACK OF 60 PINK PAISLEY CAKE CASES,2011-11-25,seasonal_naive,5.0,2.0,3.0,-3.0,699.8199999999999,False
21977,PACK OF 60 PINK PAISLEY CAKE CASES,2011-11-26,seasonal_naive,0.0,0.0,0.0,0.0,699.8199999999999,False
21977,PACK OF 60 PINK PAISLEY CAKE CASES,2011-11-27,seasonal_naive,11.0,48.0,37.0,37.0,699.8199999999999,False
21977,PACK OF 60 PINK PAISLEY CAKE CASES,2011-11-28,seasonal_naive,29.0,2.0,27.0,-27.0,699.8199999999999,False
21977,PACK OF 60 PINK PAISLEY CAKE CASES,2011-11-29,seasonal_naive,58.0,28.0,30.0,-30.0,699.8199999999999,False
21977,PACK OF 60 PINK PAISLEY CAKE CASES,2011-11-30,seasonal_naive,124.0,25.0,99.0,-99.0,699.8199999999999,False
21977,PACK OF 60 PINK PAISLEY CAKE CASES,2011-12-01,seasonal_naive,13.0,146.0,133.0,133.0,699.8199999999999,False
21977,PACK OF 60 PINK PAISLEY CAKE CASES,2011-12-02,seasonal_naive,6.0,2.0,4.0,-4.0,699.8199999999999,False
21977,PACK OF 60 PINK PAISLEY CAKE CASES,2011-12-03,seasonal_naive,0.0,0.0,0.0,0.0,699.8199999999999,False
21977,PACK OF 60 PINK PAISLEY CAKE CASES,2011-12-04,seasonal_naive,9.0,48.0,39.0,39.0,699.8199999999999,False
21977,PACK OF 60 PINK PAISLEY CAKE CASES,2011-12-05,seasonal_naive,57.0,2.0,55.0,-55.0,699.8199999999999,False
21977,PACK OF 60 PINK PAISLEY CAKE CASES,2011-12-06,seasonal_naive,26.0,28.0,2.0,2.0,699.8199999999999,False
21977,PACK OF 60 PINK PAISLEY CAKE CASES,2011-12-07,seasonal_naive,55.0,25.0,30.0,-30.0,699.8199999999999,False
21977,PACK OF 60 PINK PAISLEY CAKE CASES,2011-12-08,seasonal_naive,66.0,146.0,80.0,80.0,699.8199999999999,False
21977,PACK OF 60 PINK PAISLEY CAKE CASES,2011-11-11,hw_weekly,40.0,69.57376622446638,29.573766224466382,29.573766224466382,699.8199999999999,False
21977,PACK OF 60 PINK PAISLEY CAKE CASES,2011-11-12,hw_weekly,0.0,0.5038733720598714,0.5038733720598714,0.5038733720598714,699.8199999999999,False
21977,PACK OF 60 PINK PAISLEY CAKE CASES,2011-11-13,hw_weekly,62.0,37.72485383592748,24.275146164072517,-24.275146164072517,699.8199999999999,False
21977,PACK OF 60 PINK PAISLEY CAKE CASES,2011-11-14,hw_weekly,6.0,81.98538951966661,75.98538951966661,75.98538951966661,699.8199999999999,False
21977,PACK OF 60 PINK PAISLEY CAKE CASES,2011-11-15,hw_weekly,53.0,102.7781974053849,49.7781974053849,49.7781974053849,699.8199999999999,False
21977,PACK OF 60 PINK PAISLEY CAKE CASES,2011-11-16,hw_weekly,243.0,113.8566500250291,129.1433499749709,-129.1433499749709,699.8199999999999,False
21977,PACK OF 60 PINK PAISLEY CAKE CASES,2011-11-17,hw_weekly,6.0,99.76804565467538,93.76804565467538,93.76804565467538,699.8199999999999,False
21977,PACK OF 60 PINK PAISLEY CAKE CASES,2011-11-18,hw_weekly,97.0,69.57376622446638,27.426233775533618,-27.426233775533618,699.8199999999999,False
21977,PACK OF 60 PINK PAISLEY CAKE CASES,2011-11-19,hw_weekly,0.0,0.5038733720598714,0.5038733720598714,0.5038733720598714,699.8199999999999,False
21977,PACK OF 60 PINK PAISLEY CAKE CASES,2011-11-20,hw_weekly,10.0,37.72485383592748,27.724853835927483,27.724853835927483,699.8199999999999,False
21977,PACK OF 60 PINK PAISLEY CAKE CASES,2011-11-21,hw_weekly,221.0,81.98538951966661,139.01461048033337,-139.01461048033337,699.8199999999999,False
21977,PACK OF 60 PINK PAISLEY CAKE CASES,2011-11-22,hw_weekly,49.0,102.7781974053849,53.7781974053849,53.7781974053849,699.8199999999999,False
21977,PACK OF 60 PINK PAISLEY CAKE CASES,2011-11-23,hw_weekly,77.0,113.8566500250291,36.8566500250291,36.8566500250291,699.8199999999999,False
21977,PACK OF 60 PINK PAISLEY CAKE CASES,2011-11-24,hw_weekly,29.0,99.76804565467538,70.76804565467538,70.76804565467538,699.8199999999999,False
21977,PACK OF 60 PINK PAISLEY CAKE CASES,2011-11-25,hw_weekly,5.0,69.57376622446638,64.57376622446638,64.57376622446638,699.8199999999999,False
21977,PACK OF 60 PINK PAISLEY CAKE CASES,2011-11-26,hw_weekly,0.0,0.5038733720598714,0.5038733720598714,0.5038733720598714,699.8199999999999,False
21977,PACK OF 60 PINK PAISLEY CAKE CASES,2011-11-27,hw_weekly,11.0,37.72485383592748,26.724853835927483,26.724853835927483,699.8199999999999,False
21977,PACK OF 60 PINK PAISLEY CAKE CASES,2011-11-28,hw_weekly,29.0,81.98538951966661,52.98538951966661,52.98538951966661,699.8199999999999,False
21977,PACK OF 60 PINK PAISLEY CAKE CASES,2011-11-29,hw_weekly,58.0,102.7781974053849,44.7781974053849,44.7781974053849,699.8199999999999,False
21977,PACK OF 60 PINK PAISLEY CAKE CASES,2011-11-30,hw_weekly,124.0,113.8566500250291,10.143349974970903,-10.143349974970903,699.8199999999999,False
21977,PACK OF 60 PINK PAISLEY CAKE CASES,2011-12-01,hw_weekly,13.0,99.76804565467538,86.76804565467538,86.76804565467538,699.8199999999999,False
21977,PACK OF 60 PINK PAISLEY CAKE CASES,2011-12-02,hw_weekly,6.0,69.57376622446638,63.57376622446638,63.57376622446638,699.8199999999999,False
21977,PACK OF 60 PINK PAISLEY CAKE CASES,2011-12-03,hw_weekly,0.0,0.5038733720598714,0.5038733720598714,0.5038733720598714,699.8199999999999,False
21977,PACK OF 60 PINK PAISLEY CAKE CASES,2011-12-04,hw_weekly,9.0,37.72485383592748,28.724853835927483,28.724853835927483,699.8199999999999,False
21977,PACK OF 60 PINK PAISLEY CAKE CASES,2011-12-05,hw_weekly,57.0,81.98538951966661,24.98538951966661,24.98538951966661,699.8199999999999,False
21977,PACK OF 60 PINK PAISLEY CAKE CASES,2011-12-06,hw_weekly,26.0,102.7781974053849,76.7781974053849,76.7781974053849,699.8199999999999,False
21977,PACK OF 60 PINK PAISLEY CAKE CASES,2011-12-07,hw_weekly,55.0,113.8566500250291,58.8566500250291,58.8566500250291,699.8199999999999,False
21977,PACK OF 60 PINK PAISLEY CAKE CASES,2011-12-08,hw_weekly,66.0,99.76804565467538,33.768045654675376,33.768045654675376,699.8199999999999,False
21982,PACK OF 12 SUKI TISSUES ,2011-11-11,seasonal_naive,20.0,36.0,16.0,16.0,457.81999999999994,False
21982,PACK OF 12 SUKI TISSUES ,2011-11-12,seasonal_naive,0.0,0.0,0.0,0.0,457.81999999999994,False
21982,PACK OF 12 SUKI TISSUES ,2011-11-13,seasonal_naive,13.0,8.0,5.0,-5.0,457.81999999999994,False
21982,PACK OF 12 SUKI TISSUES ,2011-11-14,seasonal_naive,8.0,0.0,8.0,-8.0,457.81999999999994,False
21982,PACK OF 12 SUKI TISSUES ,2011-11-15,seasonal_naive,17.0,10.0,7.0,-7.0,457.81999999999994,False
21982,PACK OF 12 SUKI TISSUES ,2011-11-16,seasonal_naive,15.0,0.0,15.0,-15.0,457.81999999999994,False
21982,PACK OF 12 SUKI TISSUES ,2011-11-17,seasonal_naive,42.0,28.0,14.0,-14.0,457.81999999999994,False
21982,PACK OF 12 SUKI TISSUES ,2011-11-18,seasonal_naive,70.0,36.0,34.0,-34.0,457.81999999999994,False
21982,PACK OF 12 SUKI TISSUES ,2011-11-19,seasonal_naive,0.0,0.0,0.0,0.0,457.81999999999994,False
21982,PACK OF 12 SUKI TISSUES ,2011-11-20,seasonal_naive,14.0,8.0,6.0,-6.0,457.81999999999994,False
21982,PACK OF 12 SUKI TISSUES ,2011-11-21,seasonal_naive,3.0,0.0,3.0,-3.0,457.81999999999994,False
21982,PACK OF 12 SUKI TISSUES ,2011-11-22,seasonal_naive,3.0,10.0,7.0,7.0,457.81999999999994,False
21982,PACK OF 12 SUKI TISSUES ,2011-11-23,seasonal_naive,32.0,0.0,32.0,-32.0,457.81999999999994,False
21982,PACK OF 12 SUKI TISSUES ,2011-11-24,seasonal_naive,16.0,28.0,12.0,12.0,457.81999999999994,False
21982,PACK OF 12 SUKI TISSUES ,2011-11-25,seasonal_naive,41.0,36.0,5.0,-5.0,457.81999999999994,False
21982,PACK OF 12 SUKI TISSUES ,2011-11-26,seasonal_naive,0.0,0.0,0.0,0.0,457.81999999999994,False
21982,PACK OF 12 SUKI TISSUES ,2011-11-27,seasonal_naive,2.0,8.0,6.0,6.0,457.81999999999994,False
21982,PACK OF 12 SUKI TISSUES ,2011-11-28,seasonal_naive,9.0,0.0,9.0,-9.0,457.81999999999994,False
21982,PACK OF 12 SUKI TISSUES ,2011-11-29,seasonal_naive,6.0,10.0,4.0,4.0,457.81999999999994,False
21982,PACK OF 12 SUKI TISSUES ,2011-11-30,seasonal_naive,1.0,0.0,1.0,-1.0,457.81999999999994,False
21982,PACK OF 12 SUKI TISSUES ,2011-12-01,seasonal_naive,6.0,28.0,22.0,22.0,457.81999999999994,False
21982,PACK OF 12 SUKI TISSUES ,2011-12-02,seasonal_naive,5.0,36.0,31.0,31.0,457.81999999999994,False
21982,PACK OF 12 SUKI TISSUES ,2011-12-03,seasonal_naive,0.0,0.0,0.0,0.0,457.81999999999994,False
21982,PACK OF 12 SUKI TISSUES ,2011-12-04,seasonal_naive,0.0,8.0,8.0,8.0,457.81999999999994,False
21982,PACK OF 12 SUKI TISSUES ,2011-12-05,seasonal_naive,33.0,0.0,33.0,-33.0,457.81999999999994,False
21982,PACK OF 12 SUKI TISSUES ,2011-12-06,seasonal_naive,30.0,10.0,20.0,-20.0,457.81999999999994,False
21982,PACK OF 12 SUKI TISSUES ,2011-12-07,seasonal_naive,0.0,0.0,0.0,0.0,457.81999999999994,False
21982,PACK OF 12 SUKI TISSUES ,2011-12-08,seasonal_naive,42.0,28.0,14.0,-14.0,457.81999999999994,False
21982,PACK OF 12 SUKI TISSUES ,2011-11-11,hw_weekly,20.0,0.0,20.0,-20.0,457.81999999999994,False
21982,PACK OF 12 SUKI TISSUES ,2011-11-12,hw_weekly,0.0,0.0,0.0,0.0,457.81999999999994,False
21982,PACK OF 12 SUKI TISSUES ,2011-11-13,hw_weekly,13.0,0.0,13.0,-13.0,457.81999999999994,False
21982,PACK OF 12 SUKI TISSUES ,2011-11-14,hw_weekly,8.0,6.539827301556983,1.4601726984430172,-1.4601726984430172,457.81999999999994,False
21982,PACK OF 12 SUKI TISSUES ,2011-11-15,hw_weekly,17.0,161.4635871951022,144.4635871951022,144.4635871951022,457.81999999999994,False
21982,PACK OF 12 SUKI TISSUES ,2011-11-16,hw_weekly,15.0,4.920887358433863,10.079112641566137,-10.079112641566137,457.81999999999994,False
21982,PACK OF 12 SUKI TISSUES ,2011-11-17,hw_weekly,42.0,7.3728371656133405,34.62716283438666,-34.62716283438666,457.81999999999994,False
21982,PACK OF 12 SUKI TISSUES ,2011-11-18,hw_weekly,70.0,0.0,70.0,-70.0,457.81999999999994,False
21982,PACK OF 12 SUKI TISSUES ,2011-11-19,hw_weekly,0.0,0.0,0.0,0.0,457.81999999999994,False
21982,PACK OF 12 SUKI TISSUES ,2011-11-20,hw_weekly,14.0,0.0,14.0,-14.0,457.81999999999994,False
21982,PACK OF 12 SUKI TISSUES ,2011-11-21,hw_weekly,3.0,6.539827301556983,3.5398273015569828,3.5398273015569828,457.81999999999994,False
21982,PACK OF 12 SUKI TISSUES ,2011-11-22,hw_weekly,3.0,161.4635871951022,158.4635871951022,158.4635871951022,457.81999999999994,False
21982,PACK OF 12 SUKI TISSUES ,2011-11-23,hw_weekly,32.0,4.920887358433863,27.079112641566137,-27.079112641566137,457.81999999999994,False
21982,PACK OF 12 SUKI TISSUES ,2011-11-24,hw_weekly,16.0,7.3728371656133405,8.62716283438666,-8.62716283438666,457.81999999999994,False
21982,PACK OF 12 SUKI TISSUES ,2011-11-25,hw_weekly,41.0,0.0,41.0,-41.0,457.81999999999994,False
21982,PACK OF 12 SUKI TISSUES ,2011-11-26,hw_weekly,0.0,0.0,0.0,0.0,457.81999999999994,False
21982,PACK OF 12 SUKI TISSUES ,2011-11-27,hw_weekly,2.0,0.0,2.0,-2.0,457.81999999999994,False
21982,PACK OF 12 SUKI TISSUES ,2011-11-28,hw_weekly,9.0,6.539827301556983,2.4601726984430172,-2.4601726984430172,457.81999999999994,False
21982,PACK OF 12 SUKI TISSUES ,2011-11-29,hw_weekly,6.0,161.4635871951022,155.4635871951022,155.4635871951022,457.81999999999994,False
21982,PACK OF 12 SUKI TISSUES ,2011-11-30,hw_weekly,1.0,4.920887358433863,3.9208873584338626,3.9208873584338626,457.81999999999994,False
21982,PACK OF 12 SUKI TISSUES ,2011-12-01,hw_weekly,6.0,7.3728371656133405,1.3728371656133405,1.3728371656133405,457.81999999999994,False
21982,PACK OF 12 SUKI TISSUES ,2011-12-02,hw_weekly,5.0,0.0,5.0,-5.0,457.81999999999994,False
21982,PACK OF 12 SUKI TISSUES ,2011-12-03,hw_weekly,0.0,0.0,0.0,0.0,457.81999999999994,False
21982,PACK OF 12 SUKI TISSUES ,2011-12-04,hw_weekly,0.0,0.0,0.0,0.0,457.81999999999994,False
21982,PACK OF 12 SUKI TISSUES ,2011-12-05,hw_weekly,33.0,6.539827301556983,26.460172698443017,-26.460172698443017,457.81999999999994,False
21982,PACK OF 12 SUKI TISSUES ,2011-12-06,hw_weekly,30.0,161.4635871951022,131.4635871951022,131.4635871951022,457.81999999999994,False
21982,PACK OF 12 SUKI TISSUES ,2011-12-07,hw_weekly,0.0,4.920887358433863,4.920887358433863,4.920887358433863,457.81999999999994,False
21982,PACK OF 12 SUKI TISSUES ,2011-12-08,hw_weekly,42.0,7.3728371656133405,34.62716283438666,-34.62716283438666,457.81999999999994,False
22178,VICTORIAN GLASS HANGING T-LIGHT,2011-11-11,seasonal_naive,34.0,102.0,68.0,68.0,397.8499999999989,False
22178,VICTORIAN GLASS HANGING T-LIGHT,2011-11-12,seasonal_naive,0.0,0.0,0.0,0.0,397.8499999999989,False
22178,VICTORIAN GLASS HANGING T-LIGHT,2011-11-13,seasonal_naive,6.0,23.0,17.0,17.0,397.8499999999989,False
22178,VICTORIAN GLASS HANGING T-LIGHT,2011-11-14,seasonal_naive,49.0,8.0,41.0,-41.0,397.8499999999989,False
22178,VICTORIAN GLASS HANGING T-LIGHT,2011-11-15,seasonal_naive,39.0,50.0,11.0,11.0,397.8499999999989,False
22178,VICTORIAN GLASS HANGING T-LIGHT,2011-11-16,seasonal_naive,97.0,4.0,93.0,-93.0,397.8499999999989,False
22178,VICTORIAN GLASS HANGING T-LIGHT,2011-11-17,seasonal_naive,214.0,186.0,28.0,-28.0,397.8499999999989,False
22178,VICTORIAN GLASS HANGING T-LIGHT,2011-11-18,seasonal_naive,2.0,102.0,100.0,100.0,397.8499999999989,False
22178,VICTORIAN GLASS HANGING T-LIGHT,2011-11-19,seasonal_naive,0.0,0.0,0.0,0.0,397.8499999999989,False
22178,VICTORIAN GLASS HANGING T-LIGHT,2011-11-20,seasonal_naive,48.0,23.0,25.0,-25.0,397.8499999999989,False
22178,VICTORIAN GLASS HANGING T-LIGHT,2011-11-21,seasonal_naive,210.0,8.0,202.0,-202.0,397.8499999999989,False
22178,VICTORIAN GLASS HANGING T-LIGHT,2011-11-22,seasonal_naive,32.0,50.0,18.0,18.0,397.8499999999989,False
22178,VICTORIAN GLASS HANGING T-LIGHT,2011-11-23,seasonal_naive,11.0,4.0,7.0,-7.0,397.8499999999989,False
22178,VICTORIAN GLASS HANGING T-LIGHT,2011-11-24,seasonal_naive,78.0,186.0,108.0,108.0,397.8499999999989,False
22178,VICTORIAN GLASS HANGING T-LIGHT,2011-11-25,seasonal_naive,12.0,102.0,90.0,90.0,397.8499999999989,False
22178,VICTORIAN GLASS HANGING T-LIGHT,2011-11-26,seasonal_naive,0.0,0.0,0.0,0.0,397.8499999999989,False
22178,VICTORIAN GLASS HANGING T-LIGHT,2011-11-27,seasonal_naive,30.0,23.0,7.0,-7.0,397.8499999999989,False
22178,VICTORIAN GLASS HANGING T-LIGHT,2011-11-28,seasonal_naive,247.0,8.0,239.0,-239.0,397.8499999999989,False
22178,VICTORIAN GLASS HANGING T-LIGHT,2011-11-29,seasonal_naive,86.0,50.0,36.0,-36.0,397.8499999999989,False
22178,VICTORIAN GLASS HANGING T-LIGHT,2011-11-30,seasonal_naive,88.0,4.0,84.0,-84.0,397.8499999999989,False
22178,VICTORIAN GLASS HANGING T-LIGHT,2011-12-01,seasonal_naive,158.0,186.0,28.0,28.0,397.8499999999989,False
22178,VICTORIAN GLASS HANGING T-LIGHT,2011-12-02,seasonal_naive,26.0,102.0,76.0,76.0,397.8499999999989,False
22178,VICTORIAN GLASS HANGING T-LIGHT,2011-12-03,seasonal_naive,0.0,0.0,0.0,0.0,397.8499999999989,False
22178,VICTORIAN GLASS HANGING T-LIGHT,2011-12-04,seasonal_naive,150.0,23.0,127.0,-127.0,397.8499999999989,False
22178,VICTORIAN GLASS HANGING T-LIGHT,2011-12-05,seasonal_naive,377.0,8.0,369.0,-369.0,397.8499999999989,False
22178,VICTORIAN GLASS HANGING T-LIGHT,2011-12-06,seasonal_naive,74.0,50.0,24.0,-24.0,397.8499999999989,False
22178,VICTORIAN GLASS HANGING T-LIGHT,2011-12-07,seasonal_naive,78.0,4.0,74.0,-74.0,397.8499999999989,False
22178,VICTORIAN GLASS HANGING T-LIGHT,2011-12-08,seasonal_naive,109.0,186.0,77.0,77.0,397.8499999999989,False
22178,VICTORIAN GLASS HANGING T-LIGHT,2011-11-11,hw_weekly,34.0,73.06926472347791,39.069264723477914,39.069264723477914,397.8499999999989,False
22178,VICTORIAN GLASS HANGING T-LIGHT,2011-11-12,hw_weekly,0.0,14.653393313898292,14.653393313898292,14.653393313898292,397.8499999999989,False
22178,VICTORIAN GLASS HANGING T-LIGHT,2011-11-13,hw_weekly,6.0,55.35030556562565,49.35030556562565,49.35030556562565,397.8499999999989,False
22178,VICTORIAN GLASS HANGING T-LIGHT,2011-11-14,hw_weekly,49.0,95.74969187543408,46.74969187543408,46.74969187543408,397.8499999999989,False
22178,VICTORIAN GLASS HANGING T-LIGHT,2011-11-15,hw_weekly,39.0,85.49526369211182,46.49526369211182,46.49526369211182,397.8499999999989,False
22178,VICTORIAN GLASS HANGING T-LIGHT,2011-11-16,hw_weekly,97.0,106.38435430496985,9.384354304969847,9.384354304969847,397.8499999999989,False
22178,VICTORIAN GLASS HANGING T-LIGHT,2011-11-17,hw_weekly,214.0,90.94280333106498,123.05719666893502,-123.05719666893502,397.8499999999989,False
22178,VICTORIAN GLASS HANGING T-LIGHT,2011-11-18,hw_weekly,2.0,73.06926472347791,71.06926472347791,71.06926472347791,397.8499999999989,False
22178,VICTORIAN GLASS HANGING T-LIGHT,2011-11-19,hw_weekly,0.0,14.653393313898292,14.653393313898292,14.653393313898292,397.8499999999989,False
22178,VICTORIAN GLASS HANGING T-LIGHT,2011-11-20,hw_weekly,48.0,55.35030556562565,7.3503055656256535,7.3503055656256535,397.8499999999989,False
22178,VICTORIAN GLASS HANGING T-LIGHT,2011-11-21,hw_weekly,210.0,95.74969187543408,114.25030812456592,-114.25030812456592,397.8499999999989,False
22178,VICTORIAN GLASS HANGING T-LIGHT,2011-11-22,hw_weekly,32.0,85.49526369211182,53.49526369211182,53.49526369211182,397.8499999999989,False
22178,VICTORIAN GLASS HANGING T-LIGHT,2011-11-23,hw_weekly,11.0,106.38435430496985,95.38435430496985,95.38435430496985,397.8499999999989,False
22178,VICTORIAN GLASS HANGING T-LIGHT,2011-11-24,hw_weekly,78.0,90.94280333106498,12.94280333106498,12.94280333106498,397.8499999999989,False
22178,VICTORIAN GLASS HANGING T-LIGHT,2011-11-25,hw_weekly,12.0,73.06926472347791,61.069264723477914,61.069264723477914,397.8499999999989,False
22178,VICTORIAN GLASS HANGING T-LIGHT,2011-11-26,hw_weekly,0.0,14.653393313898292,14.653393313898292,14.653393313898292,397.8499999999989,False
22178,VICTORIAN GLASS HANGING T-LIGHT,2011-11-27,hw_weekly,30.0,55.35030556562565,25.350305565625654,25.350305565625654,397.8499999999989,False
22178,VICTORIAN GLASS HANGING T-LIGHT,2011-11-28,hw_weekly,247.0,95.74969187543408,151.25030812456592,-151.25030812456592,397.8499999999989,False
22178,VICTORIAN GLASS HANGING T-LIGHT,2011-11-29,hw_weekly,86.0,85.49526369211182,0.5047363078881801,-0.5047363078881801,397.8499999999989,False
22178,VICTORIAN GLASS HANGING T-LIGHT,2011-11-30,hw_weekly,88.0,106.38435430496985,18.384354304969847,18.384354304969847,397.8499999999989,False
22178,VICTORIAN GLASS HANGING T-LIGHT,2011-12-01,hw_weekly,158.0,90.94280333106498,67.05719666893502,-67.05719666893502,397.8499999999989,False
22178,VICTORIAN GLASS HANGING T-LIGHT,2011-12-02,hw_weekly,26.0,73.06926472347791,47.069264723477914,47.069264723477914,397.8499999999989,False
22178,VICTORIAN GLASS HANGING T-LIGHT,2011-12-03,hw_weekly,0.0,14.653393313898292,14.653393313898292,14.653393313898292,397.8499999999989,False
22178,VICTORIAN GLASS HANGING T-LIGHT,2011-12-04,hw_weekly,150.0,55.35030556562565,94.64969443437434,-94.64969443437434,397.8499999999989,False
22178,VICTORIAN GLASS HANGING T-LIGHT,2011-12-05,hw_weekly,377.0,95.74969187543408,281.2503081245659,-281.2503081245659,397.8499999999989,False
22178,VICTORIAN GLASS HANGING T-LIGHT,2011-12-06,hw_weekly,74.0,85.49526369211182,11.49526369211182,11.49526369211182,397.8499999999989,False
22178,VICTORIAN GLASS HANGING T-LIGHT,2011-12-07,hw_weekly,78.0,106.38435430496985,28.384354304969847,28.384354304969847,397.8499999999989,False
22178,VICTORIAN GLASS HANGING T-LIGHT,2011-12-08,hw_weekly,109.0,90.94280333106498,18.05719666893502,-18.05719666893502,397.8499999999989,False
22197,POPCORN HOLDER,2011-11-11,seasonal_naive,184.0,174.0,10.0,-10.0,1505.379999999993,False
22197,POPCORN HOLDER,2011-11-12,seasonal_naive,0.0,0.0,0.0,0.0,1505.379999999993,False
22197,POPCORN HOLDER,2011-11-13,seasonal_naive,114.0,294.0,180.0,180.0,1505.379999999993,False
22197,POPCORN HOLDER,2011-11-14,seasonal_naive,1767.0,2012.0,245.0,245.0,1505.379999999993,True
22197,POPCORN HOLDER,2011-11-15,seasonal_naive,224.0,172.0,52.0,-52.0,1505.379999999993,False
22197,POPCORN HOLDER,2011-11-16,seasonal_naive,352.0,1079.0,727.0,727.0,1505.379999999993,False
22197,POPCORN HOLDER,2011-11-17,seasonal_naive,135.0,339.0,204.0,204.0,1505.379999999993,False
22197,POPCORN HOLDER,2011-11-18,seasonal_naive,449.0,174.0,275.0,-275.0,1505.379999999993,False
22197,POPCORN HOLDER,2011-11-19,seasonal_naive,0.0,0.0,0.0,0.0,1505.379999999993,False
22197,POPCORN HOLDER,2011-11-20,seasonal_naive,218.0,294.0,76.0,76.0,1505.379999999993,False
22197,POPCORN HOLDER,2011-11-21,seasonal_naive,349.0,2012.0,1663.0,1663.0,1505.379999999993,False
22197,POPCORN HOLDER,2011-11-22,seasonal_naive,1162.0,172.0,990.0,-990.0,1505.379999999993,False
22197,POPCORN HOLDER,2011-11-23,seasonal_naive,497.0,1079.0,582.0,582.0,1505.379999999993,False
22197,POPCORN HOLDER,2011-11-24,seasonal_naive,558.0,339.0,219.0,-219.0,1505.379999999993,False
22197,POPCORN HOLDER,2011-11-25,seasonal_naive,342.0,174.0,168.0,-168.0,1505.379999999993,False
22197,POPCORN HOLDER,2011-11-26,seasonal_naive,0.0,0.0,0.0,0.0,1505.379999999993,False
22197,POPCORN HOLDER,2011-11-27,seasonal_naive,47.0,294.0,247.0,247.0,1505.379999999993,False
22197,POPCORN HOLDER,2011-11-28,seasonal_naive,248.0,2012.0,1764.0,1764.0,1505.379999999993,False
22197,POPCORN HOLDER,2011-11-29,seasonal_naive,796.0,172.0,624.0,-624.0,1505.379999999993,False
22197,POPCORN HOLDER,2011-11-30,seasonal_naive,470.0,1079.0,609.0,609.0,1505.379999999993,False
22197,POPCORN HOLDER,2011-12-01,seasonal_naive,279.0,339.0,60.0,60.0,1505.379999999993,False
22197,POPCORN HOLDER,2011-12-02,seasonal_naive,1369.0,174.0,1195.0,-1195.0,1505.379999999993,False
22197,POPCORN HOLDER,2011-12-03,seasonal_naive,0.0,0.0,0.0,0.0,1505.379999999993,False
22197,POPCORN HOLDER,2011-12-04,seasonal_naive,113.0,294.0,181.0,181.0,1505.379999999993,False
22197,POPCORN HOLDER,2011-12-05,seasonal_naive,410.0,2012.0,1602.0,1602.0,1505.379999999993,False
22197,POPCORN HOLDER,2011-12-06,seasonal_naive,337.0,172.0,165.0,-165.0,1505.379999999993,False
22197,POPCORN HOLDER,2011-12-07,seasonal_naive,368.0,1079.0,711.0,711.0,1505.379999999993,False
22197,POPCORN HOLDER,2011-12-08,seasonal_naive,3111.0,339.0,2772.0,-2772.0,1505.379999999993,True
22197,POPCORN HOLDER,2011-11-11,hw_weekly,184.0,383.6745264898777,199.67452648987768,199.67452648987768,1505.379999999993,False
22197,POPCORN HOLDER,2011-11-12,hw_weekly,0.0,172.85457260749115,172.85457260749115,172.85457260749115,1505.379999999993,False
22197,POPCORN HOLDER,2011-11-13,hw_weekly,114.0,215.62052641072043,101.62052641072043,101.62052641072043,1505.379999999993,False
22197,POPCORN HOLDER,2011-11-14,hw_weekly,1767.0,282.809363742986,1484.190636257014,-1484.190636257014,1505.379999999993,True
22197,POPCORN HOLDER,2011-11-15,hw_weekly,224.0,268.8522823947873,44.85228239478732,44.85228239478732,1505.379999999993,False
22197,POPCORN HOLDER,2011-11-16,hw_weekly,352.0,331.8425215518749,20.15747844812512,-20.15747844812512,1505.379999999993,False
22197,POPCORN HOLDER,2011-11-17,hw_weekly,135.0,291.89912584537683,156.89912584537683,156.89912584537683,1505.379999999993,False
22197,POPCORN HOLDER,2011-11-18,hw_weekly,449.0,383.6745264898777,65.32547351012232,-65.32547351012232,1505.379999999993,False
22197,POPCORN HOLDER,2011-11-19,hw_weekly,0.0,172.85457260749115,172.85457260749115,172.85457260749115,1505.379999999993,False
22197,POPCORN HOLDER,2011-11-20,hw_weekly,218.0,215.62052641072043,2.37947358927957,-2.37947358927957,1505.379999999993,False
22197,POPCORN HOLDER,2011-11-21,hw_weekly,349.0,282.809363742986,66.19063625701398,-66.19063625701398,1505.379999999993,False
22197,POPCORN HOLDER,2011-11-22,hw_weekly,1162.0,268.8522823947873,893.1477176052126,-893.1477176052126,1505.379999999993,False
22197,POPCORN HOLDER,2011-11-23,hw_weekly,497.0,331.8425215518749,165.15747844812512,-165.15747844812512,1505.379999999993,False
22197,POPCORN HOLDER,2011-11-24,hw_weekly,558.0,291.89912584537683,266.10087415462317,-266.10087415462317,1505.379999999993,False
22197,POPCORN HOLDER,2011-11-25,hw_weekly,342.0,383.6745264898777,41.67452648987768,41.67452648987768,1505.379999999993,False
22197,POPCORN HOLDER,2011-11-26,hw_weekly,0.0,172.85457260749115,172.85457260749115,172.85457260749115,1505.379999999993,False
22197,POPCORN HOLDER,2011-11-27,hw_weekly,47.0,215.62052641072043,168.62052641072043,168.62052641072043,1505.379999999993,False
22197,POPCORN HOLDER,2011-11-28,hw_weekly,248.0,282.809363742986,34.80936374298602,34.80936374298602,1505.379999999993,False
22197,POPCORN HOLDER,2011-11-29,hw_weekly,796.0,268.8522823947873,527.1477176052126,-527.1477176052126,1505.379999999993,False
22197,POPCORN HOLDER,2011-11-30,hw_weekly,470.0,331.8425215518749,138.15747844812512,-138.15747844812512,1505.379999999993,False
22197,POPCORN HOLDER,2011-12-01,hw_weekly,279.0,291.89912584537683,12.89912584537683,12.89912584537683,1505.379999999993,False
22197,POPCORN HOLDER,2011-12-02,hw_weekly,1369.0,383.6745264898777,985.3254735101223,-985.3254735101223,1505.379999999993,False
22197,POPCORN HOLDER,2011-12-03,hw_weekly,0.0,172.85457260749115,172.85457260749115,172.85457260749115,1505.379999999993,False
22197,POPCORN HOLDER,2011-12-04,hw_weekly,113.0,215.62052641072043,102.62052641072043,102.62052641072043,1505.379999999993,False
22197,POPCORN HOLDER,2011-12-05,hw_weekly,410.0,282.809363742986,127.19063625701398,-127.19063625701398,1505.379999999993,False
22197,POPCORN HOLDER,2011-12-06,hw_weekly,337.0,268.8522823947873,68.14771760521268,-68.14771760521268,1505.379999999993,False
22197,POPCORN HOLDER,2011-12-07,hw_weekly,368.0,331.8425215518749,36.15747844812512,-36.15747844812512,1505.379999999993,False
22197,POPCORN HOLDER,2011-12-08,hw_weekly,3111.0,291.89912584537683,2819.100874154623,-2819.100874154623,1505.379999999993,True
22386,JUMBO BAG PINK POLKADOT,2011-11-11,seasonal_naive,114.0,17.0,97.0,-97.0,410.81999999999994,False
22386,JUMBO BAG PINK POLKADOT,2011-11-12,seasonal_naive,0.0,0.0,0.0,0.0,410.81999999999994,False
22386,JUMBO BAG PINK POLKADOT,2011-11-13,seasonal_naive,24.0,82.0,58.0,58.0,410.81999999999994,False
22386,JUMBO BAG PINK POLKADOT,2011-11-14,seasonal_naive,321.0,35.0,286.0,-286.0,410.81999999999994,False
22386,JUMBO BAG PINK POLKADOT,2011-11-15,seasonal_naive,22.0,71.0,49.0,49.0,410.81999999999994,False
22386,JUMBO BAG PINK POLKADOT,2011-11-16,seasonal_naive,76.0,254.0,178.0,178.0,410.81999999999994,False
22386,JUMBO BAG PINK POLKADOT,2011-11-17,seasonal_naive,32.0,18.0,14.0,-14.0,410.81999999999994,False
22386,JUMBO BAG PINK POLKADOT,2011-11-18,seasonal_naive,31.0,17.0,14.0,-14.0,410.81999999999994,False
22386,JUMBO BAG PINK POLKADOT,2011-11-19,seasonal_naive,0.0,0.0,0.0,0.0,410.81999999999994,False
22386,JUMBO BAG PINK POLKADOT,2011-11-20,seasonal_naive,40.0,82.0,42.0,42.0,410.81999999999994,False
22386,JUMBO BAG PINK POLKADOT,2011-11-21,seasonal_naive,25.0,35.0,10.0,10.0,410.81999999999994,False
22386,JUMBO BAG PINK POLKADOT,2011-11-22,seasonal_naive,2.0,71.0,69.0,69.0,410.81999999999994,False
22386,JUMBO BAG PINK POLKADOT,2011-11-23,seasonal_naive,29.0,254.0,225.0,225.0,410.81999999999994,False
22386,JUMBO BAG PINK POLKADOT,2011-11-24,seasonal_naive,33.0,18.0,15.0,-15.0,410.81999999999994,False
22386,JUMBO BAG PINK POLKADOT,2011-11-25,seasonal_naive,142.0,17.0,125.0,-125.0,410.81999999999994,False
22386,JUMBO BAG PINK POLKADOT,2011-11-26,seasonal_naive,0.0,0.0,0.0,0.0,410.81999999999994,False
22386,JUMBO BAG PINK POLKADOT,2011-11-27,seasonal_naive,22.0,82.0,60.0,60.0,410.81999999999994,False
22386,JUMBO BAG PINK POLKADOT,2011-11-28,seasonal_naive,11.0,35.0,24.0,24.0,410.81999999999994,False
22386,JUMBO BAG PINK POLKADOT,2011-11-29,seasonal_naive,33.0,71.0,38.0,38.0,410.81999999999994,False
22386,JUMBO BAG PINK POLKADOT,2011-11-30,seasonal_naive,35.0,254.0,219.0,219.0,410.81999999999994,False
22386,JUMBO BAG PINK POLKADOT,2011-12-01,seasonal_naive,11.0,18.0,7.0,7.0,410.81999999999994,False
22386,JUMBO BAG PINK POLKADOT,2011-12-02,seasonal_naive,341.0,17.0,324.0,-324.0,410.81999999999994,False
22386,JUMBO BAG PINK POLKADOT,2011-12-03,seasonal_naive,0.0,0.0,0.0,0.0,410.81999999999994,False
22386,JUMBO BAG PINK POLKADOT,2011-12-04,seasonal_naive,5.0,82.0,77.0,77.0,410.81999999999994,False
22386,JUMBO BAG PINK POLKADOT,2011-12-05,seasonal_naive,28.0,35.0,7.0,7.0,410.81999999999994,False
22386,JUMBO BAG PINK POLKADOT,2011-12-06,seasonal_naive,23.0,71.0,48.0,48.0,410.81999999999994,False
22386,JUMBO BAG PINK POLKADOT,2011-12-07,seasonal_naive,33.0,254.0,221.0,221.0,410.81999999999994,False
22386,JUMBO BAG PINK POLKADOT,2011-12-08,seasonal_naive,7.0,18.0,11.0,11.0,410.81999999999994,False
22386,JUMBO BAG PINK POLKADOT,2011-11-11,hw_weekly,114.0,93.87406781180488,20.125932188195122,-20.125932188195122,410.81999999999994,False
22386,JUMBO BAG PINK POLKADOT,2011-11-12,hw_weekly,0.0,29.40456373003129,29.40456373003129,29.40456373003129,410.81999999999994,False
22386,JUMBO BAG PINK POLKADOT,2011-11-13,hw_weekly,24.0,55.07908831759317,31.07908831759317,31.07908831759317,410.81999999999994,False
22386,JUMBO BAG PINK POLKADOT,2011-11-14,hw_weekly,321.0,91.06159684278435,229.93840315721565,-229.93840315721565,410.81999999999994,False
22386,JUMBO BAG PINK POLKADOT,2011-11-15,hw_weekly,22.0,94.98631579835892,72.98631579835892,72.98631579835892,410.81999999999994,False
22386,JUMBO BAG PINK POLKADOT,2011-11-16,hw_weekly,76.0,95.60117121823654,19.601171218236544,19.601171218236544,410.81999999999994,False
22386,JUMBO BAG PINK POLKADOT,2011-11-17,hw_weekly,32.0,120.02397562473404,88.02397562473404,88.02397562473404,410.81999999999994,False
22386,JUMBO BAG PINK POLKADOT,2011-11-18,hw_weekly,31.0,93.87406781180488,62.87406781180488,62.87406781180488,410.81999999999994,False
22386,JUMBO BAG PINK POLKADOT,2011-11-19,hw_weekly,0.0,29.40456373003129,29.40456373003129,29.40456373003129,410.81999999999994,False
22386,JUMBO BAG PINK POLKADOT,2011-11-20,hw_weekly,40.0,55.07908831759317,15.079088317593168,15.079088317593168,410.81999999999994,False
22386,JUMBO BAG PINK POLKADOT,2011-11-21,hw_weekly,25.0,91.06159684278435,66.06159684278435,66.06159684278435,410.81999999999994,False
22386,JUMBO BAG PINK POLKADOT,2011-11-22,hw_weekly,2.0,94.98631579835892,92.98631579835892,92.98631579835892,410.81999999999994,False
22386,JUMBO BAG PINK POLKADOT,2011-11-23,hw_weekly,29.0,95.60117121823654,66.60117121823654,66.60117121823654,410.81999999999994,False
22386,JUMBO BAG PINK POLKADOT,2011-11-24,hw_weekly,33.0,120.02397562473404,87.02397562473404,87.02397562473404,410.81999999999994,False
22386,JUMBO BAG PINK POLKADOT,2011-11-25,hw_weekly,142.0,93.87406781180488,48.12593218819512,-48.12593218819512,410.81999999999994,False
22386,JUMBO BAG PINK POLKADOT,2011-11-26,hw_weekly,0.0,29.40456373003129,29.40456373003129,29.40456373003129,410.81999999999994,False
22386,JUMBO BAG PINK POLKADOT,2011-11-27,hw_weekly,22.0,55.07908831759317,33.07908831759317,33.07908831759317,410.81999999999994,False
22386,JUMBO BAG PINK POLKADOT,2011-11-28,hw_weekly,11.0,91.06159684278435,80.06159684278435,80.06159684278435,410.81999999999994,False
22386,JUMBO BAG PINK POLKADOT,2011-11-29,hw_weekly,33.0,94.98631579835892,61.986315798358916,61.986315798358916,410.81999999999994,False
22386,JUMBO BAG PINK POLKADOT,2011-11-30,hw_weekly,35.0,95.60117121823654,60.601171218236544,60.601171218236544,410.81999999999994,False
22386,JUMBO BAG PINK POLKADOT,2011-12-01,hw_weekly,11.0,120.02397562473404,109.02397562473404,109.02397562473404,410.81999999999994,False
22386,JUMBO BAG PINK POLKADOT,2011-12-02,hw_weekly,341.0,93.87406781180488,247.12593218819512,-247.12593218819512,410.81999999999994,False
22386,JUMBO BAG PINK POLKADOT,2011-12-03,hw_weekly,0.0,29.40456373003129,29.40456373003129,29.40456373003129,410.81999999999994,False
22386,JUMBO BAG PINK POLKADOT,2011-12-04,hw_weekly,5.0,55.07908831759317,50.07908831759317,50.07908831759317,410.81999999999994,False
22386,JUMBO BAG PINK POLKADOT,2011-12-05,hw_weekly,28.0,91.06159684278435,63.061596842784354,63.061596842784354,410.81999999999994,False
22386,JUMBO BAG PINK POLKADOT,2011-12-06,hw_weekly,23.0,94.98631579835892,71.98631579835892,71.98631579835892,410.81999999999994,False
22386,JUMBO BAG PINK POLKADOT,2011-12-07,hw_weekly,33.0,95.60117121823654,62.601171218236544,62.601171218236544,410.81999999999994,False
22386,JUMBO BAG PINK POLKADOT,2011-12-08,hw_weekly,7.0,120.02397562473404,113.02397562473404,113.02397562473404,410.81999999999994,False
84077,WORLD WAR 2 GLIDERS ASSTD DESIGNS,2011-11-11,seasonal_naive,250.0,288.0,38.0,38.0,1994.3999999999924,False
84077,WORLD WAR 2 GLIDERS ASSTD DESIGNS,2011-11-12,seasonal_naive,0.0,0.0,0.0,0.0,1994.3999999999924,False
84077,WORLD WAR 2 GLIDERS ASSTD DESIGNS,2011-11-13,seasonal_naive,144.0,96.0,48.0,-48.0,1994.3999999999924,False
84077,WORLD WAR 2 GLIDERS ASSTD DESIGNS,2011-11-14,seasonal_naive,340.0,0.0,340.0,-340.0,1994.3999999999924,False
84077,WORLD WAR 2 GLIDERS ASSTD DESIGNS,2011-11-15,seasonal_naive,101.0,384.0,283.0,283.0,1994.3999999999924,False
84077,WORLD WAR 2 GLIDERS ASSTD DESIGNS,2011-11-16,seasonal_naive,293.0,144.0,149.0,-149.0,1994.3999999999924,False
84077,WORLD WAR 2 GLIDERS ASSTD DESIGNS,2011-11-17,seasonal_naive,192.0,245.0,53.0,53.0,1994.3999999999924,False
84077,WORLD WAR 2 GLIDERS ASSTD DESIGNS,2011-11-18,seasonal_naive,148.0,288.0,140.0,140.0,1994.3999999999924,False
84077,WORLD WAR 2 GLIDERS ASSTD DESIGNS,2011-11-19,seasonal_naive,0.0,0.0,0.0,0.0,1994.3999999999924,False
84077,WORLD WAR 2 GLIDERS ASSTD DESIGNS,2011-11-20,seasonal_naive,96.0,96.0,0.0,0.0,1994.3999999999924,False
84077,WORLD WAR 2 GLIDERS ASSTD DESIGNS,2011-11-21,seasonal_naive,348.0,0.0,348.0,-348.0,1994.3999999999924,False
84077,WORLD WAR 2 GLIDERS ASSTD DESIGNS,2011-11-22,seasonal_naive,97.0,384.0,287.0,287.0,1994.3999999999924,False
84077,WORLD WAR 2 GLIDERS ASSTD DESIGNS,2011-11-23,seasonal_naive,257.0,144.0,113.0,-113.0,1994.3999999999924,False
84077,WORLD WAR 2 GLIDERS ASSTD DESIGNS,2011-11-24,seasonal_naive,19.0,245.0,226.0,226.0,1994.3999999999924,False
84077,WORLD WAR 2 GLIDERS ASSTD DESIGNS,2011-11-25,seasonal_naive,98.0,288.0,190.0,190.0,1994.3999999999924,False
84077,WORLD WAR 2 GLIDERS ASSTD DESIGNS,2011-11-26,seasonal_naive,0.0,0.0,0.0,0.0,1994.3999999999924,False
84077,WORLD WAR 2 GLIDERS ASSTD DESIGNS,2011-11-27,seasonal_naive,96.0,96.0,0.0,0.0,1994.3999999999924,False
84077,WORLD WAR 2 GLIDERS ASSTD DESIGNS,2011-11-28,seasonal_naive,58.0,0.0,58.0,-58.0,1994.3999999999924,False
84077,WORLD WAR 2 GLIDERS ASSTD DESIGNS,2011-11-29,seasonal_naive,96.0,384.0,288.0,288.0,1994.3999999999924,False
84077,WORLD WAR 2 GLIDERS ASSTD DESIGNS,2011-11-30,seasonal_naive,241.0,144.0,97.0,-97.0,1994.3999999999924,False
84077,WORLD WAR 2 GLIDERS ASSTD DESIGNS,2011-12-01,seasonal_naive,198.0,245.0,47.0,47.0,1994.3999999999924,False
84077,WORLD WAR 2 GLIDERS ASSTD DESIGNS,2011-12-02,seasonal_naive,96.0,288.0,192.0,192.0,1994.3999999999924,False
84077,WORLD WAR 2 GLIDERS ASSTD DESIGNS,2011-12-03,seasonal_naive,0.0,0.0,0.0,0.0,1994.3999999999924,False
84077,WORLD WAR 2 GLIDERS ASSTD DESIGNS,2011-12-04,seasonal_naive,0.0,96.0,96.0,96.0,1994.3999999999924,False
84077,WORLD WAR 2 GLIDERS ASSTD DESIGNS,2011-12-05,seasonal_naive,205.0,0.0,205.0,-205.0,1994.3999999999924,False
84077,WORLD WAR 2 GLIDERS ASSTD DESIGNS,2011-12-06,seasonal_naive,243.0,384.0,141.0,141.0,1994.3999999999924,False
84077,WORLD WAR 2 GLIDERS ASSTD DESIGNS,2011-12-07,seasonal_naive,240.0,144.0,96.0,-96.0,1994.3999999999924,False
84077,WORLD WAR 2 GLIDERS ASSTD DESIGNS,2011-12-08,seasonal_naive,336.0,245.0,91.0,-91.0,1994.3999999999924,False
84077,WORLD WAR 2 GLIDERS ASSTD DESIGNS,2011-11-11,hw_weekly,250.0,134.5972300675966,115.4027699324034,-115.4027699324034,1994.3999999999924,False
84077,WORLD WAR 2 GLIDERS ASSTD DESIGNS,2011-11-12,hw_weekly,0.0,12.02051735871163,12.02051735871163,12.02051735871163,1994.3999999999924,False
84077,WORLD WAR 2 GLIDERS ASSTD DESIGNS,2011-11-13,hw_weekly,144.0,72.81309859565332,71.18690140434668,-71.18690140434668,1994.3999999999924,False
84077,WORLD WAR 2 GLIDERS ASSTD DESIGNS,2011-11-14,hw_weekly,340.0,164.5518620276575,175.4481379723425,-175.4481379723425,1994.3999999999924,False
84077,WORLD WAR 2 GLIDERS ASSTD DESIGNS,2011-11-15,hw_weekly,101.0,197.23229994976515,96.23229994976515,96.23229994976515,1994.3999999999924,False
84077,WORLD WAR 2 GLIDERS ASSTD DESIGNS,2011-11-16,hw_weekly,293.0,142.4243385425595,150.5756614574405,-150.5756614574405,1994.3999999999924,False
84077,WORLD WAR 2 GLIDERS ASSTD DESIGNS,2011-11-17,hw_weekly,192.0,238.78836894832887,46.788368948328866,46.788368948328866,1994.3999999999924,False
84077,WORLD WAR 2 GLIDERS ASSTD DESIGNS,2011-11-18,hw_weekly,148.0,134.5972300675966,13.402769932403402,-13.402769932403402,1994.3999999999924,False
84077,WORLD WAR 2 GLIDERS ASSTD DESIGNS,2011-11-19,hw_weekly,0.0,12.02051735871163,12.02051735871163,12.02051735871163,1994.3999999999924,False
84077,WORLD WAR 2 GLIDERS ASSTD DESIGNS,2011-11-20,hw_weekly,96.0,72.81309859565332,23.186901404346685,-23.186901404346685,1994.3999999999924,False
84077,WORLD WAR 2 GLIDERS ASSTD DESIGNS,2011-11-21,hw_weekly,348.0,164.5518620276575,183.4481379723425,-183.4481379723425,1994.3999999999924,False
84077,WORLD WAR 2 GLIDERS ASSTD DESIGNS,2011-11-22,hw_weekly,97.0,197.23229994976515,100.23229994976515,100.23229994976515,1994.3999999999924,False
84077,WORLD WAR 2 GLIDERS ASSTD DESIGNS,2011-11-23,hw_weekly,257.0,142.4243385425595,114.5756614574405,-114.5756614574405,1994.3999999999924,False
84077,WORLD WAR 2 GLIDERS ASSTD DESIGNS,2011-11-24,hw_weekly,19.0,238.78836894832887,219.78836894832887,219.78836894832887,1994.3999999999924,False
84077,WORLD WAR 2 GLIDERS ASSTD DESIGNS,2011-11-25,hw_weekly,98.0,134.5972300675966,36.5972300675966,36.5972300675966,1994.3999999999924,False
84077,WORLD WAR 2 GLIDERS ASSTD DESIGNS,2011-11-26,hw_weekly,0.0,12.02051735871163,12.02051735871163,12.02051735871163,1994.3999999999924,False
84077,WORLD WAR 2 GLIDERS ASSTD DESIGNS,2011-11-27,hw_weekly,96.0,72.81309859565332,23.186901404346685,-23.186901404346685,1994.3999999999924,False
84077,WORLD WAR 2 GLIDERS ASSTD DESIGNS,2011-11-28,hw_weekly,58.0,164.5518620276575,106.5518620276575,106.5518620276575,1994.3999999999924,False
84077,WORLD WAR 2 GLIDERS ASSTD DESIGNS,2011-11-29,hw_weekly,96.0,197.23229994976515,101.23229994976515,101.23229994976515,1994.3999999999924,False
84077,WORLD WAR 2 GLIDERS ASSTD DESIGNS,2011-11-30,hw_weekly,241.0,142.4243385425595,98.5756614574405,-98.5756614574405,1994.3999999999924,False
84077,WORLD WAR 2 GLIDERS ASSTD DESIGNS,2011-12-01,hw_weekly,198.0,238.78836894832887,40.788368948328866,40.788368948328866,1994.3999999999924,False
84077,WORLD WAR 2 GLIDERS ASSTD DESIGNS,2011-12-02,hw_weekly,96.0,134.5972300675966,38.5972300675966,38.5972300675966,1994.3999999999924,False
84077,WORLD WAR 2 GLIDERS ASSTD DESIGNS,2011-12-03,hw_weekly,0.0,12.02051735871163,12.02051735871163,12.02051735871163,1994.3999999999924,False
84077,WORLD WAR 2 GLIDERS ASSTD DESIGNS,2011-12-04,hw_weekly,0.0,72.81309859565332,72.81309859565332,72.81309859565332,1994.3999999999924,False
84077,WORLD WAR 2 GLIDERS ASSTD DESIGNS,2011-12-05,hw_weekly,205.0,164.5518620276575,40.448137972342494,-40.448137972342494,1994.3999999999924,False
84077,WORLD WAR 2 GLIDERS ASSTD DESIGNS,2011-12-06,hw_weekly,243.0,197.23229994976515,45.76770005023485,-45.76770005023485,1994.3999999999924,False
84077,WORLD WAR 2 GLIDERS ASSTD DESIGNS,2011-12-07,hw_weekly,240.0,142.4243385425595,97.5756614574405,-97.5756614574405,1994.3999999999924,False
84077,WORLD WAR 2 GLIDERS ASSTD DESIGNS,2011-12-08,hw_weekly,336.0,238.78836894832887,97.21163105167113,-97.21163105167113,1994.3999999999924,False
84568,GIRLS ALPHABET IRON ON PATCHES ,2011-11-11,seasonal_naive,30.0,12.0,18.0,-18.0,1440.0,False
84568,GIRLS ALPHABET IRON ON PATCHES ,2011-11-12,seasonal_naive,0.0,0.0,0.0,0.0,1440.0,False
84568,GIRLS ALPHABET IRON ON PATCHES ,2011-11-13,seasonal_naive,0.0,0.0,0.0,0.0,1440.0,False
84568,GIRLS ALPHABET IRON ON PATCHES ,2011-11-14,seasonal_naive,4.0,0.0,4.0,-4.0,1440.0,False
84568,GIRLS ALPHABET IRON ON PATCHES ,2011-11-15,seasonal_naive,4.0,8.0,4.0,4.0,1440.0,False
84568,GIRLS ALPHABET IRON ON PATCHES ,2011-11-16,seasonal_naive,6.0,5.0,1.0,-1.0,1440.0,False
84568,GIRLS ALPHABET IRON ON PATCHES ,2011-11-17,seasonal_naive,17.0,0.0,17.0,-17.0,1440.0,False
84568,GIRLS ALPHABET IRON ON PATCHES ,2011-11-18,seasonal_naive,0.0,12.0,12.0,12.0,1440.0,False
84568,GIRLS ALPHABET IRON ON PATCHES ,2011-11-19,seasonal_naive,0.0,0.0,0.0,0.0,1440.0,False
84568,GIRLS ALPHABET IRON ON PATCHES ,2011-11-20,seasonal_naive,288.0,0.0,288.0,-288.0,1440.0,False
84568,GIRLS ALPHABET IRON ON PATCHES ,2011-11-21,seasonal_naive,15.0,0.0,15.0,-15.0,1440.0,False
84568,GIRLS ALPHABET IRON ON PATCHES ,2011-11-22,seasonal_naive,22.0,8.0,14.0,-14.0,1440.0,False
84568,GIRLS ALPHABET IRON ON PATCHES ,2011-11-23,seasonal_naive,0.0,5.0,5.0,5.0,1440.0,False
84568,GIRLS ALPHABET IRON ON PATCHES ,2011-11-24,seasonal_naive,317.0,0.0,317.0,-317.0,1440.0,False
84568,GIRLS ALPHABET IRON ON PATCHES ,2011-11-25,seasonal_naive,8.0,12.0,4.0,4.0,1440.0,False
84568,GIRLS ALPHABET IRON ON PATCHES ,2011-11-26,seasonal_naive,0.0,0.0,0.0,0.0,1440.0,False
84568,GIRLS ALPHABET IRON ON PATCHES ,2011-11-27,seasonal_naive,0.0,0.0,0.0,0.0,1440.0,False
84568,GIRLS ALPHABET IRON ON PATCHES ,2011-11-28,seasonal_naive,1.0,0.0,1.0,-1.0,1440.0,False
84568,GIRLS ALPHABET IRON ON PATCHES ,2011-11-29,seasonal_naive,44.0,8.0,36.0,-36.0,1440.0,False
84568,GIRLS ALPHABET IRON ON PATCHES ,2011-11-30,seasonal_naive,288.0,5.0,283.0,-283.0,1440.0,False
84568,GIRLS ALPHABET IRON ON PATCHES ,2011-12-01,seasonal_naive,10.0,0.0,10.0,-10.0,1440.0,False
84568,GIRLS ALPHABET IRON ON PATCHES ,2011-12-02,seasonal_naive,11.0,12.0,1.0,1.0,1440.0,False
84568,GIRLS ALPHABET IRON ON PATCHES ,2011-12-03,seasonal_naive,0.0,0.0,0.0,0.0,1440.0,False
84568,GIRLS ALPHABET IRON ON PATCHES ,2011-12-04,seasonal_naive,0.0,0.0,0.0,0.0,1440.0,False
84568,GIRLS ALPHABET IRON ON PATCHES ,2011-12-05,seasonal_naive,38.0,0.0,38.0,-38.0,1440.0,False
84568,GIRLS ALPHABET IRON ON PATCHES ,2011-12-06,seasonal_naive,0.0,8.0,8.0,8.0,1440.0,False
84568,GIRLS ALPHABET IRON ON PATCHES ,2011-12-07,seasonal_naive,0.0,5.0,5.0,5.0,1440.0,False
84568,GIRLS ALPHABET IRON ON PATCHES ,2011-12-08,seasonal_naive,56.0,0.0,56.0,-56.0,1440.0,False
84568,GIRLS ALPHABET IRON ON PATCHES ,2011-11-11,hw_weekly,30.0,86.24733606834339,56.24733606834339,56.24733606834339,1440.0,False
84568,GIRLS ALPHABET IRON ON PATCHES ,2011-11-12,hw_weekly,0.0,0.0,0.0,0.0,1440.0,False
84568,GIRLS ALPHABET IRON ON PATCHES ,2011-11-13,hw_weekly,0.0,63.76849678952449,63.76849678952449,63.76849678952449,1440.0,False
84568,GIRLS ALPHABET IRON ON PATCHES ,2011-11-14,hw_weekly,4.0,23.766021268061092,19.766021268061092,19.766021268061092,1440.0,False
84568,GIRLS ALPHABET IRON ON PATCHES ,2011-11-15,hw_weekly,4.0,28.85019488480012,24.85019488480012,24.85019488480012,1440.0,False
84568,GIRLS ALPHABET IRON ON PATCHES ,2011-11-16,hw_weekly,6.0,74.25717327095263,68.25717327095263,68.25717327095263,1440.0,False
84568,GIRLS ALPHABET IRON ON PATCHES ,2011-11-17,hw_weekly,17.0,90.63611798411506,73.63611798411506,73.63611798411506,1440.0,False
84568,GIRLS ALPHABET IRON ON PATCHES ,2011-11-18,hw_weekly,0.0,86.24733606834339,86.24733606834339,86.24733606834339,1440.0,False
84568,GIRLS ALPHABET IRON ON PATCHES ,2011-11-19,hw_weekly,0.0,0.0,0.0,0.0,1440.0,False
84568,GIRLS ALPHABET IRON ON PATCHES ,2011-11-20,hw_weekly,288.0,63.76849678952449,224.23150321047552,-224.23150321047552,1440.0,False
84568,GIRLS ALPHABET IRON ON PATCHES ,2011-11-21,hw_weekly,15.0,23.766021268061092,8.766021268061092,8.766021268061092,1440.0,False
84568,GIRLS ALPHABET IRON ON PATCHES ,2011-11-22,hw_weekly,22.0,28.85019488480012,6.850194884800121,6.850194884800121,1440.0,False
84568,GIRLS ALPHABET IRON ON PATCHES ,2011-11-23,hw_weekly,0.0,74.25717327095263,74.25717327095263,74.25717327095263,1440.0,False
84568,GIRLS ALPHABET IRON ON PATCHES ,2011-11-24,hw_weekly,317.0,90.63611798411506,226.36388201588494,-226.36388201588494,1440.0,False
84568,GIRLS ALPHABET IRON ON PATCHES ,2011-11-25,hw_weekly,8.0,86.24733606834339,78.24733606834339,78.24733606834339,1440.0,False
84568,GIRLS ALPHABET IRON ON PATCHES ,2011-11-26,hw_weekly,0.0,0.0,0.0,0.0,1440.0,False
84568,GIRLS ALPHABET IRON ON PATCHES ,2011-11-27,hw_weekly,0.0,63.76849678952449,63.76849678952449,63.76849678952449,1440.0,False
84568,GIRLS ALPHABET IRON ON PATCHES ,2011-11-28,hw_weekly,1.0,23.766021268061092,22.766021268061092,22.766021268061092,1440.0,False
84568,GIRLS ALPHABET IRON ON PATCHES ,2011-11-29,hw_weekly,44.0,28.85019488480012,15.149805115199879,-15.149805115199879,1440.0,False
84568,GIRLS ALPHABET IRON ON PATCHES ,2011-11-30,hw_weekly,288.0,74.25717327095263,213.74282672904735,-213.74282672904735,1440.0,False
84568,GIRLS ALPHABET IRON ON PATCHES ,2011-12-01,hw_weekly,10.0,90.63611798411506,80.63611798411506,80.63611798411506,1440.0,False
84568,GIRLS ALPHABET IRON ON PATCHES ,2011-12-02,hw_weekly,11.0,86.24733606834339,75.24733606834339,75.24733606834339,1440.0,False
84568,GIRLS ALPHABET IRON ON PATCHES ,2011-12-03,hw_weekly,0.0,0.0,0.0,0.0,1440.0,False
84568,GIRLS ALPHABET IRON ON PATCHES ,2011-12-04,hw_weekly,0.0,63.76849678952449,63.76849678952449,63.76849678952449,1440.0,False
84568,GIRLS ALPHABET IRON ON PATCHES ,2011-12-05,hw_weekly,38.0,23.766021268061092,14.233978731938908,-14.233978731938908,1440.0,False
84568,GIRLS ALPHABET IRON ON PATCHES ,2011-12-06,hw_weekly,0.0,28.85019488480012,28.85019488480012,28.85019488480012,1440.0,False
84568,GIRLS ALPHABET IRON ON PATCHES ,2011-12-07,hw_weekly,0.0,74.25717327095263,74.25717327095263,74.25717327095263,1440.0,False
84568,GIRLS ALPHABET IRON ON PATCHES ,2011-12-08,hw_weekly,56.0,90.63611798411506,34.63611798411506,34.63611798411506,1440.0,False
84755,COLOUR GLASS T-LIGHT HOLDER HANGING,2011-11-11,seasonal_naive,168.0,8.0,160.0,-160.0,466.5999999999981,False
84755,COLOUR GLASS T-LIGHT HOLDER HANGING,2011-11-12,seasonal_naive,0.0,0.0,0.0,0.0,466.5999999999981,False
84755,COLOUR GLASS T-LIGHT HOLDER HANGING,2011-11-13,seasonal_naive,32.0,8.0,24.0,-24.0,466.5999999999981,False
84755,COLOUR GLASS T-LIGHT HOLDER HANGING,2011-11-14,seasonal_naive,72.0,32.0,40.0,-40.0,466.5999999999981,False
84755,COLOUR GLASS T-LIGHT HOLDER HANGING,2011-11-15,seasonal_naive,24.0,40.0,16.0,16.0,466.5999999999981,False
84755,COLOUR GLASS T-LIGHT HOLDER HANGING,2011-11-16,seasonal_naive,20.0,0.0,20.0,-20.0,466.5999999999981,False
84755,COLOUR GLASS T-LIGHT HOLDER HANGING,2011-11-17,seasonal_naive,16.0,52.0,36.0,36.0,466.5999999999981,False
84755,COLOUR GLASS T-LIGHT HOLDER HANGING,2011-11-18,seasonal_naive,16.0,8.0,8.0,-8.0,466.5999999999981,False
84755,COLOUR GLASS T-LIGHT HOLDER HANGING,2011-11-19,seasonal_naive,0.0,0.0,0.0,0.0,466.5999999999981,False
84755,COLOUR GLASS T-LIGHT HOLDER HANGING,2011-11-20,seasonal_naive,4.0,8.0,4.0,4.0,466.5999999999981,False
84755,COLOUR GLASS T-LIGHT HOLDER HANGING,2011-11-21,seasonal_naive,0.0,32.0,32.0,32.0,466.5999999999981,False
84755,COLOUR GLASS T-LIGHT HOLDER HANGING,2011-11-22,seasonal_naive,40.0,40.0,0.0,0.0,466.5999999999981,False
84755,COLOUR GLASS T-LIGHT HOLDER HANGING,2011-11-23,seasonal_naive,256.0,0.0,256.0,-256.0,466.5999999999981,False
84755,COLOUR GLASS T-LIGHT HOLDER HANGING,2011-11-24,seasonal_naive,48.0,52.0,4.0,4.0,466.5999999999981,False
84755,COLOUR GLASS T-LIGHT HOLDER HANGING,2011-11-25,seasonal_naive,4.0,8.0,4.0,4.0,466.5999999999981,False
84755,COLOUR GLASS T-LIGHT HOLDER HANGING,2011-11-26,seasonal_naive,0.0,0.0,0.0,0.0,466.5999999999981,False
84755,COLOUR GLASS T-LIGHT HOLDER HANGING,2011-11-27,seasonal_naive,0.0,8.0,8.0,8.0,466.5999999999981,False
84755,COLOUR GLASS T-LIGHT HOLDER HANGING,2011-11-28,seasonal_naive,16.0,32.0,16.0,16.0,466.5999999999981,False
84755,COLOUR GLASS T-LIGHT HOLDER HANGING,2011-11-29,seasonal_naive,0.0,40.0,40.0,40.0,466.5999999999981,False
84755,COLOUR GLASS T-LIGHT HOLDER HANGING,2011-11-30,seasonal_naive,4.0,0.0,4.0,-4.0,466.5999999999981,False
84755,COLOUR GLASS T-LIGHT HOLDER HANGING,2011-12-01,seasonal_naive,20.0,52.0,32.0,32.0,466.5999999999981,False
84755,COLOUR GLASS T-LIGHT HOLDER HANGING,2011-12-02,seasonal_naive,0.0,8.0,8.0,8.0,466.5999999999981,False
84755,COLOUR GLASS T-LIGHT HOLDER HANGING,2011-12-03,seasonal_naive,0.0,0.0,0.0,0.0,466.5999999999981,False
84755,COLOUR GLASS T-LIGHT HOLDER HANGING,2011-12-04,seasonal_naive,0.0,8.0,8.0,8.0,466.5999999999981,False
84755,COLOUR GLASS T-LIGHT HOLDER HANGING,2011-12-05,seasonal_naive,72.0,32.0,40.0,-40.0,466.5999999999981,False
84755,COLOUR GLASS T-LIGHT HOLDER HANGING,2011-12-06,seasonal_naive,16.0,40.0,24.0,24.0,466.5999999999981,False
84755,COLOUR GLASS T-LIGHT HOLDER HANGING,2011-12-07,seasonal_naive,16.0,0.0,16.0,-16.0,466.5999999999981,False
84755,COLOUR GLASS T-LIGHT HOLDER HANGING,2011-12-08,seasonal_naive,36.0,52.0,16.0,16.0,466.5999999999981,False
84755,COLOUR GLASS T-LIGHT HOLDER HANGING,2011-11-11,hw_weekly,168.0,3.681629200140893,164.3183707998591,-164.3183707998591,466.5999999999981,False
84755,COLOUR GLASS T-LIGHT HOLDER HANGING,2011-11-12,hw_weekly,0.0,0.0,0.0,0.0,466.5999999999981,False
84755,COLOUR GLASS T-LIGHT HOLDER HANGING,2011-11-13,hw_weekly,32.0,8.51995706315087,23.48004293684913,-23.48004293684913,466.5999999999981,False
84755,COLOUR GLASS T-LIGHT HOLDER HANGING,2011-11-14,hw_weekly,72.0,23.97524542692187,48.02475457307813,-48.02475457307813,466.5999999999981,False
84755,COLOUR GLASS T-LIGHT HOLDER HANGING,2011-11-15,hw_weekly,24.0,44.79627203459557,20.796272034595567,20.796272034595567,466.5999999999981,False
84755,COLOUR GLASS T-LIGHT HOLDER HANGING,2011-11-16,hw_weekly,20.0,37.48258377740548,17.48258377740548,17.48258377740548,466.5999999999981,False
84755,COLOUR GLASS T-LIGHT HOLDER HANGING,2011-11-17,hw_weekly,16.0,63.08302121806804,47.08302121806804,47.08302121806804,466.5999999999981,False
84755,COLOUR GLASS T-LIGHT HOLDER HANGING,2011-11-18,hw_weekly,16.0,3.681629200140893,12.318370799859107,-12.318370799859107,466.5999999999981,False
84755,COLOUR GLASS T-LIGHT HOLDER HANGING,2011-11-19,hw_weekly,0.0,0.0,0.0,0.0,466.5999999999981,False
84755,COLOUR GLASS T-LIGHT HOLDER HANGING,2011-11-20,hw_weekly,4.0,8.51995706315087,4.519957063150869,4.519957063150869,466.5999999999981,False
84755,COLOUR GLASS T-LIGHT HOLDER HANGING,2011-11-21,hw_weekly,0.0,23.97524542692187,23.97524542692187,23.97524542692187,466.5999999999981,False
84755,COLOUR GLASS T-LIGHT HOLDER HANGING,2011-11-22,hw_weekly,40.0,44.79627203459557,4.796272034595567,4.796272034595567,466.5999999999981,False
84755,COLOUR GLASS T-LIGHT HOLDER HANGING,2011-11-23,hw_weekly,256.0,37.48258377740548,218.51741622259453,-218.51741622259453,466.5999999999981,False
84755,COLOUR GLASS T-LIGHT HOLDER HANGING,2011-11-24,hw_weekly,48.0,63.08302121806804,15.08302121806804,15.08302121806804,466.5999999999981,False
84755,COLOUR GLASS T-LIGHT HOLDER HANGING,2011-11-25,hw_weekly,4.0,3.681629200140893,0.3183707998591072,-0.3183707998591072,466.5999999999981,False
84755,COLOUR GLASS T-LIGHT HOLDER HANGING,2011-11-26,hw_weekly,0.0,0.0,0.0,0.0,466.5999999999981,False
84755,COLOUR GLASS T-LIGHT HOLDER HANGING,2011-11-27,hw_weekly,0.0,8.51995706315087,8.51995706315087,8.51995706315087,466.5999999999981,False
84755,COLOUR GLASS T-LIGHT HOLDER HANGING,2011-11-28,hw_weekly,16.0,23.97524542692187,7.9752454269218696,7.9752454269218696,466.5999999999981,False
84755,COLOUR GLASS T-LIGHT HOLDER HANGING,2011-11-29,hw_weekly,0.0,44.79627203459557,44.79627203459557,44.79627203459557,466.5999999999981,False
84755,COLOUR GLASS T-LIGHT HOLDER HANGING,2011-11-30,hw_weekly,4.0,37.48258377740548,33.48258377740548,33.48258377740548,466.5999999999981,False
84755,COLOUR GLASS T-LIGHT HOLDER HANGING,2011-12-01,hw_weekly,20.0,63.08302121806804,43.08302121806804,43.08302121806804,466.5999999999981,False
84755,COLOUR GLASS T-LIGHT HOLDER HANGING,2011-12-02,hw_weekly,0.0,3.681629200140893,3.681629200140893,3.681629200140893,466.5999999999981,False
84755,COLOUR GLASS T-LIGHT HOLDER HANGING,2011-12-03,hw_weekly,0.0,0.0,0.0,0.0,466.5999999999981,False
84755,COLOUR GLASS T-LIGHT HOLDER HANGING,2011-12-04,hw_weekly,0.0,8.51995706315087,8.51995706315087,8.51995706315087,466.5999999999981,False
84755,COLOUR GLASS T-LIGHT HOLDER HANGING,2011-12-05,hw_weekly,72.0,23.97524542692187,48.02475457307813,-48.02475457307813,466.5999999999981,False
84755,COLOUR GLASS T-LIGHT HOLDER HANGING,2011-12-06,hw_weekly,16.0,44.79627203459557,28.796272034595567,28.796272034595567,466.5999999999981,False
84755,COLOUR GLASS T-LIGHT HOLDER HANGING,2011-12-07,hw_weekly,16.0,37.48258377740548,21.48258377740548,21.48258377740548,466.5999999999981,False
84755,COLOUR GLASS T-LIGHT HOLDER HANGING,2011-12-08,hw_weekly,36.0,63.08302121806804,27.08302121806804,27.08302121806804,466.5999999999981,False
84879,ASSORTED COLOUR BIRD ORNAMENT,2011-11-11,seasonal_naive,100.0,80.0,20.0,-20.0,914.209999999999,False
84879,ASSORTED COLOUR BIRD ORNAMENT,2011-11-12,seasonal_naive,0.0,0.0,0.0,0.0,914.209999999999,False
84879,ASSORTED COLOUR BIRD ORNAMENT,2011-11-13,seasonal_naive,56.0,136.0,80.0,80.0,914.209999999999,False
84879,ASSORTED COLOUR BIRD ORNAMENT,2011-11-14,seasonal_naive,303.0,24.0,279.0,-279.0,914.209999999999,False
84879,ASSORTED COLOUR BIRD ORNAMENT,2011-11-15,seasonal_naive,107.0,56.0,51.0,-51.0,914.209999999999,False
84879,ASSORTED COLOUR BIRD ORNAMENT,2011-11-16,seasonal_naive,297.0,1312.0,1015.0,1015.0,914.209999999999,False
84879,ASSORTED COLOUR BIRD ORNAMENT,2011-11-17,seasonal_naive,94.0,200.0,106.0,106.0,914.209999999999,False
84879,ASSORTED COLOUR BIRD ORNAMENT,2011-11-18,seasonal_naive,368.0,80.0,288.0,-288.0,914.209999999999,False
84879,ASSORTED COLOUR BIRD ORNAMENT,2011-11-19,seasonal_naive,0.0,0.0,0.0,0.0,914.209999999999,False
84879,ASSORTED COLOUR BIRD ORNAMENT,2011-11-20,seasonal_naive,157.0,136.0,21.0,-21.0,914.209999999999,False
84879,ASSORTED COLOUR BIRD ORNAMENT,2011-11-21,seasonal_naive,190.0,24.0,166.0,-166.0,914.209999999999,False
84879,ASSORTED COLOUR BIRD ORNAMENT,2011-11-22,seasonal_naive,132.0,56.0,76.0,-76.0,914.209999999999,False
84879,ASSORTED COLOUR BIRD ORNAMENT,2011-11-23,seasonal_naive,80.0,1312.0,1232.0,1232.0,914.209999999999,False
84879,ASSORTED COLOUR BIRD ORNAMENT,2011-11-24,seasonal_naive,355.0,200.0,155.0,-155.0,914.209999999999,False
84879,ASSORTED COLOUR BIRD ORNAMENT,2011-11-25,seasonal_naive,272.0,80.0,192.0,-192.0,914.209999999999,False
84879,ASSORTED COLOUR BIRD ORNAMENT,2011-11-26,seasonal_naive,0.0,0.0,0.0,0.0,914.209999999999,False
84879,ASSORTED COLOUR BIRD ORNAMENT,2011-11-27,seasonal_naive,8.0,136.0,128.0,128.0,914.209999999999,False
84879,ASSORTED COLOUR BIRD ORNAMENT,2011-11-28,seasonal_naive,56.0,24.0,32.0,-32.0,914.209999999999,False
84879,ASSORTED COLOUR BIRD ORNAMENT,2011-11-29,seasonal_naive,127.0,56.0,71.0,-71.0,914.209999999999,False
84879,ASSORTED COLOUR BIRD ORNAMENT,2011-11-30,seasonal_naive,112.0,1312.0,1200.0,1200.0,914.209999999999,False
84879,ASSORTED COLOUR BIRD ORNAMENT,2011-12-01,seasonal_naive,88.0,200.0,112.0,112.0,914.209999999999,False
84879,ASSORTED COLOUR BIRD ORNAMENT,2011-12-02,seasonal_naive,504.0,80.0,424.0,-424.0,914.209999999999,False
84879,ASSORTED COLOUR BIRD ORNAMENT,2011-12-03,seasonal_naive,0.0,0.0,0.0,0.0,914.209999999999,False
84879,ASSORTED COLOUR BIRD ORNAMENT,2011-12-04,seasonal_naive,66.0,136.0,70.0,70.0,914.209999999999,False
84879,ASSORTED COLOUR BIRD ORNAMENT,2011-12-05,seasonal_naive,133.0,24.0,109.0,-109.0,914.209999999999,False
84879,ASSORTED COLOUR BIRD ORNAMENT,2011-12-06,seasonal_naive,240.0,56.0,184.0,-184.0,914.209999999999,False
84879,ASSORTED COLOUR BIRD ORNAMENT,2011-12-07,seasonal_naive,256.0,1312.0,1056.0,1056.0,914.209999999999,False
84879,ASSORTED COLOUR BIRD ORNAMENT,2011-12-08,seasonal_naive,11.0,200.0,189.0,189.0,914.209999999999,False
84879,ASSORTED COLOUR BIRD ORNAMENT,2011-11-11,hw_weekly,100.0,164.27260835836398,64.27260835836398,64.27260835836398,914.209999999999,False
84879,ASSORTED COLOUR BIRD ORNAMENT,2011-11-12,hw_weekly,0.0,66.48208613956191,66.48208613956191,66.48208613956191,914.209999999999,False
84879,ASSORTED COLOUR BIRD ORNAMENT,2011-11-13,hw_weekly,56.0,135.69307799223927,79.69307799223927,79.69307799223927,914.209999999999,False
84879,ASSORTED COLOUR BIRD ORNAMENT,2011-11-14,hw_weekly,303.0,165.5704899285678,137.4295100714322,-137.4295100714322,914.209999999999,False
84879,ASSORTED COLOUR BIRD ORNAMENT,2011-11-15,hw_weekly,107.0,213.07307399155127,106.07307399155127,106.07307399155127,914.209999999999,False
84879,ASSORTED COLOUR BIRD ORNAMENT,2011-11-16,hw_weekly,297.0,193.888385096059,103.11161490394099,-103.11161490394099,914.209999999999,False
84879,ASSORTED COLOUR BIRD ORNAMENT,2011-11-17,hw_weekly,94.0,277.1703379429288,183.17033794292882,183.17033794292882,914.209999999999,False
84879,ASSORTED COLOUR BIRD ORNAMENT,2011-11-18,hw_weekly,368.0,164.27260835836398,203.72739164163602,-203.72739164163602,914.209999999999,False
84879,ASSORTED COLOUR BIRD ORNAMENT,2011-11-19,hw_weekly,0.0,66.48208613956191,66.48208613956191,66.48208613956191,914.209999999999,False
84879,ASSORTED COLOUR BIRD ORNAMENT,2011-11-20,hw_weekly,157.0,135.69307799223927,21.306922007760733,-21.306922007760733,914.209999999999,False
84879,ASSORTED COLOUR BIRD ORNAMENT,2011-11-21,hw_weekly,190.0,165.5704899285678,24.42951007143219,-24.42951007143219,914.209999999999,False
84879,ASSORTED COLOUR BIRD ORNAMENT,2011-11-22,hw_weekly,132.0,213.07307399155127,81.07307399155127,81.07307399155127,914.209999999999,False
84879,ASSORTED COLOUR BIRD ORNAMENT,2011-11-23,hw_weekly,80.0,193.888385096059,113.88838509605901,113.88838509605901,914.209999999999,False
84879,ASSORTED COLOUR BIRD ORNAMENT,2011-11-24,hw_weekly,355.0,277.1703379429288,77.82966205707118,-77.82966205707118,914.209999999999,False
84879,ASSORTED COLOUR BIRD ORNAMENT,2011-11-25,hw_weekly,272.0,164.27260835836398,107.72739164163602,-107.72739164163602,914.209999999999,False
84879,ASSORTED COLOUR BIRD ORNAMENT,2011-11-26,hw_weekly,0.0,66.48208613956191,66.48208613956191,66.48208613956191,914.209999999999,False
84879,ASSORTED COLOUR BIRD ORNAMENT,2011-11-27,hw_weekly,8.0,135.69307799223927,127.69307799223927,127.69307799223927,914.209999999999,False
84879,ASSORTED COLOUR BIRD ORNAMENT,2011-11-28,hw_weekly,56.0,165.5704899285678,109.57048992856781,109.57048992856781,914.209999999999,False
84879,ASSORTED COLOUR BIRD ORNAMENT,2011-11-29,hw_weekly,127.0,213.07307399155127,86.07307399155127,86.07307399155127,914.209999999999,False
84879,ASSORTED COLOUR BIRD ORNAMENT,2011-11-30,hw_weekly,112.0,193.888385096059,81.88838509605901,81.88838509605901,914.209999999999,False
84879,ASSORTED COLOUR BIRD ORNAMENT,2011-12-01,hw_weekly,88.0,277.1703379429288,189.17033794292882,189.17033794292882,914.209999999999,False
84879,ASSORTED COLOUR BIRD ORNAMENT,2011-12-02,hw_weekly,504.0,164.27260835836398,339.727391641636,-339.727391641636,914.209999999999,False
84879,ASSORTED COLOUR BIRD ORNAMENT,2011-12-03,hw_weekly,0.0,66.48208613956191,66.48208613956191,66.48208613956191,914.209999999999,False
84879,ASSORTED COLOUR BIRD ORNAMENT,2011-12-04,hw_weekly,66.0,135.69307799223927,69.69307799223927,69.69307799223927,914.209999999999,False
84879,ASSORTED COLOUR BIRD ORNAMENT,2011-12-05,hw_weekly,133.0,165.5704899285678,32.57048992856781,32.57048992856781,914.209999999999,False
84879,ASSORTED COLOUR BIRD ORNAMENT,2011-12-06,hw_weekly,240.0,213.07307399155127,26.92692600844873,-26.92692600844873,914.209999999999,False
84879,ASSORTED COLOUR BIRD ORNAMENT,2011-12-07,hw_weekly,256.0,193.888385096059,62.11161490394099,-62.11161490394099,914.209999999999,False
84879,ASSORTED COLOUR BIRD ORNAMENT,2011-12-08,hw_weekly,11.0,277.1703379429288,266.1703379429288,266.1703379429288,914.209999999999,False
84991,60 TEATIME FAIRY CAKE CASES,2011-11-11,seasonal_naive,10.0,27.0,17.0,17.0,550.3799999999994,False
84991,60 TEATIME FAIRY CAKE CASES,2011-11-12,seasonal_naive,0.0,0.0,0.0,0.0,550.3799999999994,False
84991,60 TEATIME FAIRY CAKE CASES,2011-11-13,seasonal_naive,36.0,62.0,26.0,26.0,550.3799999999994,False
84991,60 TEATIME FAIRY CAKE CASES,2011-11-14,seasonal_naive,31.0,25.0,6.0,-6.0,550.3799999999994,False
84991,60 TEATIME FAIRY CAKE CASES,2011-11-15,seasonal_naive,225.0,2.0,223.0,-223.0,550.3799999999994,False
84991,60 TEATIME FAIRY CAKE CASES,2011-11-16,seasonal_naive,247.0,73.0,174.0,-174.0,550.3799999999994,False
84991,60 TEATIME FAIRY CAKE CASES,2011-11-17,seasonal_naive,10.0,51.0,41.0,41.0,550.3799999999994,False
84991,60 TEATIME FAIRY CAKE CASES,2011-11-18,seasonal_naive,26.0,27.0,1.0,1.0,550.3799999999994,False
84991,60 TEATIME FAIRY CAKE CASES,2011-11-19,seasonal_naive,0.0,0.0,0.0,0.0,550.3799999999994,False
84991,60 TEATIME FAIRY CAKE CASES,2011-11-20,seasonal_naive,8.0,62.0,54.0,54.0,550.3799999999994,False
84991,60 TEATIME FAIRY CAKE CASES,2011-11-21,seasonal_naive,183.0,25.0,158.0,-158.0,550.3799999999994,False
84991,60 TEATIME FAIRY CAKE CASES,2011-11-22,seasonal_naive,50.0,2.0,48.0,-48.0,550.3799999999994,False
84991,60 TEATIME FAIRY CAKE CASES,2011-11-23,seasonal_naive,103.0,73.0,30.0,-30.0,550.3799999999994,False
84991,60 TEATIME FAIRY CAKE CASES,2011-11-24,seasonal_naive,14.0,51.0,37.0,37.0,550.3799999999994,False
84991,60 TEATIME FAIRY CAKE CASES,2011-11-25,seasonal_naive,0.0,27.0,27.0,27.0,550.3799999999994,False
84991,60 TEATIME FAIRY CAKE CASES,2011-11-26,seasonal_naive,0.0,0.0,0.0,0.0,550.3799999999994,False
84991,60 TEATIME FAIRY CAKE CASES,2011-11-27,seasonal_naive,10.0,62.0,52.0,52.0,550.3799999999994,False
84991,60 TEATIME FAIRY CAKE CASES,2011-11-28,seasonal_naive,1.0,25.0,24.0,24.0,550.3799999999994,False
84991,60 TEATIME FAIRY CAKE CASES,2011-11-29,seasonal_naive,37.0,2.0,35.0,-35.0,550.3799999999994,False
84991,60 TEATIME FAIRY CAKE CASES,2011-11-30,seasonal_naive,50.0,73.0,23.0,23.0,550.3799999999994,False
84991,60 TEATIME FAIRY CAKE CASES,2011-12-01,seasonal_naive,0.0,51.0,51.0,51.0,550.3799999999994,False
84991,60 TEATIME FAIRY CAKE CASES,2011-12-02,seasonal_naive,27.0,27.0,0.0,0.0,550.3799999999994,False
84991,60 TEATIME FAIRY CAKE CASES,2011-12-03,seasonal_naive,0.0,0.0,0.0,0.0,550.3799999999994,False
84991,60 TEATIME FAIRY CAKE CASES,2011-12-04,seasonal_naive,21.0,62.0,41.0,41.0,550.3799999999994,False
84991,60 TEATIME FAIRY CAKE CASES,2011-12-05,seasonal_naive,34.0,25.0,9.0,-9.0,550.3799999999994,False
84991,60 TEATIME FAIRY CAKE CASES,2011-12-06,seasonal_naive,3.0,2.0,1.0,-1.0,550.3799999999994,False
84991,60 TEATIME FAIRY CAKE CASES,2011-12-07,seasonal_naive,31.0,73.0,42.0,42.0,550.3799999999994,False
84991,60 TEATIME FAIRY CAKE CASES,2011-12-08,seasonal_naive,20.0,51.0,31.0,31.0,550.3799999999994,False
84991,60 TEATIME FAIRY CAKE CASES,2011-11-11,hw_weekly,10.0,46.05238088171378,36.05238088171378,36.05238088171378,550.3799999999994,False
84991,60 TEATIME FAIRY CAKE CASES,2011-11-12,hw_weekly,0.0,0.0,0.0,0.0,550.3799999999994,False
84991,60 TEATIME FAIRY CAKE CASES,2011-11-13,hw_weekly,36.0,36.82391841062692,0.8239184106269235,0.8239184106269235,550.3799999999994,False
84991,60 TEATIME FAIRY CAKE CASES,2011-11-14,hw_weekly,31.0,49.6976522436702,18.6976522436702,18.6976522436702,550.3799999999994,False
84991,60 TEATIME FAIRY CAKE CASES,2011-11-15,hw_weekly,225.0,86.31718490118016,138.68281509881984,-138.68281509881984,550.3799999999994,False
84991,60 TEATIME FAIRY CAKE CASES,2011-11-16,hw_weekly,247.0,95.99215811222064,151.00784188777936,-151.00784188777936,550.3799999999994,False
84991,60 TEATIME FAIRY CAKE CASES,2011-11-17,hw_weekly,10.0,70.43176252115217,60.431762521152166,60.431762521152166,550.3799999999994,False
84991,60 TEATIME FAIRY CAKE CASES,2011-11-18,hw_weekly,26.0,46.05238088171378,20.05238088171378,20.05238088171378,550.3799999999994,False
84991,60 TEATIME FAIRY CAKE CASES,2011-11-19,hw_weekly,0.0,0.0,0.0,0.0,550.3799999999994,False
84991,60 TEATIME FAIRY CAKE CASES,2011-11-20,hw_weekly,8.0,36.82391841062692,28.823918410626924,28.823918410626924,550.3799999999994,False
84991,60 TEATIME FAIRY CAKE CASES,2011-11-21,hw_weekly,183.0,49.6976522436702,133.3023477563298,-133.3023477563298,550.3799999999994,False
84991,60 TEATIME FAIRY CAKE CASES,2011-11-22,hw_weekly,50.0,86.31718490118016,36.317184901180156,36.317184901180156,550.3799999999994,False
84991,60 TEATIME FAIRY CAKE CASES,2011-11-23,hw_weekly,103.0,95.99215811222064,7.007841887779364,-7.007841887779364,550.3799999999994,False
84991,60 TEATIME FAIRY CAKE CASES,2011-11-24,hw_weekly,14.0,70.43176252115217,56.431762521152166,56.431762521152166,550.3799999999994,False
84991,60 TEATIME FAIRY CAKE CASES,2011-11-25,hw_weekly,0.0,46.05238088171378,46.05238088171378,46.05238088171378,550.3799999999994,False
84991,60 TEATIME FAIRY CAKE CASES,2011-11-26,hw_weekly,0.0,0.0,0.0,0.0,550.3799999999994,False
84991,60 TEATIME FAIRY CAKE CASES,2011-11-27,hw_weekly,10.0,36.82391841062692,26.823918410626924,26.823918410626924,550.3799999999994,False
84991,60 TEATIME FAIRY CAKE CASES,2011-11-28,hw_weekly,1.0,49.6976522436702,48.6976522436702,48.6976522436702,550.3799999999994,False
84991,60 TEATIME FAIRY CAKE CASES,2011-11-29,hw_weekly,37.0,86.31718490118016,49.317184901180156,49.317184901180156,550.3799999999994,False
84991,60 TEATIME FAIRY CAKE CASES,2011-11-30,hw_weekly,50.0,95.99215811222064,45.992158112220636,45.992158112220636,550.3799999999994,False
84991,60 TEATIME FAIRY CAKE CASES,2011-12-01,hw_weekly,0.0,70.43176252115217,70.43176252115217,70.43176252115217,550.3799999999994,False
84991,60 TEATIME FAIRY CAKE CASES,2011-12-02,hw_weekly,27.0,46.05238088171378,19.05238088171378,19.05238088171378,550.3799999999994,False
84991,60 TEATIME FAIRY CAKE CASES,2011-12-03,hw_weekly,0.0,0.0,0.0,0.0,550.3799999999994,False
84991,60 TEATIME FAIRY CAKE CASES,2011-12-04,hw_weekly,21.0,36.82391841062692,15.823918410626924,15.823918410626924,550.3799999999994,False
84991,60 TEATIME FAIRY CAKE CASES,2011-12-05,hw_weekly,34.0,49.6976522436702,15.697652243670198,15.697652243670198,550.3799999999994,False
84991,60 TEATIME FAIRY CAKE CASES,2011-12-06,hw_weekly,3.0,86.31718490118016,83.31718490118016,83.31718490118016,550.3799999999994,False
84991,60 TEATIME FAIRY CAKE CASES,2011-12-07,hw_weekly,31.0,95.99215811222064,64.99215811222064,64.99215811222064,550.3799999999994,False
84991,60 TEATIME FAIRY CAKE CASES,2011-12-08,hw_weekly,20.0,70.43176252115217,50.431762521152166,50.431762521152166,550.3799999999994,False
84992,72 SWEETHEART FAIRY CAKE CASES,2011-11-11,seasonal_naive,10.0,3.0,7.0,-7.0,483.90999999999997,False
84992,72 SWEETHEART FAIRY CAKE CASES,2011-11-12,seasonal_naive,0.0,0.0,0.0,0.0,483.90999999999997,False
84992,72 SWEETHEART FAIRY CAKE CASES,2011-11-13,seasonal_naive,37.0,26.0,11.0,-11.0,483.90999999999997,False
84992,72 SWEETHEART FAIRY CAKE CASES,2011-11-14,seasonal_naive,57.0,24.0,33.0,-33.0,483.90999999999997,False
84992,72 SWEETHEART FAIRY CAKE CASES,2011-11-15,seasonal_naive,148.0,10.0,138.0,-138.0,483.90999999999997,False
84992,72 SWEETHEART FAIRY CAKE CASES,2011-11-16,seasonal_naive,249.0,24.0,225.0,-225.0,483.90999999999997,False
84992,72 SWEETHEART FAIRY CAKE CASES,2011-11-17,seasonal_naive,5.0,30.0,25.0,25.0,483.90999999999997,False
84992,72 SWEETHEART FAIRY CAKE CASES,2011-11-18,seasonal_naive,4.0,3.0,1.0,-1.0,483.90999999999997,False
84992,72 SWEETHEART FAIRY CAKE CASES,2011-11-19,seasonal_naive,0.0,0.0,0.0,0.0,483.90999999999997,False
84992,72 SWEETHEART FAIRY CAKE CASES,2011-11-20,seasonal_naive,9.0,26.0,17.0,17.0,483.90999999999997,False
84992,72 SWEETHEART FAIRY CAKE CASES,2011-11-21,seasonal_naive,3.0,24.0,21.0,21.0,483.90999999999997,False
84992,72 SWEETHEART FAIRY CAKE CASES,2011-11-22,seasonal_naive,34.0,10.0,24.0,-24.0,483.90999999999997,False
84992,72 SWEETHEART FAIRY CAKE CASES,2011-11-23,seasonal_naive,33.0,24.0,9.0,-9.0,483.90999999999997,False
84992,72 SWEETHEART FAIRY CAKE CASES,2011-11-24,seasonal_naive,27.0,30.0,3.0,3.0,483.90999999999997,False
84992,72 SWEETHEART FAIRY CAKE CASES,2011-11-25,seasonal_naive,0.0,3.0,3.0,3.0,483.90999999999997,False
84992,72 SWEETHEART FAIRY CAKE CASES,2011-11-26,seasonal_naive,0.0,0.0,0.0,0.0,483.90999999999997,False
84992,72 SWEETHEART FAIRY CAKE CASES,2011-11-27,seasonal_naive,9.0,26.0,17.0,17.0,483.90999999999997,False
84992,72 SWEETHEART FAIRY CAKE CASES,2011-11-28,seasonal_naive,27.0,24.0,3.0,-3.0,483.90999999999997,False
84992,72 SWEETHEART FAIRY CAKE CASES,2011-11-29,seasonal_naive,27.0,10.0,17.0,-17.0,483.90999999999997,False
84992,72 SWEETHEART FAIRY CAKE CASES,2011-11-30,seasonal_naive,121.0,24.0,97.0,-97.0,483.90999999999997,False
84992,72 SWEETHEART FAIRY CAKE CASES,2011-12-01,seasonal_naive,1.0,30.0,29.0,29.0,483.90999999999997,False
84992,72 SWEETHEART FAIRY CAKE CASES,2011-12-02,seasonal_naive,29.0,3.0,26.0,-26.0,483.90999999999997,False
84992,72 SWEETHEART FAIRY CAKE CASES,2011-12-03,seasonal_naive,0.0,0.0,0.0,0.0,483.90999999999997,False
84992,72 SWEETHEART FAIRY CAKE CASES,2011-12-04,seasonal_naive,4.0,26.0,22.0,22.0,483.90999999999997,False
84992,72 SWEETHEART FAIRY CAKE CASES,2011-12-05,seasonal_naive,58.0,24.0,34.0,-34.0,483.90999999999997,False
84992,72 SWEETHEART FAIRY CAKE CASES,2011-12-06,seasonal_naive,4.0,10.0,6.0,6.0,483.90999999999997,False
84992,72 SWEETHEART FAIRY CAKE CASES,2011-12-07,seasonal_naive,78.0,24.0,54.0,-54.0,483.90999999999997,False
84992,72 SWEETHEART FAIRY CAKE CASES,2011-12-08,seasonal_naive,35.0,30.0,5.0,-5.0,483.90999999999997,False
84992,72 SWEETHEART FAIRY CAKE CASES,2011-11-11,hw_weekly,10.0,50.72165396104957,40.72165396104957,40.72165396104957,483.90999999999997,False
84992,72 SWEETHEART FAIRY CAKE CASES,2011-11-12,hw_weekly,0.0,0.0,0.0,0.0,483.90999999999997,False
84992,72 SWEETHEART FAIRY CAKE CASES,2011-11-13,hw_weekly,37.0,18.69161108721604,18.30838891278396,-18.30838891278396,483.90999999999997,False
84992,72 SWEETHEART FAIRY CAKE CASES,2011-11-14,hw_weekly,57.0,36.9070366072113,20.092963392788697,-20.092963392788697,483.90999999999997,False
84992,72 SWEETHEART FAIRY CAKE CASES,2011-11-15,hw_weekly,148.0,64.71567368442584,83.28432631557416,-83.28432631557416,483.90999999999997,False
84992,72 SWEETHEART FAIRY CAKE CASES,2011-11-16,hw_weekly,249.0,52.99705522248453,196.00294477751547,-196.00294477751547,483.90999999999997,False
84992,72 SWEETHEART FAIRY CAKE CASES,2011-11-17,hw_weekly,5.0,45.60187572288218,40.60187572288218,40.60187572288218,483.90999999999997,False
84992,72 SWEETHEART FAIRY CAKE CASES,2011-11-18,hw_weekly,4.0,50.72165396104957,46.72165396104957,46.72165396104957,483.90999999999997,False
84992,72 SWEETHEART FAIRY CAKE CASES,2011-11-19,hw_weekly,0.0,0.0,0.0,0.0,483.90999999999997,False
84992,72 SWEETHEART FAIRY CAKE CASES,2011-11-20,hw_weekly,9.0,18.69161108721604,9.691611087216039,9.691611087216039,483.90999999999997,False
84992,72 SWEETHEART FAIRY CAKE CASES,2011-11-21,hw_weekly,3.0,36.9070366072113,33.9070366072113,33.9070366072113,483.90999999999997,False
84992,72 SWEETHEART FAIRY CAKE CASES,2011-11-22,hw_weekly,34.0,64.71567368442584,30.715673684425838,30.715673684425838,483.90999999999997,False
84992,72 SWEETHEART FAIRY CAKE CASES,2011-11-23,hw_weekly,33.0,52.99705522248453,19.997055222484533,19.997055222484533,483.90999999999997,False
84992,72 SWEETHEART FAIRY CAKE CASES,2011-11-24,hw_weekly,27.0,45.60187572288218,18.601875722882177,18.601875722882177,483.90999999999997,False
84992,72 SWEETHEART FAIRY CAKE CASES,2011-11-25,hw_weekly,0.0,50.72165396104957,50.72165396104957,50.72165396104957,483.90999999999997,False
84992,72 SWEETHEART FAIRY CAKE CASES,2011-11-26,hw_weekly,0.0,0.0,0.0,0.0,483.90999999999997,False
84992,72 SWEETHEART FAIRY CAKE CASES,2011-11-27,hw_weekly,9.0,18.69161108721604,9.691611087216039,9.691611087216039,483.90999999999997,False
84992,72 SWEETHEART FAIRY CAKE CASES,2011-11-28,hw_weekly,27.0,36.9070366072113,9.907036607211303,9.907036607211303,483.90999999999997,False
84992,72 SWEETHEART FAIRY CAKE CASES,2011-11-29,hw_weekly,27.0,64.71567368442584,37.71567368442584,37.71567368442584,483.90999999999997,False
84992,72 SWEETHEART FAIRY CAKE CASES,2011-11-30,hw_weekly,121.0,52.99705522248453,68.00294477751547,-68.00294477751547,483.90999999999997,False
84992,72 SWEETHEART FAIRY CAKE CASES,2011-12-01,hw_weekly,1.0,45.60187572288218,44.60187572288218,44.60187572288218,483.90999999999997,False
84992,72 SWEETHEART FAIRY CAKE CASES,2011-12-02,hw_weekly,29.0,50.72165396104957,21.72165396104957,21.72165396104957,483.90999999999997,False
84992,72 SWEETHEART FAIRY CAKE CASES,2011-12-03,hw_weekly,0.0,0.0,0.0,0.0,483.90999999999997,False
84992,72 SWEETHEART FAIRY CAKE CASES,2011-12-04,hw_weekly,4.0,18.69161108721604,14.691611087216039,14.691611087216039,483.90999999999997,False
84992,72 SWEETHEART FAIRY CAKE CASES,2011-12-05,hw_weekly,58.0,36.9070366072113,21.092963392788697,-21.092963392788697,483.90999999999997,False
84992,72 SWEETHEART FAIRY CAKE CASES,2011-12-06,hw_weekly,4.0,64.71567368442584,60.71567368442584,60.71567368442584,483.90999999999997,False
84992,72 SWEETHEART FAIRY CAKE CASES,2011-12-07,hw_weekly,78.0,52.99705522248453,25.002944777515467,-25.002944777515467,483.90999999999997,False
84992,72 SWEETHEART FAIRY CAKE CASES,2011-12-08,hw_weekly,35.0,45.60187572288218,10.601875722882177,10.601875722882177,483.90999999999997,False
85099B,JUMBO BAG RED RETROSPOT,2011-11-11,seasonal_naive,48.0,58.0,10.0,10.0,791.4899999999988,False
85099B,JUMBO BAG RED RETROSPOT,2011-11-12,seasonal_naive,0.0,0.0,0.0,0.0,791.4899999999988,False
85099B,JUMBO BAG RED RETROSPOT,2011-11-13,seasonal_naive,48.0,120.0,72.0,72.0,791.4899999999988,False
85099B,JUMBO BAG RED RETROSPOT,2011-11-14,seasonal_naive,660.0,146.0,514.0,-514.0,791.4899999999988,False
85099B,JUMBO BAG RED RETROSPOT,2011-11-15,seasonal_naive,380.0,159.0,221.0,-221.0,791.4899999999988,False
85099B,JUMBO BAG RED RETROSPOT,2011-11-16,seasonal_naive,316.0,725.0,409.0,409.0,791.4899999999988,False
85099B,JUMBO BAG RED RETROSPOT,2011-11-17,seasonal_naive,97.0,1074.0,977.0,977.0,791.4899999999988,False
85099B,JUMBO BAG RED RETROSPOT,2011-11-18,seasonal_naive,62.0,58.0,4.0,-4.0,791.4899999999988,False
85099B,JUMBO BAG RED RETROSPOT,2011-11-19,seasonal_naive,0.0,0.0,0.0,0.0,791.4899999999988,False
85099B,JUMBO BAG RED RETROSPOT,2011-11-20,seasonal_naive,87.0,120.0,33.0,33.0,791.4899999999988,False
85099B,JUMBO BAG RED RETROSPOT,2011-11-21,seasonal_naive,147.0,146.0,1.0,-1.0,791.4899999999988,False
85099B,JUMBO BAG RED RETROSPOT,2011-11-22,seasonal_naive,132.0,159.0,27.0,27.0,791.4899999999988,False
85099B,JUMBO BAG RED RETROSPOT,2011-11-23,seasonal_naive,146.0,725.0,579.0,579.0,791.4899999999988,False
85099B,JUMBO BAG RED RETROSPOT,2011-11-24,seasonal_naive,245.0,1074.0,829.0,829.0,791.4899999999988,False
85099B,JUMBO BAG RED RETROSPOT,2011-11-25,seasonal_naive,55.0,58.0,3.0,3.0,791.4899999999988,False
85099B,JUMBO BAG RED RETROSPOT,2011-11-26,seasonal_naive,0.0,0.0,0.0,0.0,791.4899999999988,False
85099B,JUMBO BAG RED RETROSPOT,2011-11-27,seasonal_naive,28.0,120.0,92.0,92.0,791.4899999999988,False
85099B,JUMBO BAG RED RETROSPOT,2011-11-28,seasonal_naive,42.0,146.0,104.0,104.0,791.4899999999988,False
85099B,JUMBO BAG RED RETROSPOT,2011-11-29,seasonal_naive,165.0,159.0,6.0,-6.0,791.4899999999988,False
85099B,JUMBO BAG RED RETROSPOT,2011-11-30,seasonal_naive,189.0,725.0,536.0,536.0,791.4899999999988,False
85099B,JUMBO BAG RED RETROSPOT,2011-12-01,seasonal_naive,149.0,1074.0,925.0,925.0,791.4899999999988,False
85099B,JUMBO BAG RED RETROSPOT,2011-12-02,seasonal_naive,493.0,58.0,435.0,-435.0,791.4899999999988,False
85099B,JUMBO BAG RED RETROSPOT,2011-12-03,seasonal_naive,0.0,0.0,0.0,0.0,791.4899999999988,False
85099B,JUMBO BAG RED RETROSPOT,2011-12-04,seasonal_naive,12.0,120.0,108.0,108.0,791.4899999999988,False
85099B,JUMBO BAG RED RETROSPOT,2011-12-05,seasonal_naive,66.0,146.0,80.0,80.0,791.4899999999988,False
85099B,JUMBO BAG RED RETROSPOT,2011-12-06,seasonal_naive,175.0,159.0,16.0,-16.0,791.4899999999988,False
85099B,JUMBO BAG RED RETROSPOT,2011-12-07,seasonal_naive,89.0,725.0,636.0,636.0,791.4899999999988,False
85099B,JUMBO BAG RED RETROSPOT,2011-12-08,seasonal_naive,106.0,1074.0,968.0,968.0,791.4899999999988,False
85099B,JUMBO BAG RED RETROSPOT,2011-11-11,hw_weekly,48.0,201.1666574040088,153.1666574040088,153.1666574040088,791.4899999999988,False
85099B,JUMBO BAG RED RETROSPOT,2011-11-12,hw_weekly,0.0,58.74237729502991,58.74237729502991,58.74237729502991,791.4899999999988,False
85099B,JUMBO BAG RED RETROSPOT,2011-11-13,hw_weekly,48.0,114.29662132022789,66.29662132022789,66.29662132022789,791.4899999999988,False
85099B,JUMBO BAG RED RETROSPOT,2011-11-14,hw_weekly,660.0,208.88865407082105,451.1113459291789,-451.1113459291789,791.4899999999988,False
85099B,JUMBO BAG RED RETROSPOT,2011-11-15,hw_weekly,380.0,249.36166983196927,130.63833016803073,-130.63833016803073,791.4899999999988,False
85099B,JUMBO BAG RED RETROSPOT,2011-11-16,hw_weekly,316.0,228.24845625552456,87.75154374447544,-87.75154374447544,791.4899999999988,False
85099B,JUMBO BAG RED RETROSPOT,2011-11-17,hw_weekly,97.0,267.42985991476763,170.42985991476763,170.42985991476763,791.4899999999988,False
85099B,JUMBO BAG RED RETROSPOT,2011-11-18,hw_weekly,62.0,201.1666574040088,139.1666574040088,139.1666574040088,791.4899999999988,False
85099B,JUMBO BAG RED RETROSPOT,2011-11-19,hw_weekly,0.0,58.74237729502991,58.74237729502991,58.74237729502991,791.4899999999988,False
85099B,JUMBO BAG RED RETROSPOT,2011-11-20,hw_weekly,87.0,114.29662132022789,27.296621320227885,27.296621320227885,791.4899999999988,False
85099B,JUMBO BAG RED RETROSPOT,2011-11-21,hw_weekly,147.0,208.88865407082105,61.88865407082105,61.88865407082105,791.4899999999988,False
85099B,JUMBO BAG RED RETROSPOT,2011-11-22,hw_weekly,132.0,249.36166983196927,117.36166983196927,117.36166983196927,791.4899999999988,False
85099B,JUMBO BAG RED RETROSPOT,2011-11-23,hw_weekly,146.0,228.24845625552456,82.24845625552456,82.24845625552456,791.4899999999988,False
85099B,JUMBO BAG RED RETROSPOT,2011-11-24,hw_weekly,245.0,267.42985991476763,22.429859914767633,22.429859914767633,791.4899999999988,False
85099B,JUMBO BAG RED RETROSPOT,2011-11-25,hw_weekly,55.0,201.1666574040088,146.1666574040088,146.1666574040088,791.4899999999988,False
85099B,JUMBO BAG RED RETROSPOT,2011-11-26,hw_weekly,0.0,58.74237729502991,58.74237729502991,58.74237729502991,791.4899999999988,False
85099B,JUMBO BAG RED RETROSPOT,2011-11-27,hw_weekly,28.0,114.29662132022789,86.29662132022789,86.29662132022789,791.4899999999988,False
85099B,JUMBO BAG RED RETROSPOT,2011-11-28,hw_weekly,42.0,208.88865407082105,166.88865407082105,166.88865407082105,791.4899999999988,False
85099B,JUMBO BAG RED RETROSPOT,2011-11-29,hw_weekly,165.0,249.36166983196927,84.36166983196927,84.36166983196927,791.4899999999988,False
85099B,JUMBO BAG RED RETROSPOT,2011-11-30,hw_weekly,189.0,228.24845625552456,39.24845625552456,39.24845625552456,791.4899999999988,False
85099B,JUMBO BAG RED RETROSPOT,2011-12-01,hw_weekly,149.0,267.42985991476763,118.42985991476763,118.42985991476763,791.4899999999988,False
85099B,JUMBO BAG RED RETROSPOT,2011-12-02,hw_weekly,493.0,201.1666574040088,291.8333425959912,-291.8333425959912,791.4899999999988,False
85099B,JUMBO BAG RED RETROSPOT,2011-12-03,hw_weekly,0.0,58.74237729502991,58.74237729502991,58.74237729502991,791.4899999999988,False
85099B,JUMBO BAG RED RETROSPOT,2011-12-04,hw_weekly,12.0,114.29662132022789,102.29662132022789,102.29662132022789,791.4899999999988,False
85099B,JUMBO BAG RED RETROSPOT,2011-12-05,hw_weekly,66.0,208.88865407082105,142.88865407082105,142.88865407082105,791.4899999999988,False
85099B,JUMBO BAG RED RETROSPOT,2011-12-06,hw_weekly,175.0,249.36166983196927,74.36166983196927,74.36166983196927,791.4899999999988,False
85099B,JUMBO BAG RED RETROSPOT,2011-12-07,hw_weekly,89.0,228.24845625552456,139.24845625552456,139.24845625552456,791.4899999999988,False
85099B,JUMBO BAG RED RETROSPOT,2011-12-08,hw_weekly,106.0,267.42985991476763,161.42985991476763,161.42985991476763,791.4899999999988,False
85099F,JUMBO BAG STRAWBERRY,2011-11-11,seasonal_naive,12.0,0.0,12.0,-12.0,415.6399999999999,False
85099F,JUMBO BAG STRAWBERRY,2011-11-12,seasonal_naive,0.0,0.0,0.0,0.0,415.6399999999999,False
85099F,JUMBO BAG STRAWBERRY,2011-11-13,seasonal_naive,2.0,33.0,31.0,31.0,415.6399999999999,False
85099F,JUMBO BAG STRAWBERRY,2011-11-14,seasonal_naive,100.0,35.0,65.0,-65.0,415.6399999999999,False
85099F,JUMBO BAG STRAWBERRY,2011-11-15,seasonal_naive,1.0,13.0,12.0,12.0,415.6399999999999,False
85099F,JUMBO BAG STRAWBERRY,2011-11-16,seasonal_naive,39.0,246.0,207.0,207.0,415.6399999999999,False
85099F,JUMBO BAG STRAWBERRY,2011-11-17,seasonal_naive,32.0,3.0,29.0,-29.0,415.6399999999999,False
85099F,JUMBO BAG STRAWBERRY,2011-11-18,seasonal_naive,22.0,0.0,22.0,-22.0,415.6399999999999,False
85099F,JUMBO BAG STRAWBERRY,2011-11-19,seasonal_naive,0.0,0.0,0.0,0.0,415.6399999999999,False
85099F,JUMBO BAG STRAWBERRY,2011-11-20,seasonal_naive,2.0,33.0,31.0,31.0,415.6399999999999,False
85099F,JUMBO BAG STRAWBERRY,2011-11-21,seasonal_naive,3.0,35.0,32.0,32.0,415.6399999999999,False
85099F,JUMBO BAG STRAWBERRY,2011-11-22,seasonal_naive,11.0,13.0,2.0,2.0,415.6399999999999,False
85099F,JUMBO BAG STRAWBERRY,2011-11-23,seasonal_naive,2.0,246.0,244.0,244.0,415.6399999999999,False
85099F,JUMBO BAG STRAWBERRY,2011-11-24,seasonal_naive,22.0,3.0,19.0,-19.0,415.6399999999999,False
85099F,JUMBO BAG STRAWBERRY,2011-11-25,seasonal_naive,10.0,0.0,10.0,-10.0,415.6399999999999,False
85099F,JUMBO BAG STRAWBERRY,2011-11-26,seasonal_naive,0.0,0.0,0.0,0.0,415.6399999999999,False
85099F,JUMBO BAG STRAWBERRY,2011-11-27,seasonal_naive,4.0,33.0,29.0,29.0,415.6399999999999,False
85099F,JUMBO BAG STRAWBERRY,2011-11-28,seasonal_naive,12.0,35.0,23.0,23.0,415.6399999999999,False
85099F,JUMBO BAG STRAWBERRY,2011-11-29,seasonal_naive,34.0,13.0,21.0,-21.0,415.6399999999999,False
85099F,JUMBO BAG STRAWBERRY,2011-11-30,seasonal_naive,125.0,246.0,121.0,121.0,415.6399999999999,False
85099F,JUMBO BAG STRAWBERRY,2011-12-01,seasonal_naive,42.0,3.0,39.0,-39.0,415.6399999999999,False
85099F,JUMBO BAG STRAWBERRY,2011-12-02,seasonal_naive,221.0,0.0,221.0,-221.0,415.6399999999999,False
85099F,JUMBO BAG STRAWBERRY,2011-12-03,seasonal_naive,0.0,0.0,0.0,0.0,415.6399999999999,False
85099F,JUMBO BAG STRAWBERRY,2011-12-04,seasonal_naive,2.0,33.0,31.0,31.0,415.6399999999999,False
85099F,JUMBO BAG STRAWBERRY,2011-12-05,seasonal_naive,1.0,35.0,34.0,34.0,415.6399999999999,False
85099F,JUMBO BAG STRAWBERRY,2011-12-06,seasonal_naive,6.0,13.0,7.0,7.0,415.6399999999999,False
85099F,JUMBO BAG STRAWBERRY,2011-12-07,seasonal_naive,20.0,246.0,226.0,226.0,415.6399999999999,False
85099F,JUMBO BAG STRAWBERRY,2011-12-08,seasonal_naive,12.0,3.0,9.0,-9.0,415.6399999999999,False
85099F,JUMBO BAG STRAWBERRY,2011-11-11,hw_weekly,12.0,55.26152513994279,43.26152513994279,43.26152513994279,415.6399999999999,False
85099F,JUMBO BAG STRAWBERRY,2011-11-12,hw_weekly,0.0,0.0,0.0,0.0,415.6399999999999,False
85099F,JUMBO BAG STRAWBERRY,2011-11-13,hw_weekly,2.0,26.93573947372526,24.93573947372526,24.93573947372526,415.6399999999999,False
85099F,JUMBO BAG STRAWBERRY,2011-11-14,hw_weekly,100.0,59.3382865766243,40.6617134233757,-40.6617134233757,415.6399999999999,False
85099F,JUMBO BAG STRAWBERRY,2011-11-15,hw_weekly,1.0,63.809570096235504,62.809570096235504,62.809570096235504,415.6399999999999,False
85099F,JUMBO BAG STRAWBERRY,2011-11-16,hw_weekly,39.0,64.48869818177806,25.488698181778062,25.488698181778062,415.6399999999999,False
85099F,JUMBO BAG STRAWBERRY,2011-11-17,hw_weekly,32.0,89.90115869130217,57.90115869130217,57.90115869130217,415.6399999999999,False
85099F,JUMBO BAG STRAWBERRY,2011-11-18,hw_weekly,22.0,55.26152513994279,33.26152513994279,33.26152513994279,415.6399999999999,False
85099F,JUMBO BAG STRAWBERRY,2011-11-19,hw_weekly,0.0,0.0,0.0,0.0,415.6399999999999,False
85099F,JUMBO BAG STRAWBERRY,2011-11-20,hw_weekly,2.0,26.93573947372526,24.93573947372526,24.93573947372526,415.6399999999999,False
85099F,JUMBO BAG STRAWBERRY,2011-11-21,hw_weekly,3.0,59.3382865766243,56.3382865766243,56.3382865766243,415.6399999999999,False
85099F,JUMBO BAG STRAWBERRY,2011-11-22,hw_weekly,11.0,63.809570096235504,52.809570096235504,52.809570096235504,415.6399999999999,False
85099F,JUMBO BAG STRAWBERRY,2011-11-23,hw_weekly,2.0,64.48869818177806,62.48869818177806,62.48869818177806,415.6399999999999,False
85099F,JUMBO BAG STRAWBERRY,2011-11-24,hw_weekly,22.0,89.90115869130217,67.90115869130217,67.90115869130217,415.6399999999999,False
85099F,JUMBO BAG STRAWBERRY,2011-11-25,hw_weekly,10.0,55.26152513994279,45.26152513994279,45.26152513994279,415.6399999999999,False
85099F,JUMBO BAG STRAWBERRY,2011-11-26,hw_weekly,0.0,0.0,0.0,0.0,415.6399999999999,False
85099F,JUMBO BAG STRAWBERRY,2011-11-27,hw_weekly,4.0,26.93573947372526,22.93573947372526,22.93573947372526,415.6399999999999,False
85099F,JUMBO BAG STRAWBERRY,2011-11-28,hw_weekly,12.0,59.3382865766243,47.3382865766243,47.3382865766243,415.6399999999999,False
85099F,JUMBO BAG STRAWBERRY,2011-11-29,hw_weekly,34.0,63.809570096235504,29.809570096235504,29.809570096235504,415.6399999999999,False
85099F,JUMBO BAG STRAWBERRY,2011-11-30,hw_weekly,125.0,64.48869818177806,60.51130181822194,-60.51130181822194,415.6399999999999,False
85099F,JUMBO BAG STRAWBERRY,2011-12-01,hw_weekly,42.0,89.90115869130217,47.90115869130217,47.90115869130217,415.6399999999999,False
85099F,JUMBO BAG STRAWBERRY,2011-12-02,hw_weekly,221.0,55.26152513994279,165.7384748600572,-165.7384748600572,415.6399999999999,False
85099F,JUMBO BAG STRAWBERRY,2011-12-03,hw_weekly,0.0,0.0,0.0,0.0,415.6399999999999,False
85099F,JUMBO BAG STRAWBERRY,2011-12-04,hw_weekly,2.0,26.93573947372526,24.93573947372526,24.93573947372526,415.6399999999999,False
85099F,JUMBO BAG STRAWBERRY,2011-12-05,hw_weekly,1.0,59.3382865766243,58.3382865766243,58.3382865766243,415.6399999999999,False
85099F,JUMBO BAG STRAWBERRY,2011-12-06,hw_weekly,6.0,63.809570096235504,57.809570096235504,57.809570096235504,415.6399999999999,False
85099F,JUMBO BAG STRAWBERRY,2011-12-07,hw_weekly,20.0,64.48869818177806,44.48869818177806,44.48869818177806,415.6399999999999,False
85099F,JUMBO BAG STRAWBERRY,2011-12-08,hw_weekly,12.0,89.90115869130217,77.90115869130217,77.90115869130217,415.6399999999999,False
85123A,WHITE HANGING HEART T-LIGHT HOLDER,2011-11-11,seasonal_naive,134.0,85.0,49.0,-49.0,789.91,False
85123A,WHITE HANGING HEART T-LIGHT HOLDER,2011-11-12,seasonal_naive,0.0,0.0,0.0,0.0,789.91,False
85123A,WHITE HANGING HEART T-LIGHT HOLDER,2011-11-13,seasonal_naive,67.0,86.0,19.0,19.0,789.91,False
85123A,WHITE HANGING HEART T-LIGHT HOLDER,2011-11-14,seasonal_naive,380.0,98.0,282.0,-282.0,789.91,False
85123A,WHITE HANGING HEART T-LIGHT HOLDER,2011-11-15,seasonal_naive,457.0,111.0,346.0,-346.0,789.91,False
85123A,WHITE HANGING HEART T-LIGHT HOLDER,2011-11-16,seasonal_naive,160.0,113.0,47.0,-47.0,789.91,False
85123A,WHITE HANGING HEART T-LIGHT HOLDER,2011-11-17,seasonal_naive,102.0,71.0,31.0,-31.0,789.91,False
85123A,WHITE HANGING HEART T-LIGHT HOLDER,2011-11-18,seasonal_naive,125.0,85.0,40.0,-40.0,789.91,False
85123A,WHITE HANGING HEART T-LIGHT HOLDER,2011-11-19,seasonal_naive,0.0,0.0,0.0,0.0,789.91,False
85123A,WHITE HANGING HEART T-LIGHT HOLDER,2011-11-20,seasonal_naive,102.0,86.0,16.0,-16.0,789.91,False
85123A,WHITE HANGING HEART T-LIGHT HOLDER,2011-11-21,seasonal_naive,36.0,98.0,62.0,62.0,789.91,False
85123A,WHITE HANGING HEART T-LIGHT HOLDER,2011-11-22,seasonal_naive,253.0,111.0,142.0,-142.0,789.91,False
85123A,WHITE HANGING HEART T-LIGHT HOLDER,2011-11-23,seasonal_naive,251.0,113.0,138.0,-138.0,789.91,False
85123A,WHITE HANGING HEART T-LIGHT HOLDER,2011-11-24,seasonal_naive,131.0,71.0,60.0,-60.0,789.91,False
85123A,WHITE HANGING HEART T-LIGHT HOLDER,2011-11-25,seasonal_naive,225.0,85.0,140.0,-140.0,789.91,False
85123A,WHITE HANGING HEART T-LIGHT HOLDER,2011-11-26,seasonal_naive,0.0,0.0,0.0,0.0,789.91,False
85123A,WHITE HANGING HEART T-LIGHT HOLDER,2011-11-27,seasonal_naive,8.0,86.0,78.0,78.0,789.91,False
85123A,WHITE HANGING HEART T-LIGHT HOLDER,2011-11-28,seasonal_naive,133.0,98.0,35.0,-35.0,789.91,False
85123A,WHITE HANGING HEART T-LIGHT HOLDER,2011-11-29,seasonal_naive,117.0,111.0,6.0,-6.0,789.91,False
85123A,WHITE HANGING HEART T-LIGHT HOLDER,2011-11-30,seasonal_naive,315.0,113.0,202.0,-202.0,789.91,False
85123A,WHITE HANGING HEART T-LIGHT HOLDER,2011-12-01,seasonal_naive,41.0,71.0,30.0,30.0,789.91,False
85123A,WHITE HANGING HEART T-LIGHT HOLDER,2011-12-02,seasonal_naive,117.0,85.0,32.0,-32.0,789.91,False
85123A,WHITE HANGING HEART T-LIGHT HOLDER,2011-12-03,seasonal_naive,0.0,0.0,0.0,0.0,789.91,False
85123A,WHITE HANGING HEART T-LIGHT HOLDER,2011-12-04,seasonal_naive,8.0,86.0,78.0,78.0,789.91,False
85123A,WHITE HANGING HEART T-LIGHT HOLDER,2011-12-05,seasonal_naive,313.0,98.0,215.0,-215.0,789.91,False
85123A,WHITE HANGING HEART T-LIGHT HOLDER,2011-12-06,seasonal_naive,39.0,111.0,72.0,72.0,789.91,False
85123A,WHITE HANGING HEART T-LIGHT HOLDER,2011-12-07,seasonal_naive,202.0,113.0,89.0,-89.0,789.91,False
85123A,WHITE HANGING HEART T-LIGHT HOLDER,2011-12-08,seasonal_naive,115.0,71.0,44.0,-44.0,789.91,False
85123A,WHITE HANGING HEART T-LIGHT HOLDER,2011-11-11,hw_weekly,134.0,70.51574095424758,63.484259045752424,-63.484259045752424,789.91,False
85123A,WHITE HANGING HEART T-LIGHT HOLDER,2011-11-12,hw_weekly,0.0,0.0,0.0,0.0,789.91,False
85123A,WHITE HANGING HEART T-LIGHT HOLDER,2011-11-13,hw_weekly,67.0,61.67414908796663,5.325850912033367,-5.325850912033367,789.91,False
85123A,WHITE HANGING HEART T-LIGHT HOLDER,2011-11-14,hw_weekly,380.0,109.4479723008432,270.5520276991568,-270.5520276991568,789.91,False
85123A,WHITE HANGING HEART T-LIGHT HOLDER,2011-11-15,hw_weekly,457.0,161.1123604881936,295.8876395118064,-295.8876395118064,789.91,False
85123A,WHITE HANGING HEART T-LIGHT HOLDER,2011-11-16,hw_weekly,160.0,103.66549573283844,56.33450426716156,-56.33450426716156,789.91,False
85123A,WHITE HANGING HEART T-LIGHT HOLDER,2011-11-17,hw_weekly,102.0,157.12483186675632,55.124831866756324,55.124831866756324,789.91,False
85123A,WHITE HANGING HEART T-LIGHT HOLDER,2011-11-18,hw_weekly,125.0,70.51574095424758,54.484259045752424,-54.484259045752424,789.91,False
85123A,WHITE HANGING HEART T-LIGHT HOLDER,2011-11-19,hw_weekly,0.0,0.0,0.0,0.0,789.91,False
85123A,WHITE HANGING HEART T-LIGHT HOLDER,2011-11-20,hw_weekly,102.0,61.67414908796663,40.32585091203337,-40.32585091203337,789.91,False
85123A,WHITE HANGING HEART T-LIGHT HOLDER,2011-11-21,hw_weekly,36.0,109.4479723008432,73.4479723008432,73.4479723008432,789.91,False
85123A,WHITE HANGING HEART T-LIGHT HOLDER,2011-11-22,hw_weekly,253.0,161.1123604881936,91.88763951180641,-91.88763951180641,789.91,False
85123A,WHITE HANGING HEART T-LIGHT HOLDER,2011-11-23,hw_weekly,251.0,103.66549573283844,147.33450426716155,-147.33450426716155,789.91,False
85123A,WHITE HANGING HEART T-LIGHT HOLDER,2011-11-24,hw_weekly,131.0,157.12483186675632,26.124831866756324,26.124831866756324,789.91,False
85123A,WHITE HANGING HEART T-LIGHT HOLDER,2011-11-25,hw_weekly,225.0,70.51574095424758,154.48425904575242,-154.48425904575242,789.91,False
85123A,WHITE HANGING HEART T-LIGHT HOLDER,2011-11-26,hw_weekly,0.0,0.0,0.0,0.0,789.91,False
85123A,WHITE HANGING HEART T-LIGHT HOLDER,2011-11-27,hw_weekly,8.0,61.67414908796663,53.67414908796663,53.67414908796663,789.91,False
85123A,WHITE HANGING HEART T-LIGHT HOLDER,2011-11-28,hw_weekly,133.0,109.4479723008432,23.552027699156795,-23.552027699156795,789.91,False
85123A,WHITE HANGING HEART T-LIGHT HOLDER,2011-11-29,hw_weekly,117.0,161.1123604881936,44.11236048819359,44.11236048819359,789.91,False
85123A,WHITE HANGING HEART T-LIGHT HOLDER,2011-11-30,hw_weekly,315.0,103.66549573283844,211.33450426716155,-211.33450426716155,789.91,False
85123A,WHITE HANGING HEART T-LIGHT HOLDER,2011-12-01,hw_weekly,41.0,157.12483186675632,116.12483186675632,116.12483186675632,789.91,False
85123A,WHITE HANGING HEART T-LIGHT HOLDER,2011-12-02,hw_weekly,117.0,70.51574095424758,46.484259045752424,-46.484259045752424,789.91,False
85123A,WHITE HANGING HEART T-LIGHT HOLDER,2011-12-03,hw_weekly,0.0,0.0,0.0,0.0,789.91,False
85123A,WHITE HANGING HEART T-LIGHT HOLDER,2011-12-04,hw_weekly,8.0,61.67414908796663,53.67414908796663,53.67414908796663,789.91,False
85123A,WHITE HANGING HEART T-LIGHT HOLDER,2011-12-05,hw_weekly,313.0,109.4479723008432,203.55202769915678,-203.55202769915678,789.91,False
85123A,WHITE HANGING HEART T-LIGHT HOLDER,2011-12-06,hw_weekly,39.0,161.1123604881936,122.11236048819359,122.11236048819359,789.91,False
85123A,WHITE HANGING HEART T-LIGHT HOLDER,2011-12-07,hw_weekly,202.0,103.66549573283844,98.33450426716156,-98.33450426716156,789.91,False
85123A,WHITE HANGING HEART T-LIGHT HOLDER,2011-12-08,hw_weekly,115.0,157.12483186675632,42.124831866756324,42.124831866756324,789.91,False
