model,product_id,mae,wape,signed_bias,percentage_bias,overprediction_units,underprediction_units,absolute_error_sum,actual_units,observations,forecast_start
hw_182d,15036,16.027918843241576,136.82369744230613,2.505615673133171,21.389402087722193,259.46948322924646,189.31224438151767,448.78172761076416,328.0,28,2011-01-01
hw_182d,17003,240.93444487678184,214.64093084791259,45.853134101965146,40.849117240058035,4015.0261057024572,2731.1383508474337,6746.164456549892,3143.0,28,2011-01-01
hw_182d,20725,42.65061631251005,85.11883512118898,-23.438607982305534,-46.776979579797214,268.96811662286314,925.2491401274182,1194.2172567502814,1403.0,28,2011-01-01
hw_182d,21212,144.05461534127355,124.14679069115604,49.74413771871746,42.869678551064595,2713.1825428398743,1320.3466867157854,4033.5292295556596,3249.0,28,2011-01-01
hw_182d,21213,62.92798934032879,264.5621173467277,55.21900147803866,232.15195816592833,1654.0578714571443,107.92583007206177,1761.9837015292062,666.0,28,2011-01-01
hw_182d,21232,55.370991684166384,313.84367756207666,50.934173539893884,288.69572046903414,1488.2723131368436,62.11545401981498,1550.3877671566588,494.0,28,2011-01-01
hw_182d,21977,71.51100682727356,344.631358203728,67.76088818025542,326.558497254243,1949.8065301054057,52.5016610582539,2002.3081911636596,581.0,28,2011-01-01
hw_182d,21980,25.189559559958063,165.1774397374299,11.733529806019062,76.94117905586269,516.9232511236797,188.38441655514603,705.3076676788257,427.0,28,2011-01-01
hw_182d,21981,17.582407870081138,117.21605246720758,-0.24176544436435612,-1.6117696290957075,242.7689939600349,249.5384264022369,492.30742036227184,420.0,28,2011-01-01
hw_182d,21982,30.483270975492022,223.43758830203578,13.945751421740837,102.22016748919985,622.0063135612601,231.52527375251657,853.5315873137766,382.0,28,2011-01-01
hw_182d,21984,13.686814603637345,891.2344393066178,12.552195523141203,817.352266623148,367.3461417748997,15.884667126945999,383.23080890184565,43.0,28,2011-01-01
hw_182d,22197,94.9400123743482,151.64405855571877,24.61324578404564,39.313798171892635,1673.7456142175135,984.5747322642358,2658.3203464817498,1753.0,28,2011-01-01
hw_182d,84077,174.7360951099377,338.8234531217629,128.89392361711754,249.93281587806723,4250.820262178773,641.790400899482,4892.610663078256,1444.0,28,2011-01-01
hw_182d,84347,127.90697525492817,10533.515609229378,127.90697525492817,10533.515609229378,3581.3953071379888,0.0,3581.3953071379888,34.0,28,2011-01-01
hw_182d,84755,20.013800707309,95.30381289194762,-6.325389106888464,-30.12090050899268,191.6377624058875,368.7486573987645,560.386419804652,588.0,28,2011-01-01
hw_182d,84879,59.85423052912112,121.35542757533607,5.458928370844616,11.06806621170523,914.3842245995203,761.534230215871,1675.9184548153912,1381.0,28,2011-01-01
hw_182d,84991,57.192495175403174,180.74377707802358,55.75846150688859,176.21184223395943,1581.3133935520846,20.076471359204106,1601.389864911289,886.0,28,2011-01-01
hw_182d,84992,36.70032172721254,81.49159463615788,13.271270394835687,29.468324429452757,699.6022897086752,328.0067186532759,1027.609008361951,1261.0,28,2011-01-01
hw_182d,85099B,91.94517949201028,95.5274592124782,-43.91679085618737,-45.62783465577908,672.3974409015209,1902.067584874767,2574.465025776288,2695.0,28,2011-01-01
hw_182d,85123A,173.27971256170395,90.06556435358661,-109.8984466234654,-57.121895404808456,887.3377231353394,3964.494228592371,4851.8319517277105,5387.0,28,2011-01-01
hw_365d,15036,18.687605650694216,159.52834092056037,8.127555896969579,69.38157473022812,375.412261667293,147.84069655214483,523.252958219438,328.0,28,2011-01-01
hw_365d,17003,222.16688666931668,197.92150260072756,47.71960755885628,42.51189982971606,3778.4109191944212,2442.2619075464454,6220.672826740867,3143.0,28,2011-01-01
hw_365d,20725,43.693583386884264,87.20030896883532,-17.373329856195735,-34.672361794260915,368.4835494296394,854.9367854031202,1223.4203348327594,1403.0,28,2011-01-01
hw_365d,21212,137.1940167249833,118.23430188671998,41.89833789760019,36.10813977016945,2507.292964716168,1334.1395035833632,3841.432468299532,3249.0,28,2011-01-01
hw_365d,21213,56.478117221899424,237.44553786984744,46.99807462360386,197.58950292205824,1448.666685837046,132.7205963761379,1581.3872822131839,666.0,28,2011-01-01
hw_365d,21232,53.385013979069505,302.58712376800526,49.213320882414585,278.9418997383823,1436.3766880607773,58.40370335316871,1494.780391413946,494.0,28,2011-01-01
hw_365d,21977,70.90887879897363,341.72953638059585,66.70825688227998,321.4855753362891,1926.6398995375505,58.80870683371107,1985.4486063712618,581.0,28,2011-01-01
hw_365d,21980,62.91052999981866,412.52806557258134,62.36349527545118,408.9409526259094,1753.8363538537778,7.658486141144529,1761.4948399949224,427.0,28,2011-01-01
hw_365d,21981,40.72546346921358,271.5030897947572,13.872199875261703,92.48133250174469,764.367286822654,375.9456903153263,1140.3129771379802,420.0,28,2011-01-01
hw_365d,21982,59.278921610790626,434.50518458171143,35.18977608786414,257.9355315340827,1322.5617677811665,337.2480373209707,1659.8098051021375,382.0,28,2011-01-01
hw_365d,21984,72.77949511407012,4739.129914404566,72.77949511407012,4739.129914404566,2037.8258631939632,0.0,2037.8258631939632,43.0,28,2011-01-01
hw_365d,22197,95.79692386302133,153.0127705741356,32.083333040735155,51.24548346495062,1790.3235966525901,891.9902715120063,2682.3138681645974,1753.0,28,2011-01-01
hw_365d,84077,159.99086862506547,310.2316012120383,124.59102136339594,241.58923810076774,3984.14645983846,495.59786166337375,4479.744321501833,1444.0,28,2011-01-01
hw_365d,84347,131.40074340058393,10821.237691812794,131.40074340058393,10821.237691812794,3679.22081521635,0.0,3679.22081521635,34.0,28,2011-01-01
hw_365d,84755,25.65595267687566,122.17120322321743,1.9485827117808365,9.278965294194458,386.463495441191,331.9031795113276,718.3666749525185,588.0,28,2011-01-01
hw_365d,84879,52.12226133091574,105.67873405254458,3.6821192265936915,7.465556722999519,781.2613278051319,678.1619894605084,1459.4233172656407,1381.0,28,2011-01-01
hw_365d,84991,68.47374379820828,216.3955785947891,66.37131993992661,209.75134969728498,1887.8308923338884,29.433934015943365,1917.2648263498315,886.0,28,2011-01-01
hw_365d,84992,36.26932075371775,80.53457423505924,13.548099326433427,30.083011985736395,697.4438811221164,318.0970999819805,1015.540981104097,1261.0,28,2011-01-01
hw_365d,85099B,98.10833260652514,101.93073517561054,-19.9815248277617,-20.76002579507709,1093.7753089026883,1653.258004080016,2747.033312982704,2695.0,28,2011-01-01
hw_365d,85123A,198.87273800012082,103.36804648233493,-43.57007047108828,-22.646407521634895,2174.237345406456,3394.1993185969277,5568.436664003383,5387.0,28,2011-01-01
hw_expanding,15036,17.925944854032057,153.02635851002975,7.701660972489374,65.74588635051904,358.78648157130004,143.13997434159756,501.9264559128976,328.0,28,2011-01-01
hw_expanding,17003,219.4782607925801,195.5262902383787,47.21728672571486,42.064397973910786,3733.7376652561297,2411.653636936114,6145.391302192243,3143.0,28,2011-01-01
hw_expanding,20725,43.09449492769854,86.00469408236344,-19.53554764882313,-38.98755054647524,329.82526190425574,876.8205960713034,1206.6458579755592,1403.0,28,2011-01-01
hw_expanding,21212,136.95765683293948,118.03060607332428,41.740527277260796,35.97213800441065,2501.774577542804,1333.0398137795016,3834.8143913223057,3249.0,28,2011-01-01
hw_expanding,21213,57.6241757653433,242.26380201645833,47.58993024316772,200.07778480611054,1472.9974841191543,140.47943731045817,1613.4769214296125,666.0,28,2011-01-01
hw_expanding,21232,23.08786573454879,130.86239687598504,6.327994252555461,35.86717390112407,411.8220398194596,234.63820074790658,646.4602405673661,494.0,28,2011-01-01
hw_expanding,21977,68.22297170974657,328.78540583010397,64.28171942974014,309.79141893850664,1855.0656759528138,55.177531920090125,1910.243207872904,581.0,28,2011-01-01
hw_expanding,21980,51.77184914176291,339.4875353558224,36.77184914176291,241.1268796181174,1239.6117759693614,210.0,1449.6117759693614,427.0,28,2011-01-01
hw_expanding,21981,52.97083236056887,353.1388824037925,30.685118074854586,204.5674538323639,1171.1833060959284,312.0,1483.1833060959284,420.0,28,2011-01-01
hw_expanding,21982,56.653819945843566,415.2636016972827,33.97823673034926,249.05513833763857,1268.8487934666996,317.45816501692036,1586.3069584836198,382.0,28,2011-01-01
hw_expanding,21984,51.10722970031834,3327.9126316486368,50.75008684317549,3304.656817695148,1426.0024316089136,5.0,1431.0024316089136,43.0,28,2011-01-01
hw_expanding,22197,95.87698311135559,153.1406461561869,32.369855222103936,51.70313441066231,1795.4557366684335,889.0997904495233,2684.5555271179564,1753.0,28,2011-01-01
hw_expanding,84077,126.57603927610012,245.43830330545728,83.17627210050122,161.2836301117752,2936.532359272419,607.5967404583845,3544.1290997308033,1444.0,28,2011-01-01
hw_expanding,84347,72.93196786945973,6006.1620598378595,72.14625358374543,5941.456177484919,2031.0951003448722,11.0,2042.0951003448722,34.0,28,2011-01-01
hw_expanding,84755,25.73664600871592,122.55545718436152,-0.00872598323078831,-0.04155230109899195,360.1908803567919,360.43520788725397,720.6260882440457,588.0,28,2011-01-01
hw_expanding,84879,46.55839751420891,94.39790951468859,-8.438825409207277,-17.109856007082094,533.6740094700228,769.9611209278266,1303.6351303978495,1381.0,28,2011-01-01
hw_expanding,84991,65.38116074924004,206.62217844003627,62.97418066953819,199.01546938454507,1796.9747798628953,33.697721115826,1830.6725009787212,886.0,28,2011-01-01
hw_expanding,84992,35.87277988236523,79.65407111072373,13.451973836244717,29.869569184365748,690.5465520605394,313.89128464568716,1004.4378367062263,1261.0,28,2011-01-01
hw_expanding,85099B,93.86006044188505,97.51694591364682,-28.67735634286895,-29.79465594064306,912.5578573862256,1715.5238349865563,2628.0816923727816,2695.0,28,2011-01-01
hw_expanding,85123A,172.65047018521523,89.73850315919856,-125.77186864280324,-65.37242105064954,656.3004215937672,4177.912743592258,4834.213165186026,5387.0,28,2011-01-01
seasonal_naive,15036,11.714285714285714,100.0,-11.714285714285714,-100.0,0.0,328.0,328.0,328.0,28,2011-01-01
seasonal_naive,17003,112.25,100.0,-112.25,-100.0,0.0,3143.0,3143.0,3143.0,28,2011-01-01
seasonal_naive,20725,50.107142857142854,100.0,-50.107142857142854,-100.0,0.0,1403.0,1403.0,1403.0,28,2011-01-01
seasonal_naive,21212,116.03571428571429,100.0,-116.03571428571429,-100.0,0.0,3249.0,3249.0,3249.0,28,2011-01-01
seasonal_naive,21213,23.785714285714285,100.0,-23.785714285714285,-100.0,0.0,666.0,666.0,666.0,28,2011-01-01
seasonal_naive,21232,17.642857142857142,100.0,-17.642857142857142,-100.0,0.0,494.0,494.0,494.0,28,2011-01-01
seasonal_naive,21977,20.75,100.0,-20.75,-100.0,0.0,581.0,581.0,581.0,28,2011-01-01
seasonal_naive,21980,15.25,100.0,-15.25,-100.0,0.0,427.0,427.0,427.0,28,2011-01-01
seasonal_naive,21981,15.0,100.0,-15.0,-100.0,0.0,420.0,420.0,420.0,28,2011-01-01
seasonal_naive,21982,13.642857142857142,100.0,-13.642857142857142,-100.0,0.0,382.0,382.0,382.0,28,2011-01-01
seasonal_naive,21984,1.5357142857142858,100.0,-1.5357142857142858,-100.0,0.0,43.0,43.0,43.0,28,2011-01-01
seasonal_naive,22197,62.607142857142854,100.0,-62.607142857142854,-100.0,0.0,1753.0,1753.0,1753.0,28,2011-01-01
seasonal_naive,84077,51.57142857142857,100.0,-51.57142857142857,-100.0,0.0,1444.0,1444.0,1444.0,28,2011-01-01
seasonal_naive,84347,1.2142857142857142,100.0,-1.2142857142857142,-100.0,0.0,34.0,34.0,34.0,28,2011-01-01
seasonal_naive,84755,21.0,100.0,-21.0,-100.0,0.0,588.0,588.0,588.0,28,2011-01-01
seasonal_naive,84879,49.32142857142857,100.0,-49.32142857142857,-100.0,0.0,1381.0,1381.0,1381.0,28,2011-01-01
seasonal_naive,84991,31.642857142857142,100.0,-31.642857142857142,-100.0,0.0,886.0,886.0,886.0,28,2011-01-01
seasonal_naive,84992,45.035714285714285,100.0,-45.035714285714285,-100.0,0.0,1261.0,1261.0,1261.0,28,2011-01-01
seasonal_naive,85099B,96.25,100.0,-96.25,-100.0,0.0,2695.0,2695.0,2695.0,28,2011-01-01
seasonal_naive,85123A,192.39285714285714,100.0,-192.39285714285714,-100.0,0.0,5387.0,5387.0,5387.0,28,2011-01-01
weekday_mean_4w,15036,11.178571428571429,95.42682926829268,-8.214285714285714,-70.1219512195122,41.5,271.5,313.0,328.0,28,2011-01-01
weekday_mean_4w,17003,144.0,128.28507795100222,-73.82142857142857,-65.7651924912504,982.5,3049.5,4032.0,3143.0,28,2011-01-01
weekday_mean_4w,20725,41.285714285714285,82.39486813970065,-30.464285714285715,-60.79828937990021,151.5,1004.5,1156.0,1403.0,28,2011-01-01
weekday_mean_4w,21212,121.48214285714286,104.69375192366883,-3.4642857142857144,-2.9855340104647583,1652.25,1749.25,3401.5,3249.0,28,2011-01-01
weekday_mean_4w,21213,39.392857142857146,165.6156156156156,19.821428571428573,83.33333333333333,829.0,274.0,1103.0,666.0,28,2011-01-01
weekday_mean_4w,21232,27.839285714285715,157.79352226720647,12.0,68.01619433198381,557.75,221.75,779.5,494.0,28,2011-01-01
weekday_mean_4w,21977,38.67857142857143,186.40275387263338,26.571428571428573,128.0550774526678,913.5,169.5,1083.0,581.0,28,2011-01-01
weekday_mean_4w,21980,17.0,111.47540983606558,-8.25,-54.09836065573771,122.5,353.5,476.0,427.0,28,2011-01-01
weekday_mean_4w,21981,17.785714285714285,118.57142857142857,-4.285714285714286,-28.571428571428573,189.0,309.0,498.0,420.0,28,2011-01-01
weekday_mean_4w,21982,20.839285714285715,152.74869109947645,3.5,25.654450261780106,340.75,242.75,583.5,382.0,28,2011-01-01
weekday_mean_4w,21984,7.857142857142857,511.6279069767442,5.25,341.86046511627904,183.5,36.5,220.0,43.0,28,2011-01-01
weekday_mean_4w,22197,87.05357142857143,139.0473474044495,20.464285714285715,32.68682258984598,1505.25,932.25,2437.5,1753.0,28,2011-01-01
weekday_mean_4w,84077,85.51785714285714,165.8240997229917,15.642857142857142,30.332409972299168,1416.25,978.25,2394.5,1444.0,28,2011-01-01
weekday_mean_4w,84347,62.0,5105.882352941177,62.0,5105.882352941177,1736.0,0.0,1736.0,34.0,28,2011-01-01
weekday_mean_4w,84755,19.214285714285715,91.49659863945578,-9.857142857142858,-46.93877551020408,131.0,407.0,538.0,588.0,28,2011-01-01
weekday_mean_4w,84879,45.67857142857143,92.61404779145546,7.678571428571429,15.56842867487328,747.0,532.0,1279.0,1381.0,28,2011-01-01
weekday_mean_4w,84991,44.464285714285715,140.51918735891647,15.178571428571429,47.96839729119639,835.0,410.0,1245.0,886.0,28,2011-01-01
weekday_mean_4w,84992,47.67857142857143,105.86835844567803,2.107142857142857,4.678826328310865,697.0,638.0,1335.0,1261.0,28,2011-01-01
weekday_mean_4w,85099B,88.89285714285714,92.35621521335807,-42.75,-44.41558441558441,646.0,1843.0,2489.0,2695.0,28,2011-01-01
weekday_mean_4w,85123A,196.25,102.0048264340078,-83.57142857142857,-43.43790607016893,1577.5,3917.5,5495.0,5387.0,28,2011-01-01
weekday_mean_8w,15036,24.026785714285715,205.10670731707316,17.357142857142858,148.17073170731706,579.375,93.375,672.75,328.0,28,2011-01-01
weekday_mean_8w,17003,140.75892857142858,125.39770919503658,-22.714285714285715,-20.23544384346166,1652.625,2288.625,3941.25,3143.0,28,2011-01-01
weekday_mean_8w,20725,49.392857142857146,98.57448325017819,-12.0,-23.948681397006414,523.5,859.5,1383.0,1403.0,28,2011-01-01
weekday_mean_8w,21212,150.25892857142858,129.49369036626655,45.32142857142857,39.05817174515236,2738.125,1469.125,4207.25,3249.0,28,2011-01-01
weekday_mean_8w,21213,48.38392857142857,203.41591591591592,32.125,135.06006006006007,1127.125,227.625,1354.75,666.0,28,2011-01-01
weekday_mean_8w,21232,58.544642857142854,331.831983805668,50.5,286.2348178137652,1526.625,112.625,1639.25,494.0,28,2011-01-01
weekday_mean_8w,21977,62.794642857142854,302.62478485370053,54.875,264.4578313253012,1647.375,110.875,1758.25,581.0,28,2011-01-01
weekday_mean_8w,21980,27.5,180.327868852459,11.517857142857142,75.52693208430914,546.25,223.75,770.0,427.0,28,2011-01-01
weekday_mean_8w,21981,19.517857142857142,130.11904761904762,1.8392857142857142,12.261904761904763,299.0,247.5,546.5,420.0,28,2011-01-01
weekday_mean_8w,21982,44.401785714285715,325.4581151832461,30.982142857142858,227.09424083769633,1055.375,187.875,1243.25,382.0,28,2011-01-01
weekday_mean_8w,21984,13.116071428571429,854.0697674418604,11.535714285714286,751.1627906976744,345.125,22.125,367.25,43.0,28,2011-01-01
weekday_mean_8w,22197,193.29464285714286,308.74215630347976,137.10714285714286,218.99600684540786,4625.625,786.625,5412.25,1753.0,28,2011-01-01
weekday_mean_8w,84077,171.33928571428572,332.2368421052632,125.78571428571429,243.90581717451525,4159.75,637.75,4797.5,1444.0,28,2011-01-01
weekday_mean_8w,84347,89.82142857142857,7397.058823529412,89.82142857142857,7397.058823529412,2515.0,0.0,2515.0,34.0,28,2011-01-01
weekday_mean_8w,84755,21.0,100.0,-2.607142857142857,-12.414965986394558,257.5,330.5,588.0,588.0,28,2011-01-01
weekday_mean_8w,84879,155.44642857142858,315.17016654598115,143.92857142857142,291.81752353367125,4191.25,161.25,4352.5,1381.0,28,2011-01-01
weekday_mean_8w,84991,41.598214285714285,131.46162528216703,27.428571428571427,86.68171557562077,966.375,198.375,1164.75,886.0,28,2011-01-01
weekday_mean_8w,84992,54.875,121.847739888977,27.821428571428573,61.77636796193497,1157.75,378.75,1536.5,1261.0,28,2011-01-01
weekday_mean_8w,85099B,128.17857142857142,133.17254174397033,43.767857142857146,45.473098330241186,2407.25,1181.75,3589.0,2695.0,28,2011-01-01
weekday_mean_8w,85123A,204.24107142857142,106.15834416187117,-26.767857142857142,-13.913124187859662,2484.625,3234.125,5718.75,5387.0,28,2011-01-01
hw_182d,15036,77.47427579246612,114.71600857689324,-22.713160644524958,-33.63133252494441,766.655612071176,1402.6241101178753,2169.2797221890514,1891.0,28,2011-03-01
hw_182d,17003,129.69382156720908,137.55405317734295,-23.469499722724716,-24.891893645314095,1487.140505822781,2144.286498059073,3631.427003881854,2640.0,28,2011-03-01
hw_182d,20725,35.75831689878321,95.81175819769663,10.315962005857509,27.640855135311984,645.03990466497,356.19296850095975,1001.2328731659297,1045.0,28,2011-03-01
hw_182d,21212,101.6097521604838,86.7664855289279,30.590007400251864,26.121384788260205,1850.7966338502993,994.2764266432469,2845.073060493546,3279.0,28,2011-03-01
hw_182d,21213,40.219291338289615,113.4078708431127,-1.841099326499013,-5.191418040480601,537.2946881650686,588.845469307041,1126.1401574721092,993.0,28,2011-03-01
hw_182d,21232,31.984659112651006,88.32055770751757,8.639933967066437,23.857805826218954,568.7443031160443,326.82615203818403,895.5704551542282,1014.0,28,2011-03-01
hw_182d,21977,66.588223500233,76.19412578694417,-34.025944276802726,-38.93446831836847,455.871909128024,1408.5983488785002,1864.470258006524,2447.0,28,2011-03-01
hw_182d,21980,19.05223613028442,213.3850446591855,16.83523536640209,188.55463610370342,502.4246009536111,31.038010694352575,533.4626116479637,250.0,28,2011-03-01
hw_182d,21981,42.22802399752954,97.87952582208834,-27.813221082844542,-64.46773098672577,201.80724080558994,980.5774311252371,1182.3846719308272,1208.0,28,2011-03-01
hw_182d,21982,28.871002334888328,270.36390146383724,23.596139051299964,220.96718844026722,734.5399794066361,73.84808597023712,808.3880653768732,299.0,28,2011-03-01
hw_182d,21984,26.115410826274957,134.41755572347404,-4.681309626516139,-24.09497601883307,300.0774167966233,431.1540863390752,731.2315031356987,544.0,28,2011-03-01
hw_182d,22197,81.69042631739767,115.63862168286829,44.4773930558267,62.96092040258582,1766.3494712251413,520.9824656619936,2287.331936887135,1978.0,28,2011-03-01
hw_182d,84077,188.69086969380712,144.82851840533442,59.22954845459581,45.4612762261152,3470.885854077641,1812.4584973489586,5283.344351426599,3648.0,28,2011-03-01
hw_182d,84347,121.64503572329079,42575.762503151775,121.64503572329079,42575.762503151775,3406.061000252142,0.0,3406.061000252142,8.0,28,2011-03-01
hw_182d,84755,30.03089346836621,80.54262616036914,-9.438406623875386,-25.313734240278816,288.29481582287156,552.5702012913823,840.8650171142539,1044.0,28,2011-03-01
hw_182d,84879,80.86834578532832,98.8783267244189,-6.623254117252996,-8.098301977427244,1039.4312833530546,1224.8823986361385,2264.313681989193,2290.0,28,2011-03-01
hw_182d,84991,35.62877352617,63.94908068799744,-17.856460382567388,-32.05005709691583,248.81238401043652,748.7932747223234,997.60565873276,1560.0,28,2011-03-01
hw_182d,84992,57.014110661402064,136.44402551446646,12.022658884041949,28.77217510710894,966.5147736362163,629.8803248830417,1596.3950985192578,1170.0,28,2011-03-01
hw_182d,85099B,128.18542328710777,82.58609875837593,-46.98470521639856,-30.270863922207997,1136.8100529899289,2452.381799049089,3589.1918520390177,4346.0,28,2011-03-01
hw_182d,85123A,90.18951816981595,151.21595860807466,89.11308075442118,149.41115336070618,2510.2363849393196,15.070123815526912,2525.3065087548466,1670.0,28,2011-03-01
hw_365d,15036,80.36375080763132,118.99444857819552,-8.583559963052599,-12.709660442383539,1004.9226718241019,1245.2623507895748,2250.185022613677,1891.0,28,2011-03-01
hw_365d,17003,140.23896133905652,148.73829232930237,24.55883512517226,26.047249375182698,2307.169150499203,1619.52176699438,3926.6909174935827,2640.0,28,2011-03-01
hw_365d,20725,41.16616061857767,110.30167438470572,19.118746033989133,51.227262100640736,843.9886931359353,308.6638041842395,1152.6524973201747,1045.0,28,2011-03-01
hw_365d,21212,99.21561950800768,84.72209046124473,33.45279192624678,28.565970537813662,1857.357760079563,920.6795861446528,2778.037346224215,3279.0,28,2011-03-01
hw_365d,21213,36.33182475457123,102.44623294340326,0.8056267127313739,2.2716563903805107,519.9243205422364,497.366772585758,1017.2910931279944,993.0,28,2011-03-01
hw_365d,21232,31.0793936450207,85.82081085410056,6.821525017335505,18.836558233273585,530.612861272987,339.6101607875928,870.2230220605796,1014.0,28,2011-03-01
hw_365d,21977,79.71101227557719,91.2099854399739,-6.470498238708943,-7.40392115585821,1025.3671965161552,1206.5411472000055,2231.908343716161,2447.0,28,2011-03-01
hw_365d,21980,35.68801974360006,399.7058211283206,29.55725546323715,331.0412611882561,913.433852895721,85.83069992508067,999.2645528208016,250.0,28,2011-03-01
hw_365d,21981,56.465708785364846,130.88078195283245,-11.247866090395371,-26.07121279230715,633.0497977295728,947.9900482606431,1581.0398459902158,1208.0,28,2011-03-01
hw_365d,21982,69.42896565614038,650.1709158434551,64.30451649784405,602.1827631905129,1872.268750155782,71.74228821614854,1944.0110383719307,299.0,28,2011-03-01
hw_365d,21984,58.41290413379518,300.65465362982815,28.665420337227538,147.54260467690642,1219.0965425943182,416.464773151947,1635.561315746265,544.0,28,2011-03-01
hw_365d,22197,73.69307919758971,104.31780675088534,35.41300298153929,50.12963010531346,1527.4851505078063,535.921067024706,2063.406217532512,1978.0,28,2011-03-01
hw_365d,84077,147.1817850561898,112.96847537207552,8.406248281610571,6.452164251236184,2178.232466729206,1942.8575148441091,4121.089981573315,3648.0,28,2011-03-01
hw_365d,84347,57.9338385345268,20276.84348708438,57.9338385345268,20276.84348708438,1622.1474789667504,0.0,1622.1474789667504,8.0,28,2011-03-01
hw_365d,84755,28.536565056879407,76.53484881155397,-10.818550544256505,-29.01526965892549,248.05220317672064,550.9716184159028,799.0238215926234,1044.0,28,2011-03-01
hw_365d,84879,63.85039313824031,78.0703496886781,-15.558819631618302,-19.023884265734168,676.0820290927082,1111.7289787780205,1787.8110078707286,2290.0,28,2011-03-01
hw_365d,84991,40.53382272906164,72.75301515472603,-8.72723160975254,-15.664261863658405,445.29227567032734,689.6547607433985,1134.947036413726,1560.0,28,2011-03-01
hw_365d,84992,54.14406958957576,129.57555115454028,10.270237927856884,24.57834717777716,901.8003052440571,614.2336432640642,1516.0339485081213,1170.0,28,2011-03-01
hw_365d,85099B,127.10180827142258,81.8879574689331,-49.62969393744786,-31.974952375714224,1084.6096006756463,2474.2410309241864,3558.8506315998325,4346.0,28,2011-03-01
hw_365d,85123A,86.44420020101629,144.93638357056622,86.44420020101629,144.93638357056622,2420.437605628456,0.0,2420.437605628456,1670.0,28,2011-03-01
hw_expanding,15036,79.92932608996105,118.35119674875249,-8.836812955716232,-13.084651653096483,995.2951838794277,1242.725946639482,2238.0211305189096,1891.0,28,2011-03-01
hw_expanding,17003,141.94095779040248,150.54344008072988,27.829669967667165,29.516316632374263,2376.7887886129747,1597.5580295182942,3974.346818131269,2640.0,28,2011-03-01
hw_expanding,20725,34.866204942769016,93.42141037296962,7.311773200872872,19.59135403104693,590.4916940109864,385.762044386546,976.2537383975324,1045.0,28,2011-03-01
hw_expanding,21212,97.85894594705107,83.56360129665843,32.70849724429146,27.93040325831537,1827.9442046787956,912.1062818386348,2740.05048651743,3279.0,28,2011-03-01
hw_expanding,21213,37.054459524081665,104.48387378391607,2.1720511476473474,6.124615522067042,549.1711494042063,488.35371727008055,1037.5248666742866,993.0,28,2011-03-01
hw_expanding,21232,34.811661445371136,96.12687578603469,14.23121154557371,39.29723109231399,686.6002218732278,288.1262985971639,974.7265204703917,1014.0,28,2011-03-01
hw_expanding,21977,68.58487795704147,78.47881417234007,-28.840964575951244,-33.0015123876843,556.4147873352631,1363.961795461898,1920.3765827971613,2447.0,28,2011-03-01
hw_expanding,21980,54.8904722732456,614.7732894603506,45.10475798753131,505.1732894603507,1399.9332236508767,137.0,1536.9332236508767,250.0,28,2011-03-01
hw_expanding,21981,57.36711249033639,132.97012828885917,3.0199392663870563,6.999859226724965,845.4187245941282,760.8604251352906,1606.2791497294188,1208.0,28,2011-03-01
hw_expanding,21982,45.107082742269135,422.4074638072026,33.06698318877066,309.6573676540396,1094.4369230345571,168.56139374897873,1262.9983167835358,299.0,28,2011-03-01
hw_expanding,21984,54.60885640747173,281.074996214928,30.93843879763003,159.24196439956634,1197.6621328714245,331.3858465377838,1529.0479794092084,544.0,28,2011-03-01
hw_expanding,22197,73.59202099623461,104.1747516630217,33.85867954693808,47.92937448504885,1504.3098076044178,556.2667802901512,2060.576587894569,1978.0,28,2011-03-01
hw_expanding,84077,145.83210894518012,111.93253976055493,15.256421649253378,11.709972757102372,2255.2394283220697,1828.0596221429746,4083.299050465044,3648.0,28,2011-03-01
hw_expanding,84347,69.97042153277319,24489.647536470613,69.54185010420176,24339.647536470613,1953.171802917649,6.0,1959.171802917649,8.0,28,2011-03-01
hw_expanding,84755,32.36670369833351,86.80725129821248,-6.199912610021215,-16.628118111168007,366.3350752363721,539.9326283169661,906.2677035533383,1044.0,28,2011-03-01
hw_expanding,84879,60.87133308474309,74.42783084597409,-17.46631870239298,-21.356197540043816,607.6702013529017,1096.727125019905,1704.3973263728067,2290.0,28,2011-03-01
hw_expanding,84991,41.534579519082044,74.54924529066007,-7.037259117306342,-12.630977902857536,482.96248562486,680.0057409094376,1162.9682265342972,1560.0,28,2011-03-01
hw_expanding,84992,57.22747168095197,136.9546330826201,14.401088964648276,34.46414453078219,1002.7998490384036,599.5693580282518,1602.3692070666552,1170.0,28,2011-03-01
hw_expanding,85099B,126.51374088976922,81.50908294784948,-50.19113728142241,-32.336673812237166,1068.5164505168555,2473.868294396683,3542.3847449135383,4346.0,28,2011-03-01
hw_expanding,85123A,41.21680535133508,69.10602094834624,30.071991909665776,50.42010619584681,998.043161654012,156.02738818337025,1154.0705498373823,1670.0,28,2011-03-01
seasonal_naive,15036,66.75,98.83659439450027,-43.82142857142857,-64.88630354309889,321.0,1548.0,1869.0,1891.0,28,2011-03-01
seasonal_naive,17003,94.28571428571429,100.0,-94.28571428571429,-100.0,0.0,2640.0,2640.0,2640.0,28,2011-03-01
seasonal_naive,20725,37.392857142857146,100.19138755980862,1.1071428571428572,2.9665071770334928,539.0,508.0,1047.0,1045.0,28,2011-03-01
seasonal_naive,21212,100.32142857142857,85.66636169563891,-6.392857142857143,-5.4589813967673075,1315.0,1494.0,2809.0,3279.0,28,2011-03-01
seasonal_naive,21213,40.392857142857146,113.89728096676737,-9.892857142857142,-27.895266868076536,427.0,704.0,1131.0,993.0,28,2011-03-01
seasonal_naive,21232,57.785714285714285,159.56607495069034,40.07142857142857,110.6508875739645,1370.0,248.0,1618.0,1014.0,28,2011-03-01
seasonal_naive,21977,80.46428571428571,92.07192480588476,-39.67857142857143,-45.40253371475276,571.0,1682.0,2253.0,2447.0,28,2011-03-01
seasonal_naive,21980,18.928571428571427,212.0,12.5,140.0,440.0,90.0,530.0,250.0,28,2011-03-01
seasonal_naive,21981,43.857142857142854,101.65562913907284,-40.857142857142854,-94.70198675496688,42.0,1186.0,1228.0,1208.0,28,2011-03-01
seasonal_naive,21982,15.75,147.49163879598663,-2.107142857142857,-19.732441471571907,191.0,250.0,441.0,299.0,28,2011-03-01
seasonal_naive,21984,19.5,100.36764705882354,-15.857142857142858,-81.61764705882354,51.0,495.0,546.0,544.0,28,2011-03-01
seasonal_naive,22197,181.71428571428572,257.2295247724975,119.64285714285714,169.36299292214358,4219.0,869.0,5088.0,1978.0,28,2011-03-01
seasonal_naive,84077,130.28571428571428,100.0,-102.85714285714286,-78.94736842105263,384.0,3264.0,3648.0,3648.0,28,2011-03-01
seasonal_naive,84347,1.2857142857142858,450.0,0.8571428571428571,300.0,30.0,6.0,36.0,8.0,28,2011-03-01
seasonal_naive,84755,49.357142857142854,132.37547892720306,12.571428571428571,33.71647509578544,867.0,515.0,1382.0,1044.0,28,2011-03-01
seasonal_naive,84879,69.57142857142857,85.06550218340611,-37.785714285714285,-46.200873362445414,445.0,1503.0,1948.0,2290.0,28,2011-03-01
seasonal_naive,84991,47.42857142857143,85.12820512820512,-26.285714285714285,-47.17948717948718,296.0,1032.0,1328.0,1560.0,28,2011-03-01
seasonal_naive,84992,51.07142857142857,122.22222222222223,-6.357142857142857,-15.213675213675213,626.0,804.0,1430.0,1170.0,28,2011-03-01
seasonal_naive,85099B,139.21428571428572,89.69167050161067,-42.07142857142857,-27.105384261389784,1360.0,2538.0,3898.0,4346.0,28,2011-03-01
seasonal_naive,85123A,24.285714285714285,40.7185628742515,-0.35714285714285715,-0.5988023952095808,335.0,345.0,680.0,1670.0,28,2011-03-01
weekday_mean_4w,15036,101.28571428571429,149.97355896351138,13.178571428571429,19.513484928609202,1602.5,1233.5,2836.0,1891.0,28,2011-03-01
weekday_mean_4w,17003,96.25,102.08333333333333,-80.07142857142857,-84.92424242424242,226.5,2468.5,2695.0,2640.0,28,2011-03-01
weekday_mean_4w,20725,33.714285714285715,90.33492822966507,4.035714285714286,10.813397129186603,528.5,415.5,944.0,1045.0,28,2011-03-01
weekday_mean_4w,21212,88.57142857142857,75.63281488258616,-42.285714285714285,-36.10856968587984,648.0,1832.0,2480.0,3279.0,28,2011-03-01
weekday_mean_4w,21213,30.642857142857142,86.404833836858,-17.035714285714285,-48.036253776435046,190.5,667.5,858.0,993.0,28,2011-03-01
weekday_mean_4w,21232,28.339285714285715,78.25443786982248,-2.2142857142857144,-6.11439842209073,365.75,427.75,793.5,1014.0,28,2011-03-01
weekday_mean_4w,21977,75.33928571428571,86.20760114425828,-32.392857142857146,-37.06579485083776,601.25,1508.25,2109.5,2447.0,28,2011-03-01
weekday_mean_4w,21980,30.285714285714285,339.2,26.178571428571427,293.2,790.5,57.5,848.0,250.0,28,2011-03-01
weekday_mean_4w,21981,45.125,104.59437086092716,-22.714285714285715,-52.64900662251656,313.75,949.75,1263.5,1208.0,28,2011-03-01
weekday_mean_4w,21982,58.80357142857143,550.6688963210702,41.107142857142854,384.94983277591973,1398.75,247.75,1646.5,299.0,28,2011-03-01
weekday_mean_4w,21984,29.553571428571427,152.1139705882353,3.5,18.014705882352942,462.75,364.75,827.5,544.0,28,2011-03-01
weekday_mean_4w,22197,88.76785714285714,125.6572295247725,24.571428571428573,34.78260869565217,1586.75,898.75,2485.5,1978.0,28,2011-03-01
weekday_mean_4w,84077,186.625,143.24287280701753,-4.642857142857143,-3.56359649122807,2547.75,2677.75,5225.5,3648.0,28,2011-03-01
weekday_mean_4w,84347,1.0535714285714286,368.75,0.8214285714285714,287.5,26.25,3.25,29.5,8.0,28,2011-03-01
weekday_mean_4w,84755,32.482142857142854,87.11685823754789,-9.392857142857142,-25.191570881226053,323.25,586.25,909.5,1044.0,28,2011-03-01
weekday_mean_4w,84879,54.285714285714285,66.37554585152839,-22.25,-27.20524017467249,448.5,1071.5,1520.0,2290.0,28,2011-03-01
weekday_mean_4w,84991,46.232142857142854,82.98076923076923,-29.892857142857142,-53.65384615384615,228.75,1065.75,1294.5,1560.0,28,2011-03-01
weekday_mean_4w,84992,52.94642857142857,126.7094017094017,-9.035714285714286,-21.623931623931625,614.75,867.75,1482.5,1170.0,28,2011-03-01
weekday_mean_4w,85099B,126.26785714285714,81.35066728025771,-45.214285714285715,-29.1302346985734,1134.75,2400.75,3535.5,4346.0,28,2011-03-01
weekday_mean_4w,85123A,27.464285714285715,46.047904191616766,7.392857142857143,12.395209580838323,488.0,281.0,769.0,1670.0,28,2011-03-01
weekday_mean_8w,15036,84.52678571428571,125.15864621893178,-9.732142857142858,-14.410364886303544,1047.125,1319.625,2366.75,1891.0,28,2011-03-01
weekday_mean_8w,17003,108.24107142857143,114.80113636363636,-30.375,-32.21590909090909,1090.125,1940.625,3030.75,2640.0,28,2011-03-01
weekday_mean_8w,20725,39.11607142857143,104.80861244019138,11.714285714285714,31.38755980861244,711.625,383.625,1095.25,1045.0,28,2011-03-01
weekday_mean_8w,21212,86.38392857142857,73.76486733760292,-18.785714285714285,-16.041476059774322,946.375,1472.375,2418.75,3279.0,28,2011-03-01
weekday_mean_8w,21213,27.6875,78.07150050352467,-12.071428571428571,-34.03826787512588,218.625,556.625,775.25,993.0,28,2011-03-01
weekday_mean_8w,21232,29.919642857142858,82.61834319526628,-7.464285714285714,-20.611439842209073,314.375,523.375,837.75,1014.0,28,2011-03-01
weekday_mean_8w,21977,71.27678571428571,81.55905190028606,-46.357142857142854,-53.04454434000817,348.875,1646.875,1995.75,2447.0,28,2011-03-01
weekday_mean_8w,21980,20.419642857142858,228.7,17.178571428571427,192.4,526.375,45.375,571.75,250.0,28,2011-03-01
weekday_mean_8w,21981,42.098214285714285,97.57864238410596,-25.392857142857142,-58.85761589403973,233.875,944.875,1178.75,1208.0,28,2011-03-01
weekday_mean_8w,21982,36.642857142857146,343.1438127090301,22.107142857142858,207.02341137123747,822.5,203.5,1026.0,299.0,28,2011-03-01
weekday_mean_8w,21984,24.089285714285715,123.98897058823529,-7.017857142857143,-36.12132352941177,239.0,435.5,674.5,544.0,28,2011-03-01
weekday_mean_8w,22197,67.57142857142857,95.65217391304348,9.535714285714286,13.498483316481295,1079.5,812.5,1892.0,1978.0,28,2011-03-01
weekday_mean_8w,84077,140.40178571428572,107.76452850877193,-40.82142857142857,-31.332236842105264,1394.125,2537.125,3931.25,3648.0,28,2011-03-01
weekday_mean_8w,84347,1.0982142857142858,384.375,0.9642857142857143,337.5,28.875,1.875,30.75,8.0,28,2011-03-01
weekday_mean_8w,84755,30.991071428571427,83.11781609195403,-12.696428571428571,-34.05172413793103,256.125,611.625,867.75,1044.0,28,2011-03-01
weekday_mean_8w,84879,47.464285714285715,58.03493449781659,-20.392857142857142,-24.934497816593886,379.0,950.0,1329.0,2290.0,28,2011-03-01
weekday_mean_8w,84991,39.9375,71.6826923076923,-22.553571428571427,-40.48076923076923,243.375,874.875,1118.25,1560.0,28,2011-03-01
weekday_mean_8w,84992,50.19642857142857,120.12820512820512,-0.17857142857142858,-0.42735042735042733,700.25,705.25,1405.5,1170.0,28,2011-03-01
weekday_mean_8w,85099B,130.34821428571428,83.97952139898757,-51.160714285714285,-32.96134376438104,1108.625,2541.125,3649.75,4346.0,28,2011-03-01
weekday_mean_8w,85123A,82.98214285714286,139.1317365269461,72.82142857142857,122.09580838323353,2181.25,142.25,2323.5,1670.0,28,2011-03-01
hw_182d,15036,147.6154568522168,89.03991365493474,-98.37192510471321,-59.336792394053646,689.40944446505,3443.82334739702,4133.23279186207,4642.0,28,2011-05-01
hw_182d,17003,114.01484691395258,146.91282621218005,-9.290360758616314,-11.971012482340395,1466.1428061747079,1726.2729074159645,3192.415713590672,2173.0,28,2011-05-01
hw_182d,20725,51.1208863718739,62.09912444305723,-38.453233071300545,-46.71108572652561,177.3471462080269,1254.0376722044425,1431.3848184124693,2305.0,28,2011-05-01
hw_182d,21212,113.9804523713195,93.70090036397374,1.780068534594868,1.4633563995495098,1620.6472926828014,1570.805373714145,3191.452666396946,3406.0,28,2011-05-01
hw_182d,21213,31.53062869973375,117.08986785047017,18.687320901643695,69.39588663740365,703.0512944192844,179.80630917326084,882.857603592545,754.0,28,2011-05-01
hw_182d,21232,18.84386382379018,62.14701850013252,0.6376081239389403,2.1028300907291317,272.74060726820767,254.8875797979174,527.6281870661251,849.0,28,2011-05-01
hw_182d,21977,147.78853986300905,102.14957087544443,-76.56867917528378,-52.92330330555284,997.0780496281543,3141.0010665360996,4138.079116164254,4051.0,28,2011-05-01
hw_182d,21980,34.04507217812041,95.0410788621507,-13.035947650843983,-36.391478985406934,294.12774338187,659.1342776055016,953.2620209873714,1003.0,28,2011-05-01
hw_182d,21981,29.2912309133697,120.96673533545007,-4.104400110057319,-16.95032493828981,352.6156312463733,467.5388343279783,820.1544655743515,678.0,28,2011-05-01
hw_182d,21982,38.047360577292615,128.66257200050643,4.528126205311614,15.312504075932996,596.0568149564591,469.26928120773397,1065.3260961641931,828.0,28,2011-05-01
hw_182d,21984,14.590673678289876,238.91161578486347,5.63461806581539,92.26275195487189,283.15408441747377,125.38477857464284,408.53886299211655,171.0,28,2011-05-01
hw_182d,22197,228.30738006554006,94.21675227465177,-174.72101284887066,-72.1029971962915,750.2091410333722,5642.39750080175,6392.606641835122,6785.0,28,2011-05-01
hw_182d,84077,169.54897121633408,126.6303332637331,140.88896625320402,105.22515484368398,4346.131124573533,401.24006948382004,4747.371194057354,3749.0,28,2011-05-01
hw_182d,84347,45.76364594119192,2669.5460132361954,42.335074512620494,2469.5460132361954,1233.3820863533738,48.0,1281.3820863533738,48.0,28,2011-05-01
hw_182d,84755,72.89798718619022,70.43283786105336,-47.27037106788503,-45.671856104236745,358.78662565627246,1682.3570155570533,2041.1436412133262,2898.0,28,2011-05-01
hw_182d,84879,65.47733410926504,62.87261162755216,-31.167928781862788,-29.92805232826331,480.3316745836316,1353.0336804757894,1833.365355059421,2916.0,28,2011-05-01
hw_182d,84991,44.26658729290081,92.42837018651922,7.926137593529674,16.549728010352787,730.6981484100269,508.76629579119606,1239.4644442012227,1341.0,28,2011-05-01
hw_182d,84992,48.041958116056904,220.1595461946961,29.315266359675075,134.34164616545044,1083.0011426602475,262.1736845893457,1345.1748272495934,611.0,28,2011-05-01
hw_182d,85099B,81.59261827726883,63.815455635852715,-32.09698481803021,-25.103787008515248,692.9388684293407,1591.6544433341865,2284.5933117635273,3580.0,28,2011-05-01
hw_182d,85123A,85.66587672133127,62.43218501294314,-23.70086954589035,-17.272887748176203,867.5101004561727,1531.1344477411026,2398.6445481972755,3842.0,28,2011-05-01
hw_365d,15036,147.35758179221264,88.88436644080039,-85.66186959982488,-51.670235863746164,863.7399706934287,3262.2723194885257,4126.012290181954,4642.0,28,2011-05-01
hw_365d,17003,140.6052821766179,181.1756972363231,54.29565957397756,69.96219365261719,2728.6131845083364,1208.3347164369652,3936.947900945301,2173.0,28,2011-05-01
hw_365d,20725,51.426653018110656,62.47055464239038,-37.43287503099847,-45.47160524372916,195.91289181957063,1244.0333926875278,1439.9462845070984,2305.0,28,2011-05-01
hw_365d,21212,118.22294559501293,97.18856361304645,21.09247904355961,17.339677428645597,1950.4159449400156,1359.8265317203466,3310.242476660362,3406.0,28,2011-05-01
hw_365d,21213,36.152739544953555,134.25420520672407,25.39901166344944,94.31993721174858,861.7245169176418,150.55219034105758,1012.2767072586995,754.0,28,2011-05-01
hw_365d,21232,21.65857869692558,71.42994152107376,4.001091861463526,13.195591533684187,359.2353878174475,247.20481569646876,606.4402035139162,849.0,28,2011-05-01
hw_365d,21977,154.72009088734777,106.94057133660176,-63.38761395040631,-43.81271761568444,1278.6546771171804,3053.5078677285574,4332.162544845737,4051.0,28,2011-05-01
hw_365d,21980,34.42718399550596,96.10779181198076,-11.901066089752709,-33.22331510598962,315.36565068054546,648.5955011936214,963.961151874167,1003.0,28,2011-05-01
hw_365d,21981,28.60022396579103,118.11301932775058,-5.667514693731822,-23.40566540184233,321.05792980882904,479.74834123331993,800.8062710421489,678.0,28,2011-05-01
hw_365d,21982,44.671583402279126,151.06332551495356,6.874216904376559,23.24614412108015,721.6412042931796,529.163130970636,1250.8043352638156,828.0,28,2011-05-01
hw_365d,21984,14.41074634415086,235.96543721416612,7.85440734351219,128.6101787241762,311.7121516272827,91.78874600894136,403.50089763622407,171.0,28,2011-05-01
hw_365d,22197,213.14469915818546,87.95949265186725,-177.9733878344588,-73.44517110338757,492.3983585321738,5475.653217897019,5968.051576429193,6785.0,28,2011-05-01
hw_365d,84077,118.21711991755922,88.2923274924422,52.90765486652383,39.51491961223439,2395.7468469771625,914.3325107144955,3310.079357691658,3749.0,28,2011-05-01
hw_365d,84347,36.85119505537288,2149.653044896751,33.422623626801446,1949.6530448967512,983.8334615504406,48.0,1031.8334615504405,48.0,28,2011-05-01
hw_365d,84755,68.70145196241148,66.37821445643623,-50.37312061068479,-48.66968174945391,256.5966389241738,1667.044016023348,1923.6406549475216,2898.0,28,2011-05-01
hw_365d,84879,61.70111652122479,59.2466139435629,-24.86347522923621,-23.874393224232307,515.72697808784,1211.9042845064541,1727.6312625942942,2916.0,28,2011-05-01
hw_365d,84991,51.05651189319171,106.60569224529216,20.559291229391928,42.927677436463384,1002.621243716171,426.96108929319706,1429.5823330093679,1341.0,28,2011-05-01
hw_365d,84992,46.66548523839092,213.85165084696328,28.477400086815752,130.5019971245239,1052.0003945528933,254.63319212205246,1306.6335866749457,611.0,28,2011-05-01
hw_365d,85099B,77.15467826181694,60.344441098627776,-21.20423528475026,-16.584318099804673,783.3062016789336,1377.0247896519406,2160.3309913308744,3580.0,28,2011-05-01
hw_365d,85123A,80.52296790695561,58.68409946368446,1.2374422789902104,0.9018319576191018,1144.6457426032414,1109.9973587915158,2254.643101394757,3842.0,28,2011-05-01
hw_expanding,15036,146.7535141952291,88.51999994542038,-84.1902309461226,-50.78256067409377,875.8859654874904,3233.212431978923,4109.098397466414,4642.0,28,2011-05-01
hw_expanding,17003,119.82854361540606,154.40401386246526,17.801196079237183,22.937574331276625,1926.8163557250055,1428.3828655063646,3355.19922123137,2173.0,28,2011-05-01
hw_expanding,20725,52.036419171789525,63.21126840824757,-38.11699440687496,-46.30263962657262,194.8719467088038,1262.147790101303,1457.0197368101067,2305.0,28,2011-05-01
hw_expanding,21212,107.43076242081945,88.31653986444347,1.2957085313497356,1.0651743651730063,1522.1705933303685,1485.890754452576,3008.0613477829447,3406.0,28,2011-05-01
hw_expanding,21213,34.81130997832354,129.2727691502731,24.379949217714145,90.53562043713475,828.6776287445275,146.0390506485315,974.7166793930592,754.0,28,2011-05-01
hw_expanding,21232,22.95532991669949,75.70662398911492,3.940842590506501,12.996889579997882,376.54641510088385,266.2028225667019,642.7492376675857,849.0,28,2011-05-01
hw_expanding,21977,151.64191584788477,104.81297565393172,-68.96163926664995,-47.66541346497652,1157.5238721372882,3088.4497716034875,4245.973643740774,4051.0,28,2011-05-01
hw_expanding,21980,44.787851410519956,125.03089127562899,-10.267658411628572,-28.66345319298106,483.2827019844792,770.7771375100791,1254.0598394945587,1003.0,28,2011-05-01
hw_expanding,21981,53.692102288533306,221.73729558686324,19.635824259493056,81.09189959672649,1026.590971672369,476.78789240656357,1503.3788640789326,678.0,28,2011-05-01
hw_expanding,21982,61.6989346038268,208.6437402061776,26.63123600092245,90.05731980988267,1236.6223884664894,490.94778044066095,1727.5701689071504,828.0,28,2011-05-01
hw_expanding,21984,47.748082716057226,781.8399509062001,39.10522557320008,640.3194830699429,1215.9463160496023,121.0,1336.9463160496023,171.0,28,2011-05-01
hw_expanding,22197,210.60284783690787,86.91053411103053,-178.43789501792753,-73.63686161388314,450.3093394657246,5446.570399967696,5896.879739433421,6785.0,28,2011-05-01
hw_expanding,84077,114.05635159713718,85.18479180367673,31.61566740777355,23.61266170759294,2039.4082660687502,1154.169578651091,3193.577844719841,3749.0,28,2011-05-01
hw_expanding,84347,66.76561362560582,3894.6607948270066,65.46972189450828,3819.0671105129836,1851.2946972815973,18.142484235365465,1869.4371815169632,48.0,28,2011-05-01
hw_expanding,84755,70.21588327222014,67.84143311325617,-48.97419228629955,-47.318060179999556,297.3836738028882,1668.6610578192758,1966.044731622164,2898.0,28,2011-05-01
hw_expanding,84879,62.56646873238738,60.07754199269021,-28.69371780619042,-27.552266754915355,474.2185129667574,1277.642611540089,1751.8611245068466,2916.0,28,2011-05-01
hw_expanding,84991,58.93450599474014,123.05489693159761,36.96976075166374,77.19263989907418,1342.6597344496543,307.5064334030695,1650.166167852724,1341.0,28,2011-05-01
hw_expanding,84992,49.43726912925372,226.55377015042623,32.24893263161171,147.78561598774596,1143.606824652116,240.63671096698812,1384.2435356191043,611.0,28,2011-05-01
hw_expanding,85099B,76.31252516610608,59.68577387293213,-15.320860869359441,-11.98279621067219,853.883300154453,1282.867404496517,2136.7507046509704,3580.0,28,2011-05-01
hw_expanding,85123A,79.58129805470243,57.997822632266214,6.221077543857843,4.533841000208735,1201.2332583798438,1027.0430871518242,2228.276345531668,3842.0,28,2011-05-01
seasonal_naive,15036,159.57142857142858,96.2516156828953,-55.92857142857143,-33.73545885394227,1451.0,3017.0,4468.0,4642.0,28,2011-05-01
seasonal_naive,17003,89.53571428571429,115.37045559134836,-39.464285714285715,-50.851357570179474,701.0,1806.0,2507.0,2173.0,28,2011-05-01
seasonal_naive,20725,68.75,83.51409978308025,-60.32142857142857,-73.27548806941432,118.0,1807.0,1925.0,2305.0,28,2011-05-01
seasonal_naive,21212,105.64285714285714,86.84674104521433,-80.07142857142857,-65.82501467997652,358.0,2600.0,2958.0,3406.0,28,2011-05-01
seasonal_naive,21213,34.07142857142857,126.52519893899205,-5.214285714285714,-19.363395225464192,404.0,550.0,954.0,754.0,28,2011-05-01
seasonal_naive,21232,32.892857142857146,108.48056537102474,0.25,0.8244994110718492,464.0,457.0,921.0,849.0,28,2011-05-01
seasonal_naive,21977,146.75,101.4317452480869,-108.25,-74.82103184398913,539.0,3570.0,4109.0,4051.0,28,2011-05-01
seasonal_naive,21980,43.32142857142857,120.93718843469591,-15.25,-42.57228315054836,393.0,820.0,1213.0,1003.0,28,2011-05-01
seasonal_naive,21981,34.42857142857143,142.18289085545723,-1.9285714285714286,-7.964601769911504,455.0,509.0,964.0,678.0,28,2011-05-01
seasonal_naive,21982,35.357142857142854,119.56521739130434,-12.428571428571429,-42.028985507246375,321.0,669.0,990.0,828.0,28,2011-05-01
seasonal_naive,21984,9.535714285714286,156.140350877193,-2.6785714285714284,-43.85964912280702,96.0,171.0,267.0,171.0,28,2011-05-01
seasonal_naive,22197,227.39285714285714,93.83935151068533,-226.60714285714286,-93.51510685335299,11.0,6356.0,6367.0,6785.0,28,2011-05-01
seasonal_naive,84077,335.82142857142856,250.81355028007468,236.39285714285714,176.55374766604427,8011.0,1392.0,9403.0,3749.0,28,2011-05-01
seasonal_naive,84347,1.7142857142857142,100.0,-1.7142857142857142,-100.0,0.0,48.0,48.0,48.0,28,2011-05-01
seasonal_naive,84755,74.21428571428571,71.70462387853692,-60.92857142857143,-58.86818495514148,186.0,1892.0,2078.0,2898.0,28,2011-05-01
seasonal_naive,84879,76.92857142857143,73.86831275720165,-66.57142857142857,-63.92318244170096,145.0,2009.0,2154.0,2916.0,28,2011-05-01
seasonal_naive,84991,40.035714285714285,83.59433258762118,-16.178571428571427,-33.78076062639821,334.0,787.0,1121.0,1341.0,28,2011-05-01
seasonal_naive,84992,23.107142857142858,105.89198036006546,-15.678571428571429,-71.8494271685761,104.0,543.0,647.0,611.0,28,2011-05-01
seasonal_naive,85099B,101.71428571428571,79.55307262569832,-86.42857142857143,-67.59776536312849,214.0,2634.0,2848.0,3580.0,28,2011-05-01
seasonal_naive,85123A,90.57142857142857,66.00728787090057,-85.35714285714286,-62.20718375845914,73.0,2463.0,2536.0,3842.0,28,2011-05-01
weekday_mean_4w,15036,143.60714285714286,86.62214562688496,-96.0,-57.906074967686344,666.5,3354.5,4021.0,4642.0,28,2011-05-01
weekday_mean_4w,17003,82.98214285714286,106.92590888173032,-59.392857142857146,-76.53014265991716,330.25,1993.25,2323.5,2173.0,28,2011-05-01
weekday_mean_4w,20725,57.607142857142854,69.97830802603036,-43.57142857142857,-52.928416485900215,196.5,1416.5,1613.0,2305.0,28,2011-05-01
weekday_mean_4w,21212,123.55357142857143,101.57075748678803,-14.857142857142858,-12.213740458015268,1521.75,1937.75,3459.5,3406.0,28,2011-05-01
weekday_mean_4w,21213,62.214285714285715,231.0344827586207,34.857142857142854,129.44297082228115,1359.0,383.0,1742.0,754.0,28,2011-05-01
weekday_mean_4w,21232,20.321428571428573,67.02002355712602,-3.9642857142857144,-13.074204946996467,229.0,340.0,569.0,849.0,28,2011-05-01
weekday_mean_4w,21977,179.03571428571428,123.74722290792397,-55.5,-38.36089854356949,1729.5,3283.5,5013.0,4051.0,28,2011-05-01
weekday_mean_4w,21980,32.875,91.77467597208374,-16.0,-44.66600199401795,236.25,684.25,920.5,1003.0,28,2011-05-01
weekday_mean_4w,21981,27.125,112.02064896755162,-10.5,-43.36283185840708,232.75,526.75,759.5,678.0,28,2011-05-01
weekday_mean_4w,21982,58.214285714285715,196.8599033816425,14.678571428571429,49.63768115942029,1020.5,609.5,1630.0,828.0,28,2011-05-01
weekday_mean_4w,21984,8.517857142857142,139.47368421052633,-2.142857142857143,-35.08771929824562,89.25,149.25,238.5,171.0,28,2011-05-01
weekday_mean_4w,22197,240.67857142857142,99.32203389830508,-180.42857142857142,-74.45836403831983,843.5,5895.5,6739.0,6785.0,28,2011-05-01
weekday_mean_4w,84077,198.98214285714286,148.61296345692185,149.5,111.65644171779141,4878.75,692.75,5571.5,3749.0,28,2011-05-01
weekday_mean_4w,84347,1.9285714285714286,112.5,-1.5,-87.5,6.0,48.0,54.0,48.0,28,2011-05-01
weekday_mean_4w,84755,72.35714285714286,69.91028295376121,-40.07142857142857,-38.71635610766045,452.0,1574.0,2026.0,2898.0,28,2011-05-01
weekday_mean_4w,84879,64.91071428571429,62.32853223593964,-16.892857142857142,-16.22085048010974,672.25,1145.25,1817.5,2916.0,28,2011-05-01
weekday_mean_4w,84991,66.44642857142857,138.73974645786726,29.25,61.07382550335571,1339.75,520.75,1860.5,1341.0,28,2011-05-01
weekday_mean_4w,84992,41.535714285714285,190.34369885433716,7.285714285714286,33.387888707037646,683.5,479.5,1163.0,611.0,28,2011-05-01
weekday_mean_4w,85099B,80.58928571428571,63.03072625698324,-40.714285714285715,-31.843575418994412,558.25,1698.25,2256.5,3580.0,28,2011-05-01
weekday_mean_4w,85123A,127.39285714285714,92.84226965122332,-4.714285714285714,-3.435710567412806,1717.5,1849.5,3567.0,3842.0,28,2011-05-01
weekday_mean_8w,15036,149.48214285714286,90.16587677725119,-76.19642857142857,-45.96079276174063,1026.0,3159.5,4185.5,4642.0,28,2011-05-01
weekday_mean_8w,17003,109.50892857142857,141.1067648412333,-10.428571428571429,-13.437643810400369,1387.125,1679.125,3066.25,2173.0,28,2011-05-01
weekday_mean_8w,20725,51.9375,63.09110629067245,-38.17857142857143,-46.377440347071584,192.625,1261.625,1454.25,2305.0,28,2011-05-01
weekday_mean_8w,21212,120.25892857142857,98.86230182031709,-5.035714285714286,-4.139753376394598,1613.125,1754.125,3367.25,3406.0,28,2011-05-01
weekday_mean_8w,21213,43.80357142857143,162.6657824933687,25.964285714285715,96.41909814323607,976.75,249.75,1226.5,754.0,28,2011-05-01
weekday_mean_8w,21232,20.428571428571427,67.37338044758539,3.3214285714285716,10.954063604240282,332.5,239.5,572.0,849.0,28,2011-05-01
weekday_mean_8w,21977,165.96428571428572,114.71241668723772,-53.714285714285715,-37.126635398667,1571.5,3075.5,4647.0,4051.0,28,2011-05-01
weekday_mean_8w,21980,31.339285714285715,87.4875373878365,-18.160714285714285,-50.69790628115653,184.5,693.0,877.5,1003.0,28,2011-05-01
weekday_mean_8w,21981,33.63392857142857,138.90117994100294,-4.357142857142857,-17.99410029498525,409.875,531.875,941.75,678.0,28,2011-05-01
weekday_mean_8w,21982,41.848214285714285,141.5157004830918,0.19642857142857142,0.6642512077294686,588.625,583.125,1171.75,828.0,28,2011-05-01
weekday_mean_8w,21984,8.339285714285714,136.54970760233917,-1.6607142857142858,-27.19298245614035,93.5,140.0,233.5,171.0,28,2011-05-01
weekday_mean_8w,22197,223.0,92.0265291083272,-164.98214285714286,-68.0840088430361,812.25,5431.75,6244.0,6785.0,28,2011-05-01
weekday_mean_8w,84077,130.64285714285714,97.57268604961322,88.375,66.00426780474794,3066.25,591.75,3658.0,3749.0,28,2011-05-01
weekday_mean_8w,84347,2.0,116.66666666666667,-1.4285714285714286,-83.33333333333333,8.0,48.0,56.0,48.0,28,2011-05-01
weekday_mean_8w,84755,69.5,67.14975845410628,-52.714285714285715,-50.93167701863354,235.0,1711.0,1946.0,2898.0,28,2011-05-01
weekday_mean_8w,84879,66.08928571428571,63.460219478738,-13.571428571428571,-13.031550068587105,735.25,1115.25,1850.5,2916.0,28,2011-05-01
weekday_mean_8w,84991,59.50892857142857,124.25428784489188,28.375,59.24683072334079,1230.375,435.875,1666.25,1341.0,28,2011-05-01
weekday_mean_8w,84992,45.267857142857146,207.4468085106383,17.982142857142858,82.40589198036007,885.5,382.0,1267.5,611.0,28,2011-05-01
weekday_mean_8w,85099B,85.5625,66.92039106145252,1.0892857142857142,0.8519553072625698,1213.125,1182.625,2395.75,3580.0,28,2011-05-01
weekday_mean_8w,85123A,91.80357142857143,66.90525767829256,-37.232142857142854,-27.13430504945341,764.0,1806.5,2570.5,3842.0,28,2011-05-01
hw_182d,15036,140.32714733525162,137.28721612114066,-12.450284454397872,-12.18057179326137,1790.2760803319527,2138.8840450550933,3929.160125387046,2862.0,28,2011-07-01
hw_182d,17003,98.14304435358099,152.3284502162011,5.26409456237189,8.170435019202491,1447.6999448233405,1300.3052970769274,2748.0052419002677,1804.0,28,2011-07-01
hw_182d,20725,40.4698028733268,68.38590708830118,-7.700604342349268,-13.012487723945657,458.7687794336854,674.3857010194649,1133.1544804531504,1657.0,28,2011-07-01
hw_182d,21212,80.34604239375726,102.16572148161687,19.719309971392374,25.07450859214289,1400.914933112095,848.7742539131083,2249.6891870252034,2202.0,28,2011-07-01
hw_182d,21213,43.42933578744458,112.38645120595639,-3.027633064425519,-7.83490996339321,565.6238381222668,650.3975639261813,1216.0214020484482,1082.0,28,2011-07-01
hw_182d,21232,21.126376845590734,116.67427054764114,10.008237629225501,55.272318267912034,435.8846026474273,155.65394902911328,591.5385516765406,507.0,28,2011-07-01
hw_182d,21977,84.69369270159918,114.72778885557702,-1.8417103283286258,-2.4948180548234893,1159.9277532257877,1211.4956424189888,2371.423395644777,2067.0,28,2011-07-01
hw_182d,21980,19.884630141878056,116.96841259928267,3.274763634080961,19.263315494593886,324.23151286342625,232.53813110915937,556.7696439725855,476.0,28,2011-07-01
hw_182d,21981,15.958698907577803,170.55098069167119,9.269255134327382,99.06074189357508,353.1913565866726,93.6522128255059,446.8435694121785,262.0,28,2011-07-01
hw_182d,21982,24.571133452381186,280.81295374149926,16.51890630660481,188.7875006469121,575.2605566258039,112.7311800408693,687.9917366666732,245.0,28,2011-07-01
hw_182d,21984,14.252752627491587,136.20377937534622,-0.7829828463656737,-7.482429931139543,188.5767769357628,210.50029663400167,399.0770735697644,293.0,28,2011-07-01
hw_182d,22197,61.647716620763326,108.83581748936778,42.840063419383306,75.63189002160988,1462.8289205620529,263.30714481932023,1726.136065381373,1586.0,28,2011-07-01
hw_182d,84077,108.9199986155322,83.19039719680582,13.069967873147606,9.982517742720484,1707.8595308415174,1341.9004303933843,3049.7599612349013,3666.0,28,2011-07-01
hw_182d,84347,5.175827233525221,113.22122073336422,-3.7252740235163886,-81.490369264421,20.30774494012366,124.61541759858254,144.9231625387062,128.0,28,2011-07-01
hw_182d,84755,45.26621007305042,77.4727311763699,15.070808038026389,25.79355898928722,844.7182535550752,422.73562849033635,1267.4538820454118,1636.0,28,2011-07-01
hw_182d,84879,30.463379956124182,52.36185627817539,7.22007327478996,12.41019347416322,527.5683452327979,325.40629353867917,852.9746387714771,1629.0,28,2011-07-01
hw_182d,84991,47.14373051039695,109.18316412664305,2.9203080774082273,6.76332722642104,700.8965402292727,619.1279140618423,1320.0244542911146,1209.0,28,2011-07-01
hw_182d,84992,75.00270653094319,113.4562821645818,-34.03024544925592,-51.47741072820993,573.6144551436213,1526.4613277227875,2100.075782866409,1851.0,28,2011-07-01
hw_182d,85099B,80.84334584064833,75.30318308510157,7.2861100417731235,6.7867957807600625,1233.8123823539008,1029.8013011842531,2263.613683538153,3006.0,28,2011-07-01
hw_182d,85123A,86.99767748527584,85.56146714393128,2.5751106435964846,2.5325991577345124,1254.0190338042123,1181.915935783511,2435.9349695877236,2847.0,28,2011-07-01
hw_365d,15036,143.17203402575402,140.07047354022058,2.1994679119571674,2.15182045893783,2035.2010271279566,1973.615925593156,4008.8169527211126,2862.0,28,2011-07-01
hw_365d,17003,112.11683961150568,174.01726768969837,25.21823810448954,39.14138951916337,1922.6910880239334,1216.580421098226,3139.271509122159,1804.0,28,2011-07-01
hw_365d,20725,40.20384603188928,67.936492992933,-4.75153485873832,-8.029147618869823,496.3323564241132,629.3753324687863,1125.7076888928998,1657.0,28,2011-07-01
hw_365d,21212,76.49280577651093,97.26605639156703,14.691901519390253,18.681800297135652,1276.5859021426165,865.2126595996897,2141.798561742306,2202.0,28,2011-07-01
hw_365d,21213,45.145846249861826,116.82843761516924,1.8176143269775398,4.703623027298624,657.4884480757511,606.5952469203802,1264.083694996131,1082.0,28,2011-07-01
hw_365d,21232,20.965365423095022,115.78505559105731,6.625849064732746,36.59246031805067,386.27700282958875,200.75322901707185,587.0302318466606,507.0,28,2011-07-01
hw_365d,21977,87.08755263259634,117.97055992804535,6.5820591714149765,8.916190459584875,1311.3745652561581,1127.0769084565388,2438.4514737126974,2067.0,28,2011-07-01
hw_365d,21980,21.453472958404014,126.19689975531773,6.656931717741188,39.15842186906582,393.5456654660328,207.1515773692795,600.6972428353124,476.0,28,2011-07-01
hw_365d,21981,14.832782596854697,158.51828729463034,7.217750715547998,77.13626718906258,308.70746637363777,106.61044633829381,415.3179127119315,262.0,28,2011-07-01
hw_365d,21982,23.013507012532443,263.0115087146565,18.88170848354937,215.7909540977071,586.5330169451454,57.84517940576299,644.3781963509084,245.0,28,2011-07-01
hw_365d,21984,14.373762948377111,137.36019199814305,1.4892725821298167,14.231956416257635,222.082497427097,180.38286512746214,402.46536255455914,293.0,28,2011-07-01
hw_365d,22197,80.67081944235822,142.42010998650883,60.1178019269447,106.13483316232356,1971.040699170241,287.74224521578947,2258.78294438603,1586.0,28,2011-07-01
hw_365d,84077,111.65448898808872,85.27893321512505,17.730801254678756,13.542346839361842,1811.3940633987445,1314.9316282677394,3126.325691666484,3666.0,28,2011-07-01
hw_365d,84347,27.6706623545322,605.2957390053919,27.242090925960774,595.9207390053919,768.7785459269016,6.0,774.7785459269016,128.0,28,2011-07-01
hw_365d,84755,48.192781773509566,82.48153359769363,15.806665463464201,27.052972675855603,895.9922613176328,453.4056283406351,1349.3978896582678,1636.0,28,2011-07-01
hw_365d,84879,36.1674765834501,62.16631948045445,1.1285299751571602,1.9397691408471753,522.1440918205017,490.5452525161013,1012.689344336603,1629.0,28,2011-07-01
hw_365d,84991,46.628140768956165,107.9890770496917,-1.3576580422139313,-3.1442866155492206,633.7867581743914,671.8011833563816,1305.5879415307727,1209.0,28,2011-07-01
hw_365d,84992,85.15003869167022,128.80610931208892,-20.709989014636665,-31.327914230676747,902.16069547847,1482.0403878882964,2384.201083366766,1851.0,28,2011-07-01
hw_365d,85099B,83.7632233316632,78.02296251784995,14.251309835070865,13.274673166400005,1372.2034643342772,973.1667889522928,2345.3702532865696,3006.0,28,2011-07-01
hw_365d,85123A,99.54694586887815,97.90356460585136,27.79190376565584,27.333098188913365,1782.7438948834754,1004.570589445112,2787.314484328588,2847.0,28,2011-07-01
hw_expanding,15036,139.14401636070926,136.12971551711598,0.19465716459346336,0.19044027283776988,1950.7414293542383,1945.2910287456211,3896.0324580998595,2862.0,28,2011-07-01
hw_expanding,17003,102.50715464890784,159.10201386748443,28.972065374201378,44.96772896217509,1840.7090803235292,1029.4912498458905,2870.2003301694194,1804.0,28,2011-07-01
hw_expanding,20725,40.74027142949437,68.84294508303212,-2.9446571893039746,-4.97588420642796,529.1385993626656,611.5890006631769,1140.7276000258423,1657.0,28,2011-07-01
hw_expanding,21212,76.7719486771396,97.62100649227561,21.068630226653422,26.79026550164831,1369.7681046531027,779.8464583068067,2149.614562959909,2202.0,28,2011-07-01
hw_expanding,21213,44.83377244108481,116.02085289744683,2.5819677237821597,6.681617030120191,663.8203623081376,591.5252660422369,1255.3456283503747,1082.0,28,2011-07-01
hw_expanding,21232,19.000872930910646,104.93578738964459,5.703893039044611,31.500789959220736,345.8667235793737,186.15771848612448,532.0244420654981,507.0,28,2011-07-01
hw_expanding,21977,86.32192423968344,116.93342422405111,3.204284149211999,4.3405881073021755,1253.366917444536,1163.6469612666,2417.0138787111364,2067.0,28,2011-07-01
hw_expanding,21980,18.721574032806238,110.12690607533081,5.655521038033673,33.267770811962784,341.2793309917588,182.92474192681595,524.2040729185746,476.0,28,2011-07-01
hw_expanding,21981,34.607244700229465,369.8484166436737,32.16245365884431,343.7208787968095,934.7757770270329,34.22707457939222,969.0028516064251,262.0,28,2011-07-01
hw_expanding,21982,35.81387282726355,409.3014037401549,24.675164762888393,282.0018830044388,846.8465262621273,155.94191290125215,1002.7884391633795,245.0,28,2011-07-01
hw_expanding,21984,16.595852125172605,158.59517389243445,5.37027567891664,51.32004061763342,307.5257892572494,157.1580702475835,464.683859504833,293.0,28,2011-07-01
hw_expanding,22197,81.2460659266987,143.43567755028775,61.47959785610421,108.53901260850682,1998.159292959241,276.73055298832327,2274.8898459475636,1586.0,28,2011-07-01
hw_expanding,84077,108.27441998464217,82.69732022831371,19.914270684070924,15.210026709055807,1794.641669361983,1237.042090207997,3031.683759569981,3666.0,28,2011-07-01
hw_expanding,84347,61.31099383395276,1341.1779901177165,60.88242240538133,1331.8029901177165,1710.7078273506772,6.0,1716.7078273506772,128.0,28,2011-07-01
hw_expanding,84755,52.89008099860824,90.52092102451287,16.118465571964993,27.58661589333862,966.1196519880252,514.8026159730055,1480.9222679610307,1636.0,28,2011-07-01
hw_expanding,84879,33.20149545952083,57.06825493349191,-3.212316510195078,-5.52147712004065,419.8485052905605,509.79336757602266,929.6418728665832,1629.0,28,2011-07-01
hw_expanding,84991,48.5127956585864,112.35386918448464,4.078047027747123,9.444608500985892,736.2717976086693,622.08648083175,1358.358278440419,1209.0,28,2011-07-01
hw_expanding,84992,78.18713829320096,118.27335884438827,-30.266310211659476,-45.78372155194302,670.8915931415806,1518.348279068046,2189.239872209627,1851.0,28,2011-07-01
hw_expanding,85099B,82.47761769861083,76.82545893416844,12.3347296508195,11.489435469825219,1327.3728628920244,982.0004326690784,2309.373295561103,3006.0,28,2011-07-01
hw_expanding,85123A,82.75613285142093,81.38994449735813,-0.4847513330972179,-0.476748764549424,1151.799341256532,1165.372378583254,2317.171719839786,2847.0,28,2011-07-01
seasonal_naive,15036,95.42857142857143,93.361285814116,-81.21428571428571,-79.45492662473795,199.0,2473.0,2672.0,2862.0,28,2011-07-01
seasonal_naive,17003,65.71428571428571,101.99556541019956,-57.0,-88.470066518847,122.0,1718.0,1840.0,1804.0,28,2011-07-01
seasonal_naive,20725,47.964285714285715,81.05009052504526,-16.464285714285715,-27.821363910681956,441.0,902.0,1343.0,1657.0,28,2011-07-01
seasonal_naive,21212,65.07142857142857,82.74296094459582,-64.21428571428571,-81.65304268846504,12.0,1810.0,1822.0,2202.0,28,2011-07-01
seasonal_naive,21213,36.285714285714285,93.90018484288355,-27.357142857142858,-70.79482439926063,125.0,891.0,1016.0,1082.0,28,2011-07-01
seasonal_naive,21232,26.75,147.73175542406312,7.178571428571429,39.64497041420118,475.0,274.0,749.0,507.0,28,2011-07-01
seasonal_naive,21977,65.46428571428571,88.67924528301887,-54.392857142857146,-73.68166424770199,155.0,1678.0,1833.0,2067.0,28,2011-07-01
seasonal_naive,21980,17.0,100.0,-16.142857142857142,-94.95798319327731,12.0,464.0,476.0,476.0,28,2011-07-01
seasonal_naive,21981,9.357142857142858,100.0,-9.214285714285714,-98.47328244274809,2.0,260.0,262.0,262.0,28,2011-07-01
seasonal_naive,21982,9.535714285714286,108.9795918367347,-6.892857142857143,-78.77551020408163,37.0,230.0,267.0,245.0,28,2011-07-01
seasonal_naive,21984,13.035714285714286,124.57337883959045,-5.321428571428571,-50.85324232081911,108.0,257.0,365.0,293.0,28,2011-07-01
seasonal_naive,22197,64.14285714285714,113.24085750315258,19.071428571428573,33.669609079445145,1165.0,631.0,1796.0,1586.0,28,2011-07-01
seasonal_naive,84077,105.5,80.57828696126569,-68.78571428571429,-52.53682487725041,514.0,2440.0,2954.0,3666.0,28,2011-07-01
seasonal_naive,84347,5.142857142857143,112.5,-4.0,-87.5,16.0,128.0,144.0,128.0,28,2011-07-01
seasonal_naive,84755,40.142857142857146,68.7041564792176,21.571428571428573,36.919315403422985,864.0,260.0,1124.0,1636.0,28,2011-07-01
seasonal_naive,84879,34.75,59.729895641497855,-10.75,-18.47759361571516,336.0,637.0,973.0,1629.0,28,2011-07-01
seasonal_naive,84991,44.035714285714285,101.98511166253101,-16.607142857142858,-38.46153846153846,384.0,849.0,1233.0,1209.0,28,2011-07-01
seasonal_naive,84992,77.60714285714286,117.39600216099406,-48.67857142857143,-73.63587250135062,405.0,1768.0,2173.0,1851.0,28,2011-07-01
seasonal_naive,85099B,101.85714285714286,94.8769128409847,9.071428571428571,8.449767132401863,1553.0,1299.0,2852.0,3006.0,28,2011-07-01
seasonal_naive,85123A,80.46428571428571,79.13593256059009,-62.964285714285715,-61.92483315770987,245.0,2008.0,2253.0,2847.0,28,2011-07-01
weekday_mean_4w,15036,169.32142857142858,165.6533892382949,12.892857142857142,12.613556953179595,2551.0,2190.0,4741.0,2862.0,28,2011-07-01
weekday_mean_4w,17003,133.94642857142858,207.89911308203992,30.785714285714285,47.78270509977827,2306.25,1444.25,3750.5,1804.0,28,2011-07-01
weekday_mean_4w,20725,48.75,82.3777911888956,-2.0,-3.379601689800845,654.5,710.5,1365.0,1657.0,28,2011-07-01
weekday_mean_4w,21212,72.48214285714286,92.16621253405995,-13.178571428571429,-16.757493188010898,830.25,1199.25,2029.5,2202.0,28,2011-07-01
weekday_mean_4w,21213,55.44642857142857,143.48428835489833,4.25,10.99815157116451,835.75,716.75,1552.5,1082.0,28,2011-07-01
weekday_mean_4w,21232,19.785714285714285,109.27021696252466,1.9642857142857142,10.848126232741617,304.5,249.5,554.0,507.0,28,2011-07-01
weekday_mean_4w,21977,86.55357142857143,117.24721819061442,-20.571428571428573,-27.866473149492016,923.75,1499.75,2423.5,2067.0,28,2011-07-01
weekday_mean_4w,21980,18.75,110.29411764705883,-10.285714285714286,-60.50420168067227,118.5,406.5,525.0,476.0,28,2011-07-01
weekday_mean_4w,21981,10.642857142857142,113.74045801526718,-8.0,-85.49618320610686,37.0,261.0,298.0,262.0,28,2011-07-01
weekday_mean_4w,21982,11.178571428571429,127.75510204081633,-1.6071428571428572,-18.367346938775512,134.0,179.0,313.0,245.0,28,2011-07-01
weekday_mean_4w,21984,13.071428571428571,124.91467576791808,-3.6785714285714284,-35.153583617747444,131.5,234.5,366.0,293.0,28,2011-07-01
weekday_mean_4w,22197,49.875,88.0517023959647,16.392857142857142,28.940731399747794,927.75,468.75,1396.5,1586.0,28,2011-07-01
weekday_mean_4w,84077,103.33928571428571,78.92798690671032,-57.035714285714285,-43.56246590289143,648.25,2245.25,2893.5,3666.0,28,2011-07-01
weekday_mean_4w,84347,4.767857142857143,104.296875,-4.357142857142857,-95.3125,5.75,127.75,133.5,128.0,28,2011-07-01
weekday_mean_4w,84755,31.928571428571427,54.645476772616135,14.285714285714286,24.449877750611247,647.0,247.0,894.0,1636.0,28,2011-07-01
weekday_mean_4w,84879,40.82142857142857,70.1657458563536,-6.607142857142857,-11.356660527931247,479.0,664.0,1143.0,1629.0,28,2011-07-01
weekday_mean_4w,84991,45.410714285714285,105.16956162117452,-15.571428571428571,-36.06286186931348,417.75,853.75,1271.5,1209.0,28,2011-07-01
weekday_mean_4w,84992,67.60714285714286,102.26904376012966,-46.714285714285715,-70.6645056726094,292.5,1600.5,1893.0,1851.0,28,2011-07-01
weekday_mean_4w,85099B,83.44642857142857,77.72787757817697,17.821428571428573,16.600133067198936,1417.75,918.75,2336.5,3006.0,28,2011-07-01
weekday_mean_4w,85123A,80.76785714285714,79.43449244819108,-55.392857142857146,-54.478398314014754,355.25,1906.25,2261.5,2847.0,28,2011-07-01
weekday_mean_8w,15036,167.99107142857142,164.35185185185185,24.928571428571427,24.388539482879107,2700.875,2002.875,4703.75,2862.0,28,2011-07-01
weekday_mean_8w,17003,123.83035714285714,192.19789356984478,27.660714285714285,42.932372505543235,2120.875,1346.375,3467.25,1804.0,28,2011-07-01
weekday_mean_8w,20725,48.464285714285715,81.89499094749547,9.910714285714286,16.747133373566687,817.25,539.75,1357.0,1657.0,28,2011-07-01
weekday_mean_8w,21212,83.71428571428571,106.44868301544051,11.696428571428571,14.872842870118074,1335.75,1008.25,2344.0,2202.0,28,2011-07-01
weekday_mean_8w,21213,44.142857142857146,114.23290203327171,-8.089285714285714,-20.933456561922366,504.75,731.25,1236.0,1082.0,28,2011-07-01
weekday_mean_8w,21232,20.133928571428573,111.19329388560158,5.571428571428571,30.76923076923077,359.875,203.875,563.75,507.0,28,2011-07-01
weekday_mean_8w,21977,110.10714285714286,149.15336236090954,22.821428571428573,30.914368650217707,1861.0,1222.0,3083.0,2067.0,28,2011-07-01
weekday_mean_8w,21980,24.660714285714285,145.06302521008402,4.482142857142857,26.365546218487395,408.0,282.5,690.5,476.0,28,2011-07-01
weekday_mean_8w,21981,11.008928571428571,117.6526717557252,-3.625,-38.74045801526717,103.375,204.875,308.25,262.0,28,2011-07-01
weekday_mean_8w,21982,19.053571428571427,217.75510204081633,9.303571428571429,106.3265306122449,397.0,136.5,533.5,245.0,28,2011-07-01
weekday_mean_8w,21984,11.830357142857142,113.05460750853243,-4.035714285714286,-38.56655290102389,109.125,222.125,331.25,293.0,28,2011-07-01
weekday_mean_8w,22197,117.16964285714286,206.85687263556116,94.51785714285714,166.86633039092055,2963.625,317.125,3280.75,1586.0,28,2011-07-01
weekday_mean_8w,84077,120.14285714285714,91.76213857064921,-14.178571428571429,-10.82924168030551,1483.5,1880.5,3364.0,3666.0,28,2011-07-01
weekday_mean_8w,84347,5.732142857142857,125.390625,-3.375,-73.828125,33.0,127.5,160.5,128.0,28,2011-07-01
weekday_mean_8w,84755,46.285714285714285,79.21760391198045,27.678571428571427,47.37163814180929,1035.5,260.5,1296.0,1636.0,28,2011-07-01
weekday_mean_8w,84879,40.13392857142857,68.9840392879067,19.696428571428573,33.85512584407612,837.625,286.125,1123.75,1629.0,28,2011-07-01
weekday_mean_8w,84991,43.330357142857146,100.35153019023987,-6.482142857142857,-15.012406947890819,515.875,697.375,1213.25,1209.0,28,2011-07-01
weekday_mean_8w,84992,67.5,102.10696920583469,-45.482142857142854,-68.80064829821718,308.25,1581.75,1890.0,1851.0,28,2011-07-01
weekday_mean_8w,85099B,83.28571428571429,77.57817697937459,18.196428571428573,16.949434464404526,1420.75,911.25,2332.0,3006.0,28,2011-07-01
weekday_mean_8w,85123A,79.28571428571429,77.9768177028451,-14.535714285714286,-14.295749912188269,906.5,1313.5,2220.0,2847.0,28,2011-07-01
hw_182d,15036,81.99131126475949,485.36082778293144,81.99131126475949,485.36082778293144,2295.7567154132657,0.0,2295.7567154132657,473.0,28,2011-09-01
hw_182d,17003,98.3271094603762,129.68248068254988,-8.485741904787423,-11.191746271033812,1257.7791457782432,1495.3799191122907,2753.159064890534,2123.0,28,2011-09-01
hw_182d,20725,39.19500302091967,66.7554795976734,-1.5988647564830056,-2.7231273224771386,526.3459357021134,571.1141488836374,1097.4600845857508,1644.0,28,2011-09-01
hw_182d,21212,92.97473159103254,80.62225099253364,-16.549560021075116,-14.350810795605552,1069.952401979404,1533.340082569507,2603.292484548911,3229.0,28,2011-09-01
hw_182d,21213,75.69521017630096,86.6148706553505,-44.93185276995009,-51.41364436283623,430.687003688912,1688.7788812475146,2119.465884936427,2447.0,28,2011-09-01
hw_182d,21232,24.60902391403814,73.7743757594291,-13.896379282909793,-41.65938114790945,149.9770248357968,539.075644757271,689.0526695930679,934.0,28,2011-09-01
hw_182d,21977,85.41945354161085,109.26197803403853,6.5379157132850185,8.362797623206054,1287.4031695685421,1104.3415295965615,2391.7446991651036,2189.0,28,2011-09-01
hw_182d,21980,21.93137622740005,93.1833891300761,-7.183972915882145,-30.523708899044014,206.46364636125065,407.6148880059507,614.0785343672014,659.0,28,2011-09-01
hw_182d,21981,19.85835899697137,111.6534240793571,-3.342139369384665,-18.79114504874912,231.22707478621385,324.8069771289845,556.0340519151983,498.0,28,2011-09-01
hw_182d,21982,17.9038678833291,125.32707518330369,4.3406986610646126,30.384890627452286,311.423931621512,189.88436911170282,501.30830073321476,400.0,28,2011-09-01
hw_182d,21984,15.848775293874809,94.41823579329673,-8.175717208261165,-48.70640038964098,107.42281319859102,336.34289502990373,443.76570822849465,470.0,28,2011-09-01
hw_182d,22197,82.11747665419674,81.67990573063973,0.6373081255144842,0.6339121674744426,1158.566986915957,1140.7223594015516,2299.2893463175087,2815.0,28,2011-09-01
hw_182d,84077,92.61457336892427,85.52797012961344,-4.209666791584337,-3.8875550845765647,1237.668692082759,1355.5393622471204,2593.2080543298794,3032.0,28,2011-09-01
hw_182d,84347,25.72802476266572,97.48101398574292,-24.596155591760176,-93.19247044239309,15.846168392677614,704.5385249619625,720.3846933546401,739.0,28,2011-09-01
hw_182d,84755,46.64978447896981,104.66297799768869,6.931809448341923,15.552136582818417,750.1423149823645,556.0516504287906,1306.1939654111547,1248.0,28,2011-09-01
hw_182d,84879,56.366157663996646,55.7292519276803,-1.0653668411319883,-1.053328797729367,774.2110715201052,804.0413430718008,1578.252414591906,2832.0,28,2011-09-01
hw_182d,84991,80.56864748245296,98.42592188083258,-31.368059391223937,-38.32049140289137,688.808233277206,1567.1138962314762,2255.9221295086827,2292.0,28,2011-09-01
hw_182d,84992,52.71691213545177,103.43893060915555,-17.980367868500796,-35.280329384584604,486.31161973731366,989.7619200553358,1476.0735397926496,1427.0,28,2011-09-01
hw_182d,85099B,76.30233638428696,53.91030579762894,-13.156477227323538,-9.295517596897781,884.0420281974881,1252.4233905625472,2136.465418760035,3963.0,28,2011-09-01
hw_182d,85123A,54.95116415466221,66.60747170262087,8.47298017742781,10.2702790029428,887.9380206492601,650.6945756812815,1538.632596330542,2310.0,28,2011-09-01
hw_365d,15036,58.54420424502615,346.56188559423515,58.25262798958561,344.83585279247296,1635.1556512845646,4.082067576167525,1639.2377188607322,473.0,28,2011-09-01
hw_365d,17003,98.5315552642452,129.9521218746522,-14.259182278655137,-18.80626960915421,1179.813221798261,1579.070325600605,2758.8835473988656,2123.0,28,2011-09-01
hw_365d,20725,39.265790006991615,66.87604137443827,-1.404720080064593,-2.3924672896477253,530.0549789769783,569.387141218787,1099.4421201957653,1644.0,28,2011-09-01
hw_365d,21212,91.80459647990972,79.60757824210195,-18.354371340773586,-15.915837644523394,1028.303151947906,1542.2255494895662,2570.528701437472,3229.0,28,2011-09-01
hw_365d,21213,74.74473267411459,85.52727890785485,-45.41110912570231,-51.9620374139626,410.67072967777153,1682.1817851974363,2092.8525148752083,2447.0,28,2011-09-01
hw_365d,21232,25.747804397625657,77.18827870808549,-13.923478867465473,-41.7406218724875,165.5405574222426,555.3979657112759,720.9385231335184,934.0,28,2011-09-01
hw_365d,21977,79.06983185228263,101.14003160639167,0.29167220042133885,0.3730845871081539,1111.0610567378553,1102.894235126058,2213.9552918639138,2189.0,28,2011-09-01
hw_365d,21980,22.05325277564241,93.70122575386759,-2.6198550614464113,-11.131402385508272,272.067567998744,345.4235097192435,617.4910777179874,659.0,28,2011-09-01
hw_365d,21981,19.04398510828952,107.07461506668805,-1.9688694266770075,-11.069948583726147,239.05161954257508,294.17996348953136,533.2315830321065,498.0,28,2011-09-01
hw_365d,21982,20.315517241299666,142.20862068909767,12.142380379393728,84.9966626557561,454.4105666897075,114.42391606668315,568.8344827563907,400.0,28,2011-09-01
hw_365d,21984,15.899390115402673,94.71977090027124,-5.2054085432205905,-31.010944512803515,149.71574201054912,295.46718122072576,445.18292323127486,470.0,28,2011-09-01
hw_365d,22197,76.75460484301622,76.34561050104634,26.634812972086007,26.492886792838657,1447.4518494114318,701.6770861930233,2149.1289356044545,2815.0,28,2011-09-01
hw_365d,84077,83.56980049061997,77.175277497934,10.034056707108912,9.26627928097129,1310.4540007682042,1029.500412969155,2339.954413737359,3032.0,28,2011-09-01
hw_365d,84347,39.72449681060597,150.51230185344616,10.98470790692623,41.62000289498436,709.9288660454508,402.3570446515164,1112.2859106969672,739.0,28,2011-09-01
hw_365d,84755,46.2429919901448,103.75030254199154,4.524659247530011,10.15147908099682,710.7471173274472,584.056658396607,1294.8037757240545,1248.0,28,2011-09-01
hw_365d,84879,72.19244593322571,71.37671208087288,29.62914398834089,29.294351400902006,1425.5022589019322,595.8862272283875,2021.38848613032,2832.0,28,2011-09-01
hw_365d,84991,76.67586478501225,93.67034092409874,-38.56682713764826,-47.11479755035564,533.5265270630961,1613.3976869172477,2146.924213980343,2292.0,28,2011-09-01
hw_365d,84992,48.36491424429863,94.89962150247806,-7.758218477482033,-15.222853354554793,568.4937407354323,785.7238581049291,1354.2175988403617,1427.0,28,2011-09-01
hw_365d,85099B,86.66732441132784,61.23353730802876,7.260140536915679,5.12954668265554,1314.9845092754094,1111.7005742417703,2426.6850835171795,3963.0,28,2011-09-01
hw_365d,85123A,51.04672966939137,61.87482384168651,10.164787442437515,12.320954475681836,856.9612395656045,572.347191177354,1429.3084307429583,2310.0,28,2011-09-01
hw_expanding,15036,47.571626695959104,281.6079381578975,46.82120286102334,277.1656828982354,1321.4996137977541,10.505933689100743,1332.005547486855,473.0,28,2011-09-01
hw_expanding,17003,106.91024942199226,141.00268411755926,1.6342050858307573,2.155334074576599,1519.6223631095222,1473.864620706261,2993.4869838157833,2123.0,28,2011-09-01
hw_expanding,20725,39.90369437266613,67.96249649845814,1.0440278455994534,1.778149615376198,573.2681110557182,544.0353313789335,1117.3034424346517,1644.0,28,2011-09-01
hw_expanding,21212,92.46606144454339,80.18116198349999,-15.151646519244357,-13.138621942980553,1082.4018089541867,1506.647911493029,2589.049720447215,3229.0,28,2011-09-01
hw_expanding,21213,71.97657869822056,82.35979581324789,-44.62857191466103,-51.06661273438941,382.8720949698334,1632.4721085803421,2015.3442035501757,2447.0,28,2011-09-01
hw_expanding,21232,25.211913953600817,75.58175489302171,-13.129725465085304,-39.36106135143346,169.1506388392172,536.7829518616057,705.9335907008228,934.0,28,2011-09-01
hw_expanding,21977,77.61954317042996,99.28493416044033,1.3306131708614117,1.7020177608094806,1105.3021887780792,1068.0450199939596,2173.347208772039,2189.0,28,2011-09-01
hw_expanding,21980,28.459562362704183,120.92075055473703,7.041694045139956,29.919185624266888,497.0175897098179,299.85015644589913,796.8677461557171,659.0,28,2011-09-01
hw_expanding,21981,22.038218882838017,123.90966440149889,-2.0535940605263465,-11.54631198689512,279.7847475123634,337.2853812071011,617.0701287194645,498.0,28,2011-09-01
hw_expanding,21982,35.987274865622034,251.91092405935424,13.760305511613625,96.32213858129539,696.4661252812992,311.1775709561177,1007.643696237417,400.0,28,2011-09-01
hw_expanding,21984,21.393232278202422,127.4490433595038,-4.462762620386743,-26.586670929963574,237.02657520941955,361.9839285802483,599.0105037896678,470.0,28,2011-09-01
hw_expanding,22197,77.80225960603205,77.38768273424148,23.392880419969345,23.26822919215423,1416.7319603640192,761.7313086048779,2178.4632689688974,2815.0,28,2011-09-01
hw_expanding,84077,87.25649751897102,80.57987897530305,21.478360873462602,19.83489790425306,1522.2880174940708,920.893913037118,2443.1819305311883,3032.0,28,2011-09-01
hw_expanding,84347,31.132705398622914,117.95882965648735,-5.467061269213431,-20.71416989688445,359.3190178117328,512.3967333497089,871.7157511614416,739.0,28,2011-09-01
hw_expanding,84755,46.795781569079104,104.99053557165183,8.444180900949329,18.945277662386314,773.3594745803981,536.9224093538168,1310.2818839342149,1248.0,28,2011-09-01
hw_expanding,84879,70.57179838499397,69.77437693431607,22.85834549370798,22.600059103948567,1308.022014301827,667.9883404780039,1976.010354779831,2832.0,28,2011-09-01
hw_expanding,84991,77.77148678609561,95.0087971208847,-34.43211557145656,-42.06366649218079,606.7511970049468,1570.8504330057308,2177.601630010677,2292.0,28,2011-09-01
hw_expanding,84992,45.811326409255706,89.88907774766362,-10.37194274196219,-20.351394307984677,496.1513713421092,786.5657681170507,1282.7171394591599,1427.0,28,2011-09-01
hw_expanding,85099B,78.23356133585426,55.274784693512984,-15.689776909206753,-11.085383635069116,875.6129819730651,1314.926735430854,2190.5397174039194,3963.0,28,2011-09-01
hw_expanding,85123A,49.513756651217,60.01667472874787,9.634908495562664,11.678676964318381,828.0813120549153,558.3038741791607,1386.385186234076,2310.0,28,2011-09-01
seasonal_naive,15036,24.178571428571427,143.12896405919662,1.9642857142857142,11.627906976744185,366.0,311.0,677.0,473.0,28,2011-09-01
seasonal_naive,17003,81.67857142857143,107.72491756947716,-39.535714285714285,-52.14319359397079,590.0,1697.0,2287.0,2123.0,28,2011-09-01
seasonal_naive,20725,45.357142857142854,77.25060827250608,-34.285714285714285,-58.394160583941606,155.0,1115.0,1270.0,1644.0,28,2011-09-01
seasonal_naive,21212,93.32142857142857,80.92288634252091,-72.17857142857143,-62.58903685351502,296.0,2317.0,2613.0,3229.0,28,2011-09-01
seasonal_naive,21213,90.03571428571429,103.02411115651819,-71.39285714285714,-81.69186759297098,261.0,2260.0,2521.0,2447.0,28,2011-09-01
seasonal_naive,21232,26.857142857142858,80.51391862955032,-19.5,-58.45824411134904,103.0,649.0,752.0,934.0,28,2011-09-01
seasonal_naive,21977,76.82142857142857,98.26404751027867,-76.32142857142857,-97.62448606669712,7.0,2144.0,2151.0,2189.0,28,2011-09-01
seasonal_naive,21980,24.178571428571427,102.73141122913505,-20.107142857142858,-85.43247344461305,57.0,620.0,677.0,659.0,28,2011-09-01
seasonal_naive,21981,22.5,126.50602409638554,-0.07142857142857142,-0.40160642570281124,314.0,316.0,630.0,498.0,28,2011-09-01
seasonal_naive,21982,15.714285714285714,110.0,1.2857142857142858,9.0,238.0,202.0,440.0,400.0,28,2011-09-01
seasonal_naive,21984,16.714285714285715,99.57446808510639,-6.214285714285714,-37.02127659574468,147.0,321.0,468.0,470.0,28,2011-09-01
seasonal_naive,22197,93.89285714285714,93.39253996447601,17.892857142857142,17.79751332149201,1565.0,1064.0,2629.0,2815.0,28,2011-09-01
seasonal_naive,84077,91.0,84.03693931398416,-80.57142857142857,-74.40633245382585,146.0,2402.0,2548.0,3032.0,28,2011-09-01
seasonal_naive,84347,30.25,114.61434370771313,-15.678571428571429,-59.40460081190798,204.0,643.0,847.0,739.0,28,2011-09-01
seasonal_naive,84755,40.857142857142854,91.66666666666667,-8.0,-17.94871794871795,460.0,684.0,1144.0,1248.0,28,2011-09-01
seasonal_naive,84879,73.71428571428571,72.88135593220339,-26.285714285714285,-25.98870056497175,664.0,1400.0,2064.0,2832.0,28,2011-09-01
seasonal_naive,84991,81.0,98.95287958115183,-63.42857142857143,-77.4869109947644,246.0,2022.0,2268.0,2292.0,28,2011-09-01
seasonal_naive,84992,44.17857142857143,86.6853538892782,-34.107142857142854,-66.92361597757534,141.0,1096.0,1237.0,1427.0,28,2011-09-01
seasonal_naive,85099B,109.60714285714286,77.44133232399697,-88.10714285714286,-62.25082008579359,301.0,2768.0,3069.0,3963.0,28,2011-09-01
seasonal_naive,85123A,60.285714285714285,73.07359307359307,-43.357142857142854,-52.55411255411256,237.0,1451.0,1688.0,2310.0,28,2011-09-01
weekday_mean_4w,15036,35.732142857142854,211.52219873150105,31.928571428571427,189.0063424947146,947.25,53.25,1000.5,473.0,28,2011-09-01
weekday_mean_4w,17003,92.125,121.50259067357513,-26.5,-34.95054168629298,918.75,1660.75,2579.5,2123.0,28,2011-09-01
weekday_mean_4w,20725,48.69642857142857,82.93795620437956,5.821428571428571,9.914841849148418,763.25,600.25,1363.5,1644.0,28,2011-09-01
weekday_mean_4w,21212,111.26785714285714,96.48497986992876,-14.5,-12.573552183338494,1354.75,1760.75,3115.5,3229.0,28,2011-09-01
weekday_mean_4w,21213,99.625,113.9967306906416,-44.32142857142857,-50.71516142214957,774.25,2015.25,2789.5,2447.0,28,2011-09-01
weekday_mean_4w,21232,27.375,82.06638115631692,-15.714285714285714,-47.109207708779444,163.25,603.25,766.5,934.0,28,2011-09-01
weekday_mean_4w,21977,92.01785714285714,117.70214709913202,-2.0357142857142856,-2.603928734582001,1259.75,1316.75,2576.5,2189.0,28,2011-09-01
weekday_mean_4w,21980,22.875,97.1927162367223,-16.964285714285715,-72.07890743550834,82.75,557.75,640.5,659.0,28,2011-09-01
weekday_mean_4w,21981,19.357142857142858,108.83534136546184,-6.714285714285714,-37.75100401606426,177.0,365.0,542.0,498.0,28,2011-09-01
weekday_mean_4w,21982,13.607142857142858,95.25,-2.607142857142857,-18.25,154.0,227.0,381.0,400.0,28,2011-09-01
weekday_mean_4w,21984,15.75,93.82978723404256,-8.571428571428571,-51.06382978723404,100.5,340.5,441.0,470.0,28,2011-09-01
weekday_mean_4w,22197,160.96428571428572,160.10657193605684,90.17857142857143,89.69804618117229,3516.0,991.0,4507.0,2815.0,28,2011-09-01
weekday_mean_4w,84077,81.76785714285714,75.51121372031662,-30.964285714285715,-28.594986807387862,711.25,1578.25,2289.5,3032.0,28,2011-09-01
weekday_mean_4w,84347,26.392857142857142,100.0,-22.25,-84.30311231393776,58.0,681.0,739.0,739.0,28,2011-09-01
weekday_mean_4w,84755,48.57142857142857,108.97435897435898,8.571428571428571,19.23076923076923,800.0,560.0,1360.0,1248.0,28,2011-09-01
weekday_mean_4w,84879,178.125,176.11228813559322,125.96428571428571,124.5409604519774,4257.25,730.25,4987.5,2832.0,28,2011-09-01
weekday_mean_4w,84991,85.21428571428571,104.10122164048866,-34.82142857142857,-42.539267015706805,705.5,1680.5,2386.0,2292.0,28,2011-09-01
weekday_mean_4w,84992,43.642857142857146,85.63419761737912,-33.5,-65.7323055360897,142.0,1080.0,1222.0,1427.0,28,2011-09-01
weekday_mean_4w,85099B,108.44642857142857,76.62124653040625,39.25,27.731516527882917,2067.75,968.75,3036.5,3963.0,28,2011-09-01
weekday_mean_4w,85123A,56.982142857142854,69.06926406926407,-14.357142857142858,-17.4025974025974,596.75,998.75,1595.5,2310.0,28,2011-09-01
weekday_mean_8w,15036,38.794642857142854,229.65116279069767,35.714285714285715,211.41649048625794,1043.125,43.125,1086.25,473.0,28,2011-09-01
weekday_mean_8w,17003,103.32142857142857,136.26943005181346,-21.5,-28.35609985869053,1145.5,1747.5,2893.0,2123.0,28,2011-09-01
weekday_mean_8w,20725,46.473214285714285,79.1514598540146,4.607142857142857,7.846715328467154,715.125,586.125,1301.25,1644.0,28,2011-09-01
weekday_mean_8w,21212,95.40178571428571,82.7268504180861,-20.857142857142858,-18.086094766181482,1043.625,1627.625,2671.25,3229.0,28,2011-09-01
weekday_mean_8w,21213,82.88392857142857,94.8406211687781,-50.857142857142854,-58.19370657948508,448.375,1872.375,2320.75,2447.0,28,2011-09-01
weekday_mean_8w,21232,24.017857142857142,72.00214132762312,-14.982142857142858,-44.91434689507495,126.5,546.0,672.5,934.0,28,2011-09-01
weekday_mean_8w,21977,82.41071428571429,105.41343079031522,3.25,4.157149383280037,1199.25,1108.25,2307.5,2189.0,28,2011-09-01
weekday_mean_8w,21980,20.741071428571427,88.12594840667678,-11.678571428571429,-49.6206373292868,126.875,453.875,580.75,659.0,28,2011-09-01
weekday_mean_8w,21981,18.419642857142858,103.56425702811245,-6.928571428571429,-38.95582329317269,160.875,354.875,515.75,498.0,28,2011-09-01
weekday_mean_8w,21982,12.973214285714286,90.8125,-2.6607142857142856,-18.625,144.375,218.875,363.25,400.0,28,2011-09-01
weekday_mean_8w,21984,16.241071428571427,96.75531914893617,-8.428571428571429,-50.212765957446805,109.375,345.375,454.75,470.0,28,2011-09-01
weekday_mean_8w,22197,101.19642857142857,100.65719360568383,23.946428571428573,23.818827708703374,1752.0,1081.5,2833.5,2815.0,28,2011-09-01
weekday_mean_8w,84077,77.16964285714286,71.26484168865436,-14.625,-13.505936675461742,875.625,1285.125,2160.75,3032.0,28,2011-09-01
weekday_mean_8w,84347,24.892857142857142,94.31664411366712,-22.035714285714285,-83.49120433017592,40.0,657.0,697.0,739.0,28,2011-09-01
weekday_mean_8w,84755,46.30357142857143,103.88621794871794,10.035714285714286,22.516025641025642,788.75,507.75,1296.5,1248.0,28,2011-09-01
weekday_mean_8w,84879,97.70535714285714,96.6013418079096,43.892857142857146,43.39689265536723,1982.375,753.375,2735.75,2832.0,28,2011-09-01
weekday_mean_8w,84991,78.875,96.35689354275742,-43.142857142857146,-52.705061082024436,500.25,1708.25,2208.5,2292.0,28,2011-09-01
weekday_mean_8w,84992,65.76785714285714,129.0469516468115,-6.089285714285714,-11.948142957252978,835.5,1006.0,1841.5,1427.0,28,2011-09-01
weekday_mean_8w,85099B,81.24107142857143,57.3996971990916,1.7321428571428572,1.223820338127681,1161.625,1113.125,2274.75,3963.0,28,2011-09-01
weekday_mean_8w,85123A,48.99107142857143,59.383116883116884,5.267857142857143,6.3852813852813854,759.625,612.125,1371.75,2310.0,28,2011-09-01
hw_182d,15036,41.2011237193719,192.27191069040222,23.708552051183528,110.63990957218981,908.735460787776,244.89600335463714,1153.6314641424133,600.0,28,2011-11-01
hw_182d,17003,61.4366934279535,179.00389344252838,37.39274746613494,108.94869188884269,1383.6121725172382,336.6152434654598,1720.227415982698,961.0,28,2011-11-01
hw_182d,20725,36.40655737792669,55.012606939122904,-5.4917698425089085,-8.29841098706149,432.8070254958489,586.5765810860983,1019.3836065819473,1853.0,28,2011-11-01
hw_182d,21212,60.77375277352729,72.9702005857103,8.494571729744978,10.199314255268414,969.7565430458119,731.9085346129525,1701.6650776587642,2332.0,28,2011-11-01
hw_182d,21213,30.18132394838518,157.07752240795264,27.64835884085881,143.89480437621685,809.6155590494159,35.461511505369266,845.0770705547851,538.0,28,2011-11-01
hw_182d,21232,38.95334679473372,78.7504483936855,-23.975281891724645,-48.46988396882961,209.6929086421271,881.0008016104172,1090.6937102525442,1385.0,28,2011-11-01
hw_182d,21977,58.792612493812605,132.11823032317437,34.72813831448959,78.04076025727997,1309.2905113162308,336.90263851052225,1646.193149826753,1246.0,28,2011-11-01
hw_182d,21980,14.200539428905623,123.86763364777491,7.914824399881868,69.03896672794153,309.6150936030249,88.00001040633256,397.6151040093574,321.0,28,2011-11-01
hw_182d,21981,9.200279132313257,105.5769736494964,1.2945465032105736,14.85545167618691,146.92755889733363,110.68025680743759,257.6078157047712,244.0,28,2011-11-01
hw_182d,21982,29.236249364958333,89.1737453397422,-19.500007892829036,-59.47714825699488,136.3073806098102,682.3076016090231,818.6149822188333,918.0,28,2011-11-01
hw_182d,21984,7.442311871398159,147.79059035400599,4.019236901607209,79.8146335070935,160.46168282207512,47.92304957707332,208.38473239914845,141.0,28,2011-11-01
hw_182d,22197,324.68772864002415,81.21544043166587,-273.03536641378724,-68.29542844011115,723.1330711673166,8368.12333075336,9091.256401920677,11194.0,28,2011-11-01
hw_182d,84077,96.4230668148235,63.94708362896869,-14.581975229153242,-9.670660976226689,1145.7752821993834,1554.0705886156743,2699.845870815058,4222.0,28,2011-11-01
hw_182d,84347,70.97021687319818,72.63033890531977,-32.74702064471135,-33.513032823535006,535.1247471988154,1452.0413252507335,1987.1660724495491,2736.0,28,2011-11-01
hw_182d,84755,32.3149063840864,99.64949105224879,-1.243531446461447,-3.8346784692643747,434.9992491267493,469.8181296276699,904.8173787544191,908.0,28,2011-11-01
hw_182d,84879,122.14828546346894,68.1984445259647,-75.56324233091865,-42.18884915784092,652.1906038557038,2767.9613891214262,3420.1519929771302,5015.0,28,2011-11-01
hw_182d,84991,46.89560588430152,97.8447812787215,0.47250034431417326,0.9858427452158608,663.1534872006197,649.9234775598229,1313.0769647604425,1342.0,28,2011-11-01
hw_182d,84992,36.755515228294485,133.31015885909915,5.845885604986548,21.202693904096286,596.4196116659343,432.73481472631113,1029.1544263922456,772.0,28,2011-11-01
hw_182d,85099B,122.74651700088705,61.87043161160824,-46.412153258528065,-23.39406464876302,1068.681092393026,2368.221383631812,3436.9024760248376,5555.0,28,2011-11-01
hw_182d,85123A,111.42271136841016,69.14529960805595,-91.77757707989893,-56.95417017369615,275.03188003915716,2844.804038276327,3119.8359183154844,4512.0,28,2011-11-01
hw_365d,15036,29.032352474238674,135.48431154644715,21.29337416010863,99.36907941384027,704.5601728808622,108.3456963978206,812.9058692786829,600.0,28,2011-11-01
hw_365d,17003,94.42889021962698,275.1310016804948,75.81384560185566,220.89361881914243,2383.3983015007566,260.61062464879853,2644.0089261495555,961.0,28,2011-11-01
hw_365d,20725,34.39187948838372,51.96830143954367,-14.055699235400423,-21.239049033524655,284.7065235417662,678.2661021329781,962.9726256747442,1853.0,28,2011-11-01
hw_365d,21212,65.34444719032443,78.45816986831407,11.814254006477906,14.185210642426302,1080.2218167552328,749.4227045738515,1829.6445213290842,2332.0,28,2011-11-01
hw_365d,21213,30.99276804863516,161.30065155423503,26.851227873666744,139.74616737224326,809.8159429122268,57.981562449557856,867.7975053617845,538.0,28,2011-11-01
hw_365d,21232,40.01217724941101,80.89104425873705,-17.100348561786312,-34.57110178556078,320.76560162674593,799.5753613567625,1120.3409629835082,1385.0,28,2011-11-01
hw_365d,21977,55.08454917863766,123.78550377221946,27.42164187058623,61.62166712491289,1155.0866746891343,387.2807023127199,1542.3673770018545,1246.0,28,2011-11-01
hw_365d,21980,15.271575985229955,133.21000859390614,9.460739240950433,82.52358216405362,346.25241316652546,81.35171441991329,427.6041275864387,321.0,28,2011-11-01
hw_365d,21981,13.560911911210303,155.61702193192153,7.176738125845829,82.35601128019803,290.32710051878587,89.37843299510263,379.7055335138885,244.0,28,2011-11-01
hw_365d,21982,28.482270427443478,86.87402744754002,-16.284843739322017,-49.67054735305191,170.76397363370043,626.7395983347171,797.5035719684174,918.0,28,2011-11-01
hw_365d,21984,8.336522732466163,165.54796915535644,5.3290195483122895,105.82450166861284,191.31759193089832,42.105044578154256,233.42263650905258,141.0,28,2011-11-01
hw_365d,22197,279.8088247309221,69.98970066522975,-200.87374489171472,-50.24535337652325,1105.0911177489031,6729.555974716915,7834.647092465818,11194.0,28,2011-11-01
hw_365d,84077,180.7577826789595,119.87725994814936,162.65089207928818,107.86890047892157,4807.721446615467,253.4964683953985,5061.217915010866,4222.0,28,2011-11-01
hw_365d,84347,118.65849474492259,121.4341320488974,-27.84047111957367,-28.491710210090016,1271.4523307548848,2050.985522102948,3322.4378528578327,2736.0,28,2011-11-01
hw_365d,84755,28.583935777529785,88.1442953492108,-4.079643061731832,-12.580397106662039,343.06009802117126,457.2901037496626,800.350201770834,908.0,28,2011-11-01
hw_365d,84879,116.02176690768015,64.77785590059909,-75.14350294504503,-41.954498154760934,572.2956954768914,2676.3137779381527,3248.6094734150442,5015.0,28,2011-11-01
hw_365d,84991,44.33609491447237,92.50451994077692,3.993166139212827,8.331494180175794,676.6096547515931,564.8010028536337,1241.4106576052263,1342.0,28,2011-11-01
hw_365d,84992,36.50361534455543,132.3965323377658,10.118409155594323,36.69889331044573,652.7083430020965,369.3928866454555,1022.1012296475519,772.0,28,2011-11-01
hw_365d,85099B,129.69000026648246,65.37029716402355,-43.93367766663174,-22.14478802278467,1200.58851639791,2430.7314910635987,3631.320007461509,5555.0,28,2011-11-01
hw_365d,85123A,107.91806868441799,66.97043269423102,-84.41685665023275,-52.38634721202387,329.0169684785934,2692.6889546851107,3021.7059231637036,4512.0,28,2011-11-01
hw_expanding,15036,25.09050748915462,117.08903494938822,16.475237531304153,76.8844418127527,581.9204302864227,120.61377940990664,702.5342096963294,600.0,28,2011-11-01
hw_expanding,17003,75.61786640667891,220.32260763652548,46.246215195308764,134.7444355326374,1706.0971424278277,411.2031169591823,2117.3002593870096,961.0,28,2011-11-01
hw_expanding,20725,34.989334852767335,52.87109421896845,-13.965227104757696,-21.10233993163602,294.337508472135,685.3638674053506,979.7013758774855,1853.0,28,2011-11-01
hw_expanding,21212,64.41950126426387,77.34760014577137,12.87344359064599,15.456964860123833,1082.1012279687382,721.6448074306504,1803.7460353993883,2332.0,28,2011-11-01
hw_expanding,21213,35.94372413434742,187.06770924939178,34.55563805982685,179.84346945634792,986.9910707184398,19.43320504328804,1006.4242757617277,538.0,28,2011-11-01
hw_expanding,21232,39.193549967914876,79.23605769686762,-14.812505593668154,-29.945859683950058,341.3346212394542,756.0847778621626,1097.4193991016166,1385.0,28,2011-11-01
hw_expanding,21977,55.4622218759744,124.63420646286382,29.112273927822997,65.42084028724268,1184.0429412531635,368.89927127411954,1552.9422125272831,1246.0,28,2011-11-01
hw_expanding,21980,17.11971601005964,149.330856162514,9.640852727429563,84.09466553521115,374.6479623248489,104.7040859568211,479.35204828166997,321.0,28,2011-11-01
hw_expanding,21981,14.322509379895392,164.35666501519302,5.151001117494807,59.10984888928467,272.62914696346274,128.4011156736082,401.03026263707096,244.0,28,2011-11-01
hw_expanding,21982,50.14153664899344,152.93714882045927,12.211653926449305,37.246874721196136,872.9446680561985,531.0183581156178,1403.9630261718162,918.0,28,2011-11-01
hw_expanding,21984,12.057362123330071,239.43697833563263,6.820898660271483,135.4504698493628,264.2956509704218,73.31048848282023,337.606139453242,141.0,28,2011-11-01
hw_expanding,22197,287.69506708889213,71.96231801401626,-225.1099899866858,-56.307662315769186,876.1910794308887,7179.270799058091,8055.46187848898,11194.0,28,2011-11-01
hw_expanding,84077,86.44362027729888,57.32878654107931,-13.745999856950212,-9.116248128721127,1017.7666858848813,1402.6546818794873,2420.4213677643684,4222.0,28,2011-11-01
hw_expanding,84347,81.37290211521615,83.2763618138177,-52.99702706539567,-54.23672360493709,397.2622506974868,1881.1790085285656,2278.4412592260524,2736.0,28,2011-11-01
hw_expanding,84755,30.0650246452534,92.71152974307215,-1.612170302011452,-4.971450270519896,398.33996080538714,443.4807292617079,841.8206900670951,908.0,28,2011-11-01
hw_expanding,84879,110.49610431420022,61.69274019536603,-74.6204692156226,-41.66247533474442,502.2588913800863,2591.6320294175193,3093.890920797606,5015.0,28,2011-11-01
hw_expanding,84991,44.88404875922556,93.6477917480116,10.657878629012389,22.237004591083974,777.5869834353313,479.1663818229843,1256.7533652583156,1342.0,28,2011-11-01
hw_expanding,84992,35.54330514996804,128.91354199470274,13.236697642090691,48.008747924681266,682.9200390888223,312.29250511028295,995.2125441991052,772.0,28,2011-11-01
hw_expanding,85099B,128.2456397023264,64.64226663663617,-69.3411091398822,-34.95141414791542,824.6634278742192,2766.214483790921,3590.8779116651394,5555.0,28,2011-11-01
hw_expanding,85123A,104.40055048325648,64.78757565450313,-79.00770133937654,-49.02960189500317,355.49988801431925,2567.7155255168623,2923.2154135311816,4512.0,28,2011-11-01
seasonal_naive,15036,26.357142857142858,123.0,-5.428571428571429,-25.333333333333332,293.0,445.0,738.0,600.0,28,2011-11-01
seasonal_naive,17003,244.82142857142858,713.3194588969823,211.53571428571428,616.3371488033299,6389.0,466.0,6855.0,961.0,28,2011-11-01
seasonal_naive,20725,41.464285714285715,62.655153804641124,-21.035714285714285,-31.786292498650838,286.0,875.0,1161.0,1853.0,28,2011-11-01
seasonal_naive,21212,68.5,82.24699828473413,-1.7142857142857142,-2.058319039451115,935.0,983.0,1918.0,2332.0,28,2011-11-01
seasonal_naive,21213,62.5,325.2788104089219,61.07142857142857,317.8438661710037,1730.0,20.0,1750.0,538.0,28,2011-11-01
seasonal_naive,21232,42.67857142857143,86.28158844765343,-25.607142857142858,-51.768953068592054,239.0,956.0,1195.0,1385.0,28,2011-11-01
seasonal_naive,21977,40.0,89.88764044943821,-23.928571428571427,-53.77207062600321,225.0,895.0,1120.0,1246.0,28,2011-11-01
seasonal_naive,21980,13.678571428571429,119.31464174454828,0.9642857142857143,8.411214953271028,205.0,178.0,383.0,321.0,28,2011-11-01
seasonal_naive,21981,18.714285714285715,214.75409836065575,5.142857142857143,59.01639344262295,334.0,190.0,524.0,244.0,28,2011-11-01
seasonal_naive,21982,39.785714285714285,121.35076252723312,-13.5,-41.1764705882353,368.0,746.0,1114.0,918.0,28,2011-11-01
seasonal_naive,21984,8.178571428571429,162.4113475177305,0.9642857142857143,19.148936170212767,128.0,101.0,229.0,141.0,28,2011-11-01
seasonal_naive,22197,532.0,133.07128819010185,-6.5,-1.6258710023226728,7357.0,7539.0,14896.0,11194.0,28,2011-11-01
seasonal_naive,84077,758.6428571428571,503.1264803410706,584.9285714285714,387.9204168640455,18810.0,2432.0,21242.0,4222.0,28,2011-11-01
seasonal_naive,84347,85.64285714285714,87.64619883040936,-71.28571428571429,-72.953216374269,201.0,2197.0,2398.0,2736.0,28,2011-11-01
seasonal_naive,84755,27.285714285714285,84.14096916299559,-15.285714285714286,-47.136563876651984,168.0,596.0,764.0,908.0,28,2011-11-01
seasonal_naive,84879,148.32142857142858,82.81156530408774,-69.10714285714286,-38.584247258225325,1109.0,3044.0,4153.0,5015.0,28,2011-11-01
seasonal_naive,84991,87.07142857142857,181.66915052160954,18.214285714285715,38.00298062593144,1474.0,964.0,2438.0,1342.0,28,2011-11-01
seasonal_naive,84992,59.714285714285715,216.58031088082902,19.285714285714285,69.94818652849742,1106.0,566.0,1672.0,772.0,28,2011-11-01
seasonal_naive,85099B,152.75,76.99369936993699,-138.67857142857142,-69.9009900990099,197.0,4080.0,4277.0,5555.0,28,2011-11-01
seasonal_naive,85123A,122.42857142857143,75.97517730496453,-86.42857142857143,-53.63475177304964,504.0,2924.0,3428.0,4512.0,28,2011-11-01
weekday_mean_4w,15036,39.892857142857146,186.16666666666666,19.964285714285715,93.16666666666667,838.0,279.0,1117.0,600.0,28,2011-11-01
weekday_mean_4w,17003,85.32142857142857,248.5952133194589,49.142857142857146,143.18418314255985,1882.5,506.5,2389.0,961.0,28,2011-11-01
weekday_mean_4w,20725,37.69642857142857,56.96168375607124,-18.892857142857142,-28.54830005396654,263.25,792.25,1055.5,1853.0,28,2011-11-01
weekday_mean_4w,21212,58.67857142857143,70.45454545454545,-10.357142857142858,-12.435677530017152,676.5,966.5,1643.0,2332.0,28,2011-11-01
weekday_mean_4w,21213,34.410714285714285,179.08921933085503,29.857142857142858,155.3903345724907,899.75,63.75,963.5,538.0,28,2011-11-01
weekday_mean_4w,21232,40.875,82.63537906137184,-11.821428571428571,-23.898916967509024,406.75,737.75,1144.5,1385.0,28,2011-11-01
weekday_mean_4w,21977,46.267857142857146,103.97271268057784,5.071428571428571,11.396468699839486,718.75,576.75,1295.5,1246.0,28,2011-11-01
weekday_mean_4w,21980,26.071428571428573,227.41433021806853,17.857142857142858,155.76323987538942,615.0,115.0,730.0,321.0,28,2011-11-01
weekday_mean_4w,21981,11.660714285714286,133.81147540983608,-1.6071428571428572,-18.442622950819672,140.75,185.75,326.5,244.0,28,2011-11-01
weekday_mean_4w,21982,30.089285714285715,91.7755991285403,-21.035714285714285,-64.16122004357298,126.75,715.75,842.5,918.0,28,2011-11-01
weekday_mean_4w,21984,7.053571428571429,140.0709219858156,3.107142857142857,61.702127659574465,142.25,55.25,197.5,141.0,28,2011-11-01
weekday_mean_4w,22197,300.42857142857144,75.14740039306771,-192.92857142857142,-48.25799535465428,1505.0,6907.0,8412.0,11194.0,28,2011-11-01
weekday_mean_4w,84077,219.71428571428572,145.7129322595926,132.53571428571428,87.89673140691616,4931.5,1220.5,6152.0,4222.0,28,2011-11-01
weekday_mean_4w,84347,76.08928571428571,77.86915204678363,-29.5,-30.190058479532162,652.25,1478.25,2130.5,2736.0,28,2011-11-01
weekday_mean_4w,84755,29.285714285714285,90.30837004405286,-8.0,-24.669603524229075,298.0,522.0,820.0,908.0,28,2011-11-01
weekday_mean_4w,84879,120.83928571428571,67.46759720837487,-83.96428571428571,-46.87936191425723,516.25,2867.25,3383.5,5015.0,28,2011-11-01
weekday_mean_4w,84991,61.67857142857143,128.68852459016392,6.25,13.040238450074515,951.0,776.0,1727.0,1342.0,28,2011-11-01
weekday_mean_4w,84992,40.607142857142854,147.279792746114,2.8214285714285716,10.233160621761659,608.0,529.0,1137.0,772.0,28,2011-11-01
weekday_mean_4w,85099B,152.71428571428572,76.97569756975697,-6.857142857142857,-3.4563456345634562,2042.0,2234.0,4276.0,5555.0,28,2011-11-01
weekday_mean_4w,85123A,113.91071428571429,70.6892730496454,-101.92857142857143,-63.25354609929078,167.75,3021.75,3189.5,4512.0,28,2011-11-01
weekday_mean_8w,15036,28.339285714285715,132.25,8.160714285714286,38.083333333333336,511.0,282.5,793.5,600.0,28,2011-11-01
weekday_mean_8w,17003,67.29464285714286,196.07180020811654,45.142857142857146,131.5296566077003,1574.125,310.125,1884.25,961.0,28,2011-11-01
weekday_mean_8w,20725,32.892857142857146,49.70318402590394,-15.839285714285714,-23.93416082029142,238.75,682.25,921.0,1853.0,28,2011-11-01
weekday_mean_8w,21212,65.58035714285714,78.74142367066895,5.392857142857143,6.475128644939966,993.625,842.625,1836.25,2332.0,28,2011-11-01
weekday_mean_8w,21213,46.67857142857143,242.9368029739777,46.67857142857143,242.9368029739777,1307.0,0.0,1307.0,538.0,28,2011-11-01
weekday_mean_8w,21232,38.526785714285715,77.88808664259928,-14.107142857142858,-28.51985559566787,341.875,736.875,1078.75,1385.0,28,2011-11-01
weekday_mean_8w,21977,49.526785714285715,111.29614767255217,16.821428571428573,37.80096308186196,928.875,457.875,1386.75,1246.0,28,2011-11-01
weekday_mean_8w,21980,18.714285714285715,163.2398753894081,12.821428571428571,111.8380062305296,441.5,82.5,524.0,321.0,28,2011-11-01
weekday_mean_8w,21981,11.625,133.4016393442623,2.6785714285714284,30.737704918032787,200.25,125.25,325.5,244.0,28,2011-11-01
weekday_mean_8w,21982,27.848214285714285,84.9400871459695,-21.267857142857142,-64.86928104575163,92.125,687.625,779.75,918.0,28,2011-11-01
weekday_mean_8w,21984,8.839285714285714,175.53191489361703,6.196428571428571,123.04964539007092,210.5,37.0,247.5,141.0,28,2011-11-01
weekday_mean_8w,22197,300.33035714285717,75.12283366088977,-235.39285714285714,-58.87975701268537,909.125,7500.125,8409.25,11194.0,28,2011-11-01
weekday_mean_8w,84077,152.70535714285714,101.2730933207011,50.339285714285715,33.384651823780196,2842.625,1433.125,4275.75,4222.0,28,2011-11-01
weekday_mean_8w,84347,72.6875,74.38779239766082,-48.17857142857143,-49.30555555555556,343.125,1692.125,2035.25,2736.0,28,2011-11-01
weekday_mean_8w,84755,32.142857142857146,99.11894273127753,-0.9285714285714286,-2.8634361233480177,437.0,463.0,900.0,908.0,28,2011-11-01
weekday_mean_8w,84879,115.98214285714286,64.75573280159522,-79.39285714285714,-44.327018943170486,512.25,2735.25,3247.5,5015.0,28,2011-11-01
weekday_mean_8w,84991,57.330357142857146,119.61624441132638,15.25,31.818181818181817,1016.125,589.125,1605.25,1342.0,28,2011-11-01
weekday_mean_8w,84992,37.982142857142854,137.75906735751295,10.107142857142858,36.6580310880829,673.25,390.25,1063.5,772.0,28,2011-11-01
weekday_mean_8w,85099B,131.5625,66.31413141314131,-33.267857142857146,-16.768676867686768,1376.125,2307.625,3683.75,5555.0,28,2011-11-01
weekday_mean_8w,85123A,106.58928571428571,66.14583333333333,-93.0,-57.712765957446805,190.25,2794.25,2984.5,4512.0,28,2011-11-01
