baseline,product_id,outcome,model_wape,baseline_wape,error_reduction_units,relative_wape_reduction_pct,model,forecast_start
hw_182d,15036,loss,153.02635851002975,136.82369744230613,-53.144728302133444,-11.841999135095536,hw_expanding,2011-01-01
hw_182d,17003,win,195.5262902383787,214.64093084791259,600.7731543576492,8.905403332916913,hw_expanding,2011-01-01
hw_182d,20725,loss,86.00469408236344,85.11883512118898,-12.428601225277816,-1.0407320070971493,hw_expanding,2011-01-01
hw_182d,21212,win,118.03060607332428,124.14679069115604,198.71483823335393,4.926574890725281,hw_expanding,2011-01-01
hw_182d,21213,win,242.26380201645833,264.5621173467277,148.5067800995937,8.428385573073493,hw_expanding,2011-01-01
hw_182d,21232,win,130.86239687598504,313.84367756207666,903.9275265892927,58.303319062369475,hw_expanding,2011-01-01
hw_182d,21977,win,328.78540583010397,344.631358203728,92.06498329075566,4.597942699183143,hw_expanding,2011-01-01
hw_182d,21980,loss,339.4875353558224,165.1774397374299,-744.3041082905356,-105.5289971169671,hw_expanding,2011-01-01
hw_182d,21981,loss,353.1388824037925,117.21605246720758,-990.8758857336566,-201.271775469991,hw_expanding,2011-01-01
hw_182d,21982,loss,415.2636016972827,223.43758830203578,-732.7753711698432,-85.85216787067297,hw_expanding,2011-01-01
hw_182d,21984,loss,3327.9126316486368,891.2344393066178,-1047.771622707068,-273.4048511677533,hw_expanding,2011-01-01
hw_182d,22197,loss,153.1406461561869,151.64405855571877,-26.235180636206678,-0.9869081681945613,hw_expanding,2011-01-01
hw_182d,84077,win,245.43830330545728,338.8234531217629,1348.4815633474527,27.561595561316064,hw_expanding,2011-01-01
hw_182d,84347,win,6006.1620598378595,10533.515609229378,1539.3002067931166,42.98046081998198,hw_expanding,2011-01-01
hw_182d,84755,loss,122.55545718436152,95.30381289194762,-160.23966843939377,-28.594495294024522,hw_expanding,2011-01-01
hw_182d,84879,win,94.39790951468859,121.35542757533607,372.28332441754173,22.213689654640746,hw_expanding,2011-01-01
hw_182d,84991,loss,206.62217844003627,180.74377707802358,-229.28263606743235,-14.31772743735541,hw_expanding,2011-01-01
hw_182d,84992,win,79.65407111072373,81.49159463615788,23.17117165572472,2.2548626439797754,hw_expanding,2011-01-01
hw_182d,85099B,loss,97.51694591364682,95.5274592124782,-53.616666596493815,-2.0826333261345034,hw_expanding,2011-01-01
hw_182d,85123A,win,89.73850315919856,90.06556435358661,17.61878654168413,0.36313678455846676,hw_expanding,2011-01-01
hw_365d,15036,win,153.02635851002975,159.52834092056037,21.32650230654042,4.075753795852726,hw_expanding,2011-01-01
hw_365d,17003,win,195.5262902383787,197.92150260072756,75.28152454862447,1.210182992183926,hw_expanding,2011-01-01
hw_365d,20725,win,86.00469408236344,87.20030896883532,16.77447685720017,1.371113130916974,hw_expanding,2011-01-01
hw_365d,21212,win,118.03060607332428,118.23430188671998,6.6180769772263375,0.1722814869671728,hw_expanding,2011-01-01
hw_365d,21213,loss,242.26380201645833,237.44553786984744,-32.08963921642862,-2.029208124876178,hw_expanding,2011-01-01
hw_365d,21232,win,130.86239687598504,302.58712376800526,848.32015084658,56.75215942885998,hw_expanding,2011-01-01
hw_365d,21977,win,328.78540583010397,341.72953638059585,75.20539849835791,3.7878290204553924,hw_expanding,2011-01-01
hw_365d,21980,win,339.4875353558224,412.52806557258134,311.883064025561,17.70559055548864,hw_expanding,2011-01-01
hw_365d,21981,loss,353.1388824037925,271.5030897947572,-342.87032895794823,-30.068089711519615,hw_expanding,2011-01-01
hw_365d,21982,win,415.2636016972827,434.50518458171143,73.50284661851765,4.428389710229162,hw_expanding,2011-01-01
hw_365d,21984,win,3327.9126316486368,4739.129914404566,606.8234315850495,29.77798263066265,hw_expanding,2011-01-01
hw_365d,22197,loss,153.1406461561869,153.0127705741356,-2.2416589533590923,-0.08357183624052228,hw_expanding,2011-01-01
hw_365d,84077,win,245.43830330545728,310.2316012120383,935.6152217710296,20.885460299157547,hw_expanding,2011-01-01
hw_365d,84347,win,6006.1620598378595,10821.237691812794,1637.1257148714776,44.49653329043828,hw_expanding,2011-01-01
hw_365d,84755,loss,122.55545718436152,122.17120322321743,-2.2594132915272667,-0.3145208944549865,hw_expanding,2011-01-01
hw_365d,84879,win,94.39790951468859,105.67873405254458,155.78818686779118,10.674640114677231,hw_expanding,2011-01-01
hw_365d,84991,win,206.62217844003627,216.3955785947891,86.59232537111029,4.516450945171106,hw_expanding,2011-01-01
hw_365d,84992,win,79.65407111072373,80.53457423505924,11.103144397870665,1.0933231257491318,hw_expanding,2011-01-01
hw_365d,85099B,win,97.51694591364682,101.93073517561054,118.95162060992243,4.330184859708363,hw_expanding,2011-01-01
hw_365d,85123A,win,89.73850315919856,103.36804648233493,734.2234988173568,13.185451197885987,hw_expanding,2011-01-01
seasonal_naive,15036,loss,153.02635851002975,100.0,-173.9264559128976,-53.02635851002975,hw_expanding,2011-01-01
seasonal_naive,17003,loss,195.5262902383787,100.0,-3002.3913021922426,-95.52629023837869,hw_expanding,2011-01-01
seasonal_naive,20725,win,86.00469408236344,100.0,196.35414202444076,13.995305917636555,hw_expanding,2011-01-01
seasonal_naive,21212,loss,118.03060607332428,100.0,-585.8143913223057,-18.03060607332428,hw_expanding,2011-01-01
seasonal_naive,21213,loss,242.26380201645833,100.0,-947.4769214296125,-142.26380201645833,hw_expanding,2011-01-01
seasonal_naive,21232,loss,130.86239687598504,100.0,-152.4602405673661,-30.86239687598504,hw_expanding,2011-01-01
seasonal_naive,21977,loss,328.78540583010397,100.0,-1329.243207872904,-228.78540583010397,hw_expanding,2011-01-01
seasonal_naive,21980,loss,339.4875353558224,100.0,-1022.6117759693614,-239.4875353558224,hw_expanding,2011-01-01
seasonal_naive,21981,loss,353.1388824037925,100.0,-1063.1833060959284,-253.13888240379248,hw_expanding,2011-01-01
seasonal_naive,21982,loss,415.2636016972827,100.0,-1204.3069584836198,-315.2636016972827,hw_expanding,2011-01-01
seasonal_naive,21984,loss,3327.9126316486368,100.0,-1388.0024316089136,-3227.9126316486368,hw_expanding,2011-01-01
seasonal_naive,22197,loss,153.1406461561869,100.0,-931.5555271179564,-53.140646156186904,hw_expanding,2011-01-01
seasonal_naive,84077,loss,245.43830330545728,100.0,-2100.1290997308033,-145.43830330545728,hw_expanding,2011-01-01
seasonal_naive,84347,loss,6006.1620598378595,100.0,-2008.0951003448722,-5906.1620598378595,hw_expanding,2011-01-01
seasonal_naive,84755,loss,122.55545718436152,100.0,-132.62608824404572,-22.555457184361515,hw_expanding,2011-01-01
seasonal_naive,84879,win,94.39790951468859,100.0,77.36486960215052,5.6020904853114075,hw_expanding,2011-01-01
seasonal_naive,84991,loss,206.62217844003627,100.0,-944.6725009787212,-106.62217844003627,hw_expanding,2011-01-01
seasonal_naive,84992,win,79.65407111072373,100.0,256.56216329377366,20.345928889276266,hw_expanding,2011-01-01
seasonal_naive,85099B,win,97.51694591364682,100.0,66.91830762721838,2.483054086353178,hw_expanding,2011-01-01
seasonal_naive,85123A,win,89.73850315919856,100.0,552.7868348139737,10.261496840801442,hw_expanding,2011-01-01
weekday_mean_4w,15036,loss,153.02635851002975,95.42682926829268,-188.9264559128976,-60.3598900680184,hw_expanding,2011-01-01
weekday_mean_4w,17003,loss,195.5262902383787,128.28507795100222,-2113.3913021922426,-52.41545888373618,hw_expanding,2011-01-01
weekday_mean_4w,20725,loss,86.00469408236344,82.39486813970065,-50.64585797555924,-4.381129582660813,hw_expanding,2011-01-01
weekday_mean_4w,21212,loss,118.03060607332428,104.69375192366883,-433.3143913223057,-12.73892080912261,hw_expanding,2011-01-01
weekday_mean_4w,21213,loss,242.26380201645833,165.6156156156156,-510.4769214296125,-46.28077256841455,hw_expanding,2011-01-01
weekday_mean_4w,21232,win,130.86239687598504,157.79352226720647,133.0397594326339,17.067320004186513,hw_expanding,2011-01-01
weekday_mean_4w,21977,loss,328.78540583010397,186.40275387263338,-827.2432078729039,-76.3844143926966,hw_expanding,2011-01-01
weekday_mean_4w,21980,loss,339.4875353558224,111.47540983606558,-973.6117759693614,-204.5402890691936,hw_expanding,2011-01-01
weekday_mean_4w,21981,loss,353.1388824037925,118.57142857142857,-985.1833060959284,-197.82797311163225,hw_expanding,2011-01-01
weekday_mean_4w,21982,loss,415.2636016972827,152.74869109947645,-1002.8069584836198,-171.86066126540186,hw_expanding,2011-01-01
weekday_mean_4w,21984,loss,3327.9126316486368,511.6279069767442,-1211.0024316089136,-550.4556507313245,hw_expanding,2011-01-01
weekday_mean_4w,22197,loss,153.1406461561869,139.0473474044495,-247.05552711795644,-10.135611368941806,hw_expanding,2011-01-01
weekday_mean_4w,84077,loss,245.43830330545728,165.8240997229917,-1149.6290997308033,-48.011238243090546,hw_expanding,2011-01-01
weekday_mean_4w,84347,loss,6006.1620598378595,5105.882352941177,-306.0951003448722,-17.632206241064065,hw_expanding,2011-01-01
weekday_mean_4w,84755,loss,122.55545718436152,91.49659863945578,-182.62608824404572,-33.94536956209028,hw_expanding,2011-01-01
weekday_mean_4w,84879,loss,94.39790951468859,92.61404779145546,-24.63513039784948,-1.9261243469780711,hw_expanding,2011-01-01
weekday_mean_4w,84991,loss,206.62217844003627,140.51918735891647,-585.6725009787212,-47.04196795009811,hw_expanding,2011-01-01
weekday_mean_4w,84992,win,79.65407111072373,105.86835844567803,330.56216329377366,24.761210733616004,hw_expanding,2011-01-01
weekday_mean_4w,85099B,loss,97.51694591364682,92.35621521335807,-139.08169237278162,-5.587854253627235,hw_expanding,2011-01-01
weekday_mean_4w,85123A,win,89.73850315919856,102.0048264340078,660.7868348139737,12.025238122183323,hw_expanding,2011-01-01
weekday_mean_8w,15036,win,153.02635851002975,205.10670731707316,170.8235440871024,25.391831153787052,hw_expanding,2011-01-01
weekday_mean_8w,17003,loss,195.5262902383787,125.39770919503658,-2204.1413021922426,-55.92492996364713,hw_expanding,2011-01-01
weekday_mean_8w,20725,win,86.00469408236344,98.57448325017819,176.35414202444076,12.751564860769408,hw_expanding,2011-01-01
weekday_mean_8w,21212,win,118.03060607332428,129.49369036626655,372.4356086776943,8.852233850560207,hw_expanding,2011-01-01
weekday_mean_8w,21213,loss,242.26380201645833,203.41591591591592,-258.7269214296125,-19.097761316081375,hw_expanding,2011-01-01
weekday_mean_8w,21232,win,130.86239687598504,331.831983805668,992.7897594326339,60.56365773571048,hw_expanding,2011-01-01
weekday_mean_8w,21977,loss,328.78540583010397,302.62478485370053,-151.9932078729039,-8.644573176334648,hw_expanding,2011-01-01
weekday_mean_8w,21980,loss,339.4875353558224,180.327868852459,-679.6117759693614,-88.26126960641061,hw_expanding,2011-01-01
weekday_mean_8w,21981,loss,353.1388824037925,130.11904761904762,-936.6833060959284,-171.3967623231342,hw_expanding,2011-01-01
weekday_mean_8w,21982,loss,415.2636016972827,325.4581151832461,-343.05695848361984,-27.59356191301989,hw_expanding,2011-01-01
weekday_mean_8w,21984,loss,3327.9126316486368,854.0697674418604,-1063.7524316089136,-289.65348716376144,hw_expanding,2011-01-01
weekday_mean_8w,22197,win,153.1406461561869,308.74215630347976,2727.6944728820436,50.398530608934244,hw_expanding,2011-01-01
weekday_mean_8w,84077,win,245.43830330545728,332.2368421052632,1253.3709002691967,26.125500787268308,hw_expanding,2011-01-01
weekday_mean_8w,84347,win,6006.1620598378595,7397.058823529412,472.9048996551278,18.803375731814228,hw_expanding,2011-01-01
weekday_mean_8w,84755,loss,122.55545718436152,100.0,-132.62608824404572,-22.555457184361515,hw_expanding,2011-01-01
weekday_mean_8w,84879,win,94.39790951468859,315.17016654598115,3048.8648696021505,70.04858976685009,hw_expanding,2011-01-01
weekday_mean_8w,84991,loss,206.62217844003627,131.46162528216703,-665.9225009787212,-57.172998581560115,hw_expanding,2011-01-01
weekday_mean_8w,84992,win,79.65407111072373,121.847739888977,532.0621632937737,34.62819155833216,hw_expanding,2011-01-01
weekday_mean_8w,85099B,win,97.51694591364682,133.17254174397033,960.9183076272184,26.773984609284433,hw_expanding,2011-01-01
weekday_mean_8w,85123A,win,89.73850315919856,106.15834416187117,884.5368348139737,15.467310772703364,hw_expanding,2011-01-01
hw_365d,15036,win,136.82369744230613,159.52834092056037,74.47123060867386,14.232357302305532,hw_182d,2011-01-01
hw_365d,17003,loss,214.64093084791259,197.92150260072756,-525.4916298090247,-8.447504706405539,hw_182d,2011-01-01
hw_365d,20725,win,85.11883512118898,87.20030896883532,29.203078082477987,2.3870028354948123,hw_182d,2011-01-01
hw_365d,21212,loss,124.14679069115604,118.23430188671998,-192.0967612561276,-5.000654387168293,hw_182d,2011-01-01
hw_365d,21213,loss,264.5621173467277,237.44553786984744,-180.59641931602232,-11.420125945573183,hw_182d,2011-01-01
hw_365d,21232,loss,313.84367756207666,302.58712376800526,-55.60737574271275,-3.720103371847988,hw_182d,2011-01-01
hw_365d,21977,loss,344.631358203728,341.72953638059585,-16.859584792397754,-0.8491574517867488,hw_182d,2011-01-01
hw_365d,21980,win,165.1774397374299,412.52806557258134,1056.1871723160966,59.95970855748526,hw_182d,2011-01-01
hw_365d,21981,win,117.21605246720758,271.5030897947572,648.0055567757083,56.82699134075525,hw_182d,2011-01-01
hw_365d,21982,win,223.43758830203578,434.50518458171143,806.2782177883608,48.57654264421857,hw_182d,2011-01-01
hw_365d,21984,win,891.2344393066178,4739.129914404566,1654.5950542921175,81.19413361938624,hw_182d,2011-01-01
hw_365d,22197,win,151.64405855571877,153.0127705741356,23.993521682847586,0.8945083559242398,hw_182d,2011-01-01
hw_365d,84077,loss,338.8234531217629,310.2316012120383,-412.8663415764231,-9.216292536936791,hw_182d,2011-01-01
hw_365d,84347,win,10533.515609229378,10821.237691812794,97.82550807836105,2.6588648246873126,hw_182d,2011-01-01
hw_365d,84755,win,95.30381289194762,122.17120322321743,157.9802551478665,21.991590180364152,hw_182d,2011-01-01
hw_365d,84879,loss,121.35542757533607,105.67873405254458,-216.49513754975055,-14.834293449235362,hw_182d,2011-01-01
hw_365d,84991,win,180.74377707802358,216.3955785947891,315.87496143854264,16.4752911072759,hw_182d,2011-01-01
hw_365d,84992,loss,81.49159463615788,80.53457423505924,-12.068027257854055,-1.1883348365453017,hw_182d,2011-01-01
hw_365d,85099B,win,95.5274592124782,101.93073517561054,172.56828720641624,6.281987422243643,hw_182d,2011-01-01
hw_365d,85123A,win,90.06556435358661,103.36804648233493,716.6047122756727,12.869046655555834,hw_182d,2011-01-01
hw_expanding,15036,win,136.82369744230613,153.02635851002975,53.144728302133444,10.588150450343273,hw_182d,2011-01-01
hw_expanding,17003,loss,214.64093084791259,195.5262902383787,-600.7731543576492,-9.77599512895683,hw_182d,2011-01-01
hw_expanding,20725,win,85.11883512118898,86.00469408236344,12.428601225277816,1.0300123390080427,hw_182d,2011-01-01
hw_expanding,21212,loss,124.14679069115604,118.03060607332428,-198.71483823335393,-5.181863265221395,hw_182d,2011-01-01
hw_expanding,21213,loss,264.5621173467277,242.26380201645833,-148.5067800995937,-9.204146531455208,hw_182d,2011-01-01
hw_expanding,21232,loss,313.84367756207666,130.86239687598504,-903.9275265892927,-139.82724224400255,hw_182d,2011-01-01
hw_expanding,21977,loss,344.631358203728,328.78540583010397,-92.06498329075566,-4.819542501777657,hw_182d,2011-01-01
hw_expanding,21980,win,165.1774397374299,339.4875353558224,744.3041082905356,51.34506497733275,hw_182d,2011-01-01
hw_expanding,21981,win,117.21605246720758,353.1388824037925,990.8758857336566,66.80737853919516,hw_182d,2011-01-01
hw_expanding,21982,win,223.43758830203578,415.2636016972827,732.7753711698432,46.19379416139716,hw_182d,2011-01-01
hw_expanding,21984,win,891.2344393066178,3327.9126316486368,1047.771622707068,73.21941595368436,hw_182d,2011-01-01
hw_expanding,22197,win,151.64405855571877,153.1406461561869,26.235180636206678,0.977263475133685,hw_182d,2011-01-01
hw_expanding,84077,loss,338.8234531217629,245.43830330545728,-1348.4815633474527,-38.048319499701016,hw_182d,2011-01-01
hw_expanding,84347,loss,10533.515609229378,6006.1620598378595,-1539.3002067931166,-75.37847804116258,hw_182d,2011-01-01
hw_expanding,84755,win,95.30381289194762,122.55545718436152,160.23966843939377,22.236173662523203,hw_182d,2011-01-01
hw_expanding,84879,loss,121.35542757533607,94.39790951468859,-372.28332441754173,-28.55732526200996,hw_182d,2011-01-01
hw_expanding,84991,win,180.74377707802358,206.62217844003627,229.28263606743235,12.524503205507942,hw_182d,2011-01-01
hw_expanding,84992,loss,81.49159463615788,79.65407111072373,-23.17117165572472,-2.306879610559876,hw_182d,2011-01-01
hw_expanding,85099B,win,95.5274592124782,97.51694591364682,53.616666596493815,2.0401445948997887,hw_182d,2011-01-01
hw_expanding,85123A,loss,90.06556435358661,89.73850315919856,-17.61878654168413,-0.3644602738780204,hw_182d,2011-01-01
seasonal_naive,15036,loss,136.82369744230613,100.0,-120.78172761076416,-36.82369744230613,hw_182d,2011-01-01
seasonal_naive,17003,loss,214.64093084791259,100.0,-3603.164456549892,-114.64093084791259,hw_182d,2011-01-01
seasonal_naive,20725,win,85.11883512118898,100.0,208.78274324971858,14.88116487881102,hw_182d,2011-01-01
seasonal_naive,21212,loss,124.14679069115604,100.0,-784.5292295556596,-24.146790691156042,hw_182d,2011-01-01
seasonal_naive,21213,loss,264.5621173467277,100.0,-1095.9837015292062,-164.5621173467277,hw_182d,2011-01-01
seasonal_naive,21232,loss,313.84367756207666,100.0,-1056.3877671566588,-213.84367756207666,hw_182d,2011-01-01
seasonal_naive,21977,loss,344.631358203728,100.0,-1421.3081911636596,-244.63135820372798,hw_182d,2011-01-01
seasonal_naive,21980,loss,165.1774397374299,100.0,-278.30766767882574,-65.17743973742989,hw_182d,2011-01-01
seasonal_naive,21981,loss,117.21605246720758,100.0,-72.30742036227184,-17.216052467207575,hw_182d,2011-01-01
seasonal_naive,21982,loss,223.43758830203578,100.0,-471.53158731377664,-123.43758830203578,hw_182d,2011-01-01
seasonal_naive,21984,loss,891.2344393066178,100.0,-340.23080890184565,-791.2344393066177,hw_182d,2011-01-01
seasonal_naive,22197,loss,151.64405855571877,100.0,-905.3203464817498,-51.64405855571877,hw_182d,2011-01-01
seasonal_naive,84077,loss,338.8234531217629,100.0,-3448.610663078256,-238.8234531217629,hw_182d,2011-01-01
seasonal_naive,84347,loss,10533.515609229378,100.0,-3547.3953071379888,-10433.515609229378,hw_182d,2011-01-01
seasonal_naive,84755,win,95.30381289194762,100.0,27.61358019534805,4.696187108052385,hw_182d,2011-01-01
seasonal_naive,84879,loss,121.35542757533607,100.0,-294.9184548153912,-21.355427575336066,hw_182d,2011-01-01
seasonal_naive,84991,loss,180.74377707802358,100.0,-715.3898649112889,-80.74377707802358,hw_182d,2011-01-01
seasonal_naive,84992,win,81.49159463615788,100.0,233.39099163804894,18.508405363842115,hw_182d,2011-01-01
seasonal_naive,85099B,win,95.5274592124782,100.0,120.5349742237122,4.472540787521794,hw_182d,2011-01-01
seasonal_naive,85123A,win,90.06556435358661,100.0,535.1680482722895,9.934435646413391,hw_182d,2011-01-01
weekday_mean_4w,15036,loss,136.82369744230613,95.42682926829268,-135.78172761076416,-43.380743645611545,hw_182d,2011-01-01
weekday_mean_4w,17003,loss,214.64093084791259,128.28507795100222,-2714.164456549892,-67.31558671998742,hw_182d,2011-01-01
weekday_mean_4w,20725,loss,85.11883512118898,82.39486813970065,-38.21725675028142,-3.3059910683634333,hw_182d,2011-01-01
weekday_mean_4w,21212,loss,124.14679069115604,104.69375192366883,-632.0292295556596,-18.580897532137573,hw_182d,2011-01-01
weekday_mean_4w,21213,loss,264.5621173467277,165.6156156156156,-658.9837015292062,-59.74466922295616,hw_182d,2011-01-01
weekday_mean_4w,21232,loss,313.84367756207666,157.79352226720647,-770.8877671566588,-98.89515935300305,hw_182d,2011-01-01
weekday_mean_4w,21977,loss,344.631358203728,186.40275387263338,-919.3081911636596,-84.88533621086422,hw_182d,2011-01-01
weekday_mean_4w,21980,loss,165.1774397374299,111.47540983606558,-229.30766767882574,-48.17387976445916,hw_182d,2011-01-01
weekday_mean_4w,21981,win,117.21605246720758,118.57142857142857,5.692579637728159,1.1430882806683085,hw_182d,2011-01-01
weekday_mean_4w,21982,loss,223.43758830203578,152.74869109947645,-270.03158731377664,-46.27790699464895,hw_182d,2011-01-01
weekday_mean_4w,21984,loss,891.2344393066178,511.6279069767442,-163.23080890184565,-74.19582222811165,hw_182d,2011-01-01
weekday_mean_4w,22197,loss,151.64405855571877,139.0473474044495,-220.82034648174977,-9.059296265917954,hw_182d,2011-01-01
weekday_mean_4w,84077,loss,338.8234531217629,165.8240997229917,-2498.110663078256,-104.32702706528528,hw_182d,2011-01-01
weekday_mean_4w,84347,loss,10533.515609229378,5105.882352941177,-1845.3953071379888,-106.3015729918196,hw_182d,2011-01-01
weekday_mean_4w,84755,loss,95.30381289194762,91.49659863945578,-22.38641980465195,-4.161044573355385,hw_182d,2011-01-01
weekday_mean_4w,84879,loss,121.35542757533607,92.61404779145546,-396.9184548153912,-31.03349920370533,hw_182d,2011-01-01
weekday_mean_4w,84991,loss,180.74377707802358,140.51918735891647,-356.3898649112889,-28.62569196074611,hw_182d,2011-01-01
weekday_mean_4w,84992,win,81.49159463615788,105.86835844567803,307.39099163804894,23.02554244479768,hw_182d,2011-01-01
weekday_mean_4w,85099B,loss,95.5274592124782,92.35621521335807,-85.4650257762878,-3.4337093522011926,hw_182d,2011-01-01
weekday_mean_4w,85123A,win,90.06556435358661,102.0048264340078,643.1680482722895,11.704605064099898,hw_182d,2011-01-01
weekday_mean_8w,15036,win,136.82369744230613,205.10670731707316,223.96827238923584,33.291456319470214,hw_182d,2011-01-01
weekday_mean_8w,17003,loss,214.64093084791259,125.39770919503658,-2804.914456549892,-71.16814352172263,hw_182d,2011-01-01
weekday_mean_8w,20725,win,85.11883512118898,98.57448325017819,188.78274324971858,13.650234508294911,hw_182d,2011-01-01
weekday_mean_8w,21212,win,124.14679069115604,129.49369036626655,173.72077044434036,4.129081239392486,hw_182d,2011-01-01
weekday_mean_8w,21213,loss,264.5621173467277,203.41591591591592,-407.2337015292062,-30.059693783296282,hw_182d,2011-01-01
weekday_mean_8w,21232,win,313.84367756207666,331.831983805668,88.86223284334119,5.420907905648393,hw_182d,2011-01-01
weekday_mean_8w,21977,loss,344.631358203728,302.62478485370053,-244.05819116365956,-13.880744556443023,hw_182d,2011-01-01
weekday_mean_8w,21980,win,165.1774397374299,180.327868852459,64.69233232117426,8.401601600152508,hw_182d,2011-01-01
weekday_mean_8w,21981,win,117.21605246720758,130.11904761904762,54.19257963772816,9.916300025201865,hw_182d,2011-01-01
weekday_mean_8w,21982,win,223.43758830203578,325.4581151832461,389.71841268622336,31.34674544027536,hw_182d,2011-01-01
weekday_mean_8w,21984,loss,891.2344393066178,854.0697674418604,-15.980808901845649,-4.351479619290853,hw_182d,2011-01-01
weekday_mean_8w,22197,win,151.64405855571877,308.74215630347976,2753.9296535182502,50.883267652422745,hw_182d,2011-01-01
weekday_mean_8w,84077,loss,338.8234531217629,332.2368421052632,-95.11066307825604,-1.9825047019959543,hw_182d,2011-01-01
weekday_mean_8w,84347,loss,10533.515609229378,7397.058823529412,-1066.3953071379888,-42.401403862345475,hw_182d,2011-01-01
weekday_mean_8w,84755,win,95.30381289194762,100.0,27.61358019534805,4.696187108052385,hw_182d,2011-01-01
weekday_mean_8w,84879,win,121.35542757533607,315.17016654598115,2676.581545184609,61.49526812601053,hw_182d,2011-01-01
weekday_mean_8w,84991,loss,180.74377707802358,131.46162528216703,-436.6398649112889,-37.48786133601967,hw_182d,2011-01-01
weekday_mean_8w,84992,win,81.49159463615788,121.847739888977,508.89099163804894,33.12014263833707,hw_182d,2011-01-01
weekday_mean_8w,85099B,win,95.5274592124782,133.17254174397033,1014.5349742237122,28.267901204338607,hw_182d,2011-01-01
weekday_mean_8w,85123A,win,90.06556435358661,106.15834416187117,866.9180482722895,15.159222702029103,hw_182d,2011-01-01
hw_182d,15036,loss,159.52834092056037,136.82369744230613,-74.47123060867386,-16.594087064361062,hw_365d,2011-01-01
hw_182d,17003,win,197.92150260072756,214.64093084791259,525.4916298090247,7.789487392333315,hw_365d,2011-01-01
hw_182d,20725,loss,87.20030896883532,85.11883512118898,-29.203078082477987,-2.445373981778313,hw_365d,2011-01-01
hw_182d,21212,win,118.23430188671998,124.14679069115604,192.0967612561276,4.762498306657603,hw_365d,2011-01-01
hw_182d,21213,win,237.44553786984744,264.5621173467277,180.59641931602232,10.249607823232688,hw_365d,2011-01-01
hw_182d,21232,win,302.58712376800526,313.84367756207666,55.60737574271275,3.5866753415304724,hw_365d,2011-01-01
hw_182d,21977,win,341.72953638059585,344.631358203728,16.859584792397754,0.8420074825044602,hw_365d,2011-01-01
hw_182d,21980,loss,412.52806557258134,165.1774397374299,-1056.1871723160966,-149.74843188533862,hw_365d,2011-01-01
hw_182d,21981,loss,271.5030897947572,117.21605246720758,-648.0055567757083,-131.62620142894937,hw_365d,2011-01-01
hw_182d,21982,loss,434.50518458171143,223.43758830203578,-806.2782177883608,-94.46378198209034,hw_365d,2011-01-01
hw_182d,21984,loss,4739.129914404566,891.2344393066178,-1654.5950542921175,-431.74896586038784,hw_365d,2011-01-01
hw_182d,22197,loss,153.0127705741356,151.64405855571877,-23.993521682847586,-0.9025820275800134,hw_365d,2011-01-01
hw_182d,84077,win,310.2316012120383,338.8234531217629,412.8663415764231,8.43856930395239,hw_365d,2011-01-01
hw_182d,84347,loss,10821.237691812794,10533.515609229378,-97.82550807836105,-2.7314914911344124,hw_365d,2011-01-01
hw_182d,84755,loss,122.17120322321743,95.30381289194762,-157.9802551478665,-28.19130684910917,hw_365d,2011-01-01
hw_182d,84879,win,105.67873405254458,121.35542757533607,216.49513754975055,12.917999496198528,hw_365d,2011-01-01
hw_182d,84991,loss,216.3955785947891,180.74377707802358,-315.87496143854264,-19.725050617579672,hw_365d,2011-01-01
hw_182d,84992,win,80.53457423505924,81.49159463615788,12.068027257854055,1.1743792784661193,hw_365d,2011-01-01
hw_182d,85099B,loss,101.93073517561054,95.5274592124782,-172.56828720641624,-6.703073666902162,hw_365d,2011-01-01
hw_182d,85123A,loss,103.36804648233493,90.06556435358661,-716.6047122756727,-14.769776022858608,hw_365d,2011-01-01
hw_expanding,15036,loss,159.52834092056037,153.02635851002975,-21.32650230654042,-4.248929709782291,hw_365d,2011-01-01
hw_expanding,17003,loss,197.92150260072756,195.5262902383787,-75.28152454862447,-1.2250078285783021,hw_365d,2011-01-01
hw_expanding,20725,loss,87.20030896883532,86.00469408236344,-16.77447685720017,-1.3901739890230616,hw_365d,2011-01-01
hw_expanding,21212,loss,118.23430188671998,118.03060607332428,-6.6180769772263375,-0.1725788083043097,hw_365d,2011-01-01
hw_expanding,21213,win,237.44553786984744,242.26380201645833,32.08963921642862,1.988850214727314,hw_365d,2011-01-01
hw_expanding,21232,loss,302.58712376800526,130.86239687598504,-848.32015084658,-131.22541768416437,hw_365d,2011-01-01
hw_expanding,21977,loss,341.72953638059585,328.78540583010397,-75.20539849835791,-3.9369541107857464,hw_365d,2011-01-01
hw_expanding,21980,loss,412.52806557258134,339.4875353558224,-311.883064025561,-21.514937253941884,hw_365d,2011-01-01
hw_expanding,21981,win,271.5030897947572,353.1388824037925,342.87032895794823,23.117191755647507,hw_365d,2011-01-01
hw_expanding,21982,loss,434.50518458171143,415.2636016972827,-73.50284661851765,-4.633582814815394,hw_365d,2011-01-01
hw_expanding,21984,loss,4739.129914404566,3327.9126316486368,-606.8234315850495,-42.40547871765543,hw_365d,2011-01-01
hw_expanding,22197,win,153.0127705741356,153.1406461561869,2.2416589533590923,0.08350205204233199,hw_365d,2011-01-01
hw_expanding,84077,loss,310.2316012120383,245.43830330545728,-935.6152217710296,-26.399016385777124,hw_365d,2011-01-01
hw_expanding,84347,loss,10821.237691812794,6006.1620598378595,-1637.1257148714776,-80.16892624613797,hw_365d,2011-01-01
hw_expanding,84755,win,122.17120322321743,122.55545718436152,2.2594132915272667,0.3135347621167496,hw_365d,2011-01-01
hw_expanding,84879,loss,105.67873405254458,94.39790951468859,-155.78818686779118,-11.950290632337216,hw_365d,2011-01-01
hw_expanding,84991,loss,216.3955785947891,206.62217844003627,-86.59232537111029,-4.7300828151849,hw_365d,2011-01-01
hw_expanding,84992,loss,80.53457423505924,79.65407111072373,-11.103144397870665,-1.1054088159681816,hw_365d,2011-01-01
hw_expanding,85099B,loss,101.93073517561054,97.51694591364682,-118.95162060992243,-4.526176676894918,hw_365d,2011-01-01
hw_expanding,85123A,loss,103.36804648233493,89.73850315919856,-734.2234988173568,-15.188066262880708,hw_365d,2011-01-01
seasonal_naive,15036,loss,159.52834092056037,100.0,-195.25295821943803,-59.52834092056037,hw_365d,2011-01-01
seasonal_naive,17003,loss,197.92150260072756,100.0,-3077.672826740867,-97.92150260072756,hw_365d,2011-01-01
seasonal_naive,20725,win,87.20030896883532,100.0,179.5796651672406,12.799691031164684,hw_365d,2011-01-01
seasonal_naive,21212,loss,118.23430188671998,100.0,-592.432468299532,-18.234301886719976,hw_365d,2011-01-01
seasonal_naive,21213,loss,237.44553786984744,100.0,-915.3872822131839,-137.44553786984744,hw_365d,2011-01-01
seasonal_naive,21232,loss,302.58712376800526,100.0,-1000.7803914139461,-202.58712376800526,hw_365d,2011-01-01
seasonal_naive,21977,loss,341.72953638059585,100.0,-1404.4486063712618,-241.72953638059585,hw_365d,2011-01-01
seasonal_naive,21980,loss,412.52806557258134,100.0,-1334.4948399949224,-312.52806557258134,hw_365d,2011-01-01
seasonal_naive,21981,loss,271.5030897947572,100.0,-720.3129771379802,-171.50308979475722,hw_365d,2011-01-01
seasonal_naive,21982,loss,434.50518458171143,100.0,-1277.8098051021375,-334.50518458171143,hw_365d,2011-01-01
seasonal_naive,21984,loss,4739.129914404566,100.0,-1994.8258631939632,-4639.129914404566,hw_365d,2011-01-01
seasonal_naive,22197,loss,153.0127705741356,100.0,-929.3138681645974,-53.0127705741356,hw_365d,2011-01-01
seasonal_naive,84077,loss,310.2316012120383,100.0,-3035.744321501833,-210.2316012120383,hw_365d,2011-01-01
seasonal_naive,84347,loss,10821.237691812794,100.0,-3645.22081521635,-10721.237691812794,hw_365d,2011-01-01
seasonal_naive,84755,loss,122.17120322321743,100.0,-130.36667495251845,-22.171203223217432,hw_365d,2011-01-01
seasonal_naive,84879,loss,105.67873405254458,100.0,-78.42331726564066,-5.678734052544585,hw_365d,2011-01-01
seasonal_naive,84991,loss,216.3955785947891,100.0,-1031.2648263498315,-116.3955785947891,hw_365d,2011-01-01
seasonal_naive,84992,win,80.53457423505924,100.0,245.459018895903,19.46542576494076,hw_365d,2011-01-01
seasonal_naive,85099B,loss,101.93073517561054,100.0,-52.03331298270405,-1.9307351756105362,hw_365d,2011-01-01
seasonal_naive,85123A,loss,103.36804648233493,100.0,-181.43666400338316,-3.3680464823349325,hw_365d,2011-01-01
weekday_mean_4w,15036,loss,159.52834092056037,95.42682926829268,-210.25295821943803,-67.17346907969267,hw_365d,2011-01-01
weekday_mean_4w,17003,loss,197.92150260072756,128.28507795100222,-2188.672826740867,-54.28256018702548,hw_365d,2011-01-01
weekday_mean_4w,20725,loss,87.20030896883532,82.39486813970065,-67.42033483275941,-5.832208895567421,hw_365d,2011-01-01
weekday_mean_4w,21212,loss,118.23430188671998,104.69375192366883,-439.93246829953205,-12.933484295150134,hw_365d,2011-01-01
weekday_mean_4w,21213,loss,237.44553786984744,165.6156156156156,-478.3872822131839,-43.371467109082865,hw_365d,2011-01-01
weekday_mean_4w,21232,loss,302.58712376800526,157.79352226720647,-715.2803914139461,-91.76143571699116,hw_365d,2011-01-01
weekday_mean_4w,21977,loss,341.72953638059585,186.40275387263338,-902.4486063712618,-83.32858784591524,hw_365d,2011-01-01
weekday_mean_4w,21980,loss,412.52806557258134,111.47540983606558,-1285.4948399949224,-270.06194117540383,hw_365d,2011-01-01
weekday_mean_4w,21981,loss,271.5030897947572,118.57142857142857,-642.3129771379802,-128.9785094654579,hw_365d,2011-01-01
weekday_mean_4w,21982,loss,434.50518458171143,152.74869109947645,-1076.3098051021375,-184.457550146039,hw_365d,2011-01-01
weekday_mean_4w,21984,loss,4739.129914404566,511.6279069767442,-1817.8258631939632,-826.2844832699834,hw_365d,2011-01-01
weekday_mean_4w,22197,loss,153.0127705741356,139.0473474044495,-244.81386816459735,-10.043645873419372,hw_365d,2011-01-01
weekday_mean_4w,84077,loss,310.2316012120383,165.8240997229917,-2085.244321501833,-87.08474927967563,hw_365d,2011-01-01
weekday_mean_4w,84347,loss,10821.237691812794,5105.882352941177,-1943.2208152163498,-111.93668290416763,hw_365d,2011-01-01
weekday_mean_4w,84755,loss,122.17120322321743,91.49659863945578,-180.36667495251845,-33.52540426626738,hw_365d,2011-01-01
weekday_mean_4w,84879,loss,105.67873405254458,92.61404779145546,-180.42331726564066,-14.106592436719374,hw_365d,2011-01-01
weekday_mean_4w,84991,loss,216.3955785947891,140.51918735891647,-672.2648263498315,-53.99717480721539,hw_365d,2011-01-01
weekday_mean_4w,84992,win,80.53457423505924,105.86835844567803,319.459018895903,23.92951452403767,hw_365d,2011-01-01
weekday_mean_4w,85099B,loss,101.93073517561054,92.35621521335807,-258.03331298270405,-10.36694708648871,hw_365d,2011-01-01
weekday_mean_4w,85123A,loss,103.36804648233493,102.0048264340078,-73.43666400338316,-1.3364270064309887,hw_365d,2011-01-01
weekday_mean_8w,15036,win,159.52834092056037,205.10670731707316,149.49704178056197,22.221782501755772,hw_365d,2011-01-01
weekday_mean_8w,17003,loss,197.92150260072756,125.39770919503658,-2279.422826740867,-57.83502256240704,hw_365d,2011-01-01
weekday_mean_8w,20725,win,87.20030896883532,98.57448325017819,159.5796651672406,11.538659809634169,hw_365d,2011-01-01
weekday_mean_8w,21212,win,118.23430188671998,129.49369036626655,365.81753170046795,8.694932121943506,hw_365d,2011-01-01
weekday_mean_8w,21213,loss,237.44553786984744,203.41591591591592,-226.63728221318388,-16.72908523441107,hw_365d,2011-01-01
weekday_mean_8w,21232,win,302.58712376800526,331.831983805668,144.46960858605394,8.8131528800399,hw_365d,2011-01-01
weekday_mean_8w,21977,loss,341.72953638059585,302.62478485370053,-227.1986063712618,-12.921860166145985,hw_365d,2011-01-01
weekday_mean_8w,21980,loss,412.52806557258134,180.327868852459,-991.4948399949224,-128.7655636357042,hw_365d,2011-01-01
weekday_mean_8w,21981,loss,271.5030897947572,130.11904761904762,-593.8129771379802,-108.65745235827636,hw_365d,2011-01-01
weekday_mean_8w,21982,loss,434.50518458171143,325.4581151832461,-416.5598051021375,-33.50571527063242,hw_365d,2011-01-01
weekday_mean_8w,21984,loss,4739.129914404566,854.0697674418604,-1670.5758631939632,-454.88791373559246,hw_365d,2011-01-01
weekday_mean_8w,22197,win,153.0127705741356,308.74215630347976,2729.9361318354026,50.43994885371893,hw_365d,2011-01-01
weekday_mean_8w,84077,win,310.2316012120383,332.2368421052632,317.7556784981671,6.6233596351884785,hw_365d,2011-01-01
weekday_mean_8w,84347,loss,10821.237691812794,7397.058823529412,-1164.2208152163498,-46.29108609210139,hw_365d,2011-01-01
weekday_mean_8w,84755,loss,122.17120322321743,100.0,-130.36667495251845,-22.171203223217432,hw_365d,2011-01-01
weekday_mean_8w,84879,win,105.67873405254458,315.17016654598115,2893.0766827343596,66.46930919550509,hw_365d,2011-01-01
weekday_mean_8w,84991,loss,216.3955785947891,131.46162528216703,-752.5148263498315,-64.6074115775773,hw_365d,2011-01-01
weekday_mean_8w,84992,win,80.53457423505924,121.847739888977,520.959018895903,33.90556582466014,hw_365d,2011-01-01
weekday_mean_8w,85099B,win,101.93073517561054,133.17254174397033,841.966687017296,23.459645779250387,hw_365d,2011-01-01
weekday_mean_8w,85123A,win,103.36804648233493,106.15834416187117,150.31333599661684,2.6284299190665292,hw_365d,2011-01-01
hw_182d,15036,loss,118.35119674875249,114.71600857689324,-68.74140832985813,-3.168858659707117,hw_expanding,2011-03-01
hw_182d,17003,loss,150.54344008072988,137.55405317734295,-342.91981424941514,-9.44311461810597,hw_expanding,2011-03-01
hw_182d,20725,win,93.42141037296962,95.81175819769663,24.97913476839733,2.494837658437293,hw_expanding,2011-03-01
hw_182d,21212,win,83.56360129665843,86.7664855289279,105.02257397611629,3.6913840784776615,hw_expanding,2011-03-01
hw_182d,21213,win,104.48387378391607,113.4078708431127,88.61529079782258,7.8689397771535665,hw_expanding,2011-03-01
hw_182d,21232,loss,96.12687578603469,88.32055770751757,-79.15606531616356,-8.838619548088149,hw_expanding,2011-03-01
hw_182d,21977,loss,78.47881417234007,76.19412578694417,-55.9063247906372,-2.998509874349626,hw_expanding,2011-03-01
hw_182d,21980,loss,614.7732894603506,213.3850446591855,-1003.470612002913,-188.10514365814845,hw_expanding,2011-03-01
hw_182d,21981,loss,132.97012828885917,97.87952582208834,-423.89447779859165,-35.850809627494115,hw_expanding,2011-03-01
hw_182d,21982,loss,422.4074638072026,270.36390146383724,-454.61025140666254,-56.23663570474925,hw_expanding,2011-03-01
hw_182d,21984,loss,281.074996214928,134.41755572347404,-797.8164762735097,-109.10586768380166,hw_expanding,2011-03-01
hw_182d,22197,win,104.1747516630217,115.63862168286829,226.7553489925658,9.913530490950976,hw_expanding,2011-03-01
hw_182d,84077,win,111.93253976055493,144.82851840533442,1200.0453009615553,22.713743817162353,hw_expanding,2011-03-01
hw_182d,84347,win,24489.647536470613,42575.762503151775,1446.889197334493,42.47983806594725,hw_expanding,2011-03-01
hw_182d,84755,loss,86.80725129821248,80.54262616036914,-65.40268643908439,-7.778024428170231,hw_expanding,2011-03-01
hw_182d,84879,win,74.42783084597409,98.8783267244189,559.9163556163862,24.727861694696884,hw_expanding,2011-03-01
hw_182d,84991,loss,74.54924529066007,63.94908068799744,-165.36256780153712,-16.575945249909072,hw_expanding,2011-03-01
hw_182d,84992,loss,136.9546330826201,136.44402551446646,-5.9741085473974636,-0.3742249367301861,hw_expanding,2011-03-01
hw_182d,85099B,win,81.50908294784948,82.58609875837593,46.80710712547943,1.3041127099095664,hw_expanding,2011-03-01
hw_182d,85123A,win,69.10602094834624,151.21595860807466,1371.2359589174644,54.29978318131291,hw_expanding,2011-03-01
hw_365d,15036,win,118.35119674875249,118.99444857819552,12.163892094767562,0.540572973889893,hw_expanding,2011-03-01
hw_365d,17003,loss,150.54344008072988,148.73829232930237,-47.6559006376865,-1.2136402288598056,hw_expanding,2011-03-01
hw_365d,20725,win,93.42141037296962,110.30167438470572,176.3987589226423,15.303724178167778,hw_expanding,2011-03-01
hw_365d,21212,win,83.56360129665843,84.72209046124473,37.98685970678525,1.3673991733197834,hw_expanding,2011-03-01
hw_365d,21213,loss,104.48387378391607,102.44623294340326,-20.23377354629224,-1.988985619059813,hw_expanding,2011-03-01
hw_365d,21232,loss,96.12687578603469,85.82081085410056,-104.5034984098121,-12.008817942136353,hw_expanding,2011-03-01
hw_365d,21977,win,78.47881417234007,91.2099854399739,311.5317609189999,13.95808935416653,hw_expanding,2011-03-01
hw_365d,21980,loss,614.7732894603506,399.7058211283206,-537.6686708300751,-53.80643887670208,hw_expanding,2011-03-01
hw_365d,21981,loss,132.97012828885917,130.88078195283245,-25.239303739203024,-1.5963736652946436,hw_expanding,2011-03-01
hw_365d,21982,win,422.4074638072026,650.1709158434551,681.0127215883949,35.031319686267274,hw_expanding,2011-03-01
hw_365d,21984,win,281.074996214928,300.65465362982815,106.51333633705667,6.512341378559543,hw_expanding,2011-03-01
hw_365d,22197,win,104.1747516630217,104.31780675088534,2.8296296379430714,0.13713391061342434,hw_expanding,2011-03-01
hw_365d,84077,win,111.93253976055493,112.96847537207552,37.7909311082708,0.9170130057156253,hw_expanding,2011-03-01
hw_365d,84347,loss,24489.647536470613,20276.84348708438,-337.02432395089863,-20.776429290237587,hw_expanding,2011-03-01
hw_365d,84755,loss,86.80725129821248,76.53484881155397,-107.24388196071482,-13.421862911040009,hw_expanding,2011-03-01
hw_365d,84879,win,74.42783084597409,78.0703496886781,83.41368149792197,4.665687879238826,hw_expanding,2011-03-01
hw_365d,84991,loss,74.54924529066007,72.75301515472603,-28.02119012057119,-2.4689425340158646,hw_expanding,2011-03-01
hw_365d,84992,loss,136.9546330826201,129.57555115454028,-86.33525855853395,-5.694810373045636,hw_expanding,2011-03-01
hw_365d,85099B,win,81.50908294784948,81.8879574689331,16.465886686294198,0.4626742842222624,hw_expanding,2011-03-01
hw_365d,85123A,win,69.10602094834624,144.93638357056622,1266.3670557910737,52.31975626416807,hw_expanding,2011-03-01
seasonal_naive,15036,loss,118.35119674875249,98.83659439450027,-369.02113051890956,-19.74430874900532,hw_expanding,2011-03-01
seasonal_naive,17003,loss,150.54344008072988,100.0,-1334.3468181312692,-50.54344008072988,hw_expanding,2011-03-01
seasonal_naive,20725,win,93.42141037296962,100.19138755980862,70.7462616024676,6.757045043215621,hw_expanding,2011-03-01
seasonal_naive,21212,win,83.56360129665843,85.66636169563891,68.94951348257018,2.454592861608042,hw_expanding,2011-03-01
seasonal_naive,21213,win,104.48387378391607,113.89728096676737,93.47513332571339,8.264821691044512,hw_expanding,2011-03-01
seasonal_naive,21232,win,96.12687578603469,159.56607495069034,643.2734795296083,39.75732259144674,hw_expanding,2011-03-01
seasonal_naive,21977,win,78.47881417234007,92.07192480588476,332.6234172028387,14.76357821583838,hw_expanding,2011-03-01
seasonal_naive,21980,loss,614.7732894603506,212.0,-1006.9332236508767,-189.98740068884464,hw_expanding,2011-03-01
seasonal_naive,21981,loss,132.97012828885917,101.65562913907284,-378.2791497294188,-30.804491020310984,hw_expanding,2011-03-01
seasonal_naive,21982,loss,422.4074638072026,147.49163879598663,-821.9983167835358,-186.39417614139128,hw_expanding,2011-03-01
seasonal_naive,21984,loss,281.074996214928,100.36764705882354,-983.0479794092084,-180.04541747421393,hw_expanding,2011-03-01
seasonal_naive,22197,win,104.1747516630217,257.2295247724975,3027.423412105431,59.50124630710359,hw_expanding,2011-03-01
seasonal_naive,84077,loss,111.93253976055493,100.0,-435.2990504650438,-11.932539760554933,hw_expanding,2011-03-01
seasonal_naive,84347,loss,24489.647536470613,450.0,-1923.171802917649,-5342.143896993469,hw_expanding,2011-03-01
seasonal_naive,84755,win,86.80725129821248,132.37547892720306,475.73229644666173,34.42346573420128,hw_expanding,2011-03-01
seasonal_naive,84879,win,74.42783084597409,85.06550218340611,243.60267362719333,12.505270720081796,hw_expanding,2011-03-01
seasonal_naive,84991,win,74.54924529066007,85.12820512820512,165.03177346570283,12.427091375429436,hw_expanding,2011-03-01
seasonal_naive,84992,loss,136.9546330826201,122.22222222222223,-172.36920706665524,-12.053790703961887,hw_expanding,2011-03-01
seasonal_naive,85099B,win,81.50908294784948,89.69167050161067,355.61525508646173,9.123018344957968,hw_expanding,2011-03-01
seasonal_naive,85123A,loss,69.10602094834624,40.7185628742515,-474.07054983738226,-69.7162573290268,hw_expanding,2011-03-01
weekday_mean_4w,15036,win,118.35119674875249,149.97355896351138,597.9788694810904,21.085291589601223,hw_expanding,2011-03-01
weekday_mean_4w,17003,loss,150.54344008072988,102.08333333333333,-1279.3468181312692,-47.47112497704152,hw_expanding,2011-03-01
weekday_mean_4w,20725,loss,93.42141037296962,90.33492822966507,-32.2537383975324,-3.4167095760098047,hw_expanding,2011-03-01
weekday_mean_4w,21212,loss,83.56360129665843,75.63281488258616,-260.0504865174298,-10.485906714412492,hw_expanding,2011-03-01
weekday_mean_4w,21213,loss,104.48387378391607,86.404833836858,-179.5248666742866,-20.923644134532235,hw_expanding,2011-03-01
weekday_mean_4w,21232,loss,96.12687578603469,78.25443786982248,-181.22652047039173,-22.83888096665303,hw_expanding,2011-03-01
weekday_mean_4w,21977,win,78.47881417234007,86.20760114425828,189.1234172028387,8.96531961141686,hw_expanding,2011-03-01
weekday_mean_4w,21980,loss,614.7732894603506,339.2,-688.9332236508767,-81.24212543052789,hw_expanding,2011-03-01
weekday_mean_4w,21981,loss,132.97012828885917,104.59437086092716,-342.7791497294188,-27.129335158640185,hw_expanding,2011-03-01
weekday_mean_4w,21982,win,422.4074638072026,550.6688963210702,383.50168321646424,23.291933386970186,hw_expanding,2011-03-01
weekday_mean_4w,21984,loss,281.074996214928,152.1139705882353,-701.5479794092084,-84.77921201319735,hw_expanding,2011-03-01
weekday_mean_4w,22197,win,104.1747516630217,125.6572295247725,424.923412105431,17.096093828422088,hw_expanding,2011-03-01
weekday_mean_4w,84077,win,111.93253976055493,143.24287280701753,1142.2009495349562,21.858213559180093,hw_expanding,2011-03-01
weekday_mean_4w,84347,loss,24489.647536470613,368.75,-1929.671802917649,-6541.260348873386,hw_expanding,2011-03-01
weekday_mean_4w,84755,win,86.80725129821248,87.11685823754789,3.232296446661735,0.3553926824256932,hw_expanding,2011-03-01
weekday_mean_4w,84879,loss,74.42783084597409,66.37554585152839,-184.39732637280667,-12.131403050842534,hw_expanding,2011-03-01
weekday_mean_4w,84991,win,74.54924529066007,82.98076923076923,131.53177346570283,10.16081679920455,hw_expanding,2011-03-01
weekday_mean_4w,84992,loss,136.9546330826201,126.7094017094017,-119.86920706665524,-8.085612618324125,hw_expanding,2011-03-01
weekday_mean_4w,85099B,loss,81.50908294784948,81.35066728025771,-6.88474491353827,-0.1947318600915924,hw_expanding,2011-03-01
weekday_mean_4w,85123A,loss,69.10602094834624,46.047904191616766,-385.07054983738226,-50.07419373698079,hw_expanding,2011-03-01
weekday_mean_8w,15036,win,118.35119674875249,125.15864621893178,128.72886948109044,5.439056490169659,hw_expanding,2011-03-01
weekday_mean_8w,17003,loss,150.54344008072988,114.80113636363636,-943.5968181312692,-31.134102718180944,hw_expanding,2011-03-01
weekday_mean_8w,20725,win,93.42141037296962,104.80861244019138,118.9962616024676,10.86475796416046,hw_expanding,2011-03-01
weekday_mean_8w,21212,loss,83.56360129665843,73.76486733760292,-321.3004865174298,-13.283741044648279,hw_expanding,2011-03-01
weekday_mean_8w,21213,loss,104.48387378391607,78.07150050352467,-262.2748666742866,-33.83100505311661,hw_expanding,2011-03-01
weekday_mean_8w,21232,loss,96.12687578603469,82.61834319526628,-136.97652047039173,-16.350524675665973,hw_expanding,2011-03-01
weekday_mean_8w,21977,win,78.47881417234007,81.55905190028606,75.37341720283871,3.776696339864141,hw_expanding,2011-03-01
weekday_mean_8w,21980,loss,614.7732894603506,228.7,-965.1832236508767,-168.8121073285311,hw_expanding,2011-03-01
weekday_mean_8w,21981,loss,132.97012828885917,97.57864238410596,-427.5291497294188,-36.269705173227464,hw_expanding,2011-03-01
weekday_mean_8w,21982,loss,422.4074638072026,343.1438127090301,-236.99831678353576,-23.099251148492762,hw_expanding,2011-03-01
weekday_mean_8w,21984,loss,281.074996214928,123.98897058823529,-854.5479794092084,-126.69354772560537,hw_expanding,2011-03-01
weekday_mean_8w,22197,loss,104.1747516630217,95.65217391304348,-168.576587894569,-8.909967647704493,hw_expanding,2011-03-01
weekday_mean_8w,84077,loss,111.93253976055493,107.76452850877193,-152.04905046504382,-3.8677023965670925,hw_expanding,2011-03-01
weekday_mean_8w,84347,loss,24489.647536470613,384.375,-1928.421802917649,-6271.290415992354,hw_expanding,2011-03-01
weekday_mean_8w,84755,loss,86.80725129821248,83.11781609195403,-38.517703553338265,-4.438801907616045,hw_expanding,2011-03-01
weekday_mean_8w,84879,loss,74.42783084597409,58.03493449781659,-375.3973263728067,-28.246600930986197,hw_expanding,2011-03-01
weekday_mean_8w,84991,loss,74.54924529066007,71.6826923076923,-44.71822653429717,-3.998947152631082,hw_expanding,2011-03-01
weekday_mean_8w,84992,loss,136.9546330826201,120.12820512820512,-196.86920706665524,-14.007058489267529,hw_expanding,2011-03-01
weekday_mean_8w,85099B,win,81.50908294784948,83.97952139898757,107.36525508646173,2.9417153253362986,hw_expanding,2011-03-01
weekday_mean_8w,85123A,win,69.10602094834624,139.1317365269461,1169.4294501626177,50.330512165380576,hw_expanding,2011-03-01
hw_365d,15036,win,114.71600857689324,118.99444857819552,80.9053004246257,3.5954954642197072,hw_182d,2011-03-01
hw_365d,17003,win,137.55405317734295,148.73829232930237,295.26391361172864,7.519408066886925,hw_182d,2011-03-01
hw_365d,20725,win,95.81175819769663,110.30167438470572,151.41962415424496,13.136623961365938,hw_182d,2011-03-01
hw_365d,21212,loss,86.7664855289279,84.72209046124473,-67.03571426933104,-2.413060226150058,hw_182d,2011-03-01
hw_365d,21213,loss,113.4078708431127,102.44623294340326,-108.84906434411482,-10.699893578093043,hw_182d,2011-03-01
hw_365d,21232,loss,88.32055770751757,85.82081085410056,-25.347433093648533,-2.912751381091815,hw_182d,2011-03-01
hw_365d,21977,win,76.19412578694417,91.2099854399739,367.4380857096371,16.46295587111107,hw_182d,2011-03-01
hw_365d,21980,win,213.3850446591855,399.7058211283206,465.8019411728378,46.614476602610985,hw_182d,2011-03-01
hw_365d,21981,win,97.87952582208834,130.88078195283245,398.6551740593886,25.214745540439456,hw_182d,2011-03-01
hw_365d,21982,win,270.36390146383724,650.1709158434551,1135.6229729950574,58.41648789947809,hw_182d,2011-03-01
hw_365d,21984,win,134.41755572347404,300.65465362982815,904.3298126105664,55.291709574210834,hw_182d,2011-03-01
hw_365d,22197,loss,115.63862168286829,104.31780675088534,-223.92571935462274,-10.852236338727351,hw_182d,2011-03-01
hw_365d,84077,loss,144.82851840533442,112.96847537207552,-1162.2543698532845,-28.20259628035516,hw_182d,2011-03-01
hw_365d,84347,loss,42575.762503151775,20276.84348708438,-1783.9135212853917,-109.97233879262816,hw_182d,2011-03-01
hw_365d,84755,loss,80.54262616036914,76.53484881155397,-41.841195521630425,-5.236539185807001,hw_182d,2011-03-01
hw_365d,84879,loss,98.8783267244189,78.0703496886781,-476.50267411846426,-26.652854917029273,hw_182d,2011-03-01
hw_365d,84991,win,63.94908068799744,72.75301515472603,137.34137768096593,12.101126596615961,hw_182d,2011-03-01
hw_365d,84992,loss,136.44402551446646,129.57555115454028,-80.36115001113649,-5.300748712798752,hw_182d,2011-03-01
hw_365d,85099B,loss,82.58609875837593,81.8879574689331,-30.341220439185236,-0.8525567263143585,hw_182d,2011-03-01
hw_365d,85123A,loss,151.21595860807466,144.93638357056622,-104.8689031263907,-4.3326422826405455,hw_182d,2011-03-01
hw_expanding,15036,win,114.71600857689324,118.35119674875249,68.74140832985813,3.071526331564162,hw_182d,2011-03-01
hw_expanding,17003,win,137.55405317734295,150.54344008072988,342.91981424941514,8.628331394859377,hw_182d,2011-03-01
hw_expanding,20725,loss,95.81175819769663,93.42141037296962,-24.97913476839733,-2.5586723805431166,hw_182d,2011-03-01
hw_expanding,21212,loss,86.7664855289279,83.56360129665843,-105.02257397611629,-3.832870032610175,hw_182d,2011-03-01
hw_expanding,21213,loss,113.4078708431127,104.48387378391607,-88.61529079782258,-8.541028137655411,hw_182d,2011-03-01
hw_expanding,21232,win,88.32055770751757,96.12687578603469,79.15606531616356,8.120848633313457,hw_182d,2011-03-01
hw_expanding,21977,win,76.19412578694417,78.47881417234007,55.9063247906372,2.9112167525603825,hw_182d,2011-03-01
hw_expanding,21980,win,213.3850446591855,614.7732894603506,1003.470612002913,65.29044961493116,hw_182d,2011-03-01
hw_expanding,21981,win,97.87952582208834,132.97012828885917,423.89447779859165,26.389838769307165,hw_182d,2011-03-01
hw_expanding,21982,win,270.36390146383724,422.4074638072026,454.61025140666254,35.99452551642455,hw_182d,2011-03-01
hw_expanding,21984,win,134.41755572347404,281.074996214928,797.8164762735097,52.177334329415146,hw_182d,2011-03-01
hw_expanding,22197,loss,115.63862168286829,104.1747516630217,-226.7553489925658,-11.004461097185278,hw_182d,2011-03-01
hw_expanding,84077,loss,144.82851840533442,111.93253976055493,-1200.0453009615553,-29.38911125857616,hw_182d,2011-03-01
hw_expanding,84347,loss,42575.762503151775,24489.647536470613,-1446.889197334493,-73.85208357836451,hw_182d,2011-03-01
hw_expanding,84755,win,80.54262616036914,86.80725129821248,65.40268643908439,7.216707180742559,hw_182d,2011-03-01
hw_expanding,84879,loss,98.8783267244189,74.42783084597409,-559.9163556163862,-32.8512810336288,hw_182d,2011-03-01
hw_expanding,84991,win,63.94908068799744,74.54924529066007,165.36256780153712,14.219009946155252,hw_182d,2011-03-01
hw_expanding,84992,win,136.44402551446646,136.9546330826201,5.9741085473974636,0.37282971496524603,hw_182d,2011-03-01
hw_expanding,85099B,loss,82.58609875837593,81.50908294784948,-46.80710712547943,-1.3213445318916608,hw_182d,2011-03-01
hw_expanding,85123A,loss,151.21595860807466,69.10602094834624,-1371.2359589174644,-118.81734258886362,hw_182d,2011-03-01
seasonal_naive,15036,loss,114.71600857689324,98.83659439450027,-300.2797221890514,-16.066330775230135,hw_182d,2011-03-01
seasonal_naive,17003,loss,137.55405317734295,100.0,-991.427003881854,-37.55405317734295,hw_182d,2011-03-01
seasonal_naive,20725,win,95.81175819769663,100.19138755980862,45.76712683407027,4.37126330793412,hw_182d,2011-03-01
seasonal_naive,21212,loss,86.7664855289279,85.66636169563891,-36.07306049354611,-1.2841958167869696,hw_182d,2011-03-01
seasonal_naive,21213,win,113.4078708431127,113.89728096676737,4.859842527890805,0.42969429954825994,hw_182d,2011-03-01
seasonal_naive,21232,win,88.32055770751757,159.56607495069034,722.4295448457718,44.64953923645067,hw_182d,2011-03-01
seasonal_naive,21977,win,76.19412578694417,92.07192480588476,388.5297419934759,17.244995206101922,hw_182d,2011-03-01
seasonal_naive,21980,loss,213.3850446591855,212.0,-3.4626116479637403,-0.6533229524459887,hw_182d,2011-03-01
seasonal_naive,21981,win,97.87952582208834,101.65562913907284,45.61532806917285,3.7146032629619548,hw_182d,2011-03-01
seasonal_naive,21982,loss,270.36390146383724,147.49163879598663,-367.3880653768732,-83.30795133262433,hw_182d,2011-03-01
seasonal_naive,21984,loss,134.41755572347404,100.36764705882354,-185.23150313569874,-33.92518372448694,hw_182d,2011-03-01
seasonal_naive,22197,win,115.63862168286829,257.2295247724975,2800.668063112865,55.04457671212393,hw_182d,2011-03-01
seasonal_naive,84077,loss,144.82851840533442,100.0,-1635.3443514265991,-44.828518405334414,hw_182d,2011-03-01
seasonal_naive,84347,loss,42575.762503151775,450.0,-3370.061000252142,-9361.28055625595,hw_182d,2011-03-01
seasonal_naive,84755,win,80.54262616036914,132.37547892720306,541.1349828857461,39.155932191443284,hw_182d,2011-03-01
seasonal_naive,84879,loss,98.8783267244189,85.06550218340611,-316.3136819891929,-16.23786868527684,hw_182d,2011-03-01
seasonal_naive,84991,win,63.94908068799744,85.12820512820512,330.39434126723995,24.879091962894574,hw_182d,2011-03-01
seasonal_naive,84992,loss,136.44402551446646,122.22222222222223,-166.39509851925777,-11.636020875472552,hw_182d,2011-03-01
seasonal_naive,85099B,win,82.58609875837593,89.69167050161067,308.8081479609823,7.922220317110881,hw_182d,2011-03-01
seasonal_naive,85123A,loss,151.21595860807466,40.7185628742515,-1845.3065087548466,-271.36860422865396,hw_182d,2011-03-01
weekday_mean_4w,15036,win,114.71600857689324,149.97355896351138,666.7202778109486,23.5091776379037,hw_182d,2011-03-01
weekday_mean_4w,17003,loss,137.55405317734295,102.08333333333333,-936.427003881854,-34.74682760229514,hw_182d,2011-03-01
weekday_mean_4w,20725,loss,95.81175819769663,90.33492822966507,-57.23287316592973,-6.062804360797656,hw_182d,2011-03-01
weekday_mean_4w,21212,loss,86.7664855289279,75.63281488258616,-365.0730604935461,-14.72068792312684,hw_182d,2011-03-01
weekday_mean_4w,21213,loss,113.4078708431127,86.404833836858,-268.1401574721092,-31.25176660514093,hw_182d,2011-03-01
weekday_mean_4w,21232,loss,88.32055770751757,78.25443786982248,-102.07045515422817,-12.86332138049504,hw_182d,2011-03-01
weekday_mean_4w,21977,win,76.19412578694417,86.20760114425828,245.0297419934759,11.615536477529092,hw_182d,2011-03-01
weekday_mean_4w,21980,win,213.3850446591855,339.2,314.53738835203626,37.091673154721256,hw_182d,2011-03-01
weekday_mean_4w,21981,win,97.87952582208834,104.59437086092716,81.11532806917285,6.419891418217087,hw_182d,2011-03-01
weekday_mean_4w,21982,win,270.36390146383724,550.6688963210702,838.1119346231268,50.90263799715315,hw_182d,2011-03-01
weekday_mean_4w,21984,win,134.41755572347404,152.1139705882353,96.26849686430126,11.633655210187467,hw_182d,2011-03-01
weekday_mean_4w,22197,win,115.63862168286829,125.6572295247725,198.16806311286518,7.972965725723811,hw_182d,2011-03-01
weekday_mean_4w,84077,loss,144.82851840533442,143.24287280701753,-57.84435142659913,-1.1069629973514505,hw_182d,2011-03-01
weekday_mean_4w,84347,loss,42575.762503151775,368.75,-3376.561000252142,-11445.969492380142,hw_182d,2011-03-01
weekday_mean_4w,84755,win,80.54262616036914,87.11685823754789,68.63498288574613,7.546452213935805,hw_182d,2011-03-01
weekday_mean_4w,84879,loss,98.8783267244189,66.37554585152839,-744.3136819891929,-48.96800539402584,hw_182d,2011-03-01
weekday_mean_4w,84991,win,63.94908068799744,82.98076923076923,296.89434126723995,22.93505919407029,hw_182d,2011-03-01
weekday_mean_4w,84992,loss,136.44402551446646,126.7094017094017,-113.89509851925777,-7.682637336880787,hw_182d,2011-03-01
weekday_mean_4w,85099B,loss,82.58609875837593,81.35066728025771,-53.691852039017704,-1.5186494707684244,hw_182d,2011-03-01
weekday_mean_4w,85123A,loss,151.21595860807466,46.047904191616766,-1756.3065087548466,-228.38836264692415,hw_182d,2011-03-01
weekday_mean_8w,15036,win,114.71600857689324,125.15864621893178,197.47027781094857,8.343520769449613,hw_182d,2011-03-01
weekday_mean_8w,17003,loss,137.55405317734295,114.80113636363636,-600.677003881854,-19.819417763980997,hw_182d,2011-03-01
weekday_mean_8w,20725,win,95.81175819769663,104.80861244019138,94.01712683407027,8.584079144859176,hw_182d,2011-03-01
weekday_mean_8w,21212,loss,86.7664855289279,73.76486733760292,-426.3230604935461,-17.625759606968312,hw_182d,2011-03-01
weekday_mean_8w,21213,loss,113.4078708431127,78.07150050352467,-350.8901574721092,-45.261548851610335,hw_182d,2011-03-01
weekday_mean_8w,21232,loss,88.32055770751757,82.61834319526628,-57.82045515422817,-6.901874682689114,hw_182d,2011-03-01
weekday_mean_8w,21977,win,76.19412578694417,81.55905190028606,131.2797419934759,6.577965275885063,hw_182d,2011-03-01
weekday_mean_8w,21980,win,213.3850446591855,228.7,38.28738835203626,6.696526165638169,hw_182d,2011-03-01
weekday_mean_8w,21981,loss,97.87952582208834,97.57864238410596,-3.634671930827153,-0.3083496866025135,hw_182d,2011-03-01
weekday_mean_8w,21982,win,270.36390146383724,343.1438127090301,217.61193462312679,21.209740216679013,hw_182d,2011-03-01
weekday_mean_8w,21984,loss,134.41755572347404,123.98897058823529,-56.731503135698745,-8.410897425603972,hw_182d,2011-03-01
weekday_mean_8w,22197,loss,115.63862168286829,95.65217391304348,-395.3319368871348,-20.894922668453205,hw_182d,2011-03-01
weekday_mean_8w,84077,loss,144.82851840533442,107.76452850877193,-1352.0943514265991,-34.39349701562097,hw_182d,2011-03-01
weekday_mean_8w,84347,loss,42575.762503151775,384.375,-3375.311000252142,-10976.621139031355,hw_182d,2011-03-01
weekday_mean_8w,84755,win,80.54262616036914,83.11781609195403,26.884982885746126,3.0982406091323798,hw_182d,2011-03-01
weekday_mean_8w,84879,loss,98.8783267244189,58.03493449781659,-935.3136819891929,-70.37725221890089,hw_182d,2011-03-01
weekday_mean_8w,84991,win,63.94908068799744,71.6826923076923,120.64434126723995,10.788673486898276,hw_182d,2011-03-01
weekday_mean_8w,84992,loss,136.44402551446646,120.12820512820512,-190.89509851925777,-13.582006298061732,hw_182d,2011-03-01
weekday_mean_8w,85099B,win,82.58609875837593,83.97952139898757,60.558147960982296,1.659240988039788,hw_182d,2011-03-01
weekday_mean_8w,85123A,loss,151.21595860807466,139.1317365269461,-201.80650875484662,-8.685453357213126,hw_182d,2011-03-01
hw_182d,15036,loss,118.99444857819552,114.71600857689324,-80.9053004246257,-3.7295928043333784,hw_365d,2011-03-01
hw_182d,17003,loss,148.73829232930237,137.55405317734295,-295.26391361172864,-8.130795780724851,hw_365d,2011-03-01
hw_182d,20725,loss,110.30167438470572,95.81175819769663,-151.41962415424496,-15.123317283365992,hw_365d,2011-03-01
hw_182d,21212,win,84.72209046124473,86.7664855289279,67.03571426933104,2.356203613896023,hw_365d,2011-03-01
hw_182d,21213,win,102.44623294340326,113.4078708431127,108.84906434411482,9.665676481021025,hw_365d,2011-03-01
hw_182d,21232,win,85.82081085410056,88.32055770751757,25.347433093648533,2.830311445377385,hw_365d,2011-03-01
hw_182d,21977,loss,91.2099854399739,76.19412578694417,-367.4380857096371,-19.707371792698876,hw_365d,2011-03-01
hw_182d,21980,loss,399.7058211283206,213.3850446591855,-465.8019411728378,-87.31669867807423,hw_365d,2011-03-01
hw_182d,21981,loss,130.88078195283245,97.87952582208834,-398.6551740593886,-33.71619943350478,hw_365d,2011-03-01
hw_182d,21982,loss,650.1709158434551,270.36390146383724,-1135.6229729950574,-140.4799280981005,hw_365d,2011-03-01
hw_182d,21984,loss,300.65465362982815,134.41755572347404,-904.3298126105664,-123.67216247283929,hw_365d,2011-03-01
hw_182d,22197,win,104.31780675088534,115.63862168286829,223.92571935462274,9.78982174573957,hw_365d,2011-03-01
hw_182d,84077,win,112.96847537207552,144.82851840533442,1162.2543698532845,21.998459546545643,hw_365d,2011-03-01
hw_182d,84347,win,20276.84348708438,42575.762503151775,1783.9135212853917,52.37467917202108,hw_365d,2011-03-01
hw_182d,84755,win,76.53484881155397,80.54262616036914,41.841195521630425,4.975970538675069,hw_365d,2011-03-01
hw_182d,84879,win,78.0703496886781,98.8783267244189,476.50267411846426,21.044022208966116,hw_365d,2011-03-01
hw_182d,84991,loss,72.75301515472603,63.94908068799744,-137.34137768096593,-13.76710090592592,hw_365d,2011-03-01
hw_182d,84992,win,129.57555115454028,136.44402551446646,80.36115001113649,5.033913602320355,hw_365d,2011-03-01
hw_182d,85099B,win,81.8879574689331,82.58609875837593,30.341220439185236,0.8453496410883853,hw_365d,2011-03-01
hw_182d,85123A,win,144.93638357056622,151.21595860807466,104.8689031263907,4.152719789175161,hw_365d,2011-03-01
hw_expanding,15036,loss,118.99444857819552,118.35119674875249,-12.163892094767562,-0.5435110477239946,hw_365d,2011-03-01
hw_expanding,17003,win,148.73829232930237,150.54344008072988,47.6559006376865,1.1990876191347095,hw_365d,2011-03-01
hw_expanding,20725,loss,110.30167438470572,93.42141037296962,-176.3987589226423,-18.068945806260498,hw_365d,2011-03-01
hw_expanding,21212,loss,84.72209046124473,83.56360129665843,-37.98685970678525,-1.3863561964898532,hw_365d,2011-03-01
hw_expanding,21213,win,102.44623294340326,104.48387378391607,20.23377354629224,1.9501964913043603,hw_365d,2011-03-01
hw_expanding,21232,win,85.82081085410056,96.12687578603469,104.5034984098121,10.721314770360399,hw_365d,2011-03-01
hw_expanding,21977,loss,91.2099854399739,78.47881417234007,-311.5317609189999,-16.222430731020083,hw_365d,2011-03-01
hw_expanding,21980,win,399.7058211283206,614.7732894603506,537.6686708300751,34.98321609268625,hw_365d,2011-03-01
hw_expanding,21981,win,130.88078195283245,132.97012828885917,25.239303739203024,1.571290005442355,hw_365d,2011-03-01
hw_expanding,21982,loss,650.1709158434551,422.4074638072026,-681.0127215883949,-53.920319016950295,hw_365d,2011-03-01
hw_expanding,21984,loss,300.65465362982815,281.074996214928,-106.51333633705667,-6.965990457553295,hw_365d,2011-03-01
hw_expanding,22197,loss,104.31780675088534,104.1747516630217,-2.8296296379430714,-0.13732222595201374,hw_365d,2011-03-01
hw_expanding,84077,loss,112.96847537207552,111.93253976055493,-37.7909311082708,-0.9254999607233514,hw_365d,2011-03-01
hw_expanding,84347,win,20276.84348708438,24489.647536470613,337.02432395089863,17.20238742967785,hw_365d,2011-03-01
hw_expanding,84755,win,76.53484881155397,86.80725129821248,107.24388196071482,11.833576496241431,hw_365d,2011-03-01
hw_expanding,84879,loss,78.0703496886781,74.42783084597409,-83.41368149792197,-4.894027948015968,hw_365d,2011-03-01
hw_expanding,84991,win,72.75301515472603,74.54924529066007,28.02119012057119,2.4094544873401693,hw_365d,2011-03-01
hw_expanding,84992,win,129.57555115454028,136.9546330826201,86.33525855853395,5.387975391550473,hw_365d,2011-03-01
hw_expanding,85099B,loss,81.8879574689331,81.50908294784948,-16.465886686294198,-0.4648249095453883,hw_365d,2011-03-01
hw_expanding,85123A,loss,144.93638357056622,69.10602094834624,-1266.3670557910737,-109.73047150102867,hw_365d,2011-03-01
seasonal_naive,15036,loss,118.99444857819552,98.83659439450027,-381.1850226136771,-20.395132296076895,hw_365d,2011-03-01
seasonal_naive,17003,loss,148.73829232930237,100.0,-1286.6909174935827,-48.73829232930237,hw_365d,2011-03-01
seasonal_naive,20725,loss,110.30167438470572,100.19138755980862,-105.65249732017469,-10.090973956081635,hw_365d,2011-03-01
seasonal_naive,21212,win,84.72209046124473,85.66636169563891,30.96265377578493,1.1022660653536895,hw_365d,2011-03-01
seasonal_naive,21213,win,102.44623294340326,113.89728096676737,113.70890687200563,10.05383791971756,hw_365d,2011-03-01
seasonal_naive,21232,win,85.82081085410056,159.56607495069034,747.7769779394204,46.21612966251053,hw_365d,2011-03-01
seasonal_naive,21977,win,91.2099854399739,92.07192480588476,21.0916562838388,0.9361587343026482,hw_365d,2011-03-01
seasonal_naive,21980,loss,399.7058211283206,212.0,-469.26455282080155,-88.54048166430218,hw_365d,2011-03-01
seasonal_naive,21981,loss,130.88078195283245,101.65562913907284,-353.0398459902158,-28.749173126239093,hw_365d,2011-03-01
seasonal_naive,21982,loss,650.1709158434551,147.49163879598663,-1503.0110383719307,-340.81882956279605,hw_365d,2011-03-01
seasonal_naive,21984,loss,300.65465362982815,100.36764705882354,-1089.561315746265,-199.55335453228295,hw_365d,2011-03-01
seasonal_naive,22197,win,104.31780675088534,257.2295247724975,3024.593782467488,59.445632517049695,hw_365d,2011-03-01
seasonal_naive,84077,loss,112.96847537207552,100.0,-473.0899815733146,-12.968475372075519,hw_365d,2011-03-01
seasonal_naive,84347,loss,20276.84348708438,450.0,-1586.1474789667504,-4405.965219352085,hw_365d,2011-03-01
seasonal_naive,84755,win,76.53484881155397,132.37547892720306,582.9761784073766,42.18351508012855,hw_365d,2011-03-01
seasonal_naive,84879,win,78.0703496886781,85.06550218340611,160.18899212927136,8.223254216081688,hw_365d,2011-03-01
seasonal_naive,84991,win,72.75301515472603,85.12820512820512,193.05296358627402,14.537120751978456,hw_365d,2011-03-01
seasonal_naive,84992,loss,129.57555115454028,122.22222222222223,-86.03394850812128,-6.01636003553295,hw_365d,2011-03-01
seasonal_naive,85099B,win,81.8879574689331,89.69167050161067,339.14936840016753,8.700599497182338,hw_365d,2011-03-01
seasonal_naive,85123A,loss,144.93638357056622,40.7185628742515,-1740.437605628456,-255.94670671006708,hw_365d,2011-03-01
weekday_mean_4w,15036,win,118.99444857819552,149.97355896351138,585.8149773863229,20.656381431111527,hw_365d,2011-03-01
weekday_mean_4w,17003,loss,148.73829232930237,102.08333333333333,-1231.6909174935827,-45.70281697564314,hw_365d,2011-03-01
weekday_mean_4w,20725,loss,110.30167438470572,90.33492822966507,-208.6524973201747,-22.103018783916827,hw_365d,2011-03-01
weekday_mean_4w,21212,loss,84.72209046124473,75.63281488258616,-298.03734622421507,-12.017634928395749,hw_365d,2011-03-01
weekday_mean_4w,21213,loss,102.44623294340326,86.404833836858,-159.29109312799437,-18.56539546946322,hw_365d,2011-03-01
weekday_mean_4w,21232,loss,85.82081085410056,78.25443786982248,-76.72302206057964,-9.668937877829828,hw_365d,2011-03-01
weekday_mean_4w,21977,loss,91.2099854399739,86.20760114425828,-122.4083437161612,-5.802718355826568,hw_365d,2011-03-01
weekday_mean_4w,21980,loss,399.7058211283206,339.2,-151.26455282080155,-17.837801040188864,hw_365d,2011-03-01
weekday_mean_4w,21981,loss,130.88078195283245,104.59437086092716,-317.5398459902158,-25.131764621307155,hw_365d,2011-03-01
weekday_mean_4w,21982,loss,650.1709158434551,550.6688963210702,-297.5110383719307,-18.069300842510227,hw_365d,2011-03-01
weekday_mean_4w,21984,loss,300.65465362982815,152.1139705882353,-808.0613157462651,-97.65091428957885,hw_365d,2011-03-01
weekday_mean_4w,22197,win,104.31780675088534,125.6572295247725,422.0937824674879,16.982248339066107,hw_365d,2011-03-01
weekday_mean_4w,84077,win,112.96847537207552,143.24287280701753,1104.4100184266854,21.13501135636178,hw_365d,2011-03-01
weekday_mean_4w,84347,loss,20276.84348708438,368.75,-1592.6474789667504,-5398.805013446612,hw_365d,2011-03-01
weekday_mean_4w,84755,win,76.53484881155397,87.11685823754789,110.47617840737655,12.146913513730237,hw_365d,2011-03-01
weekday_mean_4w,84879,loss,78.0703496886781,66.37554585152839,-267.81100787072864,-17.619145254653198,hw_365d,2011-03-01
weekday_mean_4w,84991,win,72.75301515472603,82.98076923076923,159.55296358627402,12.32545103022587,hw_365d,2011-03-01
weekday_mean_4w,84992,loss,129.57555115454028,126.7094017094017,-33.533948508121284,-2.2619864086422483,hw_365d,2011-03-01
weekday_mean_4w,85099B,loss,81.8879574689331,81.35066728025771,-23.350631599832468,-0.6604619318295075,hw_365d,2011-03-01
weekday_mean_4w,85123A,loss,144.93638357056622,46.047904191616766,-1651.437605628456,-214.75131412593703,hw_365d,2011-03-01
weekday_mean_8w,15036,win,118.99444857819552,125.15864621893178,116.56497738632288,4.925107315361687,hw_365d,2011-03-01
weekday_mean_8w,17003,loss,148.73829232930237,114.80113636363636,-895.9409174935827,-29.561689928023842,hw_365d,2011-03-01
weekday_mean_8w,20725,loss,110.30167438470572,104.80861244019138,-57.40249732017469,-5.241040613574512,hw_365d,2011-03-01
weekday_mean_8w,21212,loss,84.72209046124473,73.76486733760292,-359.28734622421507,-14.85425720823628,hw_365d,2011-03-01
weekday_mean_8w,21213,loss,102.44623294340326,78.07150050352467,-242.04109312799437,-31.22103748829337,hw_365d,2011-03-01
weekday_mean_8w,21232,loss,85.82081085410056,82.61834319526628,-32.47302206057964,-3.876218688221975,hw_365d,2011-03-01
weekday_mean_8w,21977,loss,91.2099854399739,81.55905190028606,-236.1583437161612,-11.833062443500513,hw_365d,2011-03-01
weekday_mean_8w,21980,loss,399.7058211283206,228.7,-427.51455282080155,-74.77298693848738,hw_365d,2011-03-01
weekday_mean_8w,21981,loss,130.88078195283245,97.57864238410596,-402.2898459902158,-34.12851291539478,hw_365d,2011-03-01
weekday_mean_8w,21982,loss,650.1709158434551,343.1438127090301,-918.0110383719307,-89.47476007523692,hw_365d,2011-03-01
weekday_mean_8w,21984,loss,300.65465362982815,123.98897058823529,-961.0613157462651,-142.48499862806008,hw_365d,2011-03-01
weekday_mean_8w,22197,loss,104.31780675088534,95.65217391304348,-171.40621753251207,-9.059525239561939,hw_365d,2011-03-01
weekday_mean_8w,84077,loss,112.96847537207552,107.76452850877193,-189.83998157331462,-4.828997941451569,hw_365d,2011-03-01
weekday_mean_8w,84347,loss,20276.84348708438,384.375,-1591.3974789667504,-5175.276354363416,hw_365d,2011-03-01
weekday_mean_8w,84755,win,76.53484881155397,83.11781609195403,68.72617840737655,7.920043607879755,hw_365d,2011-03-01
weekday_mean_8w,84879,loss,78.0703496886781,58.03493449781659,-458.81100787072864,-34.523025422929166,hw_365d,2011-03-01
weekday_mean_8w,84991,loss,72.75301515472603,71.6826923076923,-16.697036413725982,-1.4931398536754812,hw_365d,2011-03-01
weekday_mean_8w,84992,loss,129.57555115454028,120.12820512820512,-110.53394850812128,-7.8643862332352406,hw_365d,2011-03-01
weekday_mean_8w,85099B,win,81.8879574689331,83.97952139898757,90.89936840016753,2.4905642413909876,hw_365d,2011-03-01
weekday_mean_8w,85123A,loss,144.93638357056622,139.1317365269461,-96.93760562845591,-4.172051027693396,hw_365d,2011-03-01
hw_182d,15036,win,88.51999994542038,89.03991365493474,24.134394395656273,0.5839108419727685,hw_expanding,2011-05-01
hw_182d,17003,loss,154.40401386246526,146.91282621218005,-162.78350764069774,-5.099069865735211,hw_expanding,2011-05-01
hw_182d,20725,loss,63.21126840824757,62.09912444305723,-25.63491839763742,-1.7909173038504584,hw_expanding,2011-05-01
hw_182d,21212,win,88.31653986444347,93.70090036397374,183.3913186140012,5.7463273870530065,hw_expanding,2011-05-01
hw_182d,21213,loss,129.2727691502731,117.08986785047017,-91.85907580051412,-10.404744256233268,hw_expanding,2011-05-01
hw_182d,21232,loss,75.70662398911492,62.14701850013252,-115.12105060146064,-21.818593741473673,hw_expanding,2011-05-01
hw_182d,21977,loss,104.81297565393172,102.14957087544443,-107.89452757651998,-2.6073577751343664,hw_expanding,2011-05-01
hw_182d,21980,loss,125.03089127562899,95.0410788621507,-300.79781850718723,-31.554579106762937,hw_expanding,2011-05-01
hw_182d,21981,loss,221.73729558686324,120.96673533545007,-683.224398504581,-83.30435633562288,hw_expanding,2011-05-01
hw_182d,21982,loss,208.6437402061776,128.66257200050643,-662.2440727429573,-62.16350797445301,hw_expanding,2011-05-01
hw_182d,21984,loss,781.8399509062001,238.91161578486347,-928.4074530574858,-227.25070664217344,hw_expanding,2011-05-01
hw_182d,22197,win,86.91053411103053,94.21675227465177,495.7269024017014,7.754691163969271,hw_expanding,2011-05-01
hw_182d,84077,win,85.18479180367673,126.6303332637331,1553.793349337513,32.729552542310465,hw_expanding,2011-05-01
hw_182d,84347,loss,3894.6607948270066,2669.5460132361954,-588.0550951635894,-45.89225192285216,hw_expanding,2011-05-01
hw_182d,84755,win,67.84143311325617,70.43283786105336,75.09890959116228,3.6792564753806856,hw_expanding,2011-05-01
hw_182d,84879,win,60.07754199269021,62.87261162755216,81.50423055257443,4.4456076541237435,hw_expanding,2011-05-01
hw_182d,84991,loss,123.05489693159761,92.42837018651922,-410.7017236515012,-33.1354179277147,hw_expanding,2011-05-01
hw_182d,84992,loss,226.55377015042623,220.1595461946961,-39.06870836951089,-2.9043591641833473,hw_expanding,2011-05-01
hw_182d,85099B,win,59.68577387293213,63.815455635852715,147.84260711255683,6.471287749609753,hw_expanding,2011-05-01
hw_182d,85123A,win,57.997822632266214,62.43218501294314,170.36820266560744,7.102686506579279,hw_expanding,2011-05-01
hw_365d,15036,win,88.51999994542038,88.88436644080039,16.913892715539987,0.4099331636938539,hw_expanding,2011-05-01
hw_365d,17003,win,154.40401386246526,181.1756972363231,581.7486797139313,14.776641559677406,hw_expanding,2011-05-01
hw_365d,20725,loss,63.21126840824757,62.47055464239038,-17.073452303008253,-1.1857006394410399,hw_expanding,2011-05-01
hw_365d,21212,win,88.31653986444347,97.18856361304645,302.18112887741745,9.128670513052029,hw_expanding,2011-05-01
hw_365d,21213,win,129.2727691502731,134.25420520672407,37.560027865640336,3.710450669891926,hw_expanding,2011-05-01
hw_365d,21232,loss,75.70662398911492,71.42994152107376,-36.30903415366947,-5.987240612229008,hw_expanding,2011-05-01
hw_365d,21977,win,104.81297565393172,106.94057133660176,86.1889011049634,1.9895121711789951,hw_expanding,2011-05-01
hw_365d,21980,loss,125.03089127562899,96.10779181198076,-290.09868762039173,-30.0944376291899,hw_expanding,2011-05-01
hw_365d,21981,loss,221.73729558686324,118.11301932775058,-702.5725930367837,-87.73315325346714,hw_expanding,2011-05-01
hw_365d,21982,loss,208.6437402061776,151.06332551495356,-476.7658336433349,-38.1167397811087,hw_expanding,2011-05-01
hw_365d,21984,loss,781.8399509062001,235.96543721416612,-933.4454184133782,-231.33663986416337,hw_expanding,2011-05-01
hw_365d,22197,win,86.91053411103053,87.95949265186725,71.17183699577254,1.192547284223625,hw_expanding,2011-05-01
hw_365d,84077,win,85.18479180367673,88.2923274924422,116.50151297181719,3.519598788503419,hw_expanding,2011-05-01
hw_365d,84347,loss,3894.6607948270066,2149.653044896751,-837.6037199665227,-81.17625093374402,hw_expanding,2011-05-01
hw_365d,84755,loss,67.84143311325617,66.37821445643623,-42.40407667464228,-2.204365798028888,hw_expanding,2011-05-01
hw_365d,84879,loss,60.07754199269021,59.2466139435629,-24.22986191255245,-1.4024903599028182,hw_expanding,2011-05-01
hw_365d,84991,loss,123.05489693159761,106.60569224529216,-220.58383484335604,-15.429949695797662,hw_expanding,2011-05-01
hw_365d,84992,loss,226.55377015042623,213.85165084696328,-77.60994894415853,-5.939687280016769,hw_expanding,2011-05-01
hw_365d,85099B,win,59.68577387293213,60.344441098627776,23.58028667990402,1.0915126790537508,hw_expanding,2011-05-01
hw_365d,85123A,win,57.997822632266214,58.68409946368446,26.36675586308911,1.1694425537584279,hw_expanding,2011-05-01
seasonal_naive,15036,win,88.51999994542038,96.2516156828953,358.9016025335859,8.032712679802732,hw_expanding,2011-05-01
seasonal_naive,17003,loss,154.40401386246526,115.37045559134836,-848.1992212313698,-33.83323578904549,hw_expanding,2011-05-01
seasonal_naive,20725,win,63.21126840824757,83.51409978308025,467.9802631898933,24.310663022851607,hw_expanding,2011-05-01
seasonal_naive,21212,loss,88.31653986444347,86.84674104521433,-50.06134778294472,-1.692405266495758,hw_expanding,2011-05-01
seasonal_naive,21213,loss,129.2727691502731,126.52519893899205,-20.716679393059167,-2.1715596848070304,hw_expanding,2011-05-01
seasonal_naive,21232,win,75.70662398911492,108.48056537102474,278.2507623324143,30.21180915661394,hw_expanding,2011-05-01
seasonal_naive,21977,loss,104.81297565393172,101.4317452480869,-136.9736437407737,-3.33350313314124,hw_expanding,2011-05-01
seasonal_naive,21980,loss,125.03089127562899,120.93718843469591,-41.05983949455867,-3.3849826458828325,hw_expanding,2011-05-01
seasonal_naive,21981,loss,221.73729558686324,142.18289085545723,-539.3788640789326,-55.95216432354074,hw_expanding,2011-05-01
seasonal_naive,21982,loss,208.6437402061776,119.56521739130434,-737.5701689071504,-74.50203726334854,hw_expanding,2011-05-01
seasonal_naive,21984,loss,781.8399509062001,156.140350877193,-1069.9463160496023,-400.72895732194837,hw_expanding,2011-05-01
seasonal_naive,22197,win,86.91053411103053,93.83935151068533,470.1202605665794,7.383701281083375,hw_expanding,2011-05-01
seasonal_naive,84077,win,85.18479180367673,250.81355028007468,6209.422155280159,66.03660699011122,hw_expanding,2011-05-01
seasonal_naive,84347,loss,3894.6607948270066,100.0,-1821.4371815169632,-3794.6607948270066,hw_expanding,2011-05-01
seasonal_naive,84755,win,67.84143311325617,71.70462387853692,111.95526837783609,5.387645253986338,hw_expanding,2011-05-01
seasonal_naive,84879,win,60.07754199269021,73.86831275720165,402.13887549315336,18.669399976469528,hw_expanding,2011-05-01
seasonal_naive,84991,loss,123.05489693159761,83.59433258762118,-529.1661678527239,-47.204832101045845,hw_expanding,2011-05-01
seasonal_naive,84992,loss,226.55377015042623,105.89198036006546,-737.2435356191043,-113.94799623170081,hw_expanding,2011-05-01
seasonal_naive,85099B,win,59.68577387293213,79.55307262569832,711.2492953490296,24.97364098837885,hw_expanding,2011-05-01
seasonal_naive,85123A,win,57.997822632266214,66.00728787090057,307.7236544683319,12.134213504271765,hw_expanding,2011-05-01
weekday_mean_4w,15036,loss,88.51999994542038,86.62214562688496,-88.0983974664141,-2.1909574102565115,hw_expanding,2011-05-01
weekday_mean_4w,17003,loss,154.40401386246526,106.92590888173032,-1031.6992212313698,-44.40280702523651,hw_expanding,2011-05-01
weekday_mean_4w,20725,win,63.21126840824757,69.97830802603036,155.98026318989332,9.67019610600703,hw_expanding,2011-05-01
weekday_mean_4w,21212,win,88.31653986444347,101.57075748678803,451.4386522170553,13.049245619802154,hw_expanding,2011-05-01
weekday_mean_4w,21213,win,129.2727691502731,231.0344827586207,767.2833206069408,44.04611484540418,hw_expanding,2011-05-01
weekday_mean_4w,21232,loss,75.70662398911492,67.02002355712602,-73.7492376675857,-12.961201699048456,hw_expanding,2011-05-01
weekday_mean_4w,21977,win,104.81297565393172,123.74722290792397,767.0263562592263,15.300745187696512,hw_expanding,2011-05-01
weekday_mean_4w,21980,loss,125.03089127562899,91.77467597208374,-333.5598394945587,-36.2368103742052,hw_expanding,2011-05-01
weekday_mean_4w,21981,loss,221.73729558686324,112.02064896755162,-743.8788640789326,-97.94323424344078,hw_expanding,2011-05-01
weekday_mean_4w,21982,loss,208.6437402061776,196.8599033816425,-97.57016890715045,-5.98589993295402,hw_expanding,2011-05-01
weekday_mean_4w,21984,loss,781.8399509062001,139.47368421052633,-1098.4463160496023,-460.5644931025585,hw_expanding,2011-05-01
weekday_mean_4w,22197,win,86.91053411103053,99.32203389830508,842.1202605665794,12.496219922341274,hw_expanding,2011-05-01
weekday_mean_4w,84077,win,85.18479180367673,148.61296345692185,2377.922155280159,42.68010688827353,hw_expanding,2011-05-01
weekday_mean_4w,84347,loss,3894.6607948270066,112.5,-1815.4371815169632,-3361.920706512895,hw_expanding,2011-05-01
weekday_mean_4w,84755,win,67.84143311325617,69.91028295376121,59.95526837783609,2.959292614898125,hw_expanding,2011-05-01
weekday_mean_4w,84879,win,60.07754199269021,62.32853223593964,65.63887549315336,3.6114924617966144,hw_expanding,2011-05-01
weekday_mean_4w,84991,win,123.05489693159761,138.73974645786726,210.3338321472761,11.305231504825366,hw_expanding,2011-05-01
weekday_mean_4w,84992,loss,226.55377015042623,190.34369885433716,-221.24353561910425,-19.02351982967362,hw_expanding,2011-05-01
weekday_mean_4w,85099B,win,59.68577387293213,63.03072625698324,119.74929534902958,5.306859975582974,hw_expanding,2011-05-01
weekday_mean_4w,85123A,win,57.997822632266214,92.84226965122332,1338.723654468332,37.53080051775531,hw_expanding,2011-05-01
weekday_mean_8w,15036,win,88.51999994542038,90.16587677725119,76.4016025335859,1.8253877083642562,hw_expanding,2011-05-01
weekday_mean_8w,17003,loss,154.40401386246526,141.1067648412333,-288.94922123136985,-9.423537586021043,hw_expanding,2011-05-01
weekday_mean_8w,20725,loss,63.21126840824757,63.09110629067245,-2.7697368101066786,-0.19045809249486095,hw_expanding,2011-05-01
weekday_mean_8w,21212,win,88.31653986444347,98.86230182031709,359.1886522170553,10.667121604189036,hw_expanding,2011-05-01
weekday_mean_8w,21213,win,129.2727691502731,162.6657824933687,251.78332060694083,20.5286033923311,hw_expanding,2011-05-01
weekday_mean_8w,21232,loss,75.70662398911492,67.37338044758539,-70.7492376675857,-12.368747843983511,hw_expanding,2011-05-01
weekday_mean_8w,21977,win,104.81297565393172,114.71241668723772,401.0263562592263,8.629790321911475,hw_expanding,2011-05-01
weekday_mean_8w,21980,loss,125.03089127562899,87.4875373878365,-376.5598394945587,-42.91280222160213,hw_expanding,2011-05-01
weekday_mean_8w,21981,loss,221.73729558686324,138.90117994100294,-561.6288640789326,-59.63672567867618,hw_expanding,2011-05-01
weekday_mean_8w,21982,loss,208.6437402061776,141.5157004830918,-555.8201689071504,-47.43504748514192,hw_expanding,2011-05-01
weekday_mean_8w,21984,loss,781.8399509062001,136.54970760233917,-1103.4463160496023,-472.56801543880187,hw_expanding,2011-05-01
weekday_mean_8w,22197,win,86.91053411103053,92.0265291083272,347.1202605665794,5.559261059682557,hw_expanding,2011-05-01
weekday_mean_8w,84077,win,85.18479180367673,97.57268604961322,464.42215528015913,12.696067667582263,hw_expanding,2011-05-01
weekday_mean_8w,84347,loss,3894.6607948270066,116.66666666666667,-1813.4371815169632,-3238.280681280291,hw_expanding,2011-05-01
weekday_mean_8w,84755,loss,67.84143311325617,67.14975845410628,-20.04473162216391,-1.0300478736980472,hw_expanding,2011-05-01
weekday_mean_8w,84879,win,60.07754199269021,63.460219478738,98.63887549315336,5.330390461667308,hw_expanding,2011-05-01
weekday_mean_8w,84991,win,123.05489693159761,124.25428784489188,16.083832147276098,0.9652712466482286,hw_expanding,2011-05-01
weekday_mean_8w,84992,loss,226.55377015042623,207.4468085106383,-116.74353561910425,-9.210535354564435,hw_expanding,2011-05-01
weekday_mean_8w,85099B,win,59.68577387293213,66.92039106145252,258.9992953490296,10.810781398269013,hw_expanding,2011-05-01
weekday_mean_8w,85123A,win,57.997822632266214,66.90525767829256,342.2236544683319,13.313505328470418,hw_expanding,2011-05-01
hw_365d,15036,loss,89.03991365493474,88.88436644080039,-7.220501680116286,-0.17499951944636224,hw_182d,2011-05-01
hw_365d,17003,win,146.91282621218005,181.1756972363231,744.5321873546291,18.91140563927347,hw_182d,2011-05-01
hw_365d,20725,win,62.09912444305723,62.47055464239038,8.561466094629168,0.5945684354163149,hw_182d,2011-05-01
hw_365d,21212,win,93.70090036397374,97.18856361304645,118.78981026341626,3.5885531377526516,hw_182d,2011-05-01
hw_365d,21213,win,117.08986785047017,134.25420520672407,129.41910366615446,12.784953238391543,hw_182d,2011-05-01
hw_365d,21232,win,62.14701850013252,71.42994152107376,78.81201644779117,12.995842952219872,hw_182d,2011-05-01
hw_365d,21977,win,102.14957087544443,106.94057133660176,194.08342868148338,4.480058785245668,hw_182d,2011-05-01
hw_365d,21980,win,95.0410788621507,96.10779181198076,10.699130886795501,1.1099130775129165,hw_182d,2011-05-01
hw_365d,21981,loss,120.96673533545007,118.11301932775058,-19.348194532202683,-2.4160892879901263,hw_182d,2011-05-01
hw_365d,21982,win,128.66257200050643,151.06332551495356,185.47823909962244,14.82871731976383,hw_182d,2011-05-01
hw_365d,21984,loss,238.91161578486347,235.96543721416612,-5.0379653558924815,-1.2485636055348883,hw_182d,2011-05-01
hw_365d,22197,loss,94.21675227465177,87.95949265186725,-424.5550654059289,-7.113796855957291,hw_182d,2011-05-01
hw_365d,84077,loss,126.6303332637331,88.2923274924422,-1437.2918363656959,-43.421673049192904,hw_182d,2011-05-01
hw_365d,84347,loss,2669.5460132361954,2149.653044896751,-249.54862480293332,-24.184971131674658,hw_182d,2011-05-01
hw_365d,84755,loss,70.43283786105336,66.37821445643623,-117.50298626580457,-6.108364676302292,hw_182d,2011-05-01
hw_365d,84879,loss,62.87261162755216,59.2466139435629,-105.73409246512688,-6.1201770744962944,hw_182d,2011-05-01
hw_365d,84991,win,92.42837018651922,106.60569224529216,190.11788880814515,13.298841516034553,hw_182d,2011-05-01
hw_365d,84992,loss,220.1595461946961,213.85165084696328,-38.541240574647645,-2.9496594123778292,hw_182d,2011-05-01
hw_365d,85099B,loss,63.815455635852715,60.344441098627776,-124.26232043265281,-5.752003786979922,hw_182d,2011-05-01
hw_365d,85123A,loss,62.43218501294314,58.68409946368446,-144.00144680251833,-6.3868843238842015,hw_182d,2011-05-01
hw_expanding,15036,loss,89.03991365493474,88.51999994542038,-24.134394395656273,-0.5873403861668818,hw_182d,2011-05-01
hw_expanding,17003,win,146.91282621218005,154.40401386246526,162.78350764069774,4.851679346210492,hw_182d,2011-05-01
hw_expanding,20725,win,62.09912444305723,63.21126840824757,25.63491839763742,1.759407765728734,hw_182d,2011-05-01
hw_expanding,21212,loss,93.70090036397374,88.31653986444347,-183.3913186140012,-6.0966615175308005,hw_182d,2011-05-01
hw_expanding,21213,win,117.08986785047017,129.2727691502731,91.85907580051412,9.424182200074101,hw_182d,2011-05-01
hw_expanding,21232,win,62.14701850013252,75.70662398911492,115.12105060146064,17.9107253427811,hw_182d,2011-05-01
hw_expanding,21977,win,102.14957087544443,104.81297565393172,107.89452757651998,2.541102150635661,hw_182d,2011-05-01
hw_expanding,21980,win,95.0410788621507,125.03089127562899,300.79781850718723,23.98592228489049,hw_182d,2011-05-01
hw_expanding,21981,win,120.96673533545007,221.73729558686324,683.224398504581,45.4459228361687,hw_182d,2011-05-01
hw_expanding,21982,win,128.66257200050643,208.6437402061776,662.2440727429573,38.33384511159327,hw_182d,2011-05-01
hw_expanding,21984,win,238.91161578486347,781.8399509062001,928.4074530574858,69.4423883676,hw_182d,2011-05-01
hw_expanding,22197,loss,94.21675227465177,86.91053411103053,-495.7269024017014,-8.406596781797877,hw_182d,2011-05-01
hw_expanding,84077,loss,126.6303332637331,85.18479180367673,-1553.793349337513,-48.65368639460302,hw_182d,2011-05-01
hw_expanding,84347,win,2669.5460132361954,3894.6607948270066,588.0550951635894,31.456264001682552,hw_182d,2011-05-01
hw_expanding,84755,loss,70.43283786105336,67.84143311325617,-75.09890959116228,-3.8197965887174425,hw_182d,2011-05-01
hw_expanding,84879,loss,62.87261162755216,60.07754199269021,-81.50423055257443,-4.652436737844629,hw_182d,2011-05-01
hw_expanding,84991,win,92.42837018651922,123.05489693159761,410.7017236515012,24.888507088102905,hw_182d,2011-05-01
hw_expanding,84992,win,220.1595461946961,226.55377015042623,39.06870836951089,2.8223869112769635,hw_182d,2011-05-01
hw_expanding,85099B,loss,63.815455635852715,59.68577387293213,-147.84260711255683,-6.919038650168897,hw_182d,2011-05-01
hw_expanding,85123A,loss,62.43218501294314,57.997822632266214,-170.36820266560744,-7.645739407827239,hw_182d,2011-05-01
seasonal_naive,15036,win,89.03991365493474,96.2516156828953,334.76720813792963,7.492551659309079,hw_182d,2011-05-01
seasonal_naive,17003,loss,146.91282621218005,115.37045559134836,-685.4157135906721,-27.340076329903177,hw_182d,2011-05-01
seasonal_naive,20725,win,62.09912444305723,83.51409978308025,493.61518158753074,25.64234709545614,hw_182d,2011-05-01
seasonal_naive,21212,loss,93.70090036397374,86.84674104521433,-233.45266639694592,-7.89224700462967,hw_182d,2011-05-01
seasonal_naive,21213,win,117.08986785047017,126.52519893899205,71.14239640745495,7.457274256546641,hw_182d,2011-05-01
seasonal_naive,21232,win,62.14701850013252,108.48056537102474,393.37181293387493,42.711380340268725,hw_182d,2011-05-01
seasonal_naive,21977,loss,102.14957087544443,101.4317452480869,-29.07911616425372,-0.7076932626978201,hw_182d,2011-05-01
seasonal_naive,21980,win,95.0410788621507,120.93718843469591,259.73797901262856,21.412858945806143,hw_182d,2011-05-01
seasonal_naive,21981,win,120.96673533545007,142.18289085545723,143.84553442564845,14.921735936270599,hw_182d,2011-05-01
seasonal_naive,21982,loss,128.66257200050643,119.56521739130434,-75.32609616419313,-7.608696582241745,hw_182d,2011-05-01
seasonal_naive,21984,loss,238.91161578486347,156.140350877193,-141.53886299211655,-53.01081010940694,hw_182d,2011-05-01
seasonal_naive,22197,loss,94.21675227465177,93.83935151068533,-25.60664183512199,-0.40217750644137895,hw_182d,2011-05-01
seasonal_naive,84077,win,126.6303332637331,250.81355028007468,4655.628805942646,49.51216426611343,hw_182d,2011-05-01
seasonal_naive,84347,loss,2669.5460132361954,100.0,-1233.3820863533738,-2569.5460132361954,hw_182d,2011-05-01
seasonal_naive,84755,win,70.43283786105336,71.70462387853692,36.85635878667381,1.773645754892862,hw_182d,2011-05-01
seasonal_naive,84879,win,62.87261162755216,73.86831275720165,320.63464494057894,14.885545261865325,hw_182d,2011-05-01
seasonal_naive,84991,loss,92.42837018651922,83.59433258762118,-118.4644442012227,-10.56774702954707,hw_182d,2011-05-01
seasonal_naive,84992,loss,220.1595461946961,105.89198036006546,-698.1748272495934,-107.90955598911796,hw_182d,2011-05-01
seasonal_naive,85099B,win,63.815455635852715,79.55307262569832,563.4066882364727,19.782538210550307,hw_182d,2011-05-01
seasonal_naive,85123A,win,62.43218501294314,66.00728787090057,137.35545180272447,5.416224440170527,hw_182d,2011-05-01
weekday_mean_4w,15036,loss,89.03991365493474,86.62214562688496,-112.23279186207037,-2.7911661741375458,hw_182d,2011-05-01
weekday_mean_4w,17003,loss,146.91282621218005,106.92590888173032,-868.9157135906721,-37.396845861444916,hw_182d,2011-05-01
weekday_mean_4w,20725,win,62.09912444305723,69.97830802603036,181.61518158753074,11.259465690485477,hw_182d,2011-05-01
weekday_mean_4w,21212,win,93.70090036397374,101.57075748678803,268.0473336030541,7.748152438301904,hw_182d,2011-05-01
weekday_mean_4w,21213,win,117.08986785047017,231.0344827586207,859.142396407455,49.319310930393506,hw_182d,2011-05-01
weekday_mean_4w,21232,win,62.14701850013252,67.02002355712602,41.371812933874935,7.270968881173088,hw_182d,2011-05-01
weekday_mean_4w,21977,win,102.14957087544443,123.74722290792397,874.9208838357463,17.453039773304337,hw_182d,2011-05-01
weekday_mean_4w,21980,loss,95.0410788621507,91.77467597208374,-32.76202098737144,-3.5591549144347177,hw_182d,2011-05-01
weekday_mean_4w,21981,loss,120.96673533545007,112.02064896755162,-60.65446557435155,-7.986104749750027,hw_182d,2011-05-01
weekday_mean_4w,21982,win,128.66257200050643,196.8599033816425,564.6739038358069,34.642570787472806,hw_182d,2011-05-01
weekday_mean_4w,21984,loss,238.91161578486347,139.47368421052633,-170.03886299211655,-71.29512075141153,hw_182d,2011-05-01
weekday_mean_4w,22197,win,94.21675227465177,99.32203389830508,346.393358164878,5.140129962381321,hw_182d,2011-05-01
weekday_mean_4w,84077,win,126.6303332637331,148.61296345692185,824.1288059426461,14.791865851972464,hw_182d,2011-05-01
weekday_mean_4w,84347,loss,2669.5460132361954,112.5,-1227.3820863533738,-2272.9297895432846,hw_182d,2011-05-01
weekday_mean_4w,84755,loss,70.43283786105336,69.91028295376121,-15.143641213326191,-0.7474650154652721,hw_182d,2011-05-01
weekday_mean_4w,84879,loss,62.87261162755216,62.32853223593964,-15.865355059421063,-0.8729218739708989,hw_182d,2011-05-01
weekday_mean_4w,84991,win,92.42837018651922,138.73974645786726,621.0355557987773,33.38003524852336,hw_182d,2011-05-01
weekday_mean_4w,84992,loss,220.1595461946961,190.34369885433716,-182.17482724959336,-15.66421558465977,hw_182d,2011-05-01
weekday_mean_4w,85099B,loss,63.815455635852715,63.03072625698324,-28.093311763527254,-1.2449949817649932,hw_182d,2011-05-01
weekday_mean_4w,85123A,win,62.43218501294314,92.84226965122332,1168.3554518027245,32.75456831518712,hw_182d,2011-05-01
weekday_mean_8w,15036,win,89.03991365493474,90.16587677725119,52.26720813792963,1.248768561412724,hw_182d,2011-05-01
weekday_mean_8w,17003,loss,146.91282621218005,141.1067648412333,-126.16571359067211,-4.114658413067185,hw_182d,2011-05-01
weekday_mean_8w,20725,win,62.09912444305723,63.09110629067245,22.865181587530742,1.5723006077036863,hw_182d,2011-05-01
weekday_mean_8w,21212,win,93.70090036397374,98.86230182031709,175.79733360305408,5.2207983845290435,hw_182d,2011-05-01
weekday_mean_8w,21213,win,117.08986785047017,162.6657824933687,343.64239640745495,28.01813260558133,hw_182d,2011-05-01
weekday_mean_8w,21232,win,62.14701850013252,67.37338044758539,44.371812933874935,7.75730995347463,hw_182d,2011-05-01
weekday_mean_8w,21977,win,102.14957087544443,114.71241668723772,508.9208838357463,10.951600685081695,hw_182d,2011-05-01
weekday_mean_8w,21980,loss,95.0410788621507,87.4875373878365,-75.76202098737144,-8.633848545569395,hw_182d,2011-05-01
weekday_mean_8w,21981,win,120.96673533545007,138.90117994100294,121.59553442564845,12.911657491441302,hw_182d,2011-05-01
weekday_mean_8w,21982,win,128.66257200050643,141.5157004830918,106.42390383580687,9.082475258016368,hw_182d,2011-05-01
weekday_mean_8w,21984,loss,238.91161578486347,136.54970760233917,-175.03886299211655,-74.96311048912916,hw_182d,2011-05-01
weekday_mean_8w,22197,loss,94.21675227465177,92.0265291083272,-148.606641835122,-2.379991060780304,hw_182d,2011-05-01
weekday_mean_8w,84077,loss,126.6303332637331,97.57268604961322,-1089.371194057354,-29.780513779588695,hw_182d,2011-05-01
weekday_mean_8w,84347,loss,2669.5460132361954,116.66666666666667,-1225.3820863533738,-2188.1822970595963,hw_182d,2011-05-01
weekday_mean_8w,84755,loss,70.43283786105336,67.14975845410628,-95.14364121332619,-4.889190195957164,hw_182d,2011-05-01
weekday_mean_8w,84879,win,62.87261162755216,63.460219478738,17.134644940578937,0.9259467679318562,hw_182d,2011-05-01
weekday_mean_8w,84991,win,92.42837018651922,124.25428784489188,426.7855557987773,25.61353673210967,hw_182d,2011-05-01
weekday_mean_8w,84992,loss,220.1595461946961,207.4468085106383,-77.67482724959336,-6.128191498981709,hw_182d,2011-05-01
weekday_mean_8w,85099B,win,63.815455635852715,66.92039106145252,111.15668823647275,4.6397448914316195,hw_182d,2011-05-01
weekday_mean_8w,85123A,win,62.43218501294314,66.90525767829256,171.85545180272447,6.685681844105222,hw_182d,2011-05-01
hw_182d,15036,win,88.88436644080039,89.03991365493474,7.220501680116286,0.17469380612514068,hw_365d,2011-05-01
hw_182d,17003,loss,181.1756972363231,146.91282621218005,-744.5321873546291,-23.321905859096745,hw_365d,2011-05-01
hw_182d,20725,loss,62.47055464239038,62.09912444305723,-8.561466094629168,-0.5981246960635385,hw_365d,2011-05-01
hw_182d,21212,loss,97.18856361304645,93.70090036397374,-118.78981026341626,-3.722123518050689,hw_365d,2011-05-01
hw_182d,21213,loss,134.25420520672407,117.08986785047017,-129.41910366615446,-14.659114124352454,hw_365d,2011-05-01
hw_182d,21232,loss,71.42994152107376,62.14701850013252,-78.81201644779117,-14.937036795934862,hw_365d,2011-05-01
hw_182d,21977,loss,106.94057133660176,102.14957087544443,-194.08342868148338,-4.690181681721621,hw_365d,2011-05-01
hw_182d,21980,loss,96.10779181198076,95.0410788621507,-10.699130886795501,-1.1223704135106065,hw_365d,2011-05-01
hw_182d,21981,win,118.11301932775058,120.96673533545007,19.348194532202683,2.359091530234254,hw_365d,2011-05-01
hw_182d,21982,loss,151.06332551495356,128.66257200050643,-185.47823909962244,-17.41046612557921,hw_365d,2011-05-01
hw_182d,21984,win,235.96543721416612,238.91161578486347,5.0379653558924815,1.2331667344924526,hw_365d,2011-05-01
hw_182d,22197,win,87.95949265186725,94.21675227465177,424.5550654059289,6.641345059893324,hw_365d,2011-05-01
hw_182d,84077,win,88.2923274924422,126.6303332637331,1437.2918363656959,30.275530975224008,hw_365d,2011-05-01
hw_182d,84347,win,2149.653044896751,2669.5460132361954,249.54862480293332,19.474958130022895,hw_365d,2011-05-01
hw_182d,84755,win,66.37821445643623,70.43283786105336,117.50298626580457,5.756723039636576,hw_365d,2011-05-01
hw_182d,84879,win,59.2466139435629,62.87261162755216,105.73409246512688,5.767213402028093,hw_365d,2011-05-01
hw_182d,84991,loss,106.60569224529216,92.42837018651922,-190.11788880814515,-15.338712594588973,hw_365d,2011-05-01
hw_182d,84992,win,213.85165084696328,220.1595461946961,38.541240574647645,2.8651473246381487,hw_365d,2011-05-01
hw_182d,85099B,win,60.344441098627776,63.815455635852715,124.26232043265281,5.439144017135024,hw_365d,2011-05-01
hw_182d,85123A,win,58.68409946368446,62.43218501294314,144.00144680251833,6.003450861893814,hw_365d,2011-05-01
hw_expanding,15036,loss,88.88436644080039,88.51999994542038,-16.913892715539987,-0.411620532766236,hw_365d,2011-05-01
hw_expanding,17003,loss,181.1756972363231,154.40401386246526,-581.7486797139313,-17.338722423177803,hw_365d,2011-05-01
hw_expanding,20725,win,62.47055464239038,63.21126840824757,17.073452303008253,1.1718065220164786,hw_365d,2011-05-01
hw_expanding,21212,loss,97.18856361304645,88.31653986444347,-302.18112887741745,-10.04571030774145,hw_365d,2011-05-01
hw_expanding,21213,loss,134.25420520672407,129.2727691502731,-37.560027865640336,-3.8534303002825796,hw_365d,2011-05-01
hw_expanding,21232,win,71.42994152107376,75.70662398911492,36.30903415366947,5.649020181716278,hw_365d,2011-05-01
hw_expanding,21977,loss,106.94057133660176,104.81297565393172,-86.1889011049634,-2.029897223503012,hw_365d,2011-05-01
hw_expanding,21980,win,96.10779181198076,125.03089127562899,290.09868762039173,23.13276276651314,hw_365d,2011-05-01
hw_expanding,21981,win,118.11301932775058,221.73729558686324,702.5725930367837,46.73290344993811,hw_365d,2011-05-01
hw_expanding,21982,win,151.06332551495356,208.6437402061776,476.7658336433349,27.597480103800006,hw_365d,2011-05-01
hw_expanding,21984,win,235.96543721416612,781.8399509062001,933.4454184133782,69.81921466910616,hw_365d,2011-05-01
hw_expanding,22197,loss,87.95949265186725,86.91053411103053,-71.17183699577254,-1.206940621831468,hw_365d,2011-05-01
hw_expanding,84077,loss,88.2923274924422,85.18479180367673,-116.50151297181719,-3.6479935243926245,hw_365d,2011-05-01
hw_expanding,84347,win,2149.653044896751,3894.6607948270066,837.6037199665227,44.8051278881083,hw_365d,2011-05-01
hw_expanding,84755,win,66.37821445643623,67.84143311325617,42.40407667464228,2.1568215612090826,hw_365d,2011-05-01
hw_expanding,84879,win,59.2466139435629,60.07754199269021,24.22986191255245,1.3830926192493191,hw_365d,2011-05-01
hw_expanding,84991,win,106.60569224529216,123.05489693159761,220.58383484335604,13.367371064841938,hw_365d,2011-05-01
hw_expanding,84992,win,213.85165084696328,226.55377015042623,77.60994894415853,5.606668692835723,hw_365d,2011-05-01
hw_expanding,85099B,loss,60.344441098627776,59.68577387293213,-23.58028667990402,-1.1035581562499508,hw_365d,2011-05-01
hw_expanding,85123A,loss,58.68409946368446,57.997822632266214,-26.36675586308911,-1.183280337556065,hw_365d,2011-05-01
seasonal_naive,15036,win,88.88436644080039,96.2516156828953,341.9877098180459,7.65415644176468,hw_365d,2011-05-01
seasonal_naive,17003,loss,181.1756972363231,115.37045559134836,-1429.9479009453012,-57.038209052465135,hw_365d,2011-05-01
seasonal_naive,20725,win,62.47055464239038,83.51409978308025,485.0537154929016,25.19759561002086,hw_365d,2011-05-01
seasonal_naive,21212,loss,97.18856361304645,86.84674104521433,-352.2424766603622,-11.908129704542333,hw_365d,2011-05-01
seasonal_naive,21213,loss,134.25420520672407,126.52519893899205,-58.2767072586995,-6.108669523972685,hw_365d,2011-05-01
seasonal_naive,21232,win,71.42994152107376,108.48056537102474,314.55979648608377,34.154158141811486,hw_365d,2011-05-01
seasonal_naive,21977,loss,106.94057133660176,101.4317452480869,-223.1625448457371,-5.431067044189272,hw_365d,2011-05-01
seasonal_naive,21980,win,96.10779181198076,120.93718843469591,249.03884812583306,20.530820125790022,hw_365d,2011-05-01
seasonal_naive,21981,win,118.11301932775058,142.18289085545723,163.19372895785114,16.928810057868372,hw_365d,2011-05-01
seasonal_naive,21982,loss,151.06332551495356,119.56521739130434,-260.8043352638156,-26.343872248870255,hw_365d,2011-05-01
seasonal_naive,21984,loss,235.96543721416612,156.140350877193,-136.50089763622407,-51.12393169896031,hw_365d,2011-05-01
seasonal_naive,22197,win,87.95949265186725,93.83935151068533,398.9484235708069,6.265877549407992,hw_365d,2011-05-01
seasonal_naive,84077,win,88.2923274924422,250.81355028007468,6092.9206423083415,64.79762461244648,hw_365d,2011-05-01
seasonal_naive,84347,loss,2149.653044896751,100.0,-983.8334615504405,-2049.653044896751,hw_365d,2011-05-01
seasonal_naive,84755,win,66.37821445643623,71.70462387853692,154.35934505247837,7.428264920715986,hw_365d,2011-05-01
seasonal_naive,84879,win,59.2466139435629,73.86831275720165,426.3687374057058,19.794277502586166,hw_365d,2011-05-01
seasonal_naive,84991,loss,106.60569224529216,83.59433258762118,-308.58233300936786,-27.52741596872148,hw_365d,2011-05-01
seasonal_naive,84992,loss,213.85165084696328,105.89198036006546,-659.6335866749457,-101.9526409080287,hw_365d,2011-05-01
seasonal_naive,85099B,win,60.344441098627776,79.55307262569832,687.6690086691256,24.145681484168733,hw_365d,2011-05-01
seasonal_naive,85123A,win,58.68409946368446,66.00728787090057,281.3568986052428,11.09451492922882,hw_365d,2011-05-01
weekday_mean_4w,15036,loss,88.88436644080039,86.62214562688496,-105.01229018195409,-2.6115963735875267,hw_365d,2011-05-01
weekday_mean_4w,17003,loss,181.1756972363231,106.92590888173032,-1613.4479009453012,-69.44040890661937,hw_365d,2011-05-01
weekday_mean_4w,20725,win,62.47055464239038,69.97830802603036,173.05371549290157,10.728686639361532,hw_365d,2011-05-01
weekday_mean_4w,21212,win,97.18856361304645,101.57075748678803,149.25752333963783,4.314424724371669,hw_365d,2011-05-01
weekday_mean_4w,21213,win,134.25420520672407,231.0344827586207,729.7232927413005,41.889970880671676,hw_365d,2011-05-01
weekday_mean_4w,21232,loss,71.42994152107376,67.02002355712602,-37.44020351391623,-6.580000617559977,hw_365d,2011-05-01
weekday_mean_4w,21977,win,106.94057133660176,123.74722290792397,680.8374551542629,13.581437365933823,hw_365d,2011-05-01
weekday_mean_4w,21980,loss,96.10779181198076,91.77467597208374,-43.461151874166944,-4.721472229675948,hw_365d,2011-05-01
weekday_mean_4w,21981,loss,118.11301932775058,112.02064896755162,-41.306271042148865,-5.438613698768785,hw_365d,2011-05-01
weekday_mean_4w,21982,win,151.06332551495356,196.8599033816425,379.1956647361844,23.26353771387635,hw_365d,2011-05-01
weekday_mean_4w,21984,loss,235.96543721416612,139.47368421052633,-165.00089763622407,-69.18276630449644,hw_365d,2011-05-01
weekday_mean_4w,22197,win,87.95949265186725,99.32203389830508,770.9484235708069,11.440101254945938,hw_365d,2011-05-01
weekday_mean_4w,84077,win,88.2923274924422,148.61296345692185,2261.420642308342,40.58908089936897,hw_365d,2011-05-01
weekday_mean_4w,84347,loss,2149.653044896751,112.5,-977.8334615504405,-1810.8027065748897,hw_365d,2011-05-01
weekday_mean_4w,84755,win,66.37821445643623,69.91028295376121,102.35934505247837,5.052287514929817,hw_365d,2011-05-01
weekday_mean_4w,84879,win,59.2466139435629,62.32853223593964,89.86873740570582,4.944634795362079,hw_365d,2011-05-01
weekday_mean_4w,84991,win,106.60569224529216,138.73974645786726,430.91766699063214,23.161390324677882,hw_365d,2011-05-01
weekday_mean_4w,84992,loss,213.85165084696328,190.34369885433716,-143.63358667494572,-12.35026540627219,hw_365d,2011-05-01
weekday_mean_4w,85099B,win,60.344441098627776,63.03072625698324,96.16900866912556,4.261866105434334,hw_365d,2011-05-01
weekday_mean_4w,85123A,win,58.68409946368446,92.84226965122332,1312.3568986052428,36.791614763253236,hw_365d,2011-05-01
weekday_mean_8w,15036,win,88.88436644080039,90.16587677725119,59.487709818045914,1.4212808462082387,hw_365d,2011-05-01
weekday_mean_8w,17003,loss,181.1756972363231,141.1067648412333,-870.6979009453012,-28.396181033682865,hw_365d,2011-05-01
weekday_mean_8w,20725,win,62.47055464239038,63.09110629067245,14.303715492901574,0.9835802298711807,hw_365d,2011-05-01
weekday_mean_8w,21212,win,97.18856361304645,98.86230182031709,57.00752333963783,1.6929994309789203,hw_365d,2011-05-01
weekday_mean_8w,21213,win,134.25420520672407,162.6657824933687,214.2232927413005,17.466228515393443,hw_365d,2011-05-01
weekday_mean_8w,21232,loss,71.42994152107376,67.37338044758539,-34.44020351391623,-6.021014600335008,hw_365d,2011-05-01
weekday_mean_8w,21977,win,106.94057133660176,114.71241668723772,314.8374551542629,6.775068972547075,hw_365d,2011-05-01
weekday_mean_8w,21980,loss,96.10779181198076,87.4875373878365,-86.46115187416694,-9.853122720702787,hw_365d,2011-05-01
weekday_mean_8w,21981,win,118.11301932775058,138.90117994100294,140.94372895785114,14.966151203382108,hw_365d,2011-05-01
weekday_mean_8w,21982,loss,151.06332551495356,141.5157004830918,-79.05433526381557,-6.746689589401789,hw_365d,2011-05-01
weekday_mean_8w,21984,loss,235.96543721416612,136.54970760233917,-170.00089763622407,-72.80552361294394,hw_365d,2011-05-01
weekday_mean_8w,22197,win,87.95949265186725,92.0265291083272,275.9484235708069,4.419417417854056,hw_365d,2011-05-01
weekday_mean_8w,84077,win,88.2923274924422,97.57268604961322,347.92064230834194,9.511225869555545,hw_365d,2011-05-01
weekday_mean_8w,84347,loss,2149.653044896751,116.66666666666667,-975.8334615504405,-1742.5597527686436,hw_365d,2011-05-01
weekday_mean_8w,84755,win,66.37821445643623,67.14975845410628,22.359345052478375,1.1489899821417304,hw_365d,2011-05-01
weekday_mean_8w,84879,win,59.2466139435629,63.460219478738,122.86873740570582,6.639758843864138,hw_365d,2011-05-01
weekday_mean_8w,84991,win,106.60569224529216,124.25428784489188,236.66766699063214,14.203610922168473,hw_365d,2011-05-01
weekday_mean_8w,84992,loss,213.85165084696328,207.4468085106383,-39.13358667494572,-3.087462459561783,hw_365d,2011-05-01
weekday_mean_8w,85099B,win,60.344441098627776,66.92039106145252,235.41900866912556,9.826526501894014,hw_365d,2011-05-01
weekday_mean_8w,85123A,win,58.68409946368446,66.90525767829256,315.8568986052428,12.287761081705623,hw_365d,2011-05-01
hw_182d,15036,win,136.12971551711598,137.28721612114066,33.12766728718634,0.8431233706445843,hw_expanding,2011-07-01
hw_182d,17003,loss,159.10201386748443,152.3284502162011,-122.19508826915171,-4.446683230656878,hw_expanding,2011-07-01
hw_182d,20725,loss,68.84294508303212,68.38590708830118,-7.573119572691894,-0.6683219016760324,hw_expanding,2011-07-01
hw_182d,21212,win,97.62100649227561,102.16572148161687,100.0746240652943,4.448375564165138,hw_expanding,2011-07-01
hw_182d,21213,loss,116.02085289744683,112.38645120595639,-39.3242263019265,-3.2338432724689667,hw_expanding,2011-07-01
hw_182d,21232,win,104.93578738964459,116.67427054764114,59.5141096110425,10.060901262033969,hw_expanding,2011-07-01
hw_182d,21977,loss,116.93342422405111,114.72778885557702,-45.59048306635941,-1.922494445744627,hw_expanding,2011-07-01
hw_182d,21980,win,110.12690607533081,116.96841259928267,32.56557105401089,5.8490205790771075,hw_expanding,2011-07-01
hw_182d,21981,loss,369.8484166436737,170.55098069167119,-522.1592821942465,-116.85505128363954,hw_expanding,2011-07-01
hw_182d,21982,loss,409.3014037401549,280.81295374149926,-314.7967024967063,-45.755884223537265,hw_expanding,2011-07-01
hw_182d,21984,loss,158.59517389243445,136.20377937534622,-65.60678593506856,-16.439627901500963,hw_expanding,2011-07-01
hw_182d,22197,loss,143.43567755028775,108.83581748936778,-548.7537805661905,-31.79087625661473,hw_expanding,2011-07-01
hw_182d,84077,win,82.69732022831371,83.19039719680582,18.076201664920518,0.5927089965992335,hw_expanding,2011-07-01
hw_182d,84347,loss,1341.1779901177165,113.22122073336422,-1571.784664811971,-1084.5641492209209,hw_expanding,2011-07-01
hw_182d,84755,loss,90.52092102451287,77.4727311763699,-213.4683859156189,-16.84230005837566,hw_expanding,2011-07-01
hw_182d,84879,loss,57.06825493349191,52.36185627817539,-76.6672340951061,-8.988219650414043,hw_expanding,2011-07-01
hw_182d,84991,loss,112.35386918448464,109.18316412664305,-38.33382414930452,-2.904023787187412,hw_expanding,2011-07-01
hw_182d,84992,loss,118.27335884438827,113.4562821645818,-89.16408934321771,-4.245755799417731,hw_expanding,2011-07-01
hw_182d,85099B,loss,76.82545893416844,75.30318308510157,-45.75961202295002,-2.0215292192184218,hw_expanding,2011-07-01
hw_182d,85123A,win,81.38994449735813,85.56146714393128,118.7632497479376,4.87546881302985,hw_expanding,2011-07-01
hw_365d,15036,win,136.12971551711598,140.07047354022058,112.78449462125309,2.813410937725589,hw_expanding,2011-07-01
hw_365d,17003,win,159.10201386748443,174.01726768969837,269.0711789527395,8.571134359384558,hw_expanding,2011-07-01
hw_365d,20725,loss,68.84294508303212,67.936492992933,-15.019911132942525,-1.3342638840562686,hw_expanding,2011-07-01
hw_365d,21212,loss,97.62100649227561,97.26605639156703,-7.816001217603116,-0.36492699907524184,hw_expanding,2011-07-01
hw_365d,21213,win,116.02085289744683,116.82843761516924,8.738066645756362,0.6912569697992331,hw_expanding,2011-07-01
hw_365d,21232,win,104.93578738964459,115.78505559105731,55.00578978116255,9.370180068601766,hw_expanding,2011-07-01
hw_365d,21977,win,116.93342422405111,117.97055992804535,21.43759500156102,0.879147903194514,hw_expanding,2011-07-01
hw_365d,21980,win,110.12690607533081,126.19689975531773,76.49316991673777,12.734063761585997,hw_expanding,2011-07-01
hw_365d,21981,loss,369.8484166436737,158.51828729463034,-553.6849388944936,-133.31593026630057,hw_expanding,2011-07-01
hw_365d,21982,loss,409.3014037401549,263.0115087146565,-358.4102428124711,-55.62110028584705,hw_expanding,2011-07-01
hw_365d,21984,loss,158.59517389243445,137.36019199814305,-62.218496950273845,-15.459342030170188,hw_expanding,2011-07-01
hw_365d,22197,loss,143.43567755028775,142.42010998650883,-16.106901561533505,-0.7130787666679366,hw_expanding,2011-07-01
hw_365d,84077,win,82.69732022831371,85.27893321512505,94.6419320965033,3.027257599832947,hw_expanding,2011-07-01
hw_365d,84347,loss,1341.1779901177165,605.2957390053919,-941.9292814237756,-121.5740015486495,hw_expanding,2011-07-01
hw_365d,84755,loss,90.52092102451287,82.48153359769363,-131.5243783027629,-9.746893730215566,hw_expanding,2011-07-01
hw_365d,84879,win,57.06825493349191,62.16631948045445,83.04747147001979,8.20068582082523,hw_expanding,2011-07-01
hw_365d,84991,loss,112.35386918448464,107.9890770496917,-52.7703369096464,-4.041882988577127,hw_expanding,2011-07-01
hw_365d,84992,win,118.27335884438827,128.80610931208892,194.96121115713913,8.177213428736113,hw_expanding,2011-07-01
hw_365d,85099B,win,76.82545893416844,78.02296251784995,35.99695772546647,1.5348091703228353,hw_expanding,2011-07-01
hw_365d,85123A,win,81.38994449735813,97.90356460585136,470.1427644888022,16.86723070296285,hw_expanding,2011-07-01
seasonal_naive,15036,loss,136.12971551711598,93.361285814116,-1224.0324580998595,-45.809597982779174,hw_expanding,2011-07-01
seasonal_naive,17003,loss,159.10201386748443,101.99556541019956,-1030.2003301694194,-55.98914837877277,hw_expanding,2011-07-01
seasonal_naive,20725,win,68.84294508303212,81.05009052504526,202.27239997415768,15.06123603679507,hw_expanding,2011-07-01
seasonal_naive,21212,loss,97.62100649227561,82.74296094459582,-327.6145629599091,-17.981040777162953,hw_expanding,2011-07-01
seasonal_naive,21213,loss,116.02085289744683,93.90018484288355,-239.34562835037468,-23.557640585666807,hw_expanding,2011-07-01
seasonal_naive,21232,win,104.93578738964459,147.73175542406312,216.97555793450192,28.968699323698527,hw_expanding,2011-07-01
seasonal_naive,21977,loss,116.93342422405111,88.67924528301887,-584.0138787111364,-31.86109540158954,hw_expanding,2011-07-01
seasonal_naive,21980,loss,110.12690607533081,100.0,-48.20407291857464,-10.126906075330808,hw_expanding,2011-07-01
seasonal_naive,21981,loss,369.8484166436737,100.0,-707.0028516064251,-269.8484166436737,hw_expanding,2011-07-01
seasonal_naive,21982,loss,409.3014037401549,108.9795918367347,-735.7884391633795,-275.5761944432133,hw_expanding,2011-07-01
seasonal_naive,21984,loss,158.59517389243445,124.57337883959045,-99.68385950483298,-27.31064643968025,hw_expanding,2011-07-01
seasonal_naive,22197,loss,143.43567755028775,113.24085750315258,-478.8898459475636,-26.664245320020253,hw_expanding,2011-07-01
seasonal_naive,84077,loss,82.69732022831371,80.57828696126569,-77.6837595699808,-2.629781975964136,hw_expanding,2011-07-01
seasonal_naive,84347,loss,1341.1779901177165,112.5,-1572.7078273506772,-1092.1582134379703,hw_expanding,2011-07-01
seasonal_naive,84755,loss,90.52092102451287,68.7041564792176,-356.9222679610307,-31.75465017446892,hw_expanding,2011-07-01
seasonal_naive,84879,win,57.06825493349191,59.729895641497855,43.358127133416815,4.456128174040789,hw_expanding,2011-07-01
seasonal_naive,84991,loss,112.35386918448464,101.98511166253101,-125.3582784404191,-10.166932558022655,hw_expanding,2011-07-01
seasonal_naive,84992,loss,118.27335884438827,117.39600216099406,-16.23987220962681,-0.7473480078061137,hw_expanding,2011-07-01
seasonal_naive,85099B,win,76.82545893416844,94.8769128409847,542.6267044388969,19.026181782570017,hw_expanding,2011-07-01
seasonal_naive,85123A,loss,81.38994449735813,79.13593256059009,-64.17171983978596,-2.8482787323473606,hw_expanding,2011-07-01
weekday_mean_4w,15036,win,136.12971551711598,165.6533892382949,844.9675419001405,17.82255941573804,hw_expanding,2011-07-01
weekday_mean_4w,17003,win,159.10201386748443,207.89911308203992,880.2996698305806,23.471528325038822,hw_expanding,2011-07-01
weekday_mean_4w,20725,win,68.84294508303212,82.3777911888956,224.27239997415768,16.430212452319257,hw_expanding,2011-07-01
weekday_mean_4w,21212,loss,97.62100649227561,92.16621253405995,-120.11456295990911,-5.918431286519281,hw_expanding,2011-07-01
weekday_mean_4w,21213,win,116.02085289744683,143.48428835489833,297.1543716496253,19.140378206095022,hw_expanding,2011-07-01
weekday_mean_4w,21232,win,104.93578738964459,109.27021696252466,21.97555793450192,3.9667072083938537,hw_expanding,2011-07-01
weekday_mean_4w,21977,win,116.93342422405111,117.24721819061442,6.486121288863615,0.26763446622090425,hw_expanding,2011-07-01
weekday_mean_4w,21980,win,110.12690607533081,110.29411764705883,0.7959270814253614,0.15160515836673616,hw_expanding,2011-07-01
weekday_mean_4w,21981,loss,369.8484166436737,113.74045801526718,-671.0028516064251,-225.1687421498071,hw_expanding,2011-07-01
weekday_mean_4w,21982,loss,409.3014037401549,127.75510204081633,-689.7884391633795,-220.37969302344393,hw_expanding,2011-07-01
weekday_mean_4w,21984,loss,158.59517389243445,124.91467576791808,-98.68385950483298,-26.96280314339698,hw_expanding,2011-07-01
weekday_mean_4w,22197,loss,143.43567755028775,88.0517023959647,-878.3898459475636,-62.899380304157795,hw_expanding,2011-07-01
weekday_mean_4w,84077,loss,82.69732022831371,78.92798690671032,-138.1837595699808,-4.775661294970815,hw_expanding,2011-07-01
weekday_mean_4w,84347,loss,1341.1779901177165,104.296875,-1583.2078273506772,-1185.9234661802825,hw_expanding,2011-07-01
weekday_mean_4w,84755,loss,90.52092102451287,54.645476772616135,-586.9222679610307,-65.65126039832558,hw_expanding,2011-07-01
weekday_mean_4w,84879,win,57.06825493349191,70.1657458563536,213.35812713341682,18.666502811322562,hw_expanding,2011-07-01
weekday_mean_4w,84991,loss,112.35386918448464,105.16956162117452,-86.8582784404191,-6.831166216312959,hw_expanding,2011-07-01
weekday_mean_4w,84992,loss,118.27335884438827,102.26904376012966,-296.2398722096268,-15.649227269393915,hw_expanding,2011-07-01
weekday_mean_4w,85099B,win,76.82545893416844,77.72787757817697,27.126704438896923,1.1609974080417953,hw_expanding,2011-07-01
weekday_mean_4w,85123A,loss,81.38994449735813,79.43449244819108,-55.671719839785965,-2.4617165527210223,hw_expanding,2011-07-01
weekday_mean_8w,15036,win,136.12971551711598,164.35185185185185,807.7175419001405,17.171778727613933,hw_expanding,2011-07-01
weekday_mean_8w,17003,win,159.10201386748443,192.19789356984478,597.0496698305806,17.219689085891723,hw_expanding,2011-07-01
weekday_mean_8w,20725,win,68.84294508303212,81.89499094749547,216.27239997415768,15.93753868637861,hw_expanding,2011-07-01
weekday_mean_8w,21212,win,97.62100649227561,106.44868301544051,194.3854370400909,8.292894071676237,hw_expanding,2011-07-01
weekday_mean_8w,21213,loss,116.02085289744683,114.23290203327171,-19.34562835037468,-1.5651802872471483,hw_expanding,2011-07-01
weekday_mean_8w,21232,win,104.93578738964459,111.19329388560158,31.72555793450192,5.627593425188813,hw_expanding,2011-07-01
weekday_mean_8w,21977,win,116.93342422405111,149.15336236090954,665.9861212888636,21.601885218581373,hw_expanding,2011-07-01
weekday_mean_8w,21980,win,110.12690607533081,145.06302521008402,166.29592708142536,24.08340725292184,hw_expanding,2011-07-01
weekday_mean_8w,21981,loss,369.8484166436737,117.6526717557252,-660.7528516064251,-214.35615623890516,hw_expanding,2011-07-01
weekday_mean_8w,21982,loss,409.3014037401549,217.75510204081633,-469.2884391633795,-87.96409356389495,hw_expanding,2011-07-01
weekday_mean_8w,21984,loss,158.59517389243445,113.05460750853243,-133.43385950483298,-40.28191985051559,hw_expanding,2011-07-01
weekday_mean_8w,22197,win,143.43567755028775,206.85687263556116,1005.8601540524364,30.65945756465553,hw_expanding,2011-07-01
weekday_mean_8w,84077,win,82.69732022831371,91.76213857064921,332.3162404300192,9.878604055589163,hw_expanding,2011-07-01
weekday_mean_8w,84347,loss,1341.1779901177165,125.390625,-1556.2078273506772,-969.5998924303285,hw_expanding,2011-07-01
weekday_mean_8w,84755,loss,90.52092102451287,79.21760391198045,-184.92226796103068,-14.268693515511611,hw_expanding,2011-07-01
weekday_mean_8w,84879,win,57.06825493349191,68.9840392879067,194.10812713341682,17.27324824324066,hw_expanding,2011-07-01
weekday_mean_8w,84991,loss,112.35386918448464,100.35153019023987,-145.1082784404191,-11.960294946665504,hw_expanding,2011-07-01
weekday_mean_8w,84992,loss,118.27335884438827,102.10696920583469,-299.2398722096268,-15.832797471408826,hw_expanding,2011-07-01
weekday_mean_8w,85099B,win,76.82545893416844,77.57817697937459,22.626704438896923,0.9702703447211369,hw_expanding,2011-07-01
weekday_mean_8w,85123A,loss,81.38994449735813,77.9768177028451,-97.17171983978596,-4.37710449728766,hw_expanding,2011-07-01
hw_365d,15036,win,137.28721612114066,140.07047354022058,79.65682733406675,1.9870407722157926,hw_182d,2011-07-01
hw_365d,17003,win,152.3284502162011,174.01726768969837,391.2662672218912,12.463600745744394,hw_182d,2011-07-01
hw_365d,20725,loss,68.38590708830118,67.936492992933,-7.446791560250631,-0.6615208933657103,hw_182d,2011-07-01
hw_365d,21212,loss,102.16572148161687,97.26605639156703,-107.89062528289742,-5.037384337168046,hw_182d,2011-07-01
hw_365d,21213,win,112.38645120595639,116.82843761516924,48.06229294768286,3.802144837239601,hw_182d,2011-07-01
hw_365d,21232,loss,116.67427054764114,115.78505559105731,-4.508319829879952,-0.7679876751318041,hw_182d,2011-07-01
hw_365d,21977,win,114.72778885557702,117.97055992804535,67.02807806792043,2.7487968815662285,hw_182d,2011-07-01
hw_365d,21980,win,116.96841259928267,126.19689975531773,43.92759886272688,7.312768518028657,hw_182d,2011-07-01
hw_365d,21981,loss,170.55098069167119,158.51828729463034,-31.525656700246998,-7.590728869456085,hw_182d,2011-07-01
hw_365d,21982,loss,280.81295374149926,263.0115087146565,-43.613540315764794,-6.768314099196213,hw_182d,2011-07-01
hw_365d,21984,win,136.20377937534622,137.36019199814305,3.3882889847947126,0.8418833768174037,hw_182d,2011-07-01
hw_365d,22197,win,108.83581748936778,142.42010998650883,532.646879004657,23.581144896126272,hw_182d,2011-07-01
hw_365d,84077,win,83.19039719680582,85.27893321512505,76.56573043158278,2.4490644284335508,hw_182d,2011-07-01
hw_365d,84347,win,113.22122073336422,605.2957390053919,629.8553833881954,81.29489215975538,hw_182d,2011-07-01
hw_365d,84755,win,77.4727311763699,82.48153359769363,81.94400761285601,6.072634931540336,hw_182d,2011-07-01
hw_365d,84879,win,52.36185627817539,62.16631948045445,159.71470556512588,15.771342560116747,hw_182d,2011-07-01
hw_365d,84991,loss,109.18316412664305,107.9890770496917,-14.436512760341884,-1.1057480159793227,hw_182d,2011-07-01
hw_365d,84992,win,113.4562821645818,128.80610931208892,284.12530050035684,11.917002407327967,hw_182d,2011-07-01
hw_365d,85099B,win,75.30318308510157,78.02296251784995,81.7565697484165,3.485870498862634,hw_182d,2011-07-01
hw_365d,85123A,win,85.56146714393128,97.90356460585136,351.3795147408646,12.606382118575517,hw_182d,2011-07-01
hw_expanding,15036,loss,137.28721612114066,136.12971551711598,-33.12766728718634,-0.8502923844567503,hw_182d,2011-07-01
hw_expanding,17003,win,152.3284502162011,159.10201386748443,122.19508826915171,4.257371410097301,hw_182d,2011-07-01
hw_expanding,20725,win,68.38590708830118,68.84294508303212,7.573119572691894,0.6638850127339865,hw_182d,2011-07-01
hw_expanding,21212,loss,102.16572148161687,97.62100649227561,-100.0746240652943,-4.6554682774151335,hw_182d,2011-07-01
hw_expanding,21213,win,112.38645120595639,116.02085289744683,39.3242263019265,3.1325417808322435,hw_182d,2011-07-01
hw_expanding,21232,loss,116.67427054764114,104.93578738964459,-59.5141096110425,-11.18634876623125,hw_182d,2011-07-01
hw_expanding,21977,win,114.72778885557702,116.93342422405111,45.59048306635941,1.8862317452091097,hw_182d,2011-07-01
hw_expanding,21980,loss,116.96841259928267,110.12690607533081,-32.56557105401089,-6.2123842099695645,hw_182d,2011-07-01
hw_expanding,21981,win,170.55098069167119,369.8484166436737,522.1592821942465,53.886248252892585,hw_182d,2011-07-01
hw_expanding,21982,win,280.81295374149926,409.3014037401549,314.7967024967063,31.392135190483387,hw_182d,2011-07-01
hw_expanding,21984,win,136.20377937534622,158.59517389243445,65.60678593506856,14.118585053713527,hw_182d,2011-07-01
hw_expanding,22197,win,108.83581748936778,143.43567755028775,548.7537805661905,24.122213281831115,hw_182d,2011-07-01
hw_expanding,84077,loss,83.19039719680582,82.69732022831371,-18.076201664920518,-0.596242982397495,hw_182d,2011-07-01
hw_expanding,84347,win,113.22122073336422,1341.1779901177165,1571.784664811971,91.55807643969563,hw_182d,2011-07-01
hw_expanding,84755,win,77.4727311763699,90.52092102451287,213.4683859156189,14.41455709957872,hw_182d,2011-07-01
hw_expanding,84879,win,52.36185627817539,57.06825493349191,76.6672340951061,8.24696437765868,hw_182d,2011-07-01
hw_expanding,84991,win,109.18316412664305,112.35386918448464,38.33382414930452,2.8220701973648112,hw_182d,2011-07-01
hw_expanding,84992,win,113.4562821645818,118.27335884438827,89.16408934321771,4.072833245688306,hw_182d,2011-07-01
hw_expanding,85099B,win,75.30318308510157,76.82545893416844,45.75961202295002,1.9814731603117492,hw_182d,2011-07-01
hw_expanding,85123A,loss,85.56146714393128,81.38994449735813,-118.7632497479376,-5.125353841110626,hw_182d,2011-07-01
seasonal_naive,15036,loss,137.28721612114066,93.361285814116,-1257.1601253870458,-47.04940589023374,hw_182d,2011-07-01
seasonal_naive,17003,loss,152.3284502162011,101.99556541019956,-908.0052419002677,-49.348110972840644,hw_182d,2011-07-01
seasonal_naive,20725,win,68.38590708830118,81.05009052504526,209.84551954684957,15.625131760748284,hw_182d,2011-07-01
seasonal_naive,21212,loss,102.16572148161687,82.74296094459582,-427.6891870252034,-23.473610703907987,hw_182d,2011-07-01
seasonal_naive,21213,loss,112.38645120595639,93.90018484288355,-200.02140204844818,-19.687145870910253,hw_182d,2011-07-01
seasonal_naive,21232,win,116.67427054764114,147.73175542406312,157.46144832345942,21.022890296857067,hw_182d,2011-07-01
seasonal_naive,21977,loss,114.72778885557702,88.67924528301887,-538.423395644777,-29.373889560544292,hw_182d,2011-07-01
seasonal_naive,21980,loss,116.96841259928267,100.0,-80.76964397258553,-16.968412599282672,hw_182d,2011-07-01
seasonal_naive,21981,loss,170.55098069167119,100.0,-184.8435694121785,-70.55098069167119,hw_182d,2011-07-01
seasonal_naive,21982,loss,280.81295374149926,108.9795918367347,-420.9917366666732,-157.67480774032703,hw_182d,2011-07-01
seasonal_naive,21984,loss,136.20377937534622,124.57337883959045,-34.07707356976442,-9.33618453966148,hw_182d,2011-07-01
seasonal_naive,22197,win,108.83581748936778,113.24085750315258,69.8639346186269,3.8899740878968214,hw_182d,2011-07-01
seasonal_naive,84077,loss,83.19039719680582,80.57828696126569,-95.75996123490131,-3.241704848845671,hw_182d,2011-07-01
seasonal_naive,84347,loss,113.22122073336422,112.5,-0.9231625387062081,-0.6410850963237509,hw_182d,2011-07-01
seasonal_naive,84755,loss,77.4727311763699,68.7041564792176,-143.45388204541177,-12.7628008937199,hw_182d,2011-07-01
seasonal_naive,84879,win,52.36185627817539,59.729895641497855,120.02536122852291,12.335597248563511,hw_182d,2011-07-01
seasonal_naive,84991,loss,109.18316412664305,101.98511166253101,-87.02445429111458,-7.057944386951707,hw_182d,2011-07-01
seasonal_naive,84992,win,113.4562821645818,117.39600216099406,72.9242171335909,3.3559234760051093,hw_182d,2011-07-01
seasonal_naive,85099B,win,75.30318308510157,94.8769128409847,588.386316461847,20.63065625742802,hw_182d,2011-07-01
seasonal_naive,85123A,loss,85.56146714393128,79.13593256059009,-182.93496958772357,-8.11961693687189,hw_182d,2011-07-01
weekday_mean_4w,15036,win,137.28721612114066,165.6533892382949,811.8398746129542,17.123810896708587,hw_182d,2011-07-01
weekday_mean_4w,17003,win,152.3284502162011,207.89911308203992,1002.4947580997323,26.72962959871303,hw_182d,2011-07-01
weekday_mean_4w,20725,win,68.38590708830118,82.3777911888956,231.84551954684957,16.98501974702194,hw_182d,2011-07-01
weekday_mean_4w,21212,loss,102.16572148161687,92.16621253405995,-220.1891870252034,-10.849430254998934,hw_182d,2011-07-01
weekday_mean_4w,21213,win,112.38645120595639,143.48428835489833,336.4785979515518,21.67333964261203,hw_182d,2011-07-01
weekday_mean_4w,21232,loss,116.67427054764114,109.27021696252466,-37.53855167654058,-6.775911854971224,hw_182d,2011-07-01
weekday_mean_4w,21977,win,114.72778885557702,117.24721819061442,52.076604355223026,2.1488180051670343,hw_182d,2011-07-01
weekday_mean_4w,21980,loss,116.96841259928267,110.29411764705883,-31.769643972585527,-6.0513607566829535,hw_182d,2011-07-01
weekday_mean_4w,21981,loss,170.55098069167119,113.74045801526718,-148.8435694121785,-49.94750651415386,hw_182d,2011-07-01
weekday_mean_4w,21982,loss,280.81295374149926,127.75510204081633,-374.9917366666732,-119.80566666666876,hw_182d,2011-07-01
weekday_mean_4w,21984,loss,136.20377937534622,124.91467576791808,-33.07707356976442,-9.037451795017605,hw_182d,2011-07-01
weekday_mean_4w,22197,loss,108.83581748936778,88.0517023959647,-329.6360653813731,-23.604444352407658,hw_182d,2011-07-01
weekday_mean_4w,84077,loss,83.19039719680582,78.92798690671032,-156.2599612349013,-5.400378822702647,hw_182d,2011-07-01
weekday_mean_4w,84347,loss,113.22122073336422,104.296875,-11.423162538706208,-8.556676058955956,hw_182d,2011-07-01
weekday_mean_4w,84755,loss,77.4727311763699,54.645476772616135,-373.4538820454118,-41.7733648820371,hw_182d,2011-07-01
weekday_mean_4w,84879,win,52.36185627817539,70.1657458563536,290.0253612285229,25.374047351576813,hw_182d,2011-07-01
weekday_mean_4w,84991,loss,109.18316412664305,105.16956162117452,-48.52445429111458,-3.8163157130251264,hw_182d,2011-07-01
weekday_mean_4w,84992,loss,113.4562821645818,102.26904376012966,-207.0757828664091,-10.939027092784414,hw_182d,2011-07-01
weekday_mean_4w,85099B,win,75.30318308510157,77.72787757817697,72.88631646184695,3.1194657163212813,hw_182d,2011-07-01
weekday_mean_4w,85123A,loss,85.56146714393128,79.43449244819108,-174.43496958772357,-7.713242077723792,hw_182d,2011-07-01
weekday_mean_8w,15036,win,137.28721612114066,164.35185185185185,774.5898746129542,16.46749666995385,hw_182d,2011-07-01
weekday_mean_8w,17003,win,152.3284502162011,192.19789356984478,719.2447580997323,20.743954375938625,hw_182d,2011-07-01
weekday_mean_8w,20725,win,68.38590708830118,81.89499094749547,223.84551954684957,16.495616768375047,hw_182d,2011-07-01
weekday_mean_8w,21212,win,102.16572148161687,106.44868301544051,94.31081297479659,4.023498847047633,hw_182d,2011-07-01
weekday_mean_8w,21213,win,112.38645120595639,114.23290203327171,19.97859795155182,1.6163914200284624,hw_182d,2011-07-01
weekday_mean_8w,21232,loss,116.67427054764114,111.19329388560158,-27.78855167654058,-4.929233113355317,hw_182d,2011-07-01
weekday_mean_8w,21977,win,114.72778885557702,149.15336236090954,711.576604355223,23.080655347233968,hw_182d,2011-07-01
weekday_mean_8w,21980,win,116.96841259928267,145.06302521008402,133.73035602741447,19.367176832355458,hw_182d,2011-07-01
weekday_mean_8w,21981,loss,170.55098069167119,117.6526717557252,-138.5935694121785,-44.96141748975782,hw_182d,2011-07-01
weekday_mean_8w,21982,loss,280.81295374149926,217.75510204081633,-154.4917366666732,-28.95815120275036,hw_182d,2011-07-01
weekday_mean_8w,21984,loss,136.20377937534622,113.05460750853243,-67.82707356976442,-20.476097681438308,hw_182d,2011-07-01
weekday_mean_8w,22197,win,108.83581748936778,206.85687263556116,1554.613934618627,47.38593110168794,hw_182d,2011-07-01
weekday_mean_8w,84077,win,83.19039719680582,91.76213857064921,314.2400387650987,9.34126155663195,hw_182d,2011-07-01
weekday_mean_8w,84347,win,113.22122073336422,125.390625,15.576837461293792,9.70519467993383,hw_182d,2011-07-01
weekday_mean_8w,84755,win,77.4727311763699,79.21760391198045,28.546117954588226,2.202632558224419,hw_182d,2011-07-01
weekday_mean_8w,84879,win,52.36185627817539,68.9840392879067,270.7753612285229,24.095693991414727,hw_182d,2011-07-01
weekday_mean_8w,84991,loss,109.18316412664305,100.35153019023987,-106.77445429111458,-8.800696830093916,hw_182d,2011-07-01
weekday_mean_8w,84992,loss,113.4562821645818,102.10696920583469,-210.0757828664091,-11.115120786582482,hw_182d,2011-07-01
weekday_mean_8w,85099B,win,75.30318308510157,77.57817697937459,68.38631646184695,2.9325178585697724,hw_182d,2011-07-01
weekday_mean_8w,85123A,loss,85.56146714393128,77.9768177028451,-215.93496958772357,-9.726800431879447,hw_182d,2011-07-01
hw_182d,15036,loss,140.07047354022058,137.28721612114066,-79.65682733406675,-2.027324537358236,hw_365d,2011-07-01
hw_182d,17003,loss,174.01726768969837,152.3284502162011,-391.2662672218912,-14.238192171399458,hw_365d,2011-07-01
hw_182d,20725,win,67.936492992933,68.38590708830118,7.446791560250631,0.657173553006896,hw_365d,2011-07-01
hw_182d,21212,win,97.26605639156703,102.16572148161687,107.89062528289742,4.795801389149349,hw_365d,2011-07-01
hw_182d,21213,loss,116.82843761516924,112.38645120595639,-48.06229294768286,-3.952421632277168,hw_365d,2011-07-01
hw_182d,21232,win,115.78505559105731,116.67427054764114,4.508319829879952,0.7621345755238628,hw_365d,2011-07-01
hw_182d,21977,loss,117.97055992804535,114.72778885557702,-67.02807806792043,-2.82649138871702,hw_365d,2011-07-01
hw_182d,21980,loss,126.19689975531773,116.96841259928267,-43.92759886272688,-7.889725910576009,hw_365d,2011-07-01
hw_182d,21981,win,158.51828729463034,170.55098069167119,31.525656700246998,7.055188629371779,hw_365d,2011-07-01
hw_182d,21982,win,263.0115087146565,280.81295374149926,43.613540315764794,6.339253510089064,hw_365d,2011-07-01
hw_182d,21984,loss,137.36019199814305,136.20377937534622,-3.3882889847947126,-0.8490312296034234,hw_365d,2011-07-01
hw_182d,22197,loss,142.42010998650883,108.83581748936778,-532.646879004657,-30.85775737424117,hw_365d,2011-07-01
hw_182d,84077,loss,85.27893321512505,83.19039719680582,-76.56573043158278,-2.510549400765962,hw_365d,2011-07-01
hw_182d,84347,loss,605.2957390053919,113.22122073336422,-629.8553833881954,-434.6133305088295,hw_365d,2011-07-01
hw_182d,84755,loss,82.48153359769363,77.4727311763699,-81.94400761285601,-6.465245700349681,hw_365d,2011-07-01
hw_182d,84879,loss,62.16631948045445,52.36185627817539,-159.71470556512588,-18.72443778576581,hw_365d,2011-07-01
hw_182d,84991,win,107.9890770496917,109.18316412664305,14.436512760341884,1.093654948089167,hw_365d,2011-07-01
hw_182d,84992,loss,128.80610931208892,113.4562821645818,-284.12530050035684,-13.52928798181522,hw_365d,2011-07-01
hw_182d,85099B,loss,78.02296251784995,75.30318308510157,-81.7565697484165,-3.611772200485479,hw_365d,2011-07-01
hw_182d,85123A,loss,97.90356460585136,85.56146714393128,-351.3795147408646,-14.424831497054896,hw_365d,2011-07-01
hw_expanding,15036,loss,140.07047354022058,136.12971551711598,-112.78449462125309,-2.8948551079643665,hw_365d,2011-07-01
hw_expanding,17003,loss,174.01726768969837,159.10201386748443,-269.0711789527395,-9.374648038482283,hw_365d,2011-07-01
hw_expanding,20725,win,67.936492992933,68.84294508303212,15.019911132942525,1.316695689014818,hw_365d,2011-07-01
hw_expanding,21212,win,97.26605639156703,97.62100649227561,7.816001217603116,0.3636001240538981,hw_365d,2011-07-01
hw_expanding,21213,loss,116.82843761516924,116.02085289744683,-8.738066645756362,-0.6960685924591906,hw_365d,2011-07-01
hw_expanding,21232,loss,115.78505559105731,104.93578738964459,-55.00578978116255,-10.33895915902125,hw_365d,2011-07-01
hw_expanding,21977,loss,117.97055992804535,116.93342422405111,-21.43759500156102,-0.886945465658328,hw_365d,2011-07-01
hw_expanding,21980,loss,126.19689975531773,110.12690607533081,-76.49316991673777,-14.592250207224074,hw_365d,2011-07-01
hw_expanding,21981,win,158.51828729463034,369.8484166436737,553.6849388944936,57.13966042273125,hw_365d,2011-07-01
hw_expanding,21982,win,263.0115087146565,409.3014037401549,358.4102428124711,35.74136166861783,hw_365d,2011-07-01
hw_expanding,21984,win,137.36019199814305,158.59517389243445,62.218496950273845,13.389425020394254,hw_365d,2011-07-01
hw_expanding,22197,win,142.42010998650883,143.43567755028775,16.106901561533505,0.7080299553943707,hw_365d,2011-07-01
hw_expanding,84077,loss,85.27893321512505,82.69732022831371,-94.6419320965033,-3.121761357785146,hw_365d,2011-07-01
hw_expanding,84347,win,605.2957390053919,1341.1779901177165,941.9292814237756,54.86835129524721,hw_365d,2011-07-01
hw_expanding,84755,win,82.48153359769363,90.52092102451287,131.5243783027629,8.881247932334004,hw_365d,2011-07-01
hw_expanding,84879,loss,62.16631948045445,57.06825493349191,-83.04747147001979,-8.933275693998164,hw_365d,2011-07-01
hw_expanding,84991,win,107.9890770496917,112.35386918448464,52.7703369096464,3.884861435101948,hw_365d,2011-07-01
hw_expanding,84992,loss,128.80610931208892,118.27335884438827,-194.96121115713913,-8.905429397298631,hw_365d,2011-07-01
hw_expanding,85099B,loss,78.02296251784995,76.82545893416844,-35.99695772546647,-1.558732743409509,hw_365d,2011-07-01
hw_expanding,85123A,loss,97.90356460585136,81.38994449735813,-470.1427644888022,-20.289508993373563,hw_365d,2011-07-01
seasonal_naive,15036,loss,140.07047354022058,93.361285814116,-1336.8169527211126,-50.030574577885965,hw_365d,2011-07-01
seasonal_naive,17003,loss,174.01726768969837,101.99556541019956,-1299.271509122159,-70.61258201750861,hw_365d,2011-07-01
seasonal_naive,20725,win,67.936492992933,81.05009052504526,217.2923111071002,16.179621080201063,hw_365d,2011-07-01
seasonal_naive,21212,loss,97.26605639156703,82.74296094459582,-319.798561742306,-17.552061566537105,hw_365d,2011-07-01
seasonal_naive,21213,loss,116.82843761516924,93.90018484288355,-248.08369499613104,-24.417686515367237,hw_365d,2011-07-01
seasonal_naive,21232,win,115.78505559105731,147.73175542406312,161.96976815333937,21.62480215665413,hw_365d,2011-07-01
seasonal_naive,21977,loss,117.97055992804535,88.67924528301887,-605.4514737126974,-33.03063140822134,hw_365d,2011-07-01
seasonal_naive,21980,loss,126.19689975531773,100.0,-124.69724283531241,-26.19689975531773,hw_365d,2011-07-01
seasonal_naive,21981,loss,158.51828729463034,100.0,-153.3179127119315,-58.51828729463033,hw_365d,2011-07-01
seasonal_naive,21982,loss,263.0115087146565,108.9795918367347,-377.3781963509084,-141.3401484460331,hw_365d,2011-07-01
seasonal_naive,21984,loss,137.36019199814305,124.57337883959045,-37.465362554559135,-10.264482891660036,hw_365d,2011-07-01
seasonal_naive,22197,loss,142.42010998650883,113.24085750315258,-462.78294438603007,-25.767424520380295,hw_365d,2011-07-01
seasonal_naive,84077,loss,85.27893321512505,80.57828696126569,-172.3256916664841,-5.833638851268929,hw_365d,2011-07-01
seasonal_naive,84347,loss,605.2957390053919,112.5,-630.7785459269016,-438.04065689368167,hw_365d,2011-07-01
seasonal_naive,84755,loss,82.48153359769363,68.7041564792176,-225.3978896582678,-20.053193030095,hw_365d,2011-07-01
seasonal_naive,84879,loss,62.16631948045445,59.729895641497855,-39.68934433660297,-4.079069304892384,hw_365d,2011-07-01
seasonal_naive,84991,loss,107.9890770496917,101.98511166253101,-72.5879415307727,-5.887099880841261,hw_365d,2011-07-01
seasonal_naive,84992,loss,128.80610931208892,117.39600216099406,-211.20108336676594,-9.719331954292034,hw_365d,2011-07-01
seasonal_naive,85099B,win,78.02296251784995,94.8769128409847,506.62974671343045,17.76401636442604,hw_365d,2011-07-01
seasonal_naive,85123A,loss,97.90356460585136,79.13593256059009,-534.3144843285882,-23.715689495276887,hw_365d,2011-07-01
weekday_mean_4w,15036,win,140.07047354022058,165.6533892382949,732.1830472788874,15.44364157939015,hw_365d,2011-07-01
weekday_mean_4w,17003,win,174.01726768969837,207.89911308203992,611.2284908778411,16.297253456281602,hw_365d,2011-07-01
weekday_mean_4w,20725,win,67.936492992933,82.3777911888956,239.2923111071002,17.53057224227841,hw_365d,2011-07-01
weekday_mean_4w,21212,loss,97.26605639156703,92.16621253405995,-112.29856174230599,-5.533311738965555,hw_365d,2011-07-01
weekday_mean_4w,21213,win,116.82843761516924,143.48428835489833,288.41630500386896,18.57753977480636,hw_365d,2011-07-01
weekday_mean_4w,21232,loss,115.78505559105731,109.27021696252466,-33.03023184666063,-5.962135712393605,hw_365d,2011-07-01
weekday_mean_4w,21977,loss,117.97055992804535,117.24721819061442,-14.951473712697407,-0.6169372276747386,hw_365d,2011-07-01
weekday_mean_4w,21980,loss,126.19689975531773,110.29411764705883,-75.69724283531241,-14.418522444821408,hw_365d,2011-07-01
weekday_mean_4w,21981,loss,158.51828729463034,113.74045801526718,-117.31791271193151,-39.36842708454076,hw_365d,2011-07-01
weekday_mean_4w,21982,loss,263.0115087146565,127.75510204081633,-331.3781963509084,-105.87162822712727,hw_365d,2011-07-01
weekday_mean_4w,21984,loss,137.36019199814305,124.91467576791808,-36.465362554559135,-9.96321381272108,hw_365d,2011-07-01
weekday_mean_4w,22197,loss,142.42010998650883,88.0517023959647,-862.2829443860301,-61.746003894452556,hw_365d,2011-07-01
weekday_mean_4w,84077,loss,85.27893321512505,78.92798690671032,-232.8256916664841,-8.046507401641062,hw_365d,2011-07-01
weekday_mean_4w,84347,loss,605.2957390053919,104.296875,-641.2785459269016,-480.3584613684656,hw_365d,2011-07-01
weekday_mean_4w,84755,loss,82.48153359769363,54.645476772616135,-455.3978896582678,-50.939361259314076,hw_365d,2011-07-01
weekday_mean_4w,84879,win,62.16631948045445,70.1657458563536,130.31065566339703,11.400757275887761,hw_365d,2011-07-01
weekday_mean_4w,84991,loss,107.9890770496917,105.16956162117452,-34.087941530772696,-2.6809234393057557,hw_365d,2011-07-01
weekday_mean_4w,84992,loss,128.80610931208892,102.26904376012966,-491.20108336676594,-25.948287552391225,hw_365d,2011-07-01
weekday_mean_4w,85099B,loss,78.02296251784995,77.72787757817697,-8.87025328656955,-0.3796384886184307,hw_365d,2011-07-01
weekday_mean_4w,85123A,loss,97.90356460585136,79.43449244819108,-525.8144843285882,-23.25069574745028,hw_365d,2011-07-01
weekday_mean_8w,15036,win,140.07047354022058,164.35185185185185,694.9330472788874,14.774021733274237,hw_365d,2011-07-01
weekday_mean_8w,17003,win,174.01726768969837,192.19789356984478,327.97849087784107,9.459326292532735,hw_365d,2011-07-01
weekday_mean_8w,20725,win,67.936492992933,81.89499094749547,231.2923111071002,17.04438549057481,hw_365d,2011-07-01
weekday_mean_8w,21212,win,97.26605639156703,106.44868301544051,202.201438257694,8.626341222597864,hw_365d,2011-07-01
weekday_mean_8w,21213,loss,116.82843761516924,114.23290203327171,-28.083694996131044,-2.272143608101229,hw_365d,2011-07-01
weekday_mean_8w,21232,loss,115.78505559105731,111.19329388560158,-23.280231846660627,-4.129531147966403,hw_365d,2011-07-01
weekday_mean_8w,21977,win,117.97055992804535,149.15336236090954,644.5485262873026,20.90653669436597,hw_365d,2011-07-01
weekday_mean_8w,21980,win,126.19689975531773,145.06302521008402,89.80275716468759,13.00546809046887,hw_365d,2011-07-01
weekday_mean_8w,21981,loss,158.51828729463034,117.6526717557252,-107.06791271193151,-34.73411604604428,hw_365d,2011-07-01
weekday_mean_8w,21982,loss,263.0115087146565,217.75510204081633,-110.87819635090841,-20.783167076084045,hw_365d,2011-07-01
weekday_mean_8w,21984,loss,137.36019199814305,113.05460750853243,-71.21536255455914,-21.498977374961246,hw_365d,2011-07-01
weekday_mean_8w,22197,win,142.42010998650883,206.85687263556116,1021.9670556139699,31.150409376330714,hw_365d,2011-07-01
weekday_mean_8w,84077,win,85.27893321512505,91.76213857064921,237.6743083335159,7.0652291418999935,hw_365d,2011-07-01
weekday_mean_8w,84347,loss,605.2957390053919,125.390625,-614.2785459269016,-382.72806599806955,hw_365d,2011-07-01
weekday_mean_8w,84755,loss,82.48153359769363,79.21760391198045,-53.397889658267786,-4.120207535360155,hw_365d,2011-07-01
weekday_mean_8w,84879,win,62.16631948045445,68.9840392879067,111.06065566339703,9.883039436119878,hw_365d,2011-07-01
weekday_mean_8w,84991,loss,107.9890770496917,100.35153019023987,-92.3379415307727,-7.6107926256561,hw_365d,2011-07-01
weekday_mean_8w,84992,loss,128.80610931208892,102.10696920583469,-494.20108336676594,-26.14820546914105,hw_365d,2011-07-01
weekday_mean_8w,85099B,loss,78.02296251784995,77.57817697937459,-13.37025328656955,-0.5733384771256116,hw_365d,2011-07-01
weekday_mean_8w,85123A,loss,97.90356460585136,77.9768177028451,-567.3144843285882,-25.55470650128776,hw_365d,2011-07-01
hw_182d,15036,win,281.6079381578975,485.36082778293144,963.7511679264107,41.97967325788365,hw_expanding,2011-09-01
hw_182d,17003,loss,141.00268411755926,129.68248068254988,-240.32791892524938,-8.729169410878354,hw_expanding,2011-09-01
hw_182d,20725,loss,67.96249649845814,66.7554795976734,-19.84335784890095,-1.8081165891688156,hw_expanding,2011-09-01
hw_182d,21212,win,80.18116198349999,80.62225099253364,14.242764101696139,0.5471057972252542,hw_expanding,2011-09-01
hw_182d,21213,win,82.35979581324789,86.6148706553505,104.12168138625111,4.912637760591939,hw_expanding,2011-09-01
hw_182d,21232,loss,75.58175489302171,73.7743757594291,-16.880921107754943,-2.449873841679512,hw_expanding,2011-09-01
hw_182d,21977,win,99.28493416044033,109.26197803403853,218.3974903930648,9.131304460267087,hw_expanding,2011-09-01
hw_182d,21980,loss,120.92075055473703,93.1833891300761,-182.78921178851567,-29.76642262489716,hw_expanding,2011-09-01
hw_182d,21981,loss,123.90966440149889,111.6534240793571,-61.036076804266145,-10.97703937268483,hw_expanding,2011-09-01
hw_182d,21982,loss,251.91092405935424,125.32707518330369,-506.3353955042022,-101.00279503922732,hw_expanding,2011-09-01
hw_182d,21984,loss,127.4490433595038,94.41823579329673,-155.2447955611732,-34.98350428673452,hw_expanding,2011-09-01
hw_182d,22197,win,77.38768273424148,81.67990573063973,120.8260773486113,5.254931378781152,hw_expanding,2011-09-01
hw_182d,84077,win,80.57987897530305,85.52797012961344,150.02612379869106,5.785348520269803,hw_expanding,2011-09-01
hw_182d,84347,loss,117.95882965648735,97.48101398574292,-151.33105780680148,-21.00697852172467,hw_expanding,2011-09-01
hw_182d,84755,loss,104.99053557165183,104.66297799768869,-4.087918523060125,-0.3129641256437222,hw_expanding,2011-09-01
hw_182d,84879,loss,69.77437693431607,55.7292519276803,-397.757940187925,-25.202428743996215,hw_expanding,2011-09-01
hw_182d,84991,win,95.0087971208847,98.42592188083258,78.32049949800557,3.4717731819521127,hw_expanding,2011-09-01
hw_182d,84992,win,89.88907774766362,103.43893060915555,193.35640033348977,13.099374463460093,hw_expanding,2011-09-01
hw_182d,85099B,loss,55.274784693512984,53.91030579762894,-54.074298643884504,-2.531016798543281,hw_expanding,2011-09-01
hw_182d,85123A,win,60.01667472874787,66.60747170262087,152.24741009646596,9.894981456883107,hw_expanding,2011-09-01
hw_365d,15036,win,281.6079381578975,346.56188559423515,307.23217137387724,18.742380549137383,hw_expanding,2011-09-01
hw_365d,17003,loss,141.00268411755926,129.9521218746522,-234.6034364169177,-8.503564300062829,hw_expanding,2011-09-01
hw_365d,20725,loss,67.96249649845814,66.87604137443827,-17.861322238886487,-1.624580495033808,hw_expanding,2011-09-01
hw_365d,21212,loss,80.18116198349999,79.60757824210195,-18.52101900974276,-0.7205139938482499,hw_expanding,2011-09-01
hw_365d,21213,win,82.35979581324789,85.52727890785485,77.50831132503254,3.7034769900952176,hw_expanding,2011-09-01
hw_365d,21232,win,75.58175489302171,77.18827870808549,15.004932432695568,2.0813054027793694,hw_expanding,2011-09-01
hw_365d,21977,win,99.28493416044033,101.14003160639167,40.60808309187496,1.8341871329157355,hw_expanding,2011-09-01
hw_365d,21980,loss,120.92075055473703,93.70122575386759,-179.37666843772968,-29.049272922393897,hw_expanding,2011-09-01
hw_365d,21981,loss,123.90966440149889,107.07461506668805,-83.83854568735796,-15.72272692675631,hw_expanding,2011-09-01
hw_365d,21982,loss,251.91092405935424,142.20862068909767,-438.8092134810263,-77.14180957432409,hw_expanding,2011-09-01
hw_365d,21984,loss,127.4490433595038,94.71977090027124,-153.82758055839298,-34.553791830527786,hw_expanding,2011-09-01
hw_365d,22197,loss,77.38768273424148,76.34561050104634,-29.334333364442955,-1.364940598884674,hw_expanding,2011-09-01
hw_365d,84077,loss,80.57987897530305,77.175277497934,-103.22751679382918,-4.411518283766694,hw_expanding,2011-09-01
hw_365d,84347,win,117.95882965648735,150.51230185344616,240.5701595355256,21.628446177546422,hw_expanding,2011-09-01
hw_365d,84755,loss,104.99053557165183,103.75030254199154,-15.478108210160372,-1.195401843920716,hw_expanding,2011-09-01
hw_365d,84879,win,69.77437693431607,71.37671208087288,45.37813135048896,2.244899071200277,hw_expanding,2011-09-01
hw_365d,84991,loss,95.0087971208847,93.67034092409874,-30.677416030333916,-1.4289007423070117,hw_expanding,2011-09-01
hw_365d,84992,win,89.88907774766362,94.89962150247806,71.50045938120184,5.2798353412648735,hw_expanding,2011-09-01
hw_365d,85099B,win,55.274784693512984,61.23353730802876,236.14536611326002,9.731191233557041,hw_expanding,2011-09-01
hw_365d,85123A,win,60.01667472874787,61.87482384168651,42.92324450888236,3.0030778232078976,hw_expanding,2011-09-01
seasonal_naive,15036,loss,281.6079381578975,143.12896405919662,-655.005547486855,-96.75118869820606,hw_expanding,2011-09-01
seasonal_naive,17003,loss,141.00268411755926,107.72491756947716,-706.4869838157833,-30.891429113064405,hw_expanding,2011-09-01
seasonal_naive,20725,win,67.96249649845814,77.25060827250608,152.69655756534826,12.0233509893975,hw_expanding,2011-09-01
seasonal_naive,21212,win,80.18116198349999,80.92288634252091,23.950279552785105,0.9165816897353822,hw_expanding,2011-09-01
seasonal_naive,21213,win,82.35979581324789,103.02411115651819,505.65579644982427,20.057746784998983,hw_expanding,2011-09-01
seasonal_naive,21232,win,75.58175489302171,80.51391862955032,46.06640929917717,6.1258523004225,hw_expanding,2011-09-01
seasonal_naive,21977,loss,99.28493416044033,98.26404751027867,-22.34720877203881,-1.0389218397042617,hw_expanding,2011-09-01
seasonal_naive,21980,loss,120.92075055473703,102.73141122913505,-119.8677461557171,-17.705723213547568,hw_expanding,2011-09-01
seasonal_naive,21981,win,123.90966440149889,126.50602409638554,12.929871280535508,2.0523605207199296,hw_expanding,2011-09-01
seasonal_naive,21982,loss,251.91092405935424,110.0,-567.643696237417,-129.0099309630493,hw_expanding,2011-09-01
seasonal_naive,21984,loss,127.4490433595038,99.57446808510639,-131.01050378966784,-27.99369739095467,hw_expanding,2011-09-01
seasonal_naive,22197,win,77.38768273424148,93.39253996447601,450.5367310311026,17.13719022560297,hw_expanding,2011-09-01
seasonal_naive,84077,win,80.57987897530305,84.03693931398416,104.8180694688117,4.113738990141738,hw_expanding,2011-09-01
seasonal_naive,84347,loss,117.95882965648735,114.61434370771313,-24.71575116144163,-2.9180343756129266,hw_expanding,2011-09-01
seasonal_naive,84755,loss,104.99053557165183,91.66666666666667,-166.28188393421487,-14.535129714529265,hw_expanding,2011-09-01
seasonal_naive,84879,win,69.77437693431607,72.88135593220339,87.989645220169,4.263064206403539,hw_expanding,2011-09-01
seasonal_naive,84991,win,95.0087971208847,98.95287958115183,90.39836998932287,3.985818782598009,hw_expanding,2011-09-01
seasonal_naive,84992,loss,89.88907774766362,86.6853538892782,-45.71713945915985,-3.6958075553079945,hw_expanding,2011-09-01
seasonal_naive,85099B,win,55.274784693512984,77.44133232399697,878.4602825960806,28.62366512206193,hw_expanding,2011-09-01
seasonal_naive,85123A,win,60.01667472874787,73.07359307359307,301.61481376592405,17.868176170967068,hw_expanding,2011-09-01
weekday_mean_4w,15036,loss,281.6079381578975,211.52219873150105,-331.505547486855,-33.13398775480811,hw_expanding,2011-09-01
weekday_mean_4w,17003,loss,141.00268411755926,121.50259067357513,-413.98698381578333,-16.049117418716147,hw_expanding,2011-09-01
weekday_mean_4w,20725,win,67.96249649845814,82.93795620437956,246.19655756534826,18.056219843443213,hw_expanding,2011-09-01
weekday_mean_4w,21212,win,80.18116198349999,96.48497986992876,526.4502795527851,16.89777819139095,hw_expanding,2011-09-01
weekday_mean_4w,21213,win,82.35979581324789,113.9967306906416,774.1557964498243,27.752493151096047,hw_expanding,2011-09-01
weekday_mean_4w,21232,win,75.58175489302171,82.06638115631692,60.56640929917717,7.901684187759592,hw_expanding,2011-09-01
weekday_mean_4w,21977,win,99.28493416044033,117.70214709913202,403.1527912279612,15.647304142362163,hw_expanding,2011-09-01
weekday_mean_4w,21980,loss,120.92075055473703,97.1927162367223,-156.3677461557171,-24.413387377941767,hw_expanding,2011-09-01
weekday_mean_4w,21981,loss,123.90966440149889,108.83534136546184,-75.07012871946449,-13.850577254513743,hw_expanding,2011-09-01
weekday_mean_4w,21982,loss,251.91092405935424,95.25,-626.643696237417,-164.47341108593622,hw_expanding,2011-09-01
weekday_mean_4w,21984,loss,127.4490433595038,93.82978723404256,-158.01050378966784,-35.83004621080904,hw_expanding,2011-09-01
weekday_mean_4w,22197,win,77.38768273424148,160.10657193605684,2328.5367310311026,51.664893078125196,hw_expanding,2011-09-01
weekday_mean_4w,84077,loss,80.57987897530305,75.51121372031662,-153.6819305311883,-6.7124669373744705,hw_expanding,2011-09-01
weekday_mean_4w,84347,loss,117.95882965648735,100.0,-132.71575116144163,-17.958829656487353,hw_expanding,2011-09-01
weekday_mean_4w,84755,win,104.99053557165183,108.97435897435898,49.718116065785125,3.6557438283665564,hw_expanding,2011-09-01
weekday_mean_4w,84879,win,69.77437693431607,176.11228813559322,3011.489645220169,60.380744766319175,hw_expanding,2011-09-01
weekday_mean_4w,84991,win,95.0087971208847,104.10122164048866,208.39836998932287,8.734215003743627,hw_expanding,2011-09-01
weekday_mean_4w,84992,loss,89.88907774766362,85.63419761737912,-60.71713945915985,-4.96866935017675,hw_expanding,2011-09-01
weekday_mean_4w,85099B,win,55.274784693512984,76.62124653040625,845.9602825960806,27.85971620602932,hw_expanding,2011-09-01
weekday_mean_4w,85123A,win,60.01667472874787,69.06926406926407,209.11481376592405,13.10653799849101,hw_expanding,2011-09-01
weekday_mean_8w,15036,loss,281.6079381578975,229.65116279069767,-245.755547486855,-22.62421610926169,hw_expanding,2011-09-01
weekday_mean_8w,17003,loss,141.00268411755926,136.26943005181346,-100.48698381578333,-3.4734526033799957,hw_expanding,2011-09-01
weekday_mean_8w,20725,win,67.96249649845814,79.1514598540146,183.94655756534826,14.136142752380271,hw_expanding,2011-09-01
weekday_mean_8w,21212,win,80.18116198349999,82.7268504180861,82.2002795527851,3.0772215087612738,hw_expanding,2011-09-01
weekday_mean_8w,21213,win,82.35979581324789,94.8406211687781,305.40579644982427,13.159788708384115,hw_expanding,2011-09-01
weekday_mean_8w,21232,loss,75.58175489302171,72.00214132762312,-33.43359070082283,-4.9715376506799736,hw_expanding,2011-09-01
weekday_mean_8w,21977,win,99.28493416044033,105.41343079031522,134.1527912279612,5.81377210088673,hw_expanding,2011-09-01
weekday_mean_8w,21980,loss,120.92075055473703,88.12594840667678,-216.1177461557171,-37.2135593897059,hw_expanding,2011-09-01
weekday_mean_8w,21981,loss,123.90966440149889,103.56425702811245,-101.32012871946449,-19.645201884530188,hw_expanding,2011-09-01
weekday_mean_8w,21982,loss,251.91092405935424,90.8125,-644.393696237417,-177.39675051270942,hw_expanding,2011-09-01
weekday_mean_8w,21984,loss,127.4490433595038,96.75531914893617,-144.26050378966784,-31.723035467766444,hw_expanding,2011-09-01
weekday_mean_8w,22197,win,77.38768273424148,100.65719360568383,655.0367310311026,23.117583590298295,hw_expanding,2011-09-01
weekday_mean_8w,84077,loss,80.57987897530305,71.26484168865436,-282.4319305311883,-13.071013792950978,hw_expanding,2011-09-01
weekday_mean_8w,84347,loss,117.95882965648735,94.31664411366712,-174.71575116144163,-25.066822261325896,hw_expanding,2011-09-01
weekday_mean_8w,84755,loss,104.99053557165183,103.88621794871794,-13.781883934214875,-1.0630068595615088,hw_expanding,2011-09-01
weekday_mean_8w,84879,win,69.77437693431607,96.6013418079096,759.739645220169,27.770799423199087,hw_expanding,2011-09-01
weekday_mean_8w,84991,win,95.0087971208847,96.35689354275742,30.898369989322873,1.3990658813367833,hw_expanding,2011-09-01
weekday_mean_8w,84992,win,89.88907774766362,129.0469516468115,558.7828605408401,30.343896852611465,hw_expanding,2011-09-01
weekday_mean_8w,85099B,win,55.274784693512984,57.3996971990916,84.21028259608056,3.7019576918817654,hw_expanding,2011-09-01
weekday_mean_8w,85123A,loss,60.01667472874787,59.383116883116884,-14.635186234075945,-1.0668989417952137,hw_expanding,2011-09-01
hw_365d,15036,loss,485.36082778293144,346.56188559423515,-656.5189965525335,-40.050261716086744,hw_182d,2011-09-01
hw_365d,17003,win,129.68248068254988,129.9521218746522,5.7244825083316755,0.20749271978983178,hw_182d,2011-09-01
hw_365d,20725,win,66.7554795976734,66.87604137443827,1.9820356100144636,0.1802764851015165,hw_182d,2011-09-01
hw_365d,21212,loss,80.62225099253364,79.60757824210195,-32.7637831114389,-1.2745931641656914,hw_182d,2011-09-01
hw_365d,21213,loss,86.6148706553505,85.52727890785485,-26.613370061218575,-1.2716314155947808,hw_182d,2011-09-01
hw_365d,21232,win,73.7743757594291,77.18827870808549,31.885853540450512,4.422825597092604,hw_182d,2011-09-01
hw_365d,21977,loss,109.26197803403853,101.14003160639167,-177.78940730118984,-8.030397359628257,hw_182d,2011-09-01
hw_365d,21980,win,93.1833891300761,93.70122575386759,3.4125433507859952,0.5526465845300019,hw_182d,2011-09-01
hw_365d,21981,loss,111.6534240793571,107.07461506668805,-22.80246888309182,-4.276278751800577,hw_182d,2011-09-01
hw_365d,21982,win,125.32707518330369,142.20862068909767,67.52618202317592,11.87097197342284,hw_182d,2011-09-01
hw_365d,21984,win,94.41823579329673,94.71977090027124,1.4172150027802104,0.3183444217701848,hw_182d,2011-09-01
hw_365d,22197,loss,81.67990573063973,76.34561050104634,-150.16041071305426,-6.987035920709923,hw_182d,2011-09-01
hw_365d,84077,loss,85.52797012961344,77.175277497934,-253.25364059252024,-10.823016000043582,hw_182d,2011-09-01
hw_365d,84347,win,97.48101398574292,150.51230185344616,391.9012173423271,35.23385611319652,hw_182d,2011-09-01
hw_365d,84755,loss,104.66297799768869,103.75030254199154,-11.390189687100246,-0.8796846209944761,hw_182d,2011-09-01
hw_365d,84879,win,55.7292519276803,71.37671208087288,443.13607153841394,21.922360524905283,hw_182d,2011-09-01
hw_365d,84991,loss,98.42592188083258,93.67034092409874,-108.99791552833949,-5.07693354141552,hw_182d,2011-09-01
hw_365d,84992,loss,103.43893060915555,94.89962150247806,-121.85594095228794,-8.998254125233272,hw_182d,2011-09-01
hw_365d,85099B,win,53.91030579762894,61.23353730802876,290.2196647571445,11.959510804611991,hw_182d,2011-09-01
hw_365d,85123A,loss,66.60747170262087,61.87482384168651,-109.3241655875836,-7.648745591653484,hw_182d,2011-09-01
hw_expanding,15036,loss,485.36082778293144,281.6079381578975,-963.7511679264107,-72.35338994982087,hw_182d,2011-09-01
hw_expanding,17003,win,129.68248068254988,141.00268411755926,240.32791892524938,8.028360244242794,hw_182d,2011-09-01
hw_expanding,20725,win,66.7554795976734,67.96249649845814,19.84335784890095,1.7760043597164217,hw_182d,2011-09-01
hw_expanding,21212,loss,80.62225099253364,80.18116198349999,-14.242764101696139,-0.5501155110777961,hw_182d,2011-09-01
hw_expanding,21213,loss,86.6148706553505,82.35979581324789,-104.12168138625111,-5.166446565446889,hw_182d,2011-09-01
hw_expanding,21232,win,73.7743757594291,75.58175489302171,16.880921107754943,2.391290247429113,hw_182d,2011-09-01
hw_expanding,21977,loss,109.26197803403853,99.28493416044033,-218.3974903930648,-10.048900125648185,hw_182d,2011-09-01
hw_expanding,21980,win,93.1833891300761,120.92075055473703,182.78921178851567,22.93846283405684,hw_182d,2011-09-01
hw_expanding,21981,win,111.6534240793571,123.90966440149889,61.036076804266145,9.891270694131212,hw_182d,2011-09-01
hw_expanding,21982,win,125.32707518330369,251.91092405935424,506.3353955042022,50.24944803355387,hw_182d,2011-09-01
hw_expanding,21984,win,94.41823579329673,127.4490433595038,155.2447955611732,25.916873674002343,hw_182d,2011-09-01
hw_expanding,22197,loss,81.67990573063973,77.38768273424148,-120.8260773486113,-5.546390387651555,hw_182d,2011-09-01
hw_expanding,84077,loss,85.52797012961344,80.57987897530305,-150.02612379869106,-6.140603854501856,hw_182d,2011-09-01
hw_expanding,84347,win,97.48101398574292,117.95882965648735,151.33105780680148,17.360138050181327,hw_182d,2011-09-01
hw_expanding,84755,win,104.66297799768869,104.99053557165183,4.087918523060125,0.31198771601617636,hw_182d,2011-09-01
hw_expanding,84879,win,55.7292519276803,69.77437693431607,397.757940187925,20.129344931102015,hw_182d,2011-09-01
hw_expanding,84991,loss,98.42592188083258,95.0087971208847,-78.32049949800557,-3.5966403780484604,hw_182d,2011-09-01
hw_expanding,84992,loss,103.43893060915555,89.88907774766362,-193.35640033348977,-15.073970276487914,hw_182d,2011-09-01
hw_expanding,85099B,win,53.91030579762894,55.274784693512984,54.074298643884504,2.4685376948092848,hw_182d,2011-09-01
hw_expanding,85123A,loss,66.60747170262087,60.01667472874787,-152.24741009646596,-10.981609700405508,hw_182d,2011-09-01
seasonal_naive,15036,loss,485.36082778293144,143.12896405919662,-1618.7567154132657,-239.10734348792695,hw_182d,2011-09-01
seasonal_naive,17003,loss,129.68248068254988,107.72491756947716,-466.15906489053395,-20.382993655029907,hw_182d,2011-09-01
seasonal_naive,20725,win,66.7554795976734,77.25060827250608,172.5399154142492,13.585820111358217,hw_182d,2011-09-01
seasonal_naive,21212,win,80.62225099253364,80.92288634252091,9.707515451088966,0.3715084367045194,hw_182d,2011-09-01
seasonal_naive,21213,win,86.6148706553505,103.02411115651819,401.53411506357315,15.927572989431706,hw_182d,2011-09-01
seasonal_naive,21232,win,73.7743757594291,80.51391862955032,62.94733040693211,8.370655639219699,hw_182d,2011-09-01
seasonal_naive,21977,loss,109.26197803403853,98.26404751027867,-240.7446991651036,-11.192222183407875,hw_182d,2011-09-01
seasonal_naive,21980,win,93.1833891300761,102.73141122913505,62.92146563279857,9.294160359349855,hw_182d,2011-09-01
seasonal_naive,21981,win,111.6534240793571,126.50602409638554,73.96594808480165,11.740626680127251,hw_182d,2011-09-01
seasonal_naive,21982,loss,125.32707518330369,110.0,-61.308300733214764,-13.933704712094265,hw_182d,2011-09-01
seasonal_naive,21984,win,94.41823579329673,99.57446808510639,24.234291771505355,5.1782674725438875,hw_182d,2011-09-01
seasonal_naive,22197,win,81.67990573063973,93.39253996447601,329.7106536824913,12.541295309337825,hw_182d,2011-09-01
seasonal_naive,84077,loss,85.52797012961344,84.03693931398416,-45.20805432987936,-1.7742564493673296,hw_182d,2011-09-01
seasonal_naive,84347,win,97.48101398574292,114.61434370771313,126.61530664535985,14.948678470526549,hw_182d,2011-09-01
seasonal_naive,84755,loss,104.66297799768869,91.66666666666667,-162.19396541115475,-14.177794179296741,hw_182d,2011-09-01
seasonal_naive,84879,win,55.7292519276803,72.88135593220339,485.747585408094,23.534282238764238,hw_182d,2011-09-01
seasonal_naive,84991,win,98.42592188083258,98.95287958115183,12.077870491317299,0.5325339722803084,hw_182d,2011-09-01
seasonal_naive,84992,loss,103.43893060915555,86.6853538892782,-239.07353979264963,-19.326882764159233,hw_182d,2011-09-01
seasonal_naive,85099B,win,53.91030579762894,77.44133232399697,932.5345812399651,30.385616853697137,hw_182d,2011-09-01
seasonal_naive,85123A,win,66.60747170262087,73.07359307359307,149.3674036694581,8.848779838238027,hw_182d,2011-09-01
weekday_mean_4w,15036,loss,485.36082778293144,211.52219873150105,-1295.2567154132657,-129.4609410707912,hw_182d,2011-09-01
weekday_mean_4w,17003,loss,129.68248068254988,121.50259067357513,-173.65906489053395,-6.732276212077301,hw_182d,2011-09-01
weekday_mean_4w,20725,win,66.7554795976734,82.93795620437956,266.0399154142492,19.5115449515401,hw_182d,2011-09-01
weekday_mean_4w,21212,win,80.62225099253364,96.48497986992876,512.207515451089,16.44061997917152,hw_182d,2011-09-01
weekday_mean_4w,21213,win,86.6148706553505,113.9967306906416,670.0341150635732,24.01986431487984,hw_182d,2011-09-01
weekday_mean_4w,21232,win,73.7743757594291,82.06638115631692,77.44733040693211,10.104022231824162,hw_182d,2011-09-01
weekday_mean_4w,21977,win,109.26197803403853,117.70214709913202,184.7553008348964,7.170785982336363,hw_182d,2011-09-01
weekday_mean_4w,21980,win,93.1833891300761,97.1927162367223,26.421465632798572,4.125131246338568,hw_182d,2011-09-01
weekday_mean_4w,21981,loss,111.6534240793571,108.83534136546184,-14.034051915198347,-2.58930847143881,hw_182d,2011-09-01
weekday_mean_4w,21982,loss,125.32707518330369,95.25,-120.30830073321476,-31.57698181974141,hw_182d,2011-09-01
weekday_mean_4w,21984,loss,94.41823579329673,93.82978723404256,-2.7657082284946455,-0.6271447230146536,hw_182d,2011-09-01
weekday_mean_4w,22197,win,81.67990573063973,160.10657193605684,2207.7106536824913,48.98403935394922,hw_182d,2011-09-01
weekday_mean_4w,84077,loss,85.52797012961344,75.51121372031662,-303.70805432987936,-13.265256795364907,hw_182d,2011-09-01
weekday_mean_4w,84347,win,97.48101398574292,100.0,18.61530664535985,2.518986014257081,hw_182d,2011-09-01
weekday_mean_4w,84755,win,104.66297799768869,108.97435897435898,53.80603458884525,3.95632607270921,hw_182d,2011-09-01
weekday_mean_4w,84879,win,55.7292519276803,176.11228813559322,3409.247585408094,68.35584131144047,hw_182d,2011-09-01
weekday_mean_4w,84991,win,98.42592188083258,104.10122164048866,130.0778704913173,5.4517129292253745,hw_182d,2011-09-01
weekday_mean_4w,84992,loss,103.43893060915555,85.63419761737912,-254.07353979264963,-20.791615367647275,hw_182d,2011-09-01
weekday_mean_4w,85099B,win,53.91030579762894,76.62124653040625,900.0345812399651,29.640526304625876,hw_182d,2011-09-01
weekday_mean_4w,85123A,win,66.60747170262087,69.06926406926407,56.8674036694581,3.5642371463151243,hw_182d,2011-09-01
weekday_mean_8w,15036,loss,485.36082778293144,229.65116279069767,-1209.5067154132657,-111.34699336370686,hw_182d,2011-09-01
weekday_mean_8w,17003,win,129.68248068254988,136.26943005181346,139.84093510946605,4.833768928775174,hw_182d,2011-09-01
weekday_mean_8w,20725,win,66.7554795976734,79.1514598540146,203.7899154142492,15.661088600518685,hw_182d,2011-09-01
weekday_mean_8w,21212,win,80.62225099253364,82.7268504180861,67.95751545108897,2.5440342705133956,hw_182d,2011-09-01
weekday_mean_8w,21213,win,86.6148706553505,94.8406211687781,201.28411506357315,8.673235594681605,hw_182d,2011-09-01
weekday_mean_8w,21232,loss,73.7743757594291,72.00214132762312,-16.55266959306789,-2.4613635082628833,hw_182d,2011-09-01
weekday_mean_8w,21977,loss,109.26197803403853,105.41343079031522,-84.24469916510361,-3.6509078728105484,hw_182d,2011-09-01
weekday_mean_8w,21980,loss,93.1833891300761,88.12594840667678,-33.32853436720143,-5.738878065811701,hw_182d,2011-09-01
weekday_mean_8w,21981,loss,111.6534240793571,103.56425702811245,-40.28405191519835,-7.810771093591533,hw_182d,2011-09-01
weekday_mean_8w,21982,loss,125.32707518330369,90.8125,-138.05830073321476,-38.00641451705844,hw_182d,2011-09-01
weekday_mean_8w,21984,win,94.41823579329673,96.75531914893617,10.984291771505355,2.4154572339758875,hw_182d,2011-09-01
weekday_mean_8w,22197,win,81.67990573063973,100.65719360568383,534.2106536824913,18.85338463675636,hw_182d,2011-09-01
weekday_mean_8w,84077,loss,85.52797012961344,71.26484168865436,-432.45805432987936,-20.01425682424525,hw_182d,2011-09-01
weekday_mean_8w,84347,loss,97.48101398574292,94.31664411366712,-23.38469335464015,-3.35504926178481,hw_182d,2011-09-01
weekday_mean_8w,84755,loss,104.66297799768869,103.88621794871794,-9.69396541115475,-0.7477026927230912,hw_182d,2011-09-01
weekday_mean_8w,84879,win,55.7292519276803,96.6013418079096,1157.497585408094,42.31006434828087,hw_182d,2011-09-01
weekday_mean_8w,84991,loss,98.42592188083258,96.35689354275742,-47.4221295086827,-2.1472551283080183,hw_182d,2011-09-01
weekday_mean_8w,84992,win,103.43893060915555,129.0469516468115,365.4264602073504,19.843956568414352,hw_182d,2011-09-01
weekday_mean_8w,85099B,win,53.91030579762894,57.3996971990916,138.28458123996506,6.0791111656210575,hw_182d,2011-09-01
weekday_mean_8w,85123A,loss,66.60747170262087,59.383116883116884,-166.8825963305419,-12.165671319886428,hw_182d,2011-09-01
hw_182d,15036,win,346.56188559423515,485.36082778293144,656.5189965525335,28.597063101015546,hw_365d,2011-09-01
hw_182d,17003,loss,129.9521218746522,129.68248068254988,-5.7244825083316755,-0.20792414725807737,hw_365d,2011-09-01
hw_182d,20725,loss,66.87604137443827,66.7554795976734,-1.9820356100144636,-0.18060206816201965,hw_365d,2011-09-01
hw_182d,21212,win,79.60757824210195,80.62225099253364,32.7637831114389,1.2585517495978298,hw_365d,2011-09-01
hw_182d,21213,win,85.52727890785485,86.6148706553505,26.613370061218575,1.2556639977253912,hw_365d,2011-09-01
hw_182d,21232,loss,77.18827870808549,73.7743757594291,-31.885853540450512,-4.6274914745314595,hw_365d,2011-09-01
hw_182d,21977,win,101.14003160639167,109.26197803403853,177.78940730118984,7.4334609109095755,hw_365d,2011-09-01
hw_182d,21980,loss,93.70122575386759,93.1833891300761,-3.4125433507859952,-0.5557177396377372,hw_365d,2011-09-01
hw_182d,21981,win,107.07461506668805,111.6534240793571,22.80246888309182,4.1009123100556915,hw_365d,2011-09-01
hw_182d,21982,loss,142.20862068909767,125.32707518330369,-67.52618202317592,-13.46999080693696,hw_365d,2011-09-01
hw_182d,21984,loss,94.71977090027124,94.41823579329673,-1.4172150027802104,-0.319361089985458,hw_365d,2011-09-01
hw_182d,22197,win,76.34561050104634,81.67990573063973,150.16041071305426,6.53073137374153,hw_365d,2011-09-01
hw_182d,84077,win,77.175277497934,85.52797012961344,253.25364059252024,9.76603632591927,hw_365d,2011-09-01
hw_182d,84347,loss,150.51230185344616,97.48101398574292,-391.9012173423271,-54.401658024873775,hw_365d,2011-09-01
hw_182d,84755,win,103.75030254199154,104.66297799768869,11.390189687100246,0.8720136510135376,hw_365d,2011-09-01
hw_182d,84879,loss,71.37671208087288,55.7292519276803,-443.13607153841394,-28.07764255206268,hw_365d,2011-09-01
hw_182d,84991,win,93.67034092409874,98.42592188083258,108.99791552833949,4.831634660726441,hw_365d,2011-09-01
hw_182d,84992,win,94.89962150247806,103.43893060915555,121.85594095228794,8.255411242545913,hw_365d,2011-09-01
hw_182d,85099B,loss,61.23353730802876,53.91030579762894,-290.2196647571445,-13.584103080197888,hw_365d,2011-09-01
hw_182d,85123A,win,61.87482384168651,66.60747170262087,109.3241655875836,7.105280743974157,hw_365d,2011-09-01
hw_expanding,15036,loss,346.56188559423515,281.6079381578975,-307.23217137387724,-23.065382269131213,hw_365d,2011-09-01
hw_expanding,17003,win,129.9521218746522,141.00268411755926,234.6034364169177,7.837128996561365,hw_365d,2011-09-01
hw_expanding,20725,win,66.87604137443827,67.96249649845814,17.861322238886487,1.5986097921586975,hw_365d,2011-09-01
hw_expanding,21212,win,79.60757824210195,80.18116198349999,18.52101900974276,0.7153597269095122,hw_365d,2011-09-01
hw_expanding,21213,loss,85.52727890785485,82.35979581324789,-77.50831132503254,-3.845909358237461,hw_365d,2011-09-01
hw_expanding,21232,loss,77.18827870808549,75.58175489302171,-15.004932432695568,-2.125544474771262,hw_365d,2011-09-01
hw_expanding,21977,loss,101.14003160639167,99.28493416044033,-40.60808309187496,-1.8684581519222077,hw_365d,2011-09-01
hw_expanding,21980,win,93.70122575386759,120.92075055473703,179.37666843772968,22.510218201588163,hw_365d,2011-09-01
hw_expanding,21981,win,107.07461506668805,123.90966440149889,83.83854568735796,13.586550666670345,hw_365d,2011-09-01
hw_expanding,21982,win,142.20862068909767,251.91092405935424,438.8092134810263,43.548053257273175,hw_365d,2011-09-01
hw_expanding,21984,win,94.71977090027124,127.4490433595038,153.82758055839298,25.680280994272334,hw_365d,2011-09-01
hw_expanding,22197,win,76.34561050104634,77.38768273424148,29.334333364442955,1.3465608432465184,hw_365d,2011-09-01
hw_expanding,84077,win,77.175277497934,80.57987897530305,103.22751679382918,4.225126074478864,hw_365d,2011-09-01
hw_expanding,84347,loss,150.51230185344616,117.95882965648735,-240.5701595355256,-27.59731703998682,hw_365d,2011-09-01
hw_expanding,84755,win,103.75030254199154,104.99053557165183,15.478108210160372,1.1812807915565675,hw_365d,2011-09-01
hw_expanding,84879,loss,71.37671208087288,69.77437693431607,-45.37813135048896,-2.2964521031340936,hw_365d,2011-09-01
hw_expanding,84991,win,93.67034092409874,95.0087971208847,30.677416030333916,1.408770805805453,hw_365d,2011-09-01
hw_expanding,84992,loss,94.89962150247806,89.88907774766362,-71.50045938120184,-5.57414079703879,hw_365d,2011-09-01
hw_expanding,85099B,loss,61.23353730802876,55.274784693512984,-236.14536611326002,-10.780236680352171,hw_365d,2011-09-01
hw_expanding,85123A,loss,61.87482384168651,60.01667472874787,-42.92324450888236,-3.0960547570100396,hw_365d,2011-09-01
seasonal_naive,15036,loss,346.56188559423515,143.12896405919662,-962.2377188607322,-142.132602490507,hw_365d,2011-09-01
seasonal_naive,17003,loss,129.9521218746522,107.72491756947716,-471.88354739886563,-20.63329896803087,hw_365d,2011-09-01
seasonal_naive,20725,win,66.87604137443827,77.25060827250608,170.55787980423474,13.429754315294081,hw_365d,2011-09-01
seasonal_naive,21212,win,79.60757824210195,80.92288634252091,42.47129856252786,1.6253845603723007,hw_365d,2011-09-01
seasonal_naive,21213,win,85.52727890785485,103.02411115651819,428.14748512479173,16.98324018741737,hw_365d,2011-09-01
seasonal_naive,21232,win,77.18827870808549,80.51391862955032,31.0614768664816,4.130515540755517,hw_365d,2011-09-01
seasonal_naive,21977,loss,101.14003160639167,98.26404751027867,-62.95529186391377,-2.926791811432524,hw_365d,2011-09-01
seasonal_naive,21980,win,93.70122575386759,102.73141122913505,59.50892228201258,8.790091917579401,hw_365d,2011-09-01
seasonal_naive,21981,win,107.07461506668805,126.50602409638554,96.76841696789347,15.360066185379921,hw_365d,2011-09-01
seasonal_naive,21982,loss,142.20862068909767,110.0,-128.83448275639068,-29.280564262816064,hw_365d,2011-09-01
seasonal_naive,21984,win,94.71977090027124,99.57446808510639,22.817076768725144,4.875443754001108,hw_365d,2011-09-01
seasonal_naive,22197,win,76.34561050104634,93.39253996447601,479.87106439554555,18.252988375638854,hw_365d,2011-09-01
seasonal_naive,84077,win,77.175277497934,84.03693931398416,208.04558626264088,8.165054405912121,hw_365d,2011-09-01
seasonal_naive,84347,loss,150.51230185344616,114.61434370771313,-265.2859106969672,-31.32065061357344,hw_365d,2011-09-01
seasonal_naive,84755,loss,103.75030254199154,91.66666666666667,-150.8037757240545,-13.182148227627135,hw_365d,2011-09-01
seasonal_naive,84879,win,71.37671208087288,72.88135593220339,42.61151386968004,2.0645113308953555,hw_365d,2011-09-01
seasonal_naive,84991,win,93.67034092409874,98.95287958115183,121.07578601965679,5.338438537021911,hw_365d,2011-09-01
seasonal_naive,84992,loss,94.89962150247806,86.6853538892782,-117.21759884036169,-9.475957869067251,hw_365d,2011-09-01
seasonal_naive,85099B,win,61.23353730802876,77.44133232399697,642.3149164828205,20.929127288459444,hw_365d,2011-09-01
seasonal_naive,85123A,win,61.87482384168651,73.07359307359307,258.6915692570417,15.325329932289192,hw_365d,2011-09-01
weekday_mean_4w,15036,loss,346.56188559423515,211.52219873150105,-638.7377188607322,-63.841850960592936,hw_365d,2011-09-01
weekday_mean_4w,17003,loss,129.9521218746522,121.50259067357513,-179.38354739886563,-6.954198387240399,hw_365d,2011-09-01
weekday_mean_4w,20725,win,66.87604137443827,82.93795620437956,264.05787980423474,19.366181137090926,hw_365d,2011-09-01
weekday_mean_4w,21212,win,79.60757824210195,96.48497986992876,544.9712985625279,17.492258018376756,hw_365d,2011-09-01
weekday_mean_4w,21213,win,85.52727890785485,113.9967306906416,696.6474851247917,24.9739195241008,hw_365d,2011-09-01
weekday_mean_4w,21232,win,77.18827870808549,82.06638115631692,45.5614768664816,5.944093524655129,hw_365d,2011-09-01
weekday_mean_4w,21977,win,101.14003160639167,117.70214709913202,362.54470813608623,14.071209320243982,hw_365d,2011-09-01
weekday_mean_4w,21980,win,93.70122575386759,97.1927162367223,23.008922282012577,3.592337592820074,hw_365d,2011-09-01
weekday_mean_4w,21981,win,107.07461506668805,108.83534136546184,8.768416967893472,1.6177891084674305,hw_365d,2011-09-01
weekday_mean_4w,21982,loss,142.20862068909767,95.25,-187.83448275639068,-49.30038917490569,hw_365d,2011-09-01
weekday_mean_4w,21984,loss,94.71977090027124,93.82978723404256,-4.182923231274856,-0.9485086692233176,hw_365d,2011-09-01
weekday_mean_4w,22197,win,76.34561050104634,160.10657193605684,2357.8710643955455,52.31575470147649,hw_365d,2011-09-01
weekday_mean_4w,84077,loss,77.175277497934,75.51121372031662,-50.45441373735912,-2.203730672083824,hw_365d,2011-09-01
weekday_mean_4w,84347,loss,150.51230185344616,100.0,-373.2859106969672,-50.51230185344616,hw_365d,2011-09-01
weekday_mean_4w,84755,win,103.75030254199154,108.97435897435898,65.1962242759455,4.793840020290115,hw_365d,2011-09-01
weekday_mean_4w,84879,win,71.37671208087288,176.11228813559322,2966.11151386968,59.47090754625925,hw_365d,2011-09-01
weekday_mean_4w,84991,win,93.67034092409874,104.10122164048866,239.0757860196568,10.01994073846006,hw_365d,2011-09-01
weekday_mean_4w,84992,loss,94.89962150247806,85.63419761737912,-132.2175988403617,-10.819770772533705,hw_365d,2011-09-01
weekday_mean_4w,85099B,win,61.23353730802876,76.62124653040625,609.8149164828205,20.08282287116154,hw_365d,2011-09-01
weekday_mean_4w,85123A,win,61.87482384168651,69.06926406926407,166.1915692570417,10.41626883466258,hw_365d,2011-09-01
weekday_mean_8w,15036,loss,346.56188559423515,229.65116279069767,-552.9877188607322,-50.90796030938847,hw_365d,2011-09-01
weekday_mean_8w,17003,win,129.9521218746522,136.26943005181346,134.11645260113437,4.635895354342678,hw_365d,2011-09-01
weekday_mean_8w,20725,win,66.87604137443827,79.1514598540146,201.80787980423474,15.508770782265888,hw_365d,2011-09-01
weekday_mean_8w,21212,win,79.60757824210195,82.7268504180861,100.72129856252786,3.7705680322893107,hw_365d,2011-09-01
weekday_mean_8w,21213,win,85.52727890785485,94.8406211687781,227.89748512479173,9.819992895606676,hw_365d,2011-09-01
weekday_mean_8w,21232,loss,77.18827870808549,72.00214132762312,-48.4385231335184,-7.202754369296436,hw_365d,2011-09-01
weekday_mean_8w,21977,win,101.14003160639167,105.41343079031522,93.54470813608623,4.05394184771772,hw_365d,2011-09-01
weekday_mean_8w,21980,loss,93.70122575386759,88.12594840667678,-36.74107771798742,-6.3264877689173336,hw_365d,2011-09-01
weekday_mean_8w,21981,loss,107.07461506668805,103.56425702811245,-17.481583032106528,-3.389545910248474,hw_365d,2011-09-01
weekday_mean_8w,21982,loss,142.20862068909767,90.8125,-205.58448275639068,-56.59586586548952,hw_365d,2011-09-01
weekday_mean_8w,21984,win,94.71977090027124,96.75531914893617,9.567076768725144,2.1038101745409876,hw_365d,2011-09-01
weekday_mean_8w,22197,win,76.34561050104634,100.65719360568383,684.3710643955455,24.152852105013075,hw_365d,2011-09-01
weekday_mean_8w,84077,loss,77.175277497934,71.26484168865436,-179.20441373735912,-8.293620906507412,hw_365d,2011-09-01
weekday_mean_8w,84347,loss,150.51230185344616,94.31664411366712,-415.2859106969672,-59.581909712620806,hw_365d,2011-09-01
weekday_mean_8w,84755,win,103.75030254199154,103.88621794871794,1.6962242759454966,0.13083102783998748,hw_365d,2011-09-01
weekday_mean_8w,84879,win,71.37671208087288,96.6013418079096,714.36151386968,26.112090427476197,hw_365d,2011-09-01
weekday_mean_8w,84991,win,93.67034092409874,96.35689354275742,61.57578601965679,2.7881270554519793,hw_365d,2011-09-01
weekday_mean_8w,84992,win,94.89962150247806,129.0469516468115,487.2824011596383,26.46116758944546,hw_365d,2011-09-01
weekday_mean_8w,85099B,loss,61.23353730802876,57.3996971990916,-151.93508351717946,-6.679199187479048,hw_365d,2011-09-01
weekday_mean_8w,85123A,loss,61.87482384168651,59.383116883116884,-57.55843074295831,-4.195985474245194,hw_365d,2011-09-01
hw_182d,15036,win,117.08903494938822,192.27191069040222,451.09725444608387,39.102370944903164,hw_expanding,2011-11-01
hw_182d,17003,loss,220.32260763652548,179.00389344252838,-397.0728434043117,-23.0825784843965,hw_expanding,2011-11-01
hw_182d,20725,win,52.87109421896845,55.012606939122904,39.68223070446186,3.8927672024782534,hw_expanding,2011-11-01
hw_182d,21212,loss,77.34760014577137,72.9702005857103,-102.08095774062417,-5.998886565920016,hw_expanding,2011-11-01
hw_182d,21213,loss,187.06770924939178,157.07752240795264,-161.3472052069426,-19.092602418027937,hw_expanding,2011-11-01
hw_182d,21232,loss,79.23605769686762,78.7504483936855,-6.725688849072412,-0.616643223102021,hw_expanding,2011-11-01
hw_182d,21977,win,124.63420646286382,132.11823032317437,93.2509372994698,5.664641315588234,hw_expanding,2011-11-01
hw_182d,21980,loss,149.330856162514,123.86763364777491,-81.73694427231254,-20.55680064668492,hw_expanding,2011-11-01
hw_182d,21981,loss,164.35666501519302,105.5769736494964,-143.42244693229975,-55.674726537283156,hw_expanding,2011-11-01
hw_182d,21982,loss,152.93714882045927,89.1737453397422,-585.3480439529828,-71.50468250244003,hw_expanding,2011-11-01
hw_182d,21984,loss,239.43697833563263,147.79059035400599,-129.22140705409356,-62.010976315950884,hw_expanding,2011-11-01
hw_182d,22197,win,71.96231801401626,81.21544043166587,1035.7945234316967,11.393304485536985,hw_expanding,2011-11-01
hw_182d,84077,win,57.32878654107931,63.94708362896869,279.4245030506895,10.349646476905514,hw_expanding,2011-11-01
hw_182d,84347,loss,83.2763618138177,72.63033890531977,-291.27518677650323,-14.657818026122639,hw_expanding,2011-11-01
hw_182d,84755,win,92.71152974307215,99.64949105224879,62.99668868732397,6.9623650215522845,hw_expanding,2011-11-01
hw_182d,84879,win,61.69274019536603,68.1984445259647,326.26107217952404,9.53937347958399,hw_expanding,2011-11-01
hw_182d,84991,win,93.6477917480116,97.8447812787215,56.323599502126854,4.289436264111336,hw_expanding,2011-11-01
hw_182d,84992,win,128.91354199470274,133.31015885909915,33.94188219314037,3.2980358751528964,hw_expanding,2011-11-01
hw_182d,85099B,loss,64.64226663663617,61.87043161160824,-153.97543564030184,-4.480064148296436,hw_expanding,2011-11-01
hw_182d,85123A,win,64.78757565450313,69.14529960805595,196.62050478430274,6.3022706941096445,hw_expanding,2011-11-01
hw_365d,15036,win,117.08903494938822,135.48431154644715,110.37165958235346,13.577421907445423,hw_expanding,2011-11-01
hw_365d,17003,win,220.32260763652548,275.1310016804948,526.7086667625458,19.920835423562135,hw_expanding,2011-11-01
hw_365d,20725,loss,52.87109421896845,51.96830143954367,-16.728750202741253,-1.7371989355377055,hw_expanding,2011-11-01
hw_365d,21212,win,77.34760014577137,78.45816986831407,25.89848592969588,1.4154927707423093,hw_expanding,2011-11-01
hw_365d,21213,loss,187.06770924939178,161.30065155423503,-138.6267703999432,-15.97455276644865,hw_expanding,2011-11-01
hw_365d,21232,win,79.23605769686762,80.89104425873705,22.921563881891643,2.045945354068884,hw_expanding,2011-11-01
hw_365d,21977,loss,124.63420646286382,123.78550377221946,-10.574835525428625,-0.6856236512201591,hw_expanding,2011-11-01
hw_365d,21980,loss,149.330856162514,133.21000859390614,-51.747920695231244,-12.10182908834775,hw_expanding,2011-11-01
hw_365d,21981,loss,164.35666501519302,155.61702193192153,-21.324729123182465,-5.616122821766155,hw_expanding,2011-11-01
hw_365d,21982,loss,152.93714882045927,86.87402744754002,-606.4594542033988,-76.0447320262806,hw_expanding,2011-11-01
hw_365d,21984,loss,239.43697833563263,165.54796915535644,-104.18350294418943,-44.63299039986166,hw_expanding,2011-11-01
hw_365d,22197,loss,71.96231801401626,69.98970066522975,-220.81478602316201,-2.8184394704326725,hw_expanding,2011-11-01
hw_365d,84077,win,57.32878654107931,119.87725994814936,2640.7965472464975,52.1770963351383,hw_expanding,2011-11-01
hw_365d,84347,win,83.2763618138177,121.4341320488974,1043.9965936317803,31.42260712969469,hw_expanding,2011-11-01
hw_365d,84755,loss,92.71152974307215,88.1442953492108,-41.470488296261124,-5.181542805200096,hw_expanding,2011-11-01
hw_365d,84879,win,61.69274019536603,64.77785590059909,154.71855261743804,4.762608552476854,hw_expanding,2011-11-01
hw_365d,84991,loss,93.6477917480116,92.50451994077692,-15.342707653089292,-1.2359091295934799,hw_expanding,2011-11-01
hw_365d,84992,win,128.91354199470274,132.3965323377658,26.888685448446722,2.630726259640515,hw_expanding,2011-11-01
hw_365d,85099B,win,64.64226663663617,65.37029716402355,40.44209579636936,1.1137023372567132,hw_expanding,2011-11-01
hw_365d,85123A,win,64.78757565450313,66.97043269423102,98.49050963252193,3.2594339799090597,hw_expanding,2011-11-01
seasonal_naive,15036,win,117.08903494938822,123.0,35.46579030367059,4.805662642773804,hw_expanding,2011-11-01
seasonal_naive,17003,win,220.32260763652548,713.3194588969823,4737.69974061299,69.11305237947468,hw_expanding,2011-11-01
seasonal_naive,20725,win,52.87109421896845,62.655153804641124,181.29862412251452,15.61572989858007,hw_expanding,2011-11-01
seasonal_naive,21212,win,77.34760014577137,82.24699828473413,114.25396460061165,5.956932460928661,hw_expanding,2011-11-01
seasonal_naive,21213,win,187.06770924939178,325.2788104089219,743.5757242382723,42.49004138504412,hw_expanding,2011-11-01
seasonal_naive,21232,win,79.23605769686762,86.28158844765343,97.58060089838341,8.165740660952597,hw_expanding,2011-11-01
seasonal_naive,21977,loss,124.63420646286382,89.88764044943821,-432.9422125272831,-38.65555468993599,hw_expanding,2011-11-01
seasonal_naive,21980,loss,149.330856162514,119.31464174454828,-96.35204828166997,-25.15719276283812,hw_expanding,2011-11-01
seasonal_naive,21981,win,164.35666501519302,214.75409836065575,122.96973736292904,23.467507130329974,hw_expanding,2011-11-01
seasonal_naive,21982,loss,152.93714882045927,121.35076252723312,-289.9630261718162,-26.02899696335872,hw_expanding,2011-11-01
seasonal_naive,21984,loss,239.43697833563263,162.4113475177305,-108.60613945324201,-47.42626176997468,hw_expanding,2011-11-01
seasonal_naive,22197,win,71.96231801401626,133.07128819010185,6840.53812151102,45.921979870509,hw_expanding,2011-11-01
seasonal_naive,84077,win,57.32878654107931,503.1264803410706,18821.578632235633,88.60549210166478,hw_expanding,2011-11-01
seasonal_naive,84347,win,83.2763618138177,87.64619883040936,119.55874077394765,4.985769006419842,hw_expanding,2011-11-01
seasonal_naive,84755,loss,92.71152974307215,84.14096916299559,-77.82069006709514,-10.185954197263767,hw_expanding,2011-11-01
seasonal_naive,84879,win,61.69274019536603,82.81156530408774,1059.1090792023938,25.502265331143597,hw_expanding,2011-11-01
seasonal_naive,84991,win,93.6477917480116,181.66915052160954,1181.2466347416844,48.45146163829714,hw_expanding,2011-11-01
seasonal_naive,84992,win,128.91354199470274,216.58031088082902,676.7874558008948,40.47771864837888,hw_expanding,2011-11-01
seasonal_naive,85099B,win,64.64226663663617,76.99369936993699,686.1220883348606,16.042134401095648,hw_expanding,2011-11-01
seasonal_naive,85123A,win,64.78757565450313,75.97517730496453,504.78458646881836,14.725337995006374,hw_expanding,2011-11-01
weekday_mean_4w,15036,win,117.08903494938822,186.16666666666666,414.4657903036706,37.1052632321997,hw_expanding,2011-11-01
weekday_mean_4w,17003,win,220.32260763652548,248.5952133194589,271.69974061299035,11.372948539681468,hw_expanding,2011-11-01
weekday_mean_4w,20725,win,52.87109421896845,56.96168375607124,75.79862412251452,7.181300248461832,hw_expanding,2011-11-01
weekday_mean_4w,21212,loss,77.34760014577137,70.45454545454545,-160.74603539938835,-9.783690529481943,hw_expanding,2011-11-01
weekday_mean_4w,21213,loss,187.06770924939178,179.08921933085503,-42.9242757617277,-4.455036404953578,hw_expanding,2011-11-01
weekday_mean_4w,21232,win,79.23605769686762,82.63537906137184,47.08060089838341,4.113639222226598,hw_expanding,2011-11-01
weekday_mean_4w,21977,loss,124.63420646286382,103.97271268057784,-257.4422125272831,-19.872034930705,hw_expanding,2011-11-01
weekday_mean_4w,21980,win,149.330856162514,227.41433021806853,250.64795171833003,34.33533585182603,hw_expanding,2011-11-01
weekday_mean_4w,21981,loss,164.35666501519302,133.81147540983608,-74.53026263707096,-22.82703296694362,hw_expanding,2011-11-01
weekday_mean_4w,21982,loss,152.93714882045927,91.7755991285403,-561.4630261718162,-66.64249568804938,hw_expanding,2011-11-01
weekday_mean_4w,21984,loss,239.43697833563263,140.0709219858156,-140.106139453242,-70.93981744467949,hw_expanding,2011-11-01
weekday_mean_4w,22197,win,71.96231801401626,75.14740039306771,356.5381215110201,4.238446522955533,hw_expanding,2011-11-01
weekday_mean_4w,84077,win,57.32878654107931,145.7129322595926,3731.5786322356316,60.65634967873263,hw_expanding,2011-11-01
weekday_mean_4w,84347,loss,83.2763618138177,77.86915204678363,-147.94125922605235,-6.943968985029445,hw_expanding,2011-11-01
weekday_mean_4w,84755,loss,92.71152974307215,90.30837004405286,-21.820690067095143,-2.66105976427989,hw_expanding,2011-11-01
weekday_mean_4w,84879,win,61.69274019536603,67.46759720837487,289.6090792023938,8.559452614227675,hw_expanding,2011-11-01
weekday_mean_4w,84991,win,93.6477917480116,128.68852459016392,470.2466347416844,27.22910450154512,hw_expanding,2011-11-01
weekday_mean_4w,84992,win,128.91354199470274,147.279792746114,141.7874558008948,12.470312735346957,hw_expanding,2011-11-01
weekday_mean_4w,85099B,win,64.64226663663617,76.97569756975697,685.1220883348606,16.02249972719506,hw_expanding,2011-11-01
weekday_mean_4w,85123A,win,64.78757565450313,70.6892730496454,266.28458646881836,8.348787787076938,hw_expanding,2011-11-01
weekday_mean_8w,15036,win,117.08903494938822,132.25,90.96579030367059,11.463867713127998,hw_expanding,2011-11-01
weekday_mean_8w,17003,loss,220.32260763652548,196.07180020811654,-233.05025938700965,-12.368330072283925,hw_expanding,2011-11-01
weekday_mean_8w,20725,loss,52.87109421896845,49.70318402590394,-58.701375877485475,-6.373656447066825,hw_expanding,2011-11-01
weekday_mean_8w,21212,win,77.34760014577137,78.74142367066895,32.50396460061165,1.770127411878103,hw_expanding,2011-11-01
weekday_mean_8w,21213,win,187.06770924939178,242.9368029739777,300.5757242382723,22.997377523968805,hw_expanding,2011-11-01
weekday_mean_8w,21232,loss,79.23605769686762,77.88808664259928,-18.66939910161659,-1.7306511334059362,hw_expanding,2011-11-01
weekday_mean_8w,21977,loss,124.63420646286382,111.29614767255217,-166.19221252728312,-11.984295116443711,hw_expanding,2011-11-01
weekday_mean_8w,21980,win,149.330856162514,163.2398753894081,44.647951718330035,8.520601472963746,hw_expanding,2011-11-01
weekday_mean_8w,21981,loss,164.35666501519302,133.4016393442623,-75.53026263707096,-23.204381762541004,hw_expanding,2011-11-01
weekday_mean_8w,21982,loss,152.93714882045927,84.9400871459695,-624.2130261718162,-80.05296905056954,hw_expanding,2011-11-01
weekday_mean_8w,21984,loss,239.43697833563263,175.53191489361703,-90.10613945324201,-36.406520991208886,hw_expanding,2011-11-01
weekday_mean_8w,22197,win,71.96231801401626,75.12283366088977,353.7881215110201,4.2071304992837675,hw_expanding,2011-11-01
weekday_mean_8w,84077,win,57.32878654107931,101.2730933207011,1855.3286322356316,43.39188755740236,hw_expanding,2011-11-01
weekday_mean_8w,84347,loss,83.2763618138177,74.38779239766082,-243.19125922605235,-11.948962497287917,hw_expanding,2011-11-01
weekday_mean_8w,84755,win,92.71152974307215,99.11894273127753,58.17930993290486,6.464367770322761,hw_expanding,2011-11-01
weekday_mean_8w,84879,win,61.69274019536603,64.75573280159522,153.6090792023938,4.730071722937452,hw_expanding,2011-11-01
weekday_mean_8w,84991,win,93.6477917480116,119.61624441132638,348.4966347416844,21.70980437574735,hw_expanding,2011-11-01
weekday_mean_8w,84992,win,128.91354199470274,137.75906735751295,68.2874558008948,6.421011358805341,hw_expanding,2011-11-01
weekday_mean_8w,85099B,win,64.64226663663617,66.31413141314131,92.87208833486056,2.5211289673528565,hw_expanding,2011-11-01
weekday_mean_8w,85123A,win,64.78757565450313,66.14583333333333,61.28458646881836,2.0534289317747896,hw_expanding,2011-11-01
hw_365d,15036,loss,192.27191069040222,135.48431154644715,-340.7255948637304,-41.91452020958676,hw_182d,2011-11-01
hw_365d,17003,win,179.00389344252838,275.1310016804948,923.7815101668575,34.9386683619163,hw_182d,2011-11-01
hw_365d,20725,loss,55.012606939122904,51.96830143954367,-56.41098090720311,-5.858004620606592,hw_182d,2011-11-01
hw_365d,21212,win,72.9702005857103,78.45816986831407,127.97944367032005,6.994770961156627,hw_182d,2011-11-01
hw_365d,21213,win,157.07752240795264,161.30065155423503,22.72043480699938,2.618172403886678,hw_182d,2011-11-01
hw_365d,21232,win,78.7504483936855,80.89104425873705,29.647252730964055,2.64627052928711,hw_182d,2011-11-01
hw_365d,21977,loss,132.11823032317437,123.78550377221946,-103.82577282489842,-6.731585118632435,hw_182d,2011-11-01
hw_365d,21980,win,123.86763364777491,133.21000859390614,29.989023577081298,7.013268030491373,hw_182d,2011-11-01
hw_365d,21981,win,105.5769736494964,155.61702193192153,122.09771780911728,32.15589635452372,hw_182d,2011-11-01
hw_365d,21982,loss,89.1737453397422,86.87402744754002,-21.11141025041593,-2.6471869208445478,hw_182d,2011-11-01
hw_365d,21984,win,147.79059035400599,165.54796915535644,25.037904109904133,10.726425030733095,hw_182d,2011-11-01
hw_365d,22197,loss,81.21544043166587,69.98970066522975,-1256.6093094548587,-16.03913098604373,hw_182d,2011-11-01
hw_365d,84077,win,63.94708362896869,119.87725994814936,2361.372044195808,46.65620180455593,hw_182d,2011-11-01
hw_365d,84347,win,72.63033890531977,121.4341320488974,1335.2717804082836,40.18951864696986,hw_182d,2011-11-01
hw_365d,84755,loss,99.64949105224879,88.1442953492108,-104.46717698358509,-13.052683281948786,hw_182d,2011-11-01
hw_365d,84879,loss,68.1984445259647,64.77785590059909,-171.542519562086,-5.280490651951287,hw_182d,2011-11-01
hw_365d,84991,loss,97.8447812787215,92.50451994077692,-71.66630715521615,-5.772973408611293,hw_182d,2011-11-01
hw_365d,84992,loss,133.31015885909915,132.3965323377658,-7.0531967446936505,-0.6900683161418013,hw_182d,2011-11-01
hw_365d,85099B,win,61.87043161160824,65.37029716402355,194.4175314366712,5.353907973882458,hw_182d,2011-11-01
hw_365d,85123A,loss,69.14529960805595,66.97043269423102,-98.1299951517808,-3.247503153749634,hw_182d,2011-11-01
hw_expanding,15036,loss,192.27191069040222,117.08903494938822,-451.09725444608387,-64.21000546593609,hw_182d,2011-11-01
hw_expanding,17003,win,179.00389344252838,220.32260763652548,397.0728434043117,18.75373328104492,hw_182d,2011-11-01
hw_expanding,20725,loss,55.012606939122904,52.87109421896845,-39.68223070446186,-4.050441459155854,hw_182d,2011-11-01
hw_expanding,21212,win,72.9702005857103,77.34760014577137,102.08095774062417,5.659386395714023,hw_182d,2011-11-01
hw_expanding,21213,win,157.07752240795264,187.06770924939178,161.3472052069426,16.03172827730377,hw_182d,2011-11-01
hw_expanding,21232,win,78.7504483936855,79.23605769686762,6.725688849072412,0.6128640385415254,hw_182d,2011-11-01
hw_expanding,21977,loss,132.11823032317437,124.63420646286382,-93.2509372994698,-6.004791198747278,hw_182d,2011-11-01
hw_expanding,21980,win,123.86763364777491,149.330856162514,81.73694427231254,17.051547931278144,hw_182d,2011-11-01
hw_expanding,21981,win,105.5769736494964,164.35666501519302,143.42244693229975,35.76349724561706,hw_182d,2011-11-01
hw_expanding,21982,win,89.1737453397422,152.93714882045927,585.3480439529828,41.692554080220354,hw_182d,2011-11-01
hw_expanding,21984,win,147.79059035400599,239.43697833563263,129.22140705409356,38.27578706458642,hw_182d,2011-11-01
hw_expanding,22197,loss,81.21544043166587,71.96231801401626,-1035.7945234316967,-12.85828843902354,hw_182d,2011-11-01
hw_expanding,84077,loss,63.94708362896869,57.32878654107931,-279.4245030506895,-11.544456959937566,hw_182d,2011-11-01
hw_expanding,84347,win,72.63033890531977,83.2763618138177,291.27518677650323,12.783967354745167,hw_182d,2011-11-01
hw_expanding,84755,loss,99.64949105224879,92.71152974307215,-62.99668868732397,-7.483385646212014,hw_182d,2011-11-01
hw_expanding,84879,loss,68.1984445259647,61.69274019536603,-326.26107217952404,-10.545332092555265,hw_182d,2011-11-01
hw_expanding,84991,loss,97.8447812787215,93.6477917480116,-56.323599502126854,-4.481674850383232,hw_182d,2011-11-01
hw_expanding,84992,loss,133.31015885909915,128.91354199470274,-33.94188219314037,-3.410515913508195,hw_182d,2011-11-01
hw_expanding,85099B,win,61.87043161160824,64.64226663663617,153.97543564030184,4.287960755783557,hw_182d,2011-11-01
hw_expanding,85123A,loss,69.14529960805595,64.78757565450313,-196.62050478430274,-6.726172278449707,hw_182d,2011-11-01
seasonal_naive,15036,loss,192.27191069040222,123.0,-415.6314641424133,-56.31862657756278,hw_182d,2011-11-01
seasonal_naive,17003,win,179.00389344252838,713.3194588969823,5134.7725840173025,74.90550815488406,hw_182d,2011-11-01
seasonal_naive,20725,win,55.012606939122904,62.655153804641124,141.61639341805267,12.1977944373861,hw_182d,2011-11-01
seasonal_naive,21212,win,72.9702005857103,82.24699828473413,216.33492234123582,11.279193031347015,hw_182d,2011-11-01
seasonal_naive,21213,win,157.07752240795264,325.2788104089219,904.9229294452149,51.709881682583706,hw_182d,2011-11-01
seasonal_naive,21232,win,78.7504483936855,86.28158844765343,104.30628974745582,8.728559811502581,hw_182d,2011-11-01
seasonal_naive,21977,loss,132.11823032317437,89.88764044943821,-526.1931498267529,-46.981531234531474,hw_182d,2011-11-01
seasonal_naive,21980,loss,123.86763364777491,119.31464174454828,-14.615104009357424,-3.815954049440593,hw_182d,2011-11-01
seasonal_naive,21981,win,105.5769736494964,214.75409836065575,266.3921842952288,50.838203109776494,hw_182d,2011-11-01
seasonal_naive,21982,win,89.1737453397422,121.35076252723312,295.38501778116665,26.51571075234889,hw_182d,2011-11-01
seasonal_naive,21984,win,147.79059035400599,162.4113475177305,20.615267600851553,9.002300262380592,hw_182d,2011-11-01
seasonal_naive,22197,win,81.21544043166587,133.07128819010185,5804.743598079323,38.968472060145835,hw_182d,2011-11-01
seasonal_naive,84077,win,63.94708362896869,503.1264803410706,18542.154129184943,87.29005804154478,hw_182d,2011-11-01
seasonal_naive,84347,win,72.63033890531977,87.64619883040936,410.8339275504509,17.132357279001294,hw_182d,2011-11-01
seasonal_naive,84755,loss,99.64949105224879,84.14096916299559,-140.8173787544191,-18.431594077803545,hw_182d,2011-11-01
seasonal_naive,84879,win,68.1984445259647,82.81156530408774,732.8480070228698,17.646231808882018,hw_182d,2011-11-01
seasonal_naive,84991,win,97.8447812787215,181.66915052160954,1124.9230352395575,46.14122375880056,hw_182d,2011-11-01
seasonal_naive,84992,win,133.31015885909915,216.58031088082902,642.8455736077544,38.447701770798716,hw_182d,2011-11-01
seasonal_naive,85099B,win,61.87043161160824,76.99369936993699,840.0975239751624,19.64221472937017,hw_182d,2011-11-01
seasonal_naive,85123A,win,69.14529960805595,75.97517730496453,308.1640816845156,8.98961731868481,hw_182d,2011-11-01
weekday_mean_4w,15036,loss,192.27191069040222,186.16666666666666,-36.63146414241328,-3.2794506841909934,hw_182d,2011-11-01
weekday_mean_4w,17003,win,179.00389344252838,248.5952133194589,668.772584017302,27.993829385404034,hw_182d,2011-11-01
weekday_mean_4w,20725,win,55.012606939122904,56.96168375607124,36.11639341805267,3.421733151876138,hw_182d,2011-11-01
weekday_mean_4w,21212,loss,72.9702005857103,70.45454545454545,-58.665077658764176,-3.570607282943656,hw_182d,2011-11-01
weekday_mean_4w,21213,win,157.07752240795264,179.08921933085503,118.42292944521489,12.29091120344731,hw_182d,2011-11-01
weekday_mean_4w,21232,win,78.7504483936855,82.63537906137184,53.80628974745582,4.701292245299757,hw_182d,2011-11-01
weekday_mean_4w,21977,loss,132.11823032317437,103.97271268057784,-350.6931498267529,-27.070100333983238,hw_182d,2011-11-01
weekday_mean_4w,21980,win,123.86763364777491,227.41433021806853,332.3848959906426,45.53217753296473,hw_182d,2011-11-01
weekday_mean_4w,21981,win,105.5769736494964,133.81147540983608,68.89218429522879,21.100209585062423,hw_182d,2011-11-01
weekday_mean_4w,21982,win,89.1737453397422,91.7755991285403,23.885017781166653,2.8350169473194833,hw_182d,2011-11-01
weekday_mean_4w,21984,loss,147.79059035400599,140.0709219858156,-10.884732399148447,-5.511256910961236,hw_182d,2011-11-01
weekday_mean_4w,22197,loss,81.21544043166587,75.14740039306771,-679.2564019206766,-8.074850236812619,hw_182d,2011-11-01
weekday_mean_4w,84077,win,63.94708362896869,145.7129322595926,3452.154129184942,56.114338900925574,hw_182d,2011-11-01
weekday_mean_4w,84347,win,72.63033890531977,77.86915204678363,143.33392755045088,6.727713097885518,hw_182d,2011-11-01
weekday_mean_4w,84755,loss,99.64949105224879,90.30837004405286,-84.81737875441911,-10.343582774929148,hw_182d,2011-11-01
weekday_mean_4w,84879,loss,68.1984445259647,67.46759720837487,-36.65199297713025,-1.0832567748523774,hw_182d,2011-11-01
weekday_mean_4w,84991,win,97.8447812787215,128.68852459016392,413.9230352395575,23.9677495795922,hw_182d,2011-11-01
weekday_mean_4w,84992,win,133.31015885909915,147.279792746114,107.84557360775443,9.48509882214201,hw_182d,2011-11-01
weekday_mean_4w,85099B,win,61.87043161160824,76.97569756975697,839.0975239751624,19.623421982580968,hw_182d,2011-11-01
weekday_mean_4w,85123A,win,69.14529960805595,70.6892730496454,69.66408168451562,2.1841693583481954,hw_182d,2011-11-01
weekday_mean_8w,15036,loss,192.27191069040222,132.25,-360.1314641424133,-45.385187667600924,hw_182d,2011-11-01
weekday_mean_8w,17003,win,179.00389344252838,196.07180020811654,164.02258401730205,8.704926841836395,hw_182d,2011-11-01
weekday_mean_8w,20725,loss,55.012606939122904,49.70318402590394,-98.38360658194733,-10.682259129418833,hw_182d,2011-11-01
weekday_mean_8w,21212,win,72.9702005857103,78.74142367066895,134.58492234123582,7.329335457657492,hw_182d,2011-11-01
weekday_mean_8w,21213,win,157.07752240795264,242.9368029739777,461.9229294452149,35.34222872572416,hw_182d,2011-11-01
weekday_mean_8w,21232,loss,78.7504483936855,77.88808664259928,-11.943710252544179,-1.1071805564351547,hw_182d,2011-11-01
weekday_mean_8w,21977,loss,132.11823032317437,111.29614767255217,-259.4431498267529,-18.7087182135751,hw_182d,2011-11-01
weekday_mean_8w,21980,win,123.86763364777491,163.2398753894081,126.38489599064258,24.119254960046284,hw_182d,2011-11-01
weekday_mean_8w,21981,win,105.5769736494964,133.4016393442623,67.89218429522879,20.857813915584885,hw_182d,2011-11-01
weekday_mean_8w,21982,loss,89.1737453397422,84.9400871459695,-38.86498221883335,-4.984287556118418,hw_182d,2011-11-01
weekday_mean_8w,21984,win,147.79059035400599,175.53191489361703,39.11526760085155,15.804148525596593,hw_182d,2011-11-01
weekday_mean_8w,22197,loss,81.21544043166587,75.12283366088977,-682.0064019206766,-8.110192965135735,hw_182d,2011-11-01
weekday_mean_8w,84077,win,63.94708362896869,101.2730933207011,1575.9041291849421,36.85678838063362,hw_182d,2011-11-01
weekday_mean_8w,84347,win,72.63033890531977,74.38779239766082,48.08392755045088,2.3625563223412813,hw_182d,2011-11-01
weekday_mean_8w,84755,loss,99.64949105224879,99.11894273127753,-4.81737875441911,-0.5352643060465635,hw_182d,2011-11-01
weekday_mean_8w,84879,loss,68.1984445259647,64.75573280159522,-172.65199297713025,-5.316458598218008,hw_182d,2011-11-01
weekday_mean_8w,84991,win,97.8447812787215,119.61624441132638,292.1730352395575,18.201092368139385,hw_182d,2011-11-01
weekday_mean_8w,84992,win,133.31015885909915,137.75906735751295,34.34557360775443,3.229485059497371,hw_182d,2011-11-01
weekday_mean_8w,85099B,win,61.87043161160824,66.31413141314131,246.8475239751624,6.700984702413631,hw_182d,2011-11-01
weekday_mean_8w,85123A,loss,69.14529960805595,66.14583333333333,-135.33591831548438,-4.534626179108216,hw_182d,2011-11-01
hw_182d,15036,win,135.48431154644715,192.27191069040222,340.7255948637304,29.535046975943835,hw_365d,2011-11-01
hw_182d,17003,loss,275.1310016804948,179.00389344252838,-923.7815101668575,-53.70112704773617,hw_365d,2011-11-01
hw_182d,20725,win,51.96830143954367,55.012606939122904,56.41098090720311,5.5338324594361925,hw_365d,2011-11-01
hw_182d,21212,loss,78.45816986831407,72.9702005857103,-127.97944367032005,-7.520836229794435,hw_365d,2011-11-01
hw_182d,21213,loss,161.30065155423503,157.07752240795264,-22.72043480699938,-2.6885636350402335,hw_365d,2011-11-01
hw_182d,21232,loss,80.89104425873705,78.7504483936855,-29.647252730964055,-2.7182014943589734,hw_365d,2011-11-01
hw_182d,21977,win,123.78550377221946,132.11823032317437,103.82577282489842,6.307022528664088,hw_365d,2011-11-01
hw_182d,21980,loss,133.21000859390614,123.86763364777491,-29.989023577081298,-7.5422244463770385,hw_365d,2011-11-01
hw_182d,21981,loss,155.61702193192153,105.5769736494964,-122.09771780911728,-47.39674433987133,hw_365d,2011-11-01
hw_182d,21982,win,86.87402744754002,89.1737453397422,21.11141025041593,2.578918137216855,hw_365d,2011-11-01
hw_182d,21984,loss,165.54796915535644,147.79059035400599,-25.037904109904133,-12.015229629177218,hw_365d,2011-11-01
hw_182d,22197,win,69.98970066522975,81.21544043166587,1256.6093094548587,13.822174338734742,hw_365d,2011-11-01
hw_182d,84077,loss,119.87725994814936,63.94708362896869,-2361.372044195808,-87.46321668662262,hw_365d,2011-11-01
hw_182d,84347,loss,121.4341320488974,72.63033890531977,-1335.2717804082836,-67.19477546042816,hw_365d,2011-11-01
hw_182d,84755,win,88.1442953492108,99.64949105224879,104.46717698358509,11.545664289449835,hw_365d,2011-11-01
hw_182d,84879,win,64.77785590059909,68.1984445259647,171.542519562086,5.015640238045773,hw_365d,2011-11-01
hw_182d,84991,win,92.50451994077692,97.8447812787215,71.66630715521615,5.457890822743287,hw_365d,2011-11-01
hw_182d,84992,win,132.3965323377658,133.31015885909915,7.0531967446936505,0.6853390087840225,hw_365d,2011-11-01
hw_182d,85099B,loss,65.37029716402355,61.87043161160824,-194.4175314366712,-5.656766020941519,hw_365d,2011-11-01
hw_182d,85123A,win,66.97043269423102,69.14529960805595,98.1299951517808,3.1453575675468475,hw_365d,2011-11-01
hw_expanding,15036,loss,135.48431154644715,117.08903494938822,-110.37165958235346,-15.710503212371925,hw_365d,2011-11-01
hw_expanding,17003,loss,275.1310016804948,220.32260763652548,-526.7086667625458,-24.876427631243736,hw_365d,2011-11-01
hw_expanding,20725,win,51.96830143954367,52.87109421896845,16.728750202741253,1.707535644497567,hw_365d,2011-11-01
hw_expanding,21212,loss,78.45816986831407,77.34760014577137,-25.89848592969588,-1.4358166516474937,hw_365d,2011-11-01
hw_expanding,21213,win,161.30065155423503,187.06770924939178,138.6267703999432,13.774187858795585,hw_365d,2011-11-01
hw_expanding,21232,loss,80.89104425873705,79.23605769686762,-22.921563881891643,-2.0886785763634235,hw_365d,2011-11-01
hw_expanding,21977,win,123.78550377221946,124.63420646286382,10.574835525428625,0.6809548636210393,hw_365d,2011-11-01
hw_expanding,21980,win,133.21000859390614,149.330856162514,51.747920695231244,10.795389501459665,hw_365d,2011-11-01
hw_expanding,21981,win,155.61702193192153,164.35666501519302,21.324729123182465,5.317486262247778,hw_365d,2011-11-01
hw_expanding,21982,win,86.87402744754002,152.93714882045927,606.4594542033988,43.19625537839347,hw_365d,2011-11-01
hw_expanding,21984,win,165.54796915535644,239.43697833563263,104.18350294418943,30.859481143594163,hw_365d,2011-11-01
hw_expanding,22197,win,69.98970066522975,71.96231801401626,220.81478602316201,2.741180944730411,hw_365d,2011-11-01
hw_expanding,84077,loss,119.87725994814936,57.32878654107931,-2640.7965472464975,-109.10482705272427,hw_365d,2011-11-01
hw_expanding,84347,loss,121.4341320488974,83.2763618138177,-1043.9965936317803,-45.82064994672754,hw_365d,2011-11-01
hw_expanding,84755,win,88.1442953492108,92.71152974307215,41.470488296261124,4.926285227434337,hw_365d,2011-11-01
hw_expanding,84879,loss,64.77785590059909,61.69274019536603,-154.71855261743804,-5.000775934839735,hw_365d,2011-11-01
hw_expanding,84991,win,92.50451994077692,93.6477917480116,15.342707653089292,1.2208208927243154,hw_365d,2011-11-01
hw_expanding,84992,loss,132.3965323377658,128.91354199470274,-26.888685448446722,-2.701803308768114,hw_365d,2011-11-01
hw_expanding,85099B,loss,65.37029716402355,64.64226663663617,-40.44209579636936,-1.1262453581334912,hw_365d,2011-11-01
hw_expanding,85123A,loss,66.97043269423102,64.78757565450313,-98.49050963252193,-3.3692525421364037,hw_365d,2011-11-01
seasonal_naive,15036,loss,135.48431154644715,123.0,-74.90586927868287,-10.149846785729386,hw_365d,2011-11-01
seasonal_naive,17003,win,275.1310016804948,713.3194588969823,4210.991073850444,61.429483207154554,hw_365d,2011-11-01
seasonal_naive,20725,win,51.96830143954367,62.655153804641124,198.02737432525578,17.05662138891092,hw_365d,2011-11-01
seasonal_naive,21212,win,78.45816986831407,82.24699828473413,88.35547867091577,4.606646437482575,hw_365d,2011-11-01
seasonal_naive,21213,win,161.30065155423503,325.2788104089219,882.2024946382155,50.411571122183744,hw_365d,2011-11-01
seasonal_naive,21232,win,80.89104425873705,86.28158844765343,74.65903701649177,6.247618160375888,hw_365d,2011-11-01
seasonal_naive,21977,loss,123.78550377221946,89.88764044943821,-422.3673770018545,-37.71137294659414,hw_365d,2011-11-01
seasonal_naive,21980,loss,133.21000859390614,119.31464174454828,-44.60412758643872,-11.645986314997055,hw_365d,2011-11-01
seasonal_naive,21981,win,155.61702193192153,214.75409836065575,144.2944664861115,27.537111924830437,hw_365d,2011-11-01
seasonal_naive,21982,win,86.87402744754002,121.35076252723312,316.4964280315826,28.410810415761457,hw_365d,2011-11-01
seasonal_naive,21984,loss,165.54796915535644,162.4113475177305,-4.42263650905258,-1.9312823183635763,hw_365d,2011-11-01
seasonal_naive,22197,win,69.98970066522975,133.07128819010185,7061.352907534182,47.40435625358608,hw_365d,2011-11-01
seasonal_naive,84077,win,119.87725994814936,503.1264803410706,16180.782084989134,76.17353396567712,hw_365d,2011-11-01
seasonal_naive,84347,loss,121.4341320488974,87.64619883040936,-924.4378528578327,-38.55036917672363,hw_365d,2011-11-01
seasonal_naive,84755,loss,88.1442953492108,84.14096916299559,-36.35020177083402,-4.7578798129363955,hw_365d,2011-11-01
seasonal_naive,84879,win,64.77785590059909,82.81156530408774,904.3905265849558,21.776800543822667,hw_365d,2011-11-01
seasonal_naive,84991,win,92.50451994077692,181.66915052160954,1196.5893423947737,49.08077696451082,hw_365d,2011-11-01
seasonal_naive,84992,win,132.3965323377658,216.58031088082902,649.8987703524481,38.869543681366515,hw_365d,2011-11-01
seasonal_naive,85099B,win,65.37029716402355,76.99369936993699,645.6799925384912,15.09656283700003,hw_365d,2011-11-01
seasonal_naive,85123A,win,66.97043269423102,75.97517730496453,406.2940768362964,11.8522192776049,hw_365d,2011-11-01
weekday_mean_4w,15036,win,135.48431154644715,186.16666666666666,304.09413072131713,27.224183591881562,hw_365d,2011-11-01
weekday_mean_4w,17003,loss,275.1310016804948,248.5952133194589,-255.00892614955546,-10.674295778549816,hw_365d,2011-11-01
weekday_mean_4w,20725,win,51.96830143954367,56.96168375607124,92.52737432525578,8.76621263147852,hw_365d,2011-11-01
weekday_mean_4w,21212,loss,78.45816986831407,70.45454545454545,-186.64452132908423,-11.359983038897395,hw_365d,2011-11-01
weekday_mean_4w,21213,win,161.30065155423503,179.08921933085503,95.70249463821551,9.932796537438048,hw_365d,2011-11-01
weekday_mean_4w,21232,win,80.89104425873705,82.63537906137184,24.159037016491766,2.1108813470067043,hw_365d,2011-11-01
weekday_mean_4w,21977,loss,123.78550377221946,103.97271268057784,-246.8673770018545,-19.05576047872285,hw_365d,2011-11-01
weekday_mean_4w,21980,win,133.21000859390614,227.41433021806853,302.3958724135613,41.42409211144675,hw_365d,2011-11-01
weekday_mean_4w,21981,loss,155.61702193192153,133.81147540983608,-53.2055335138885,-16.295722362599847,hw_365d,2011-11-01
weekday_mean_4w,21982,win,86.87402744754002,91.7755991285403,44.99642803158258,5.340822318288745,hw_365d,2011-11-01
weekday_mean_4w,21984,loss,165.54796915535644,140.0709219858156,-35.92263650905258,-18.188676713444345,hw_365d,2011-11-01
weekday_mean_4w,22197,win,69.98970066522975,75.14740039306771,577.3529075341821,6.863443979246098,hw_365d,2011-11-01
weekday_mean_4w,84077,win,119.87725994814936,145.7129322595926,1090.782084989134,17.73052803948527,hw_365d,2011-11-01
weekday_mean_4w,84347,loss,121.4341320488974,77.86915204678363,-1191.9378528578327,-55.94639065279666,hw_365d,2011-11-01
weekday_mean_4w,84755,win,88.1442953492108,90.30837004405286,19.64979822916598,2.396316857215367,hw_365d,2011-11-01
weekday_mean_4w,84879,win,64.77785590059909,67.46759720837487,134.89052658495575,3.986715725874248,hw_365d,2011-11-01
weekday_mean_4w,84991,win,92.50451994077692,128.68852459016392,485.58934239477367,28.117506797612837,hw_365d,2011-11-01
weekday_mean_4w,84992,win,132.3965323377658,147.279792746114,114.89877035244808,10.105432748676177,hw_365d,2011-11-01
weekday_mean_4w,85099B,win,65.37029716402355,76.97569756975697,644.6799925384912,15.076707028496058,hw_365d,2011-11-01
weekday_mean_4w,85123A,win,66.97043269423102,70.6892730496454,167.79407683629643,5.260826989694198,hw_365d,2011-11-01
weekday_mean_8w,15036,loss,135.48431154644715,132.25,-19.40586927868287,-2.445604193910885,hw_365d,2011-11-01
weekday_mean_8w,17003,loss,275.1310016804948,196.07180020811654,-759.7589261495555,-40.32155638315273,hw_365d,2011-11-01
weekday_mean_8w,20725,loss,51.96830143954367,49.70318402590394,-41.97262567474422,-4.557288346877775,hw_365d,2011-11-01
weekday_mean_8w,21212,win,78.45816986831407,78.74142367066895,6.6054786709157725,0.35972654436573187,hw_365d,2011-11-01
weekday_mean_8w,21213,win,161.30065155423503,242.9368029739777,439.2024946382155,33.60386340001649,hw_365d,2011-11-01
weekday_mean_8w,21232,loss,80.89104425873705,77.88808664259928,-41.590962983508234,-3.8554774492244004,hw_365d,2011-11-01
weekday_mean_8w,21977,loss,123.78550377221946,111.29614767255217,-155.6173770018545,-11.221732612356549,hw_365d,2011-11-01
weekday_mean_8w,21980,win,133.21000859390614,163.2398753894081,96.39587241356128,18.396158857549864,hw_365d,2011-11-01
weekday_mean_8w,21981,loss,155.61702193192153,133.4016393442623,-54.2055335138885,-16.65300568783058,hw_365d,2011-11-01
weekday_mean_8w,21982,loss,86.87402744754002,84.9400871459695,-17.75357196841742,-2.276828723105782,hw_365d,2011-11-01
weekday_mean_8w,21984,win,165.54796915535644,175.53191489361703,14.07736349094742,5.687823632706031,hw_365d,2011-11-01
weekday_mean_8w,22197,win,69.98970066522975,75.12283366088977,574.6029075341821,6.832986384447871,hw_365d,2011-11-01
weekday_mean_8w,84077,loss,119.87725994814936,101.2730933207011,-785.4679150108659,-18.37029562090547,hw_365d,2011-11-01
weekday_mean_8w,84347,loss,121.4341320488974,74.38779239766082,-1287.1878528578327,-63.244704722163505,hw_365d,2011-11-01
weekday_mean_8w,84755,win,88.1442953492108,99.11894273127753,99.64979822916598,11.072199803240661,hw_365d,2011-11-01
weekday_mean_8w,84879,loss,64.77785590059909,64.75573280159522,-1.1094734150442491,-0.03416392348096888,hw_365d,2011-11-01
weekday_mean_8w,84991,win,92.50451994077692,119.61624441132638,363.83934239477367,22.665587440882963,hw_365d,2011-11-01
weekday_mean_8w,84992,win,132.3965323377658,137.75906735751295,41.39877035244808,3.892691147385806,hw_365d,2011-11-01
weekday_mean_8w,85099B,win,65.37029716402355,66.31413141314131,52.429992538491206,1.4232777071867357,hw_365d,2011-11-01
weekday_mean_8w,85123A,loss,66.97043269423102,66.14583333333333,-37.205923163703574,-1.2466384038768275,hw_365d,2011-11-01
