product_id,first_sale,last_sale,initial_units,active_days,recent_active_days,active_day_fraction,recent_active_day_fraction,eligible,selected
10002,2009-12-01,2010-12-20,8067,193,48,0.48737373737373735,0.5333333333333333,True,False
10002R,2009-12-02,2010-01-25,4,3,0,0.007575757575757576,0.0,False,False
10080,2009-12-02,2010-11-21,12,5,1,0.012626262626262626,0.011111111111111112,False,False
10109,2009-12-03,2009-12-03,4,1,0,0.0025252525252525255,0.0,False,False
10120,2009-12-01,2010-12-10,488,43,17,0.10858585858585859,0.18888888888888888,False,False
10123C,2009-12-01,2010-12-03,649,54,9,0.13636363636363635,0.1,False,False
10123G,2009-12-01,2010-11-29,2251,15,9,0.03787878787878788,0.1,False,False
10124A,2010-03-19,2010-12-06,46,14,5,0.03535353535353535,0.05555555555555555,False,False
10124G,2010-05-13,2010-12-02,21,7,2,0.017676767676767676,0.022222222222222223,False,False
10125,2009-12-01,2010-12-23,964,68,26,0.1717171717171717,0.28888888888888886,False,False
10133,2009-12-01,2010-12-23,1111,87,28,0.2196969696969697,0.3111111111111111,False,False
10134,2009-12-03,2010-11-12,627,45,8,0.11363636363636363,0.08888888888888889,False,False
10135,2009-12-01,2010-12-23,2408,125,47,0.31565656565656564,0.5222222222222223,True,False
10138,2009-12-02,2010-04-20,261,18,0,0.045454545454545456,0.0,False,False
11001,2009-12-01,2010-12-20,3291,112,40,0.2828282828282828,0.4444444444444444,True,False
15030,2009-12-13,2010-10-31,111,14,1,0.03535353535353535,0.011111111111111112,False,False
15034,2009-12-01,2010-12-20,3691,103,22,0.2601010101010101,0.24444444444444444,False,False
15036,2009-12-01,2010-12-21,20607,214,48,0.5404040404040404,0.5333333333333333,True,True
15039,2009-12-03,2010-12-17,3032,121,18,0.3055555555555556,0.2,False,False
15044A,2009-12-07,2010-12-21,4512,108,9,0.2727272727272727,0.1,False,False
15044B,2009-12-01,2010-12-06,1352,100,11,0.25252525252525254,0.12222222222222222,False,False
15044C,2009-12-01,2010-12-21,666,114,12,0.2878787878787879,0.13333333333333333,False,False
15044D,2009-12-01,2010-12-06,953,110,11,0.2777777777777778,0.12222222222222222,False,False
15056BL,2009-12-01,2010-12-23,6940,248,62,0.6262626262626263,0.6888888888888889,True,False
15056N,2009-12-01,2010-12-23,7534,256,57,0.6464646464646465,0.6333333333333333,True,False
15056P,2009-12-01,2010-12-23,1789,155,45,0.39141414141414144,0.5,True,False
15058A,2010-01-24,2010-12-10,277,45,1,0.11363636363636363,0.011111111111111112,False,False
15058B,2010-01-13,2010-12-10,211,47,4,0.11868686868686869,0.044444444444444446,False,False
15058C,2010-01-24,2010-11-10,230,46,1,0.11616161616161616,0.011111111111111112,False,False
15059A,2009-12-01,2009-12-03,509,3,0,0.007575757575757576,0.0,False,False
15060B,2009-12-03,2010-12-20,1022,200,53,0.5050505050505051,0.5888888888888889,True,False
16008,2010-03-19,2010-12-13,263,16,11,0.04040404040404041,0.12222222222222222,False,False
16010,2010-01-17,2010-12-05,14,2,1,0.005050505050505051,0.011111111111111112,False,False
16011,2009-12-04,2010-12-16,2181,64,24,0.16161616161616163,0.26666666666666666,False,False
16012,2009-12-02,2010-12-16,1825,47,21,0.11868686868686869,0.23333333333333334,False,False
16014,2009-12-03,2010-12-19,17056,44,13,0.1111111111111111,0.14444444444444443,False,False
16015,2009-12-03,2010-12-19,931,39,11,0.09848484848484848,0.12222222222222222,False,False
16016,2009-12-03,2010-12-13,1069,43,11,0.10858585858585859,0.12222222222222222,False,False
16020C,2009-12-07,2010-11-08,76,21,6,0.05303030303030303,0.06666666666666667,False,False
16033,2009-12-10,2010-12-20,14521,44,12,0.1111111111111111,0.13333333333333333,False,False
16043,2009-12-16,2010-10-25,2047,11,1,0.027777777777777776,0.011111111111111112,False,False
16044,2010-01-07,2010-02-18,6193,3,0,0.007575757575757576,0.0,False,False
16045,2010-01-07,2010-12-22,512,7,2,0.017676767676767676,0.022222222222222223,False,False
16046,2009-12-04,2010-12-10,10002,44,14,0.1111111111111111,0.15555555555555556,False,False
16047,2009-12-01,2010-10-24,10614,28,5,0.0707070707070707,0.05555555555555555,False,False
16048,2009-12-07,2010-12-20,2028,37,8,0.09343434343434344,0.08888888888888889,False,False
16049,2009-12-04,2010-11-04,2665,24,2,0.06060606060606061,0.022222222222222223,False,False
16050,2010-02-16,2010-04-19,151,7,0,0.017676767676767676,0.0,False,False
16051,2009-12-10,2010-06-09,941,4,0,0.010101010101010102,0.0,False,False
16052,2009-12-16,2010-12-07,371,22,4,0.05555555555555555,0.044444444444444446,False,False
16053,2010-01-07,2010-11-16,4313,10,2,0.025252525252525252,0.022222222222222223,False,False
16054,2010-01-07,2010-12-10,46,7,2,0.017676767676767676,0.022222222222222223,False,False
16119,2009-12-10,2009-12-22,273,6,0,0.015151515151515152,0.0,False,False
16151A,2010-04-30,2010-05-02,3,2,0,0.005050505050505051,0.0,False,False
16156L,2010-01-10,2010-11-19,475,17,3,0.04292929292929293,0.03333333333333333,False,False
16156N,2009-12-01,2010-06-21,1475,47,0,0.11868686868686869,0.0,False,False
16156S,2009-12-01,2010-12-23,11086,168,38,0.42424242424242425,0.4222222222222222,True,False
16161C,2009-12-01,2009-12-22,450,2,0,0.005050505050505051,0.0,False,False
16161E,2009-12-07,2010-02-22,750,7,0,0.017676767676767676,0.0,False,False
16161G,2010-01-19,2010-11-30,275,11,3,0.027777777777777776,0.03333333333333333,False,False
16161M,2009-12-03,2010-12-02,1050,37,7,0.09343434343434344,0.07777777777777778,False,False
16161P,2009-12-01,2010-12-16,6097,124,34,0.31313131313131315,0.37777777777777777,True,False
16161U,2009-12-01,2010-12-19,6051,141,25,0.3560606060606061,0.2777777777777778,False,False
16162L,2009-12-09,2010-09-27,8081,17,0,0.04292929292929293,0.0,False,False
16162M,2010-06-14,2010-11-10,60,5,1,0.012626262626262626,0.011111111111111112,False,False
16168M,2009-12-09,2010-12-08,1342,55,11,0.1388888888888889,0.12222222222222222,False,False
16168S,2009-12-10,2010-02-05,1283,9,0,0.022727272727272728,0.0,False,False
16169A,2010-04-29,2010-04-29,25,1,0,0.0025252525252525255,0.0,False,False
16169C,2009-12-01,2010-11-04,1350,32,15,0.08080808080808081,0.16666666666666666,False,False
16169D,2009-12-01,2009-12-13,250,5,0,0.012626262626262626,0.0,False,False
16169F,2009-12-01,2010-10-17,975,26,10,0.06565656565656566,0.1111111111111111,False,False
16169G,2009-12-10,2009-12-10,25,1,0,0.0025252525252525255,0.0,False,False
16169K,2009-12-04,2010-12-06,1900,45,15,0.11363636363636363,0.16666666666666666,False,False
16169M,2009-12-03,2010-10-10,1400,29,2,0.07323232323232323,0.022222222222222223,False,False
16169N,2009-12-01,2010-12-06,2025,49,6,0.12373737373737374,0.06666666666666667,False,False
16169P,2009-12-04,2010-12-19,1750,46,8,0.11616161616161616,0.08888888888888889,False,False
16192,2009-12-18,2009-12-18,3,1,0,0.0025252525252525255,0.0,False,False
16201A,2009-12-02,2010-09-09,101,7,0,0.017676767676767676,0.0,False,False
16201B,2009-12-02,2009-12-10,34,4,0,0.010101010101010102,0.0,False,False
16202A,2009-12-02,2010-11-19,656,19,4,0.047979797979797977,0.044444444444444446,False,False
16202B,2009-12-02,2010-11-15,1010,20,3,0.050505050505050504,0.03333333333333333,False,False
16202C,2009-12-02,2010-05-06,97,12,0,0.030303030303030304,0.0,False,False
16202E,2009-12-02,2010-11-14,67,11,2,0.027777777777777776,0.022222222222222223,False,False
16206B,2010-01-31,2010-12-23,91,14,10,0.03535353535353535,0.1111111111111111,False,False
16207A,2009-12-01,2010-12-19,85,37,2,0.09343434343434344,0.022222222222222223,False,False
16207B,2009-12-11,2010-11-12,236,14,1,0.03535353535353535,0.011111111111111112,False,False
16212,2009-12-02,2010-11-12,375,35,4,0.08838383838383838,0.044444444444444446,False,False
16215,2009-12-03,2009-12-03,8,1,0,0.0025252525252525255,0.0,False,False
16216,2009-12-04,2010-12-13,845,39,13,0.09848484848484848,0.14444444444444443,False,False
16218,2009-12-08,2010-12-12,816,33,9,0.08333333333333333,0.1,False,False
16219,2009-12-06,2010-12-16,322,28,8,0.0707070707070707,0.08888888888888889,False,False
16225,2009-12-01,2010-12-23,980,63,23,0.1590909090909091,0.25555555555555554,False,False
16235,2009-12-01,2010-12-20,2914,112,33,0.2828282828282828,0.36666666666666664,True,False
16236,2009-12-02,2010-12-17,1272,105,41,0.26515151515151514,0.45555555555555555,True,False
16237,2009-12-01,2010-12-20,6009,180,57,0.45454545454545453,0.6333333333333333,True,False
16238,2009-12-01,2010-12-23,1137,91,38,0.2297979797979798,0.4222222222222222,False,False
16239,2009-12-02,2010-03-02,347,16,0,0.04040404040404041,0.0,False,False
16243B,2009-12-02,2010-03-11,212,6,0,0.015151515151515152,0.0,False,False
16244A,2009-12-02,2010-03-15,186,24,0,0.06060606060606061,0.0,False,False
16244B,2009-12-03,2010-08-05,338,24,0,0.06060606060606061,0.0,False,False
16245A,2010-03-10,2010-07-12,11,6,0,0.015151515151515152,0.0,False,False
16248B,2010-09-20,2010-11-21,69,4,3,0.010101010101010102,0.03333333333333333,False,False
16254,2010-01-11,2010-11-21,901,15,4,0.03787878787878788,0.044444444444444446,False,False
16256B,2009-12-04,2010-06-10,524,34,0,0.08585858585858586,0.0,False,False
16256C,2009-12-13,2010-05-23,169,10,0,0.025252525252525252,0.0,False,False
16258A,2009-12-11,2010-12-10,610,40,19,0.10101010101010101,0.2111111111111111,False,False
16258B,2009-12-02,2009-12-22,1017,10,0,0.025252525252525252,0.0,False,False
16259,2009-12-07,2010-11-23,2093,23,6,0.05808080808080808,0.06666666666666667,False,False
17001,2009-12-04,2010-11-28,1139,20,7,0.050505050505050504,0.07777777777777778,False,False
17003,2009-12-01,2010-12-17,48500,158,48,0.398989898989899,0.5333333333333333,True,True
17007B,2009-12-14,2010-12-06,22,5,2,0.012626262626262626,0.022222222222222223,False,False
17011A,2009-12-22,2010-08-20,261,12,0,0.030303030303030304,0.0,False,False
17011B,2010-05-30,2010-08-20,19,2,0,0.005050505050505051,0.0,False,False
17011C,2009-12-14,2009-12-16,335,2,0,0.005050505050505051,0.0,False,False
17011D,2009-12-15,2010-08-20,209,4,0,0.010101010101010102,0.0,False,False
17011E,2009-12-16,2009-12-16,124,1,0,0.0025252525252525255,0.0,False,False
17011F,2009-12-16,2010-12-16,306,15,5,0.03787878787878788,0.05555555555555555,False,False
17012A,2009-12-01,2010-12-23,437,33,21,0.08333333333333333,0.23333333333333334,False,False
17012B,2009-12-08,2010-12-23,240,46,32,0.11616161616161616,0.35555555555555557,False,False
17012C,2010-02-05,2010-12-23,568,34,21,0.08585858585858586,0.23333333333333334,False,False
17012D,2010-03-12,2010-12-17,72,24,20,0.06060606060606061,0.2222222222222222,False,False
17012E,2009-12-16,2010-12-15,287,25,17,0.06313131313131314,0.18888888888888888,False,False
17012F,2010-03-03,2010-12-16,180,19,14,0.047979797979797977,0.15555555555555556,False,False
17013B,2009-12-09,2009-12-16,256,3,0,0.007575757575757576,0.0,False,False
17013C,2009-12-16,2010-03-03,213,2,0,0.005050505050505051,0.0,False,False
17013D,2009-12-09,2010-12-23,633,21,7,0.05303030303030303,0.07777777777777778,False,False
17013F,2009-12-21,2010-08-20,62,5,0,0.012626262626262626,0.0,False,False
17014A,2009-12-09,2010-12-15,146,9,4,0.022727272727272728,0.044444444444444446,False,False
17014C,2009-12-05,2009-12-10,97,2,0,0.005050505050505051,0.0,False,False
17014D,2010-01-14,2010-08-20,479,8,0,0.020202020202020204,0.0,False,False
17014E,2010-05-10,2010-08-20,95,6,0,0.015151515151515152,0.0,False,False
17014F,2010-01-21,2010-08-20,61,4,0,0.010101010101010102,0.0,False,False
17021,2010-01-22,2010-12-23,2093,31,13,0.07828282828282829,0.14444444444444443,False,False
17027A,2010-02-04,2010-03-10,228,2,0,0.005050505050505051,0.0,False,False
17033,2009-12-02,2010-10-19,3280,56,2,0.1414141414141414,0.022222222222222223,False,False
17038,2009-12-14,2010-12-13,1136,23,8,0.05808080808080808,0.08888888888888889,False,False
17039,2009-12-02,2010-08-09,3707,39,0,0.09848484848484848,0.0,False,False
17061,2009-12-07,2009-12-07,52,1,0,0.0025252525252525255,0.0,False,False
17084A,2010-02-04,2010-11-25,242,11,3,0.027777777777777776,0.03333333333333333,False,False
17084G,2009-12-02,2009-12-07,50,2,0,0.005050505050505051,0.0,False,False
17084J,2009-12-01,2010-12-07,256,13,4,0.03282828282828283,0.044444444444444446,False,False
17084N,2009-12-02,2010-12-23,1542,82,24,0.20707070707070707,0.26666666666666666,False,False
17084P,2009-12-07,2010-12-09,618,30,10,0.07575757575757576,0.1111111111111111,False,False
17084R,2009-12-02,2010-12-15,8321,41,8,0.10353535353535354,0.08888888888888889,False,False
17090A,2009-12-10,2010-12-12,107,19,8,0.047979797979797977,0.08888888888888889,False,False
17090D,2009-12-13,2010-12-10,67,19,8,0.047979797979797977,0.08888888888888889,False,False
17091A,2009-12-06,2010-12-13,1971,82,19,0.20707070707070707,0.2111111111111111,False,False
17091B,2009-12-06,2010-09-09,282,45,0,0.11363636363636363,0.0,False,False
17091F,2009-12-06,2010-01-10,19,7,0,0.017676767676767676,0.0,False,False
17091J,2009-12-01,2010-12-20,2092,78,21,0.19696969696969696,0.23333333333333334,False,False
17096,2009-12-02,2010-12-17,5428,48,12,0.12121212121212122,0.13333333333333333,False,False
17107D,2009-12-04,2010-12-16,184,41,17,0.10353535353535354,0.18888888888888888,False,False
17108D,2009-12-01,2010-03-28,355,22,0,0.05555555555555555,0.0,False,False
17109A,2009-12-02,2010-03-26,709,13,0,0.03282828282828283,0.0,False,False
17109B,2009-12-02,2010-03-05,4542,15,0,0.03787878787878788,0.0,False,False
17109C,2009-12-02,2010-03-03,3124,12,0,0.030303030303030304,0.0,False,False
17109D,2009-12-04,2010-12-05,1199,32,6,0.08080808080808081,0.06666666666666667,False,False
17129C,2009-12-09,2010-05-04,87,11,0,0.027777777777777776,0.0,False,False
17129D,2009-12-01,2010-03-05,1125,30,0,0.07575757575757576,0.0,False,False
17129F,2009-12-04,2010-12-21,997,84,13,0.21212121212121213,0.14444444444444443,False,False
17136A,2009-12-03,2010-11-23,391,16,3,0.04040404040404041,0.03333333333333333,False,False
17164B,2009-12-01,2010-12-13,1613,63,18,0.1590909090909091,0.2,False,False
17164D,2009-12-01,2010-03-19,1159,23,0,0.05808080808080808,0.0,False,False
17165B,2009-12-01,2010-10-10,813,47,1,0.11868686868686869,0.011111111111111112,False,False
17165D,2009-12-01,2010-12-14,714,65,17,0.16414141414141414,0.18888888888888888,False,False
17174,2010-02-01,2010-10-27,27,3,1,0.007575757575757576,0.011111111111111112,False,False
17178,2009-12-08,2010-09-16,133,23,0,0.05808080808080808,0.0,False,False
17181,2009-12-01,2010-08-05,354,47,0,0.11868686868686869,0.0,False,False
17191A,2009-12-09,2010-11-28,29,10,4,0.025252525252525252,0.044444444444444446,False,False
18007,2009-12-02,2010-12-20,5588,41,20,0.10353535353535354,0.2222222222222222,False,False
18010,2009-12-01,2010-01-28,64,8,0,0.020202020202020204,0.0,False,False
18094C,2009-12-02,2010-12-17,257,50,14,0.12626262626262627,0.15555555555555556,False,False
18096C,2009-12-01,2010-02-24,131,18,0,0.045454545454545456,0.0,False,False
18097A,2010-03-05,2010-12-02,14,8,5,0.020202020202020204,0.05555555555555555,False,False
18097B,2009-12-02,2010-01-17,7,3,0,0.007575757575757576,0.0,False,False
18097C,2009-12-01,2010-12-17,1140,113,35,0.28535353535353536,0.3888888888888889,True,False
18098A,2009-12-14,2009-12-17,2,2,0,0.005050505050505051,0.0,False,False
18098B,2009-12-13,2010-02-24,3,3,0,0.007575757575757576,0.0,False,False
18098C,2009-12-01,2010-12-21,1444,177,45,0.44696969696969696,0.5,True,False
20615,2009-12-01,2010-12-23,348,79,21,0.1994949494949495,0.23333333333333334,False,False
20616,2009-12-01,2010-12-16,142,42,11,0.10606060606060606,0.12222222222222222,False,False
20617,2009-12-02,2010-12-23,418,60,20,0.15151515151515152,0.2222222222222222,False,False
20618,2009-12-01,2010-12-23,156,61,17,0.15404040404040403,0.18888888888888888,False,False
20619,2009-12-01,2010-12-23,369,77,15,0.19444444444444445,0.16666666666666666,False,False
20620,2009-12-02,2010-02-03,15,11,0,0.027777777777777776,0.0,False,False
20621,2009-12-02,2010-09-02,208,31,0,0.07828282828282829,0.0,False,False
20622,2009-12-01,2010-12-16,457,71,30,0.17929292929292928,0.3333333333333333,False,False
20652,2009-12-01,2010-12-23,1261,73,15,0.18434343434343434,0.16666666666666666,False,False
20653,2009-12-02,2010-12-07,1933,41,13,0.10353535353535354,0.14444444444444443,False,False
20654,2009-12-01,2010-12-23,256,67,22,0.1691919191919192,0.24444444444444444,False,False
20655,2009-12-01,2010-12-23,232,79,29,0.1994949494949495,0.32222222222222224,False,False
20657,2009-12-01,2010-12-16,1808,65,12,0.16414141414141414,0.13333333333333333,False,False
20658,2009-12-01,2010-12-21,1212,174,45,0.4393939393939394,0.5,True,False
20659,2009-12-01,2010-12-23,224,64,18,0.16161616161616163,0.2,False,False
20660,2009-12-01,2010-08-01,73,19,0,0.047979797979797977,0.0,False,False
20661,2009-12-01,2010-12-03,856,83,18,0.20959595959595959,0.2,False,False
20662,2009-12-06,2010-12-23,700,30,8,0.07575757575757576,0.08888888888888889,False,False
20663,2009-12-10,2010-12-12,1052,25,8,0.06313131313131314,0.08888888888888889,False,False
20664,2009-12-15,2010-12-21,31,16,4,0.04040404040404041,0.044444444444444446,False,False
20665,2009-12-01,2010-12-23,930,146,39,0.3686868686868687,0.43333333333333335,True,False
20666,2009-12-08,2010-12-12,882,28,5,0.0707070707070707,0.05555555555555555,False,False
20667,2009-12-17,2010-10-10,20,8,1,0.020202020202020204,0.011111111111111112,False,False
20668,2009-12-02,2010-12-20,10023,95,58,0.2398989898989899,0.6444444444444445,False,False
20669,2009-12-02,2010-12-20,540,113,38,0.28535353535353536,0.4222222222222222,True,False
20670,2009-12-08,2010-12-12,681,34,3,0.08585858585858586,0.03333333333333333,False,False
20671,2009-12-02,2010-12-09,787,123,18,0.3106060606060606,0.2,False,False
20672,2009-12-02,2010-03-05,138,30,0,0.07575757575757576,0.0,False,False
20673,2009-12-01,2009-12-03,5,2,0,0.005050505050505051,0.0,False,False
20674,2009-12-01,2010-12-23,1914,189,36,0.4772727272727273,0.4,True,False
20675,2009-12-01,2010-12-23,3491,214,40,0.5404040404040404,0.4444444444444444,True,False
20676,2009-12-01,2010-12-21,5632,260,57,0.6565656565656566,0.6333333333333333,True,False
20677,2009-12-01,2010-12-23,4354,235,49,0.5934343434343434,0.5444444444444444,True,False
20679,2009-12-01,2010-12-23,4590,208,56,0.5252525252525253,0.6222222222222222,True,False
20680,2009-12-10,2010-01-22,6,4,0,0.010101010101010102,0.0,False,False
20681,2009-12-01,2010-12-20,1317,182,52,0.4595959595959596,0.5777777777777777,True,False
20682,2009-12-01,2010-12-23,1946,205,57,0.5176767676767676,0.6333333333333333,True,False
20683,2009-12-11,2009-12-11,1,1,0,0.0025252525252525255,0.0,False,False
20684,2009-12-01,2010-12-10,505,114,27,0.2878787878787879,0.3,True,False
20685,2009-12-01,2010-12-22,6082,294,68,0.7424242424242424,0.7555555555555555,True,False
20686,2009-12-02,2010-12-20,341,93,27,0.23484848484848486,0.3,False,False
20688,2009-12-04,2010-03-17,464,10,0,0.025252525252525252,0.0,False,False
20689,2009-12-07,2010-07-14,430,34,0,0.08585858585858586,0.0,False,False
20692,2009-12-01,2010-09-08,912,92,0,0.23232323232323232,0.0,False,False
20693,2009-12-02,2010-03-14,33,16,0,0.04040404040404041,0.0,False,False
20694,2009-12-01,2010-12-20,126,32,6,0.08080808080808081,0.06666666666666667,False,False
20695,2009-12-01,2010-12-08,138,41,7,0.10353535353535354,0.07777777777777778,False,False
20696,2009-12-02,2010-12-23,111,36,11,0.09090909090909091,0.12222222222222222,False,False
20697,2009-12-13,2010-12-03,23,11,4,0.027777777777777776,0.044444444444444446,False,False
20698,2010-01-17,2010-11-04,30,12,3,0.030303030303030304,0.03333333333333333,False,False
20699,2009-12-04,2010-12-23,213,51,18,0.12878787878787878,0.2,False,False
20700,2009-12-07,2010-12-21,350,34,5,0.08585858585858586,0.05555555555555555,False,False
20701,2009-12-02,2010-12-23,329,19,4,0.047979797979797977,0.044444444444444446,False,False
20702,2009-12-03,2010-12-09,668,151,25,0.3813131313131313,0.2777777777777778,False,False
20703,2009-12-01,2010-11-29,474,129,16,0.32575757575757575,0.17777777777777778,False,False
20704,2009-12-06,2010-12-22,226,35,11,0.08838383838383838,0.12222222222222222,False,False
20705,2009-12-07,2010-12-22,186,28,10,0.0707070707070707,0.1111111111111111,False,False
20707,2009-12-04,2010-12-14,1154,50,9,0.12626262626262627,0.1,False,False
20711,2009-12-01,2010-12-22,7931,249,55,0.6287878787878788,0.6111111111111112,True,False
20712,2009-12-01,2010-12-23,8330,233,64,0.5883838383838383,0.7111111111111111,True,False
20713,2009-12-01,2010-12-20,9894,249,62,0.6287878787878788,0.6888888888888889,True,False
20714,2009-12-01,2010-01-12,1580,14,0,0.03535353535353535,0.0,False,False
20715,2010-01-07,2010-01-07,400,1,0,0.0025252525252525255,0.0,False,False
20716,2009-12-01,2010-12-17,1163,138,31,0.3484848484848485,0.34444444444444444,True,False
20717,2009-12-04,2010-12-23,3589,225,53,0.5681818181818182,0.5888888888888889,True,False
20718,2009-12-01,2010-12-23,8867,281,59,0.7095959595959596,0.6555555555555556,True,False
20719,2009-12-01,2010-12-23,12259,278,65,0.702020202020202,0.7222222222222222,True,False
20721,2009-12-07,2009-12-07,1,1,0,0.0025252525252525255,0.0,False,False
20723,2009-12-01,2010-12-23,8972,272,63,0.6868686868686869,0.7,True,False
20724,2009-12-01,2010-12-23,15232,299,68,0.7550505050505051,0.7555555555555555,True,False
20725,2009-12-01,2010-12-23,21685,316,71,0.797979797979798,0.7888888888888889,True,True
20726,2009-12-01,2010-12-23,12796,301,69,0.76010101010101,0.7666666666666667,True,False
20727,2009-12-01,2010-12-23,15046,305,67,0.7702020202020202,0.7444444444444445,True,False
20728,2009-12-01,2010-12-23,13339,297,66,0.75,0.7333333333333333,True,False
20729,2009-12-01,2010-06-16,5262,72,0,0.18181818181818182,0.0,False,False
20730,2009-12-01,2010-09-05,2218,61,0,0.15404040404040403,0.0,False,False
20731,2009-12-07,2010-12-06,4051,54,5,0.13636363636363635,0.05555555555555555,False,False
20733,2009-12-03,2010-12-23,1373,77,43,0.19444444444444445,0.4777777777777778,False,False
20734,2009-12-01,2010-12-23,1456,82,21,0.20707070707070707,0.23333333333333334,False,False
20735,2009-12-02,2010-12-23,1063,82,45,0.20707070707070707,0.5,False,False
20736,2009-12-02,2010-03-14,291,14,0,0.03535353535353535,0.0,False,False
20737,2009-12-02,2009-12-02,1,1,0,0.0025252525252525255,0.0,False,False
20738,2009-12-03,2010-11-29,1610,63,6,0.1590909090909091,0.06666666666666667,False,False
20739,2009-12-01,2009-12-01,1,1,0,0.0025252525252525255,0.0,False,False
20747,2009-12-01,2010-05-16,684,65,0,0.16414141414141414,0.0,False,False
20748,2009-12-01,2010-12-21,1551,102,19,0.25757575757575757,0.2111111111111111,False,False
20749,2009-12-01,2010-12-17,1447,224,58,0.5656565656565656,0.6444444444444445,True,False
20750,2009-12-01,2010-12-21,2126,253,63,0.6388888888888888,0.7,True,False
20751,2009-12-01,2010-12-23,1995,187,55,0.4722222222222222,0.6111111111111112,True,False
20752,2009-12-01,2010-12-22,1160,145,45,0.3661616161616162,0.5,True,False
20753,2009-12-01,2010-01-18,218,21,0,0.05303030303030303,0.0,False,False
20754,2009-12-01,2010-12-23,3819,252,63,0.6363636363636364,0.7,True,False
20755,2009-12-07,2010-12-21,4861,52,17,0.13131313131313133,0.18888888888888888,False,False
20756,2009-12-01,2010-11-18,5671,30,7,0.07575757575757576,0.07777777777777778,False,False
20757,2009-12-07,2010-12-16,5214,38,14,0.09595959595959595,0.15555555555555556,False,False
20758,2009-12-01,2010-12-09,5279,39,13,0.09848484848484848,0.14444444444444443,False,False
20759,2009-12-17,2010-12-09,5718,33,9,0.08333333333333333,0.1,False,False
20760,2009-12-04,2010-12-09,5486,46,14,0.11616161616161616,0.15555555555555556,False,False
20761,2009-12-01,2010-12-16,351,78,20,0.19696969696969696,0.2222222222222222,False,False
20762,2009-12-04,2010-12-16,367,72,18,0.18181818181818182,0.2,False,False
20763,2009-12-07,2010-12-16,203,44,11,0.1111111111111111,0.12222222222222222,False,False
20764,2009-12-02,2010-12-16,556,88,19,0.2222222222222222,0.2111111111111111,False,False
20765,2009-12-01,2010-12-22,354,76,25,0.1919191919191919,0.2777777777777778,False,False
20766,2009-12-04,2010-12-17,403,79,19,0.1994949494949495,0.2111111111111111,False,False
20767,2009-12-01,2010-12-23,574,92,30,0.23232323232323232,0.3333333333333333,False,False
20768,2009-12-01,2010-12-19,598,80,15,0.20202020202020202,0.16666666666666666,False,False
20769,2009-12-07,2010-12-06,362,41,8,0.10353535353535354,0.08888888888888889,False,False
20770,2009-12-01,2010-12-23,886,112,31,0.2828282828282828,0.34444444444444444,True,False
20771,2009-12-01,2010-12-14,529,84,21,0.21212121212121213,0.23333333333333334,False,False
20772,2009-12-02,2010-12-16,735,79,21,0.1994949494949495,0.23333333333333334,False,False
20773,2009-12-01,2010-12-09,3301,79,19,0.1994949494949495,0.2111111111111111,False,False
20774,2009-12-01,2010-12-09,3407,64,13,0.16161616161616163,0.14444444444444443,False,False
20775,2009-12-06,2010-12-23,3483,46,9,0.11616161616161616,0.1,False,False
20776,2009-12-01,2010-09-17,3259,57,0,0.14393939393939395,0.0,False,False
20777,2009-12-01,2010-12-14,3501,75,19,0.1893939393939394,0.2111111111111111,False,False
20778,2009-12-02,2010-12-09,3601,69,13,0.17424242424242425,0.14444444444444443,False,False
20780,2009-12-01,2010-12-22,215,60,21,0.15151515151515152,0.23333333333333334,False,False
20781,2009-12-04,2010-12-17,79,38,9,0.09595959595959595,0.1,False,False
20782,2009-12-01,2010-12-16,126,47,17,0.11868686868686869,0.18888888888888888,False,False
20783,2009-12-01,2010-08-16,166,40,0,0.10101010101010101,0.0,False,False
20784,2009-12-01,2010-10-21,101,34,2,0.08585858585858586,0.022222222222222223,False,False
20785,2010-01-22,2010-10-21,88,28,1,0.0707070707070707,0.011111111111111112,False,False
20786,2010-01-22,2010-10-22,99,29,4,0.07323232323232323,0.044444444444444446,False,False
20787,2010-01-17,2010-09-22,69,26,0,0.06565656565656566,0.0,False,False
20791,2010-01-14,2010-01-14,5,1,0,0.0025252525252525255,0.0,False,False
20793,2009-12-02,2010-12-12,274,19,2,0.047979797979797977,0.022222222222222223,False,False
20794,2010-01-07,2010-12-17,115,23,4,0.05808080808080808,0.044444444444444446,False,False
20795,2009-12-09,2010-11-23,86,17,3,0.04292929292929293,0.03333333333333333,False,False
20796,2009-12-09,2010-11-21,37,13,2,0.03282828282828283,0.022222222222222223,False,False
20798,2009-12-01,2010-12-10,545,74,15,0.18686868686868688,0.16666666666666666,False,False
20799,2009-12-01,2010-06-21,200,25,0,0.06313131313131314,0.0,False,False
20800,2010-01-11,2010-03-30,1005,5,0,0.012626262626262626,0.0,False,False
20801,2010-01-18,2010-12-23,207,35,12,0.08838383838383838,0.13333333333333333,False,False
20802,2009-12-16,2010-12-23,566,54,14,0.13636363636363635,0.15555555555555556,False,False
20803,2009-12-07,2010-12-16,329,47,12,0.11868686868686869,0.13333333333333333,False,False
20804,2009-12-01,2010-07-01,333,32,0,0.08080808080808081,0.0,False,False
20812,2009-12-01,2010-01-28,5,3,0,0.007575757575757576,0.0,False,False
20814,2009-12-01,2010-02-24,189,10,0,0.025252525252525252,0.0,False,False
20816,2010-02-04,2010-10-29,16,5,1,0.012626262626262626,0.011111111111111112,False,False
20818,2009-12-02,2010-12-17,74,25,3,0.06313131313131314,0.03333333333333333,False,False
20819,2009-12-02,2010-12-06,165,33,3,0.08333333333333333,0.03333333333333333,False,False
20820,2009-12-17,2010-12-01,9,7,3,0.017676767676767676,0.03333333333333333,False,False
20821,2009-12-14,2010-11-04,25,19,1,0.047979797979797977,0.011111111111111112,False,False
20822,2010-02-01,2010-02-01,2,1,0,0.0025252525252525255,0.0,False,False
20823,2009-12-01,2010-11-24,93,11,5,0.027777777777777776,0.05555555555555555,False,False
20825,2009-12-01,2010-11-14,361,6,2,0.015151515151515152,0.022222222222222223,False,False
20826,2009-12-01,2010-12-13,85,7,5,0.017676767676767676,0.05555555555555555,False,False
20827,2009-12-01,2010-11-23,85,6,4,0.015151515151515152,0.044444444444444446,False,False
20828,2009-12-01,2010-12-23,3407,219,55,0.553030303030303,0.6111111111111112,True,False
20829,2009-12-01,2010-12-21,3618,186,43,0.4696969696969697,0.4777777777777778,True,False
20830,2009-12-01,2010-12-21,293,47,17,0.11868686868686869,0.18888888888888888,False,False
20831,2009-12-01,2010-12-12,270,40,10,0.10101010101010101,0.1111111111111111,False,False
20832,2009-12-01,2010-12-23,654,69,19,0.17424242424242425,0.2111111111111111,False,False
20833,2009-12-06,2010-03-09,52,5,0,0.012626262626262626,0.0,False,False
20835,2010-03-03,2010-12-01,14,3,1,0.007575757575757576,0.011111111111111112,False,False
20836,2010-03-02,2010-06-11,54,5,0,0.012626262626262626,0.0,False,False
20837,2009-12-04,2010-11-17,24,3,1,0.007575757575757576,0.011111111111111112,False,False
20838,2010-02-14,2010-10-22,61,6,1,0.015151515151515152,0.011111111111111112,False,False
20839,2009-12-07,2010-12-07,67,15,6,0.03787878787878788,0.06666666666666667,False,False
20840,2009-12-18,2010-12-01,353,19,2,0.047979797979797977,0.022222222222222223,False,False
20845,2009-12-02,2010-10-25,57,13,1,0.03282828282828283,0.011111111111111112,False,False
20846,2009-12-14,2010-12-14,779,71,15,0.17929292929292928,0.16666666666666666,False,False
20847,2009-12-03,2010-12-13,34,11,3,0.027777777777777776,0.03333333333333333,False,False
20848,2009-12-10,2010-12-13,22,5,1,0.012626262626262626,0.011111111111111112,False,False
20849,2009-12-07,2010-11-21,674,21,2,0.05303030303030303,0.022222222222222223,False,False
20850,2010-01-06,2010-11-11,820,21,1,0.05303030303030303,0.011111111111111112,False,False
20851,2009-12-08,2010-11-21,326,21,3,0.05303030303030303,0.03333333333333333,False,False
20854,2009-12-03,2010-12-23,261,73,25,0.18434343434343434,0.2777777777777778,False,False
20855,2009-12-03,2010-09-15,145,44,0,0.1111111111111111,0.0,False,False
20856,2009-12-06,2010-12-23,222,60,20,0.15151515151515152,0.2222222222222222,False,False
20857,2009-12-06,2010-12-16,231,64,16,0.16161616161616163,0.17777777777777778,False,False
20858,2009-12-14,2009-12-14,4,1,0,0.0025252525252525255,0.0,False,False
20860,2010-04-08,2010-12-13,20,11,4,0.027777777777777776,0.044444444444444446,False,False
20861,2009-12-03,2010-12-10,47,16,5,0.04040404040404041,0.05555555555555555,False,False
20862,2009-12-02,2010-06-30,325,31,0,0.07828282828282829,0.0,False,False
20863,2009-12-01,2010-08-15,295,46,0,0.11616161616161616,0.0,False,False
20864,2009-12-06,2010-10-24,252,27,3,0.06818181818181818,0.03333333333333333,False,False
20865,2009-12-01,2010-06-30,251,30,0,0.07575757575757576,0.0,False,False
20866,2009-12-01,2010-12-23,715,79,23,0.1994949494949495,0.25555555555555554,False,False
20867,2009-12-01,2010-12-23,859,78,26,0.19696969696969696,0.28888888888888886,False,False
20868,2009-12-06,2010-12-23,465,25,8,0.06313131313131314,0.08888888888888889,False,False
20869,2009-12-02,2010-12-23,361,22,7,0.05555555555555555,0.07777777777777778,False,False
20870,2009-12-01,2009-12-22,30,6,0,0.015151515151515152,0.0,False,False
20871,2009-12-02,2010-12-14,1276,79,30,0.1994949494949495,0.3333333333333333,False,False
20877,2009-12-10,2009-12-18,12,5,0,0.012626262626262626,0.0,False,False
20878,2009-12-02,2010-12-05,739,55,30,0.1388888888888889,0.3333333333333333,False,False
20879,2009-12-04,2009-12-22,69,8,0,0.020202020202020204,0.0,False,False
20881,2009-12-10,2009-12-16,3,2,0,0.005050505050505051,0.0,False,False
20882,2009-12-13,2009-12-16,3,2,0,0.005050505050505051,0.0,False,False
20884,2009-12-10,2009-12-18,3,3,0,0.007575757575757576,0.0,False,False
20885,2009-12-22,2009-12-22,1,1,0,0.0025252525252525255,0.0,False,False
20886,2009-12-01,2010-12-21,1355,155,33,0.39141414141414144,0.36666666666666664,True,False
20887,2009-12-01,2009-12-22,18,5,0,0.012626262626262626,0.0,False,False
20888,2009-12-01,2010-03-26,367,17,0,0.04292929292929293,0.0,False,False
20889,2009-12-02,2010-03-26,657,11,0,0.027777777777777776,0.0,False,False
20890,2010-01-21,2010-04-19,605,4,0,0.010101010101010102,0.0,False,False
20891,2010-01-12,2010-04-19,684,3,0,0.007575757575757576,0.0,False,False
20892,2009-12-01,2010-12-21,103,36,7,0.09090909090909091,0.07777777777777778,False,False
20893,2009-12-03,2010-12-17,443,49,18,0.12373737373737374,0.2,False,False
20894,2009-12-01,2010-12-05,249,60,19,0.15151515151515152,0.2111111111111111,False,False
20895,2009-12-08,2010-02-02,16,4,0,0.010101010101010102,0.0,False,False
20896,2009-12-09,2010-08-18,40,14,0,0.03535353535353535,0.0,False,False
20897,2009-12-01,2010-12-17,254,46,15,0.11616161616161616,0.16666666666666666,False,False
20898,2009-12-04,2010-11-28,289,36,6,0.09090909090909091,0.06666666666666667,False,False
20899,2009-12-09,2010-05-16,44,11,0,0.027777777777777776,0.0,False,False
20901,2009-12-01,2010-08-27,72,46,0,0.11616161616161616,0.0,False,False
20902,2009-12-03,2010-12-20,109,62,14,0.15656565656565657,0.15555555555555556,False,False
20903,2009-12-01,2010-12-17,109,31,7,0.07828282828282829,0.07777777777777778,False,False
20905,2009-12-02,2010-01-28,10,4,0,0.010101010101010102,0.0,False,False
20906,2009-12-02,2010-12-08,100,35,5,0.08838383838383838,0.05555555555555555,False,False
20910,2009-12-03,2010-12-16,108,46,9,0.11616161616161616,0.1,False,False
20913,2009-12-01,2010-01-17,314,20,0,0.050505050505050504,0.0,False,False
20914,2009-12-01,2010-12-23,12825,303,68,0.7651515151515151,0.7555555555555555,True,False
20931,2009-12-07,2010-12-21,385,78,20,0.19696969696969696,0.2222222222222222,False,False
20932,2009-12-10,2010-12-20,135,47,13,0.11868686868686869,0.14444444444444443,False,False
20933,2009-12-02,2010-10-31,482,37,3,0.09343434343434344,0.03333333333333333,False,False
20934,2009-12-02,2010-12-17,133,34,6,0.08585858585858586,0.06666666666666667,False,False
20935,2009-12-08,2010-11-26,296,39,6,0.09848484848484848,0.06666666666666667,False,False
20936,2009-12-06,2010-12-21,247,43,10,0.10858585858585859,0.1111111111111111,False,False
20939,2009-12-11,2009-12-11,12,1,0,0.0025252525252525255,0.0,False,False
20940,2009-12-01,2009-12-13,118,10,0,0.025252525252525252,0.0,False,False
20941,2009-12-01,2010-12-21,945,84,20,0.21212121212121213,0.2222222222222222,False,False
20942,2009-12-01,2009-12-22,6,3,0,0.007575757575757576,0.0,False,False
20943,2009-12-01,2010-10-22,384,45,8,0.11363636363636363,0.08888888888888889,False,False
20950,2009-12-02,2010-11-28,687,63,26,0.1590909090909091,0.28888888888888886,False,False
20952,2009-12-10,2010-11-23,330,22,7,0.05555555555555555,0.07777777777777778,False,False
20953,2010-03-19,2010-11-29,33,9,3,0.022727272727272728,0.03333333333333333,False,False
20954,2009-12-02,2010-12-17,3,2,1,0.005050505050505051,0.011111111111111112,False,False
20956,2009-12-01,2010-12-21,1641,105,53,0.26515151515151514,0.5888888888888889,True,False
20957,2010-04-11,2010-11-29,126,15,7,0.03787878787878788,0.07777777777777778,False,False
20958,2010-03-26,2010-11-29,38,10,4,0.025252525252525252,0.044444444444444446,False,False
20960,2009-12-01,2010-12-23,1894,146,16,0.3686868686868687,0.17777777777777778,False,False
20961,2009-12-01,2010-12-23,2608,185,60,0.4671717171717172,0.6666666666666666,True,False
20963,2009-12-01,2010-12-21,2471,175,57,0.44191919191919193,0.6333333333333333,True,False
20964,2009-12-01,2010-11-23,18,5,2,0.012626262626262626,0.022222222222222223,False,False
20966,2009-12-01,2010-12-23,2700,199,62,0.5025252525252525,0.6888888888888889,True,False
20967,2009-12-01,2010-12-21,904,149,52,0.37626262626262624,0.5777777777777777,True,False
20968,2009-12-01,2010-01-12,43,13,0,0.03282828282828283,0.0,False,False
20969,2009-12-01,2010-12-21,1367,187,56,0.4722222222222222,0.6222222222222222,True,False
20970,2009-12-01,2010-12-21,1469,187,53,0.4722222222222222,0.5888888888888889,True,False
20971,2009-12-01,2010-12-23,11687,253,63,0.6388888888888888,0.7,True,False
20972,2009-12-01,2010-12-23,13514,283,67,0.7146464646464646,0.7444444444444445,True,False
20973,2010-03-17,2010-12-22,5696,167,64,0.4217171717171717,0.7111111111111111,False,False
20974,2009-12-01,2010-12-22,6616,234,65,0.5909090909090909,0.7222222222222222,True,False
20975,2009-12-01,2010-12-22,12194,244,65,0.6161616161616161,0.7222222222222222,True,False
20976,2009-12-02,2010-10-04,550,66,1,0.16666666666666666,0.011111111111111112,False,False
20977,2009-12-01,2010-12-19,2134,185,51,0.4671717171717172,0.5666666666666667,True,False
20978,2009-12-01,2010-12-21,2374,182,57,0.4595959595959596,0.6333333333333333,True,False
20979,2009-12-01,2010-12-19,4579,216,56,0.5454545454545454,0.6222222222222222,True,False
20980,2009-12-01,2010-12-15,159,39,9,0.09848484848484848,0.1,False,False
20981,2009-12-01,2010-12-23,2858,190,53,0.4797979797979798,0.5888888888888889,True,False
20982,2009-12-01,2010-12-20,2850,194,55,0.4898989898989899,0.6111111111111112,True,False
20983,2009-12-01,2010-12-20,3697,220,58,0.5555555555555556,0.6444444444444445,True,False
20984,2009-12-01,2010-12-20,2104,65,25,0.16414141414141414,0.2777777777777778,False,False
20985,2009-12-02,2010-12-21,1223,128,34,0.32323232323232326,0.37777777777777777,True,False
20986,2009-12-02,2010-12-21,600,80,30,0.20202020202020202,0.3333333333333333,False,False
20987,2009-12-01,2009-12-22,131,9,0,0.022727272727272728,0.0,False,False
20988,2009-12-02,2010-02-28,24,8,0,0.020202020202020204,0.0,False,False
20989,2009-12-01,2010-03-17,407,39,0,0.09848484848484848,0.0,False,False
20990,2009-12-02,2010-06-13,895,74,0,0.18686868686868688,0.0,False,False
20991,2009-12-01,2010-02-19,7084,23,0,0.05808080808080808,0.0,False,False
20992,2009-12-01,2010-12-19,1786,122,38,0.30808080808080807,0.4222222222222222,True,False
20993,2009-12-04,2010-03-09,10967,26,0,0.06565656565656566,0.0,False,False
20994,2009-12-01,2010-01-25,47,10,0,0.025252525252525252,0.0,False,False
20996,2009-12-02,2010-12-14,3156,92,30,0.23232323232323232,0.3333333333333333,False,False
20997,2009-12-08,2010-11-18,111,42,1,0.10606060606060606,0.011111111111111112,False,False
20998,2009-12-02,2010-12-23,151,58,22,0.14646464646464646,0.24444444444444444,False,False
21000,2009-12-03,2010-12-17,605,45,13,0.11363636363636363,0.14444444444444443,False,False
21001,2009-12-16,2010-12-17,79,42,14,0.10606060606060606,0.15555555555555556,False,False
21002,2009-12-21,2010-12-23,324,100,31,0.25252525252525254,0.34444444444444444,True,False
21003,2010-03-02,2010-11-03,31,13,1,0.03282828282828283,0.011111111111111112,False,False
21004,2009-12-01,2010-11-05,137,60,7,0.15151515151515152,0.07777777777777778,False,False
21007,2009-12-02,2010-09-23,1927,33,0,0.08333333333333333,0.0,False,False
21008,2010-02-01,2010-02-01,1,1,0,0.0025252525252525255,0.0,False,False
21009,2009-12-02,2010-12-17,1059,55,14,0.1388888888888889,0.15555555555555556,False,False
21010,2009-12-02,2010-10-24,856,56,12,0.1414141414141414,0.13333333333333333,False,False
21011,2009-12-02,2010-12-21,1851,73,41,0.18434343434343434,0.45555555555555555,False,False
21012,2009-12-01,2010-12-23,1287,91,41,0.2297979797979798,0.45555555555555555,False,False
21014,2009-12-01,2010-12-23,621,62,44,0.15656565656565657,0.4888888888888889,False,False
21015,2009-12-01,2010-12-23,245,45,34,0.11363636363636363,0.37777777777777777,False,False
21016,2009-12-01,2010-11-26,836,53,27,0.13383838383838384,0.3,False,False
21017,2009-12-01,2010-11-19,662,58,30,0.14646464646464646,0.3333333333333333,False,False
21018,2009-12-01,2010-12-17,214,36,23,0.09090909090909091,0.25555555555555554,False,False
21025,2009-12-01,2010-12-23,155,28,17,0.0707070707070707,0.18888888888888888,False,False
21026,2009-12-02,2010-12-23,323,54,17,0.13636363636363635,0.18888888888888888,False,False
21027,2009-12-04,2010-12-23,214,36,15,0.09090909090909091,0.16666666666666666,False,False
21028,2009-12-05,2010-12-23,141,34,14,0.08585858585858586,0.15555555555555556,False,False
21030,2009-12-16,2010-12-23,125,23,14,0.05808080808080808,0.15555555555555556,False,False
21031,2009-12-01,2010-12-23,107,24,9,0.06060606060606061,0.1,False,False
21032,2009-12-04,2010-12-23,138,24,10,0.06060606060606061,0.1111111111111111,False,False
21033,2009-12-01,2010-12-23,2748,176,50,0.4444444444444444,0.5555555555555556,True,False
21034,2009-12-01,2010-12-21,2422,291,69,0.7348484848484849,0.7666666666666667,True,False
21035,2009-12-01,2010-12-21,3532,258,58,0.6515151515151515,0.6444444444444445,True,False
21036,2009-12-14,2009-12-14,1,1,0,0.0025252525252525255,0.0,False,False
21038,2009-12-16,2010-12-23,99,32,12,0.08080808080808081,0.13333333333333333,False,False
21039,2009-12-01,2010-12-20,808,111,24,0.2803030303030303,0.26666666666666666,False,False
21040,2009-12-02,2010-12-15,876,47,4,0.11868686868686869,0.044444444444444446,False,False
21041,2009-12-01,2010-12-21,1858,138,57,0.3484848484848485,0.6333333333333333,True,False
21042,2009-12-01,2010-12-23,1191,173,46,0.43686868686868685,0.5111111111111111,True,False
21043,2009-12-07,2010-12-23,198,42,12,0.10606060606060606,0.13333333333333333,False,False
21051,2009-12-03,2010-12-23,585,71,19,0.17929292929292928,0.2111111111111111,False,False
21054,2009-12-03,2010-12-21,336,124,40,0.31313131313131315,0.4444444444444444,True,False
21055,2009-12-01,2010-12-20,244,105,40,0.26515151515151514,0.4444444444444444,True,False
21056,2009-12-03,2010-12-21,386,105,37,0.26515151515151514,0.4111111111111111,True,False
21058,2009-12-01,2010-12-13,1275,114,23,0.2878787878787879,0.25555555555555554,False,False
21059,2009-12-06,2010-12-14,1011,108,23,0.2727272727272727,0.25555555555555554,False,False
21060,2009-12-08,2010-12-02,883,73,17,0.18434343434343434,0.18888888888888888,False,False
21061,2009-12-08,2010-12-10,950,76,20,0.1919191919191919,0.2222222222222222,False,False
21062,2009-12-08,2010-12-17,581,62,18,0.15656565656565657,0.2,False,False
21063,2009-12-01,2010-12-10,967,113,30,0.28535353535353536,0.3333333333333333,True,False
21064,2009-12-01,2010-12-20,610,62,20,0.15656565656565657,0.2222222222222222,False,False
21065,2009-12-02,2010-12-20,174,34,12,0.08585858585858586,0.13333333333333333,False,False
21066,2009-12-01,2010-12-23,1610,69,17,0.17424242424242425,0.18888888888888888,False,False
21067,2009-12-01,2010-12-22,4497,143,37,0.3611111111111111,0.4111111111111111,True,False
21068,2009-12-01,2010-12-23,2776,130,35,0.3282828282828283,0.3888888888888889,True,False
21069,2009-12-01,2010-12-23,3274,153,45,0.38636363636363635,0.5,True,False
21070,2009-12-01,2010-12-21,959,97,27,0.24494949494949494,0.3,False,False
21071,2009-12-01,2010-12-23,3545,185,51,0.4671717171717172,0.5666666666666667,True,False
21076,2009-12-02,2010-03-16,844,58,0,0.14646464646464646,0.0,False,False
21077,2009-12-02,2010-09-09,2793,117,0,0.29545454545454547,0.0,False,False
21078,2009-12-02,2010-12-21,4517,218,37,0.5505050505050505,0.4111111111111111,True,False
21080,2009-12-01,2010-12-23,18744,310,68,0.7828282828282829,0.7555555555555555,True,False
21081,2009-12-01,2010-01-31,4,4,0,0.010101010101010102,0.0,False,False
21082,2009-12-01,2010-11-24,7099,104,5,0.26262626262626265,0.05555555555555555,False,False
21084,2009-12-06,2010-11-28,319,42,3,0.10606060606060606,0.03333333333333333,False,False
21085,2009-12-01,2010-07-12,13732,53,0,0.13383838383838384,0.0,False,False
21086,2009-12-01,2010-12-23,9825,206,53,0.5202020202020202,0.5888888888888889,True,False
21087,2010-01-25,2010-10-22,119,15,1,0.03787878787878788,0.011111111111111112,False,False
21088,2009-12-15,2010-10-07,14937,31,1,0.07828282828282829,0.011111111111111112,False,False
21089,2010-01-15,2010-12-06,92,16,2,0.04040404040404041,0.022222222222222223,False,False
21090,2009-12-16,2010-12-05,698,58,5,0.14646464646464646,0.05555555555555555,False,False
21091,2009-12-01,2010-03-18,13700,38,0,0.09595959595959595,0.0,False,False
21092,2009-12-07,2010-03-17,12846,26,0,0.06565656565656566,0.0,False,False
21094,2009-12-01,2010-12-23,11459,234,54,0.5909090909090909,0.6,True,False
21095,2009-12-17,2010-12-03,178,26,5,0.06565656565656566,0.05555555555555555,False,False
21096,2009-12-10,2010-10-11,14665,34,2,0.08585858585858586,0.022222222222222223,False,False
21097,2010-01-15,2010-06-21,33,7,0,0.017676767676767676,0.0,False,False
21098,2009-12-01,2010-12-23,5554,113,68,0.28535353535353536,0.7555555555555555,True,False
21099,2009-12-01,2010-05-07,13388,30,0,0.07575757575757576,0.0,False,False
21100,2009-12-01,2010-12-21,2501,160,28,0.40404040404040403,0.3111111111111111,True,False
21102,2009-12-02,2010-03-12,82,18,0,0.045454545454545456,0.0,False,False
21106,2009-12-02,2010-12-20,579,105,39,0.26515151515151514,0.43333333333333335,True,False
21107,2009-12-02,2010-12-17,1595,149,53,0.37626262626262624,0.5888888888888889,True,False
21108,2009-12-01,2010-12-21,2922,206,56,0.5202020202020202,0.6222222222222222,True,False
21109,2009-12-04,2010-12-23,381,96,32,0.24242424242424243,0.35555555555555557,False,False
21110,2009-12-01,2010-12-23,771,159,38,0.4015151515151515,0.4222222222222222,True,False
21111,2009-12-01,2010-12-23,684,111,38,0.2803030303030303,0.4222222222222222,True,False
21112,2009-12-01,2010-12-23,1260,101,40,0.255050505050505,0.4444444444444444,True,False
21114,2009-12-01,2010-12-16,4463,210,49,0.5303030303030303,0.5444444444444444,True,False
21115,2009-12-01,2010-12-23,706,187,46,0.4722222222222222,0.5111111111111111,True,False
21116,2009-12-01,2010-12-21,704,175,52,0.44191919191919193,0.5777777777777777,True,False
21117,2009-12-10,2010-11-15,219,12,2,0.030303030303030304,0.022222222222222223,False,False
21118,2009-12-02,2010-01-11,69,6,0,0.015151515151515152,0.0,False,False
21119,2009-12-18,2010-09-27,3,3,0,0.007575757575757576,0.0,False,False
21120,2010-12-09,2010-12-09,1,1,1,0.0025252525252525255,0.011111111111111112,False,False
21121,2009-12-01,2010-12-22,9153,253,63,0.6388888888888888,0.7,True,False
21122,2009-12-01,2010-12-22,7510,241,49,0.6085858585858586,0.5444444444444444,True,False
21123,2009-12-03,2010-12-22,1671,91,24,0.2297979797979798,0.26666666666666666,False,False
21124,2009-12-01,2010-12-22,6104,224,47,0.5656565656565656,0.5222222222222223,True,False
21125,2009-12-01,2010-12-22,1522,112,24,0.2828282828282828,0.26666666666666666,False,False
21126,2009-12-01,2010-12-22,1764,126,20,0.3181818181818182,0.2222222222222222,False,False
21127,2009-12-03,2010-06-10,298,42,0,0.10606060606060606,0.0,False,False
21128,2009-12-17,2010-12-10,62,24,6,0.06060606060606061,0.06666666666666667,False,False
21129,2009-12-02,2010-11-26,75,32,7,0.08080808080808081,0.07777777777777778,False,False
21130,2009-12-04,2010-06-30,722,37,0,0.09343434343434344,0.0,False,False
21131,2009-12-07,2010-12-10,200,22,6,0.05555555555555555,0.06666666666666667,False,False
21132,2009-12-14,2010-12-09,54,23,5,0.05808080808080808,0.05555555555555555,False,False
21133,2009-12-01,2010-09-13,424,26,0,0.06565656565656566,0.0,False,False
21134,2009-12-01,2010-11-16,379,33,2,0.08333333333333333,0.022222222222222223,False,False
21135,2009-12-02,2010-12-21,3279,168,47,0.42424242424242425,0.5222222222222223,True,False
21136,2009-12-01,2010-12-23,6056,199,59,0.5025252525252525,0.6555555555555556,True,False
21137,2009-12-01,2010-12-23,8936,181,55,0.45707070707070707,0.6111111111111112,True,False
21143,2009-12-01,2010-12-20,2054,105,55,0.26515151515151514,0.6111111111111112,True,False
21144,2009-12-02,2010-12-21,543,42,13,0.10606060606060606,0.14444444444444443,False,False
21145,2009-12-01,2010-12-13,771,38,16,0.09595959595959595,0.17777777777777778,False,False
21146,2009-12-02,2010-11-02,801,42,16,0.10606060606060606,0.17777777777777778,False,False
21147,2009-12-04,2010-12-23,298,40,32,0.10101010101010101,0.35555555555555557,False,False
21153,2009-12-01,2010-09-22,393,98,0,0.2474747474747475,0.0,False,False
21154,2009-12-01,2010-12-23,4432,247,61,0.6237373737373737,0.6777777777777778,True,False
21155,2009-12-01,2010-12-23,3680,193,56,0.48737373737373735,0.6222222222222222,True,False
21156,2009-12-01,2010-12-21,6267,258,63,0.6515151515151515,0.7,True,False
21157,2009-12-01,2010-12-09,635,104,13,0.26262626262626265,0.14444444444444443,False,False
21158,2009-12-02,2010-12-14,1141,111,33,0.2803030303030303,0.36666666666666664,True,False
21159,2009-12-01,2010-12-17,998,96,26,0.24242424242424243,0.28888888888888886,False,False
21160,2009-12-01,2010-12-14,795,51,1,0.12878787878787878,0.011111111111111112,False,False
21161,2009-12-01,2010-12-21,2248,129,37,0.32575757575757575,0.4111111111111111,True,False
21162,2009-12-01,2010-12-20,948,97,34,0.24494949494949494,0.37777777777777777,False,False
21163,2009-12-02,2010-12-17,1631,105,36,0.26515151515151514,0.4,True,False
21164,2009-12-01,2010-12-20,4342,234,55,0.5909090909090909,0.6111111111111112,True,False
21165,2009-12-01,2010-12-21,5499,236,64,0.5959595959595959,0.7111111111111111,True,False
21166,2009-12-01,2010-12-23,10241,246,70,0.6212121212121212,0.7777777777777778,True,False
21167,2009-12-10,2010-12-17,1087,47,15,0.11868686868686869,0.16666666666666666,False,False
21169,2009-12-08,2010-12-21,4621,161,59,0.4065656565656566,0.6555555555555556,True,False
21171,2009-12-02,2010-12-20,1438,128,29,0.32323232323232326,0.32222222222222224,True,False
21172,2009-12-01,2010-12-21,4294,238,48,0.601010101010101,0.5333333333333333,True,False
21173,2009-12-01,2010-04-01,342,52,0,0.13131313131313133,0.0,False,False
21174,2009-12-01,2010-12-21,5698,274,67,0.6919191919191919,0.7444444444444445,True,False
21175,2009-12-01,2010-12-23,8866,266,68,0.6717171717171717,0.7555555555555555,True,False
21179,2009-12-01,2010-12-21,2410,161,41,0.4065656565656566,0.45555555555555555,True,False
21181,2009-12-01,2010-12-23,13699,226,69,0.5707070707070707,0.7666666666666667,True,False
21185,2009-12-01,2010-07-05,132,30,0,0.07575757575757576,0.0,False,False
21186,2009-12-01,2010-12-14,5277,190,45,0.4797979797979798,0.5,True,False
21187,2009-12-01,2010-12-22,1117,80,38,0.20202020202020202,0.4222222222222222,False,False
21188,2009-12-03,2010-12-14,595,74,16,0.18686868686868688,0.17777777777777778,False,False
21189,2009-12-01,2010-12-20,487,51,25,0.12878787878787878,0.2777777777777778,False,False
21190,2009-12-13,2010-12-09,750,82,10,0.20707070707070707,0.1111111111111111,False,False
21191,2009-12-01,2010-12-23,1075,86,51,0.21717171717171718,0.5666666666666667,False,False
21192,2009-12-01,2010-12-23,1263,97,53,0.24494949494949494,0.5888888888888889,False,False
21193,2009-12-02,2010-04-07,111,18,0,0.045454545454545456,0.0,False,False
21194,2009-12-03,2010-12-22,109,32,9,0.08080808080808081,0.1,False,False
21195,2009-12-02,2010-12-23,391,71,25,0.17929292929292928,0.2777777777777778,False,False
21196,2010-02-08,2010-12-15,72,10,1,0.025252525252525252,0.011111111111111112,False,False
21197,2010-03-03,2010-12-08,182,20,4,0.050505050505050504,0.044444444444444446,False,False
21198,2009-12-01,2010-12-23,350,44,6,0.1111111111111111,0.06666666666666667,False,False
21199,2009-12-07,2010-12-23,402,70,11,0.17676767676767677,0.12222222222222222,False,False
21200,2009-12-01,2010-12-23,412,52,15,0.13131313131313133,0.16666666666666666,False,False
21201,2009-12-01,2010-12-22,1543,110,24,0.2777777777777778,0.26666666666666666,False,False
21202,2009-12-14,2010-12-21,574,40,11,0.10101010101010101,0.12222222222222222,False,False
21203,2009-12-03,2010-08-17,1541,103,0,0.2601010101010101,0.0,False,False
21204,2009-12-06,2010-12-17,1112,97,14,0.24494949494949494,0.15555555555555556,False,False
21205,2009-12-02,2010-12-23,441,73,24,0.18434343434343434,0.26666666666666666,False,False
21206,2009-12-03,2010-12-21,1190,111,16,0.2803030303030303,0.17777777777777778,False,False
21207,2009-12-03,2010-12-21,2568,127,26,0.3207070707070707,0.28888888888888886,False,False
21208,2009-12-16,2010-12-16,141,37,12,0.09343434343434344,0.13333333333333333,False,False
21209,2009-12-16,2010-12-20,255,48,11,0.12121212121212122,0.12222222222222222,False,False
21210,2009-12-01,2010-12-23,9890,279,68,0.7045454545454546,0.7555555555555555,True,False
21211,2009-12-02,2010-12-23,1624,103,32,0.2601010101010101,0.35555555555555557,True,False
21212,2009-12-01,2010-12-23,62659,314,69,0.7929292929292929,0.7666666666666667,True,True
21213,2009-12-01,2010-12-23,26608,290,70,0.7323232323232324,0.7777777777777778,True,True
21214,2009-12-01,2010-10-08,2007,121,1,0.3055555555555556,0.011111111111111112,False,False
21215,2009-12-04,2010-12-21,3432,136,32,0.3434343434343434,0.35555555555555557,True,False
21216,2009-12-01,2010-12-23,1875,207,53,0.5227272727272727,0.5888888888888889,True,False
21217,2009-12-01,2010-12-17,1885,264,60,0.6666666666666666,0.6666666666666666,True,False
21218,2009-12-01,2010-12-21,2989,257,57,0.648989898989899,0.6333333333333333,True,False
21219,2009-12-04,2010-12-23,625,84,29,0.21212121212121213,0.32222222222222224,False,False
21220,2009-12-02,2010-12-23,347,70,21,0.17676767676767677,0.23333333333333334,False,False
21221,2009-12-01,2010-12-23,329,54,18,0.13636363636363635,0.2,False,False
21222,2009-12-07,2010-12-23,365,54,18,0.13636363636363635,0.2,False,False
21223,2009-12-01,2010-04-08,496,34,0,0.08585858585858586,0.0,False,False
21224,2009-12-03,2010-12-20,1328,119,35,0.3005050505050505,0.3888888888888889,True,False
21225,2009-12-11,2009-12-21,2,2,0,0.005050505050505051,0.0,False,False
21226,2009-12-11,2010-12-06,122,18,4,0.045454545454545456,0.044444444444444446,False,False
21228,2009-12-09,2010-11-19,92,27,8,0.06818181818181818,0.08888888888888889,False,False
21231,2009-12-01,2010-12-21,14155,245,67,0.6186868686868687,0.7444444444444445,True,False
21232,2009-12-01,2010-12-21,27763,313,69,0.7904040404040404,0.7666666666666667,True,True
21238,2009-12-01,2010-12-21,5674,241,53,0.6085858585858586,0.5888888888888889,True,False
21239,2009-12-01,2010-12-21,4475,230,48,0.5808080808080808,0.5333333333333333,True,False
21240,2009-12-01,2010-12-21,4115,238,48,0.601010101010101,0.5333333333333333,True,False
21241,2009-12-01,2010-10-12,2216,162,6,0.4090909090909091,0.06666666666666667,False,False
21242,2009-12-01,2010-12-21,3787,215,45,0.5429292929292929,0.5,True,False
21243,2009-12-01,2010-12-23,3412,181,38,0.45707070707070707,0.4222222222222222,True,False
21244,2009-12-01,2010-12-21,2906,168,38,0.42424242424242425,0.4222222222222222,True,False
21245,2009-12-01,2010-12-23,1537,138,31,0.3484848484848485,0.34444444444444444,True,False
21246,2009-12-01,2010-12-20,467,87,10,0.2196969696969697,0.1111111111111111,False,False
21247,2009-12-01,2010-10-25,423,64,2,0.16161616161616163,0.022222222222222223,False,False
21248,2009-12-01,2010-12-14,849,85,19,0.21464646464646464,0.2111111111111111,False,False
21249,2009-12-01,2010-12-21,969,124,35,0.31313131313131315,0.3888888888888889,True,False
21250,2009-12-03,2010-12-03,309,37,6,0.09343434343434344,0.06666666666666667,False,False
21251,2009-12-01,2010-12-21,422,81,24,0.20454545454545456,0.26666666666666666,False,False
21252,2009-12-01,2010-01-25,168,15,0,0.03787878787878788,0.0,False,False
21253,2009-12-02,2010-12-22,218,59,16,0.14898989898989898,0.17777777777777778,False,False
21255,2009-12-01,2010-04-18,476,58,0,0.14646464646464646,0.0,False,False
21256,2009-12-01,2010-02-18,326,39,0,0.09848484848484848,0.0,False,False
21257,2009-12-01,2010-12-21,949,180,54,0.45454545454545453,0.6,True,False
21258,2009-12-01,2010-12-21,1252,194,65,0.4898989898989899,0.7222222222222222,True,False
21259,2009-12-01,2010-12-23,1335,216,62,0.5454545454545454,0.6888888888888889,True,False
21260,2009-12-01,2010-12-21,2455,210,50,0.5303030303030303,0.5555555555555556,True,False
21261,2009-12-04,2010-12-20,110,36,27,0.09090909090909091,0.3,False,False
21262,2009-12-02,2010-12-20,321,50,36,0.12626262626262627,0.4,False,False
21263,2010-09-13,2010-12-17,136,18,14,0.045454545454545456,0.15555555555555556,False,False
21264,2009-12-08,2010-12-20,112,21,15,0.05303030303030303,0.16666666666666666,False,False
21265,2009-12-06,2010-12-07,192,17,10,0.04292929292929293,0.1111111111111111,False,False
21266,2009-12-01,2009-12-16,23,7,0,0.017676767676767676,0.0,False,False
21267,2009-12-02,2009-12-18,24,7,0,0.017676767676767676,0.0,False,False
21268,2009-12-06,2010-12-02,397,40,19,0.10101010101010101,0.2111111111111111,False,False
21269,2009-12-08,2010-12-07,88,47,9,0.11868686868686869,0.1,False,False
21270,2009-12-08,2010-12-23,29,14,4,0.03535353535353535,0.044444444444444446,False,False
21272,2009-12-01,2010-12-23,1854,179,47,0.45202020202020204,0.5222222222222223,True,False
21274,2009-12-04,2010-11-05,177,83,8,0.20959595959595959,0.08888888888888889,False,False
21275,2009-12-08,2010-12-17,239,38,8,0.09595959595959595,0.08888888888888889,False,False
21276,2009-12-03,2010-04-08,677,20,0,0.050505050505050504,0.0,False,False
21277,2009-12-08,2010-12-05,32,26,4,0.06565656565656566,0.044444444444444446,False,False
21278,2009-12-08,2010-11-29,2727,92,11,0.23232323232323232,0.12222222222222222,False,False
21279,2009-12-02,2010-12-21,3459,72,19,0.18181818181818182,0.2111111111111111,False,False
21280,2009-12-04,2010-11-26,3268,56,5,0.1414141414141414,0.05555555555555555,False,False
21281,2009-12-02,2010-12-21,3666,58,12,0.14646464646464646,0.13333333333333333,False,False
21282,2009-12-02,2010-11-14,369,60,10,0.15151515151515152,0.1111111111111111,False,False
21283,2009-12-01,2010-11-24,537,73,16,0.18434343434343434,0.17777777777777778,False,False
21284,2009-12-01,2010-12-16,1160,83,29,0.20959595959595959,0.32222222222222224,False,False
21285,2009-12-03,2010-12-14,652,48,18,0.12121212121212122,0.2,False,False
21286,2009-12-02,2010-12-20,740,61,18,0.15404040404040403,0.2,False,False
21287,2009-12-04,2010-12-21,2358,40,14,0.10101010101010101,0.15555555555555556,False,False
21288,2009-12-03,2010-12-17,638,91,27,0.2297979797979798,0.3,False,False
21289,2009-12-08,2010-12-09,882,48,13,0.12121212121212122,0.14444444444444443,False,False
21290,2009-12-23,2009-12-23,2,1,0,0.0025252525252525255,0.0,False,False
21291,2009-12-01,2010-12-21,1633,88,25,0.2222222222222222,0.2777777777777778,False,False
21292,2009-12-04,2010-12-21,1626,57,12,0.14393939393939395,0.13333333333333333,False,False
21293,2009-12-03,2010-12-17,235,45,10,0.11363636363636363,0.1111111111111111,False,False
21294,2009-12-02,2010-12-20,735,64,17,0.16161616161616163,0.18888888888888888,False,False
21298,2009-12-14,2010-03-03,52,8,0,0.020202020202020204,0.0,False,False
21299,2009-12-01,2010-03-12,166,23,0,0.05808080808080808,0.0,False,False
21300,2009-12-05,2010-03-05,53,6,0,0.015151515151515152,0.0,False,False
21303,2009-12-03,2010-03-10,96,23,0,0.05808080808080808,0.0,False,False
21304,2009-12-02,2010-04-13,86,15,0,0.03787878787878788,0.0,False,False
21306,2009-12-03,2010-12-10,191,28,12,0.0707070707070707,0.13333333333333333,False,False
21307,2009-12-01,2010-12-08,674,50,6,0.12626262626262627,0.06666666666666667,False,False
21308,2009-12-06,2010-01-12,132,6,0,0.015151515151515152,0.0,False,False
21309,2009-12-08,2010-02-17,49,4,0,0.010101010101010102,0.0,False,False
21310,2010-03-18,2010-08-13,5,3,0,0.007575757575757576,0.0,False,False
21311,2009-12-03,2010-12-14,249,45,14,0.11363636363636363,0.15555555555555556,False,False
21312,2009-12-02,2010-09-12,300,26,0,0.06565656565656566,0.0,False,False
21313,2009-12-01,2010-12-21,3584,147,39,0.3712121212121212,0.43333333333333335,True,False
21314,2009-12-01,2010-12-21,7726,254,64,0.6414141414141414,0.7111111111111111,True,False
21316,2009-12-03,2010-12-07,535,31,7,0.07828282828282829,0.07777777777777778,False,False
21317,2009-12-13,2010-12-13,250,41,12,0.10353535353535354,0.13333333333333333,False,False
21318,2009-12-13,2010-12-17,280,41,9,0.10353535353535354,0.1,False,False
21319,2009-12-07,2010-12-14,386,46,9,0.11616161616161616,0.1,False,False
21320,2009-12-01,2010-11-14,201,36,2,0.09090909090909091,0.022222222222222223,False,False
21321,2009-12-01,2010-04-09,122,17,0,0.04292929292929293,0.0,False,False
21322,2009-12-09,2010-01-11,301,12,0,0.030303030303030304,0.0,False,False
21323,2009-12-02,2010-07-23,744,61,0,0.15404040404040403,0.0,False,False
21324,2009-12-03,2010-12-23,956,112,28,0.2828282828282828,0.3111111111111111,True,False
21326,2009-12-01,2010-12-20,8325,187,55,0.4722222222222222,0.6111111111111112,True,False
21327,2009-12-02,2010-12-23,1118,167,56,0.4217171717171717,0.6222222222222222,True,False
21328,2009-12-01,2010-12-23,1275,180,61,0.45454545454545453,0.6777777777777778,True,False
21329,2009-12-01,2010-12-22,1220,169,59,0.42676767676767674,0.6555555555555556,True,False
21330,2009-12-01,2010-11-07,1456,121,18,0.3055555555555556,0.2,False,False
21331,2009-12-06,2010-12-17,101,21,7,0.05303030303030303,0.07777777777777778,False,False
21332,2009-12-04,2010-11-22,251,32,3,0.08080808080808081,0.03333333333333333,False,False
21333,2009-12-01,2010-12-15,1028,152,32,0.3838383838383838,0.35555555555555557,True,False
21335,2009-12-01,2010-05-18,42,25,0,0.06313131313131314,0.0,False,False
21336,2009-12-04,2010-12-06,1797,33,3,0.08333333333333333,0.03333333333333333,False,False
21337,2009-12-02,2010-11-30,33,11,3,0.027777777777777776,0.03333333333333333,False,False
21338,2009-12-05,2010-04-13,199,12,0,0.030303030303030304,0.0,False,False
21339,2009-12-08,2010-07-14,30,11,0,0.027777777777777776,0.0,False,False
21340,2009-12-02,2010-12-19,834,85,36,0.21464646464646464,0.4,False,False
21341,2009-12-02,2010-10-01,72,21,0,0.05303030303030303,0.0,False,False
21343,2009-12-09,2010-02-11,20,3,0,0.007575757575757576,0.0,False,False
21344,2009-12-01,2010-11-25,151,19,4,0.047979797979797977,0.044444444444444446,False,False
21347,2009-12-02,2010-04-01,8,4,0,0.010101010101010102,0.0,False,False
21348,2009-12-01,2010-12-20,731,100,25,0.25252525252525254,0.2777777777777778,False,False
21349,2009-12-01,2010-12-06,549,85,44,0.21464646464646464,0.4888888888888889,False,False
21350,2009-12-02,2010-11-05,227,32,2,0.08080808080808081,0.022222222222222223,False,False
21351,2009-12-01,2010-12-14,1033,74,52,0.18686868686868688,0.5777777777777777,False,False
21352,2009-12-01,2010-12-21,552,61,49,0.15404040404040403,0.5444444444444444,False,False
21353,2009-12-01,2009-12-22,19,6,0,0.015151515151515152,0.0,False,False
21354,2009-12-02,2010-12-23,1764,96,30,0.24242424242424243,0.3333333333333333,False,False
21355,2009-12-01,2010-12-23,2852,148,39,0.37373737373737376,0.43333333333333335,True,False
21356,2009-12-01,2010-12-23,1021,155,48,0.39141414141414144,0.5333333333333333,True,False
21357,2009-12-01,2010-12-19,1388,136,22,0.3434343434343434,0.24444444444444444,False,False
21358,2009-12-02,2010-12-23,782,99,30,0.25,0.3333333333333333,True,False
21359,2009-12-02,2010-12-06,81,43,6,0.10858585858585859,0.06666666666666667,False,False
21360,2009-12-01,2010-12-20,408,74,25,0.18686868686868688,0.2777777777777778,False,False
21361,2010-02-11,2010-12-21,492,154,39,0.3888888888888889,0.43333333333333335,True,False
21363,2010-01-05,2010-12-21,803,183,44,0.4621212121212121,0.4888888888888889,True,False
21364,2009-12-01,2010-12-17,449,101,38,0.255050505050505,0.4222222222222222,True,False
21365,2009-12-07,2010-12-17,114,25,10,0.06313131313131314,0.1111111111111111,False,False
21366,2009-12-10,2010-12-17,160,32,6,0.08080808080808081,0.06666666666666667,False,False
21367,2009-12-08,2010-12-17,45,21,9,0.05303030303030303,0.1,False,False
21368,2009-12-08,2010-11-14,39,14,2,0.03535353535353535,0.022222222222222223,False,False
21369,2009-12-23,2010-12-01,34,7,3,0.017676767676767676,0.03333333333333333,False,False
21370,2009-12-06,2010-12-01,40,14,4,0.03535353535353535,0.044444444444444446,False,False
21371,2009-12-01,2010-11-29,117,24,6,0.06060606060606061,0.06666666666666667,False,False
21372,2009-12-02,2010-12-19,85,18,7,0.045454545454545456,0.07777777777777778,False,False
21373,2009-12-04,2010-11-29,124,13,8,0.03282828282828283,0.08888888888888889,False,False
21374,2009-12-18,2010-12-21,172,28,14,0.0707070707070707,0.15555555555555556,False,False
21375,2009-12-01,2010-12-12,99,34,8,0.08585858585858586,0.08888888888888889,False,False
21376,2009-12-06,2010-12-12,153,29,8,0.07323232323232323,0.08888888888888889,False,False
21377,2009-12-01,2010-12-20,408,56,12,0.1414141414141414,0.13333333333333333,False,False
21378,2009-12-07,2010-12-12,425,48,11,0.12121212121212122,0.12222222222222222,False,False
21379,2009-12-01,2010-12-12,476,68,15,0.1717171717171717,0.16666666666666666,False,False
21380,2009-12-03,2010-12-23,2948,210,49,0.5303030303030303,0.5444444444444444,True,False
21381,2009-12-03,2010-12-23,3400,201,44,0.5075757575757576,0.4888888888888889,True,False
21382,2010-05-16,2010-12-09,99,23,5,0.05808080808080808,0.05555555555555555,False,False
21383,2009-12-09,2010-12-20,1240,90,13,0.22727272727272727,0.14444444444444443,False,False
21384,2009-12-02,2010-05-19,1923,84,0,0.21212121212121213,0.0,False,False
21385,2009-12-01,2010-12-20,7242,208,56,0.5252525252525253,0.6222222222222222,True,False
21386,2010-01-11,2010-12-20,476,42,7,0.10606060606060606,0.07777777777777778,False,False
21387,2010-02-23,2010-03-01,25,3,0,0.007575757575757576,0.0,False,False
21388,2009-12-02,2010-03-29,315,24,0,0.06060606060606061,0.0,False,False
21389,2009-12-03,2010-12-17,1202,97,15,0.24494949494949494,0.16666666666666666,False,False
21390,2009-12-02,2010-12-19,7247,215,43,0.5429292929292929,0.4777777777777778,True,False
21391,2009-12-02,2010-12-17,366,67,17,0.1691919191919192,0.18888888888888888,False,False
21392,2009-12-03,2010-12-23,7526,42,11,0.10606060606060606,0.12222222222222222,False,False
21393,2010-01-08,2010-12-16,5231,38,10,0.09595959595959595,0.1111111111111111,False,False
21394,2010-01-26,2010-12-23,146,19,3,0.047979797979797977,0.03333333333333333,False,False
21395,2009-12-07,2010-11-23,136,25,3,0.06313131313131314,0.03333333333333333,False,False
21396,2009-12-01,2010-05-16,948,55,0,0.1388888888888889,0.0,False,False
21397,2009-12-04,2010-12-20,1097,98,14,0.2474747474747475,0.15555555555555556,False,False
21398,2009-12-01,2010-12-23,785,65,16,0.16414141414141414,0.17777777777777778,False,False
21399,2009-12-04,2010-12-20,330,47,13,0.11868686868686869,0.14444444444444443,False,False
21400,2009-12-07,2010-12-16,199,19,9,0.047979797979797977,0.1,False,False
21401,2009-12-07,2010-12-16,399,38,16,0.09595959595959595,0.17777777777777778,False,False
21402,2009-12-03,2010-12-17,330,54,10,0.13636363636363635,0.1111111111111111,False,False
21403,2009-12-03,2010-12-22,517,48,9,0.12121212121212122,0.1,False,False
21406,2009-12-14,2009-12-14,1,1,0,0.0025252525252525255,0.0,False,False
21407,2009-12-01,2010-12-23,1045,197,49,0.49747474747474746,0.5444444444444444,True,False
21408,2009-12-02,2010-12-21,446,114,35,0.2878787878787879,0.3888888888888889,True,False
21409,2010-01-18,2010-01-18,1,1,0,0.0025252525252525255,0.0,False,False
21410,2009-12-01,2010-12-07,314,110,16,0.2777777777777778,0.17777777777777778,False,False
21411,2009-12-01,2010-12-21,1367,216,45,0.5454545454545454,0.5,True,False
21412,2009-12-01,2010-11-21,277,46,20,0.11616161616161616,0.2222222222222222,False,False
21413,2009-12-08,2010-12-17,3127,39,9,0.09848484848484848,0.1,False,False
21414,2009-12-07,2010-11-24,1636,33,2,0.08333333333333333,0.022222222222222223,False,False
21415,2009-12-09,2010-12-07,138,36,10,0.09090909090909091,0.1111111111111111,False,False
21416,2009-12-13,2010-12-02,748,18,3,0.045454545454545456,0.03333333333333333,False,False
21417,2009-12-01,2010-12-17,168,50,13,0.12626262626262627,0.14444444444444443,False,False
21418,2009-12-06,2010-12-10,122,39,7,0.09848484848484848,0.07777777777777778,False,False
21419,2009-12-01,2010-07-14,1259,17,0,0.04292929292929293,0.0,False,False
21420,2010-01-04,2010-12-10,69,13,3,0.03282828282828283,0.03333333333333333,False,False
21421,2009-12-06,2010-12-10,1520,73,20,0.18434343434343434,0.2222222222222222,False,False
21422,2009-12-03,2010-12-17,1613,80,23,0.20202020202020202,0.25555555555555554,False,False
21424,2009-12-01,2010-12-17,615,65,11,0.16414141414141414,0.12222222222222222,False,False
21425,2009-12-02,2010-12-21,421,64,15,0.16161616161616163,0.16666666666666666,False,False
21426,2009-12-01,2010-12-17,779,52,8,0.13131313131313133,0.08888888888888889,False,False
21427,2009-12-03,2010-12-21,423,71,22,0.17929292929292928,0.24444444444444444,False,False
21428,2009-12-01,2010-12-20,1755,136,50,0.3434343434343434,0.5555555555555556,True,False
21429,2009-12-01,2010-12-21,4924,270,66,0.6818181818181818,0.7333333333333333,True,False
21430,2009-12-01,2010-12-22,1749,146,64,0.3686868686868687,0.7111111111111111,True,False
21431,2009-12-01,2010-11-16,1488,163,7,0.4116161616161616,0.07777777777777778,False,False
21432,2009-12-01,2010-11-19,943,155,13,0.39141414141414144,0.14444444444444443,False,False
21437,2009-12-08,2010-03-28,678,55,0,0.1388888888888889,0.0,False,False
21438,2009-12-03,2010-03-18,378,23,0,0.05808080808080808,0.0,False,False
21439,2009-12-01,2010-12-16,860,95,24,0.2398989898989899,0.26666666666666666,False,False
21440,2009-12-01,2010-07-01,481,67,0,0.1691919191919192,0.0,False,False
21441,2009-12-13,2010-12-23,525,70,11,0.17676767676767677,0.12222222222222222,False,False
21442,2009-12-15,2010-12-23,565,72,12,0.18181818181818182,0.13333333333333333,False,False
21443,2009-12-04,2010-03-30,258,20,0,0.050505050505050504,0.0,False,False
21444,2009-12-01,2010-04-26,291,31,0,0.07828282828282829,0.0,False,False
21445,2009-12-01,2010-12-06,1325,94,12,0.23737373737373738,0.13333333333333333,False,False
21446,2009-12-03,2010-12-20,829,109,31,0.27525252525252525,0.34444444444444444,True,False
21447,2009-12-03,2010-12-19,1832,147,26,0.3712121212121212,0.28888888888888886,False,False
21448,2009-12-02,2010-12-16,629,111,19,0.2803030303030303,0.2111111111111111,False,False
21450,2009-12-03,2009-12-20,13,3,0,0.007575757575757576,0.0,False,False
21452,2010-03-18,2010-12-21,1174,151,53,0.3813131313131313,0.5888888888888889,False,False
21454,2010-01-11,2010-12-23,370,44,3,0.1111111111111111,0.03333333333333333,False,False
21455,2010-01-28,2010-12-17,290,38,3,0.09595959595959595,0.03333333333333333,False,False
21456,2009-12-04,2010-08-27,567,34,0,0.08585858585858586,0.0,False,False
21457,2009-12-04,2010-11-10,562,31,1,0.07828282828282829,0.011111111111111112,False,False
21458,2009-12-04,2010-08-27,586,39,0,0.09848484848484848,0.0,False,False
21459,2010-01-28,2010-04-06,187,23,0,0.05808080808080808,0.0,False,False
21460,2010-01-29,2010-04-06,85,15,0,0.03787878787878788,0.0,False,False
21461,2010-01-29,2010-10-04,72,17,1,0.04292929292929293,0.011111111111111112,False,False
21462,2009-12-04,2010-12-12,228,91,21,0.2297979797979798,0.23333333333333334,False,False
21463,2009-12-01,2010-12-21,849,134,39,0.3383838383838384,0.43333333333333335,True,False
21464,2009-12-02,2010-12-20,338,104,39,0.26262626262626265,0.43333333333333335,True,False
21465,2009-12-01,2010-12-10,560,87,11,0.2196969696969697,0.12222222222222222,False,False
21466,2009-12-01,2010-12-15,637,132,35,0.3333333333333333,0.3888888888888889,True,False
21467,2009-12-01,2010-12-10,769,115,19,0.2904040404040404,0.2111111111111111,False,False
21468,2009-12-02,2010-12-21,536,70,14,0.17676767676767677,0.15555555555555556,False,False
21469,2009-12-01,2010-12-10,889,98,17,0.2474747474747475,0.18888888888888888,False,False
21470,2009-12-01,2010-12-23,747,142,34,0.35858585858585856,0.37777777777777777,True,False
21471,2009-12-01,2010-12-17,787,113,20,0.28535353535353536,0.2222222222222222,False,False
21472,2009-12-01,2010-12-21,973,166,30,0.41919191919191917,0.3333333333333333,True,False
21473,2009-12-13,2010-12-13,131,55,3,0.1388888888888889,0.03333333333333333,False,False
21474,2010-01-21,2010-09-12,210,70,0,0.17676767676767677,0.0,False,False
21475,2009-12-16,2009-12-16,1,1,0,0.0025252525252525255,0.0,False,False
21476,2010-01-19,2010-11-21,103,49,1,0.12373737373737374,0.011111111111111112,False,False
21477,2009-12-01,2010-03-31,273,22,0,0.05555555555555555,0.0,False,False
21478,2009-12-01,2010-10-31,207,60,14,0.15151515151515152,0.15555555555555556,False,False
21479,2009-12-01,2010-12-23,3723,88,67,0.2222222222222222,0.7444444444444445,False,False
21480,2009-12-01,2009-12-22,286,17,0,0.04292929292929293,0.0,False,False
21481,2009-12-01,2010-12-23,5784,200,69,0.5050505050505051,0.7666666666666667,True,False
21482,2009-12-01,2010-10-17,744,97,11,0.24494949494949494,0.12222222222222222,False,False
21484,2009-12-01,2010-12-23,3330,185,69,0.4671717171717172,0.7666666666666667,True,False
21485,2009-12-01,2010-12-23,4761,227,71,0.5732323232323232,0.7888888888888889,True,False
21486,2009-12-01,2010-12-07,1118,148,48,0.37373737373737376,0.5333333333333333,True,False
21488,2009-12-01,2010-12-14,2388,148,57,0.37373737373737376,0.6333333333333333,True,False
21489,2009-12-01,2010-02-17,28,7,0,0.017676767676767676,0.0,False,False
21490,2009-12-01,2010-09-20,639,12,0,0.030303030303030304,0.0,False,False
21491,2009-12-01,2010-12-16,2897,88,30,0.2222222222222222,0.3333333333333333,False,False
21493,2009-12-01,2010-09-30,272,7,0,0.017676767676767676,0.0,False,False
21494,2009-12-01,2010-12-23,2098,129,51,0.32575757575757575,0.5666666666666667,True,False
21495,2009-12-01,2010-12-16,6840,158,35,0.398989898989899,0.3888888888888889,True,False
21496,2009-12-17,2009-12-17,25,1,0,0.0025252525252525255,0.0,False,False
21497,2009-12-01,2010-12-06,9025,168,37,0.42424242424242425,0.4111111111111111,True,False
21498,2009-12-01,2010-12-16,16775,241,52,0.6085858585858586,0.5777777777777777,True,False
21499,2009-12-01,2010-12-17,8625,174,39,0.4393939393939394,0.43333333333333335,True,False
21500,2009-12-01,2010-12-14,9875,188,34,0.47474747474747475,0.37777777777777777,True,False
21503,2009-12-16,2010-12-19,1100,37,5,0.09343434343434344,0.05555555555555555,False,False
21504,2009-12-02,2010-12-15,3144,146,34,0.3686868686868687,0.37777777777777777,True,False
21506,2009-12-01,2010-12-20,6456,215,52,0.5429292929292929,0.5777777777777777,True,False
21507,2009-12-02,2010-12-23,5106,203,46,0.5126262626262627,0.5111111111111111,True,False
21508,2009-12-01,2010-12-23,4368,203,41,0.5126262626262627,0.45555555555555555,True,False
21509,2009-12-03,2010-12-23,5120,202,44,0.51010101010101,0.4888888888888889,True,False
21511,2010-04-13,2010-05-21,40,2,0,0.005050505050505051,0.0,False,False
21518,2009-12-02,2010-12-23,847,71,10,0.17929292929292928,0.1111111111111111,False,False
21519,2009-12-01,2010-12-23,4221,200,36,0.5050505050505051,0.4,True,False
21520,2009-12-01,2010-12-23,510,53,13,0.13383838383838384,0.14444444444444443,False,False
21523,2009-12-01,2010-12-22,3878,250,47,0.6313131313131313,0.5222222222222223,True,False
21524,2009-12-01,2010-12-23,3664,283,66,0.7146464646464646,0.7333333333333333,True,False
21525,2009-12-18,2009-12-18,2,1,0,0.0025252525252525255,0.0,False,False
21527,2009-12-01,2010-12-19,3046,269,60,0.6792929292929293,0.6666666666666666,True,False
21528,2009-12-01,2010-12-23,697,128,22,0.32323232323232326,0.24444444444444444,False,False
21529,2009-12-01,2010-09-13,513,104,0,0.26262626262626265,0.0,False,False
21530,2009-12-01,2010-12-13,190,55,16,0.1388888888888889,0.17777777777777778,False,False
21531,2009-12-01,2010-12-19,2693,253,56,0.6388888888888888,0.6222222222222222,True,False
21532,2009-12-01,2010-10-11,1389,74,1,0.18686868686868688,0.011111111111111112,False,False
21533,2009-12-01,2010-12-23,2117,275,60,0.6944444444444444,0.6666666666666666,True,False
21534,2009-12-01,2010-12-23,596,147,27,0.3712121212121212,0.3,True,False
21535,2009-12-01,2010-12-20,4594,276,47,0.696969696969697,0.5222222222222223,True,False
21536,2009-12-03,2010-03-30,223,45,0,0.11363636363636363,0.0,False,False
21537,2009-12-01,2010-12-10,725,139,27,0.351010101010101,0.3,True,False
21538,2009-12-01,2010-12-09,1309,41,3,0.10353535353535354,0.03333333333333333,False,False
21539,2009-12-01,2010-12-20,1859,243,49,0.6136363636363636,0.5444444444444444,True,False
21540,2009-12-01,2010-09-09,1325,71,0,0.17929292929292928,0.0,False,False
21541,2009-12-01,2010-11-15,1907,133,7,0.33585858585858586,0.07777777777777778,False,False
21542,2009-12-01,2010-10-10,1882,126,2,0.3181818181818182,0.022222222222222223,False,False
21543,2009-12-01,2009-12-21,284,11,0,0.027777777777777776,0.0,False,False
21544,2009-12-01,2010-12-23,4171,208,51,0.5252525252525253,0.5666666666666667,True,False
21545,2009-12-01,2010-07-23,698,68,0,0.1717171717171717,0.0,False,False
21547,2009-12-01,2010-12-23,657,85,20,0.21464646464646464,0.2222222222222222,False,False
21548,2009-12-01,2010-11-01,691,82,3,0.20707070707070707,0.03333333333333333,False,False
21549,2009-12-01,2010-04-13,547,38,0,0.09595959595959595,0.0,False,False
21550,2009-12-02,2010-05-21,301,50,0,0.12626262626262627,0.0,False,False
21551,2009-12-02,2010-01-29,169,16,0,0.04040404040404041,0.0,False,False
21552,2009-12-02,2010-06-03,166,24,0,0.06060606060606061,0.0,False,False
21553,2009-12-01,2010-04-06,92,26,0,0.06565656565656566,0.0,False,False
21554,2009-12-01,2010-01-21,168,16,0,0.04040404040404041,0.0,False,False
21555,2009-12-02,2010-12-20,295,57,10,0.14393939393939395,0.1111111111111111,False,False
21556,2009-12-01,2010-12-23,669,128,44,0.32323232323232326,0.4888888888888889,True,False
21557,2009-12-01,2010-12-23,431,122,34,0.30808080808080807,0.37777777777777777,True,False
21558,2009-12-01,2010-12-21,2328,159,50,0.4015151515151515,0.5555555555555556,True,False
21559,2009-12-01,2010-12-21,4497,264,59,0.6666666666666666,0.6555555555555556,True,False
21560,2009-12-01,2009-12-22,4,2,0,0.005050505050505051,0.0,False,False
21561,2009-12-01,2010-12-14,1719,194,36,0.4898989898989899,0.4,True,False
21562,2010-01-07,2010-12-14,368,44,15,0.1111111111111111,0.16666666666666666,False,False
21563,2009-12-02,2010-12-13,1412,161,35,0.4065656565656566,0.3888888888888889,True,False
21564,2009-12-03,2010-12-14,933,143,35,0.3611111111111111,0.3888888888888889,True,False
21576,2009-12-01,2010-12-23,498,99,28,0.25,0.3111111111111111,True,False
21577,2009-12-01,2010-12-21,1914,185,45,0.4671717171717172,0.5,True,False
21578,2009-12-01,2010-12-21,1517,170,42,0.4292929292929293,0.4666666666666667,True,False
21579,2009-12-01,2010-12-19,868,70,16,0.17676767676767677,0.17777777777777778,False,False
21580,2009-12-01,2010-12-06,370,83,13,0.20959595959595959,0.14444444444444443,False,False
21581,2009-12-01,2010-12-14,939,90,23,0.22727272727272727,0.25555555555555554,False,False
21582,2009-12-01,2010-02-21,117,10,0,0.025252525252525252,0.0,False,False
21584,2009-12-01,2010-12-17,2894,145,49,0.3661616161616162,0.5444444444444444,True,False
21585,2010-08-01,2010-08-01,1,1,0,0.0025252525252525255,0.0,False,False
21586,2009-12-01,2010-12-16,1947,124,46,0.31313131313131315,0.5111111111111111,True,False
21587,2009-12-01,2010-12-13,2034,108,52,0.2727272727272727,0.5777777777777777,True,False
21588,2009-12-01,2010-12-15,1930,121,45,0.3055555555555556,0.5,True,False
21589,2009-12-01,2010-06-17,1119,64,0,0.16161616161616163,0.0,False,False
21590,2009-12-01,2010-11-10,3456,169,24,0.42676767676767674,0.26666666666666666,False,False
21591,2009-12-01,2010-12-17,2764,114,56,0.2878787878787879,0.6222222222222222,True,False
21592,2009-12-01,2010-12-15,3864,164,46,0.41414141414141414,0.5111111111111111,True,False
21593,2009-12-01,2010-05-23,1392,66,0,0.16666666666666666,0.0,False,False
21594,2009-12-09,2010-12-01,4,4,2,0.010101010101010102,0.022222222222222223,False,False
21595,2009-12-02,2010-12-07,9,9,4,0.022727272727272728,0.044444444444444446,False,False
21596,2009-12-01,2010-11-04,10,6,2,0.015151515151515152,0.022222222222222223,False,False
21609,2009-12-02,2010-12-19,783,123,27,0.3106060606060606,0.3,True,False
21610,2009-12-02,2010-11-18,549,78,9,0.19696969696969696,0.1,False,False
21611,2009-12-01,2010-10-27,754,111,10,0.2803030303030303,0.1111111111111111,False,False
21612,2009-12-01,2010-09-29,698,88,0,0.2222222222222222,0.0,False,False
21613,2009-12-02,2010-12-21,427,99,28,0.25,0.3111111111111111,True,False
21614,2009-12-02,2010-11-29,1577,137,22,0.34595959595959597,0.24444444444444444,False,False
21615,2009-12-01,2010-12-23,358,40,9,0.10101010101010101,0.1,False,False
21616,2009-12-08,2010-12-23,357,56,18,0.1414141414141414,0.2,False,False
21617,2009-12-02,2010-12-22,352,66,20,0.16666666666666666,0.2222222222222222,False,False
21618,2009-12-01,2010-12-23,315,49,14,0.12373737373737374,0.15555555555555556,False,False
21619,2009-12-01,2010-12-23,240,52,20,0.13131313131313133,0.2222222222222222,False,False
21620,2009-12-03,2010-12-23,273,59,17,0.14898989898989898,0.18888888888888888,False,False
21621,2009-12-01,2010-12-21,4192,278,53,0.702020202020202,0.5888888888888889,True,False
21622,2009-12-01,2010-12-23,3381,233,42,0.5883838383838383,0.4666666666666667,True,False
21623,2010-02-28,2010-12-20,3959,172,58,0.43434343434343436,0.6444444444444445,True,False
21624,2009-12-01,2010-12-22,1582,197,45,0.49747474747474746,0.5,True,False
21625,2009-12-01,2010-12-23,614,133,31,0.33585858585858586,0.34444444444444444,True,False
21626,2009-12-01,2010-12-17,721,84,12,0.21212121212121213,0.13333333333333333,False,False
21627,2009-12-04,2010-12-20,141,67,16,0.1691919191919192,0.17777777777777778,False,False
21628,2009-12-02,2010-12-17,104,51,9,0.12878787878787878,0.1,False,False
21629,2009-12-03,2010-12-23,109,59,5,0.14898989898989898,0.05555555555555555,False,False
21630,2009-12-03,2010-12-20,100,62,17,0.15656565656565657,0.18888888888888888,False,False
21631,2009-12-09,2010-12-23,91,31,8,0.07828282828282829,0.08888888888888889,False,False
21632,2009-12-02,2010-12-23,83,31,7,0.07828282828282829,0.07777777777777778,False,False
21633,2009-12-04,2010-12-23,66,31,4,0.07828282828282829,0.044444444444444446,False,False
21634,2009-12-03,2010-12-17,798,42,9,0.10606060606060606,0.1,False,False
21635,2009-12-04,2010-12-05,132,26,5,0.06565656565656566,0.05555555555555555,False,False
21636,2009-12-04,2010-11-11,113,25,6,0.06313131313131314,0.06666666666666667,False,False
21637,2009-12-01,2010-11-24,1249,69,8,0.17424242424242425,0.08888888888888889,False,False
21638,2009-12-01,2010-12-17,811,92,24,0.23232323232323232,0.26666666666666666,False,False
21639,2009-12-01,2010-03-03,259,8,0,0.020202020202020204,0.0,False,False
21640,2009-12-01,2010-12-17,1638,106,35,0.2676767676767677,0.3888888888888889,True,False
21641,2009-12-02,2010-12-20,528,65,22,0.16414141414141414,0.24444444444444444,False,False
21642,2009-12-01,2010-12-19,1973,116,32,0.29292929292929293,0.35555555555555557,True,False
21643,2009-12-01,2010-12-17,1012,113,37,0.28535353535353536,0.4111111111111111,True,False
21644,2009-12-03,2010-12-16,929,93,26,0.23484848484848486,0.28888888888888886,False,False
21645,2009-12-02,2010-11-16,999,96,20,0.24242424242424243,0.2222222222222222,False,False
21647,2009-12-01,2010-12-16,793,91,18,0.2297979797979798,0.2,False,False
21648,2009-12-01,2010-12-22,2451,129,43,0.32575757575757575,0.4777777777777778,True,False
21649,2009-12-01,2010-01-08,421,16,0,0.04040404040404041,0.0,False,False
21650,2009-12-01,2010-12-23,868,63,18,0.1590909090909091,0.2,False,False
21651,2009-12-03,2010-12-16,1381,99,22,0.25,0.24444444444444444,False,False
21652,2009-12-06,2010-08-05,903,66,0,0.16666666666666666,0.0,False,False
21653,2010-01-13,2010-11-22,1251,93,16,0.23484848484848486,0.17777777777777778,False,False
21654,2009-12-03,2010-12-13,221,24,3,0.06060606060606061,0.03333333333333333,False,False
21655,2009-12-02,2010-07-05,1366,66,0,0.16666666666666666,0.0,False,False
21656,2009-12-03,2010-12-22,786,85,17,0.21464646464646464,0.18888888888888888,False,False
21657,2009-12-03,2010-12-19,246,94,22,0.23737373737373738,0.24444444444444444,False,False
21658,2009-12-01,2010-12-21,1476,189,44,0.4772727272727273,0.4888888888888889,True,False
21659,2009-12-02,2010-11-07,121,56,2,0.1414141414141414,0.022222222222222223,False,False
21661,2009-12-04,2010-11-23,237,77,10,0.19444444444444445,0.1111111111111111,False,False
21662,2009-12-04,2010-12-17,239,70,16,0.17676767676767677,0.17777777777777778,False,False
21663,2009-12-02,2010-04-13,76,27,0,0.06818181818181818,0.0,False,False
21664,2009-12-03,2010-12-21,225,50,13,0.12626262626262627,0.14444444444444443,False,False
21665,2009-12-02,2010-05-26,879,54,0,0.13636363636363635,0.0,False,False
21666,2009-12-02,2010-12-17,1391,40,10,0.10101010101010101,0.1111111111111111,False,False
21667,2009-12-03,2010-11-09,352,118,19,0.29797979797979796,0.2111111111111111,False,False
21668,2009-12-01,2010-12-23,5021,208,56,0.5252525252525253,0.6222222222222222,True,False
21669,2009-12-01,2010-12-23,5542,190,52,0.4797979797979798,0.5777777777777777,True,False
21670,2009-12-01,2010-12-21,4884,224,57,0.5656565656565656,0.6333333333333333,True,False
21671,2009-12-01,2010-12-21,5444,188,55,0.47474747474747475,0.6111111111111112,True,False
21672,2009-12-01,2010-12-23,6505,219,51,0.553030303030303,0.5666666666666667,True,False
21673,2009-12-01,2010-12-23,6154,229,49,0.5782828282828283,0.5444444444444444,True,False
21674,2009-12-07,2010-03-10,44,9,0,0.022727272727272728,0.0,False,False
21675,2009-12-02,2010-12-23,1228,127,29,0.3207070707070707,0.32222222222222224,True,False
21676,2009-12-02,2010-12-23,971,86,20,0.21717171717171718,0.2222222222222222,False,False
21677,2009-12-01,2010-12-23,1390,128,37,0.32323232323232326,0.4111111111111111,True,False
21678,2009-12-02,2010-12-06,457,48,8,0.12121212121212122,0.08888888888888889,False,False
21679,2009-12-01,2010-12-17,3832,165,39,0.4166666666666667,0.43333333333333335,True,False
21680,2009-12-01,2010-12-20,2109,128,32,0.32323232323232326,0.35555555555555557,True,False
21681,2009-12-02,2010-11-30,233,66,11,0.16666666666666666,0.12222222222222222,False,False
21682,2009-12-03,2010-12-20,401,87,20,0.2196969696969697,0.2222222222222222,False,False
21683,2009-12-02,2010-12-14,664,87,27,0.2196969696969697,0.3,False,False
21684,2009-12-01,2010-12-14,1012,58,10,0.14646464646464646,0.1111111111111111,False,False
21685,2009-12-01,2009-12-02,3,2,0,0.005050505050505051,0.0,False,False
21686,2009-12-11,2010-12-08,31,14,6,0.03535353535353535,0.06666666666666667,False,False
21687,2009-12-01,2010-09-14,481,77,0,0.19444444444444445,0.0,False,False
21688,2009-12-01,2010-12-17,625,83,30,0.20959595959595959,0.3333333333333333,False,False
21689,2009-12-07,2010-12-16,257,33,8,0.08333333333333333,0.08888888888888889,False,False
21690,2009-12-03,2010-12-19,262,64,19,0.16161616161616163,0.2111111111111111,False,False
21691,2009-12-01,2010-10-29,254,58,3,0.14646464646464646,0.03333333333333333,False,False
21692,2009-12-01,2010-12-19,503,89,24,0.22474747474747475,0.26666666666666666,False,False
21693,2009-12-03,2010-12-16,582,68,30,0.1717171717171717,0.3333333333333333,False,False
21694,2009-12-01,2010-12-21,280,46,15,0.11616161616161616,0.16666666666666666,False,False
21695,2009-12-02,2010-12-05,364,53,14,0.13383838383838384,0.15555555555555556,False,False
21696,2009-12-03,2010-12-17,575,69,17,0.17424242424242425,0.18888888888888888,False,False
21697,2009-12-07,2010-02-15,372,6,0,0.015151515151515152,0.0,False,False
21698,2009-12-08,2010-12-17,246,66,21,0.16666666666666666,0.23333333333333334,False,False
21699,2009-12-15,2010-02-15,108,3,0,0.007575757575757576,0.0,False,False
21700,2009-12-01,2010-12-21,4903,202,56,0.51010101010101,0.6222222222222222,True,False
21702,2009-12-15,2010-02-15,2636,6,0,0.015151515151515152,0.0,False,False
21703,2009-12-02,2010-12-22,5571,182,58,0.4595959595959596,0.6444444444444445,True,False
21704,2009-12-01,2010-12-20,12452,197,56,0.49747474747474746,0.6222222222222222,True,False
21705,2009-12-01,2010-12-17,1111,64,39,0.16161616161616163,0.43333333333333335,False,False
21706,2009-12-01,2010-12-23,1024,113,28,0.28535353535353536,0.3111111111111111,True,False
21707,2009-12-01,2010-12-23,856,81,25,0.20454545454545456,0.2777777777777778,False,False
21708,2009-12-01,2010-12-23,427,58,12,0.14646464646464646,0.13333333333333333,False,False
21709,2009-12-02,2010-12-23,570,56,13,0.1414141414141414,0.14444444444444443,False,False
21710,2009-12-01,2010-12-17,625,58,16,0.14646464646464646,0.17777777777777778,False,False
21711,2009-12-01,2010-12-12,283,31,9,0.07828282828282829,0.1,False,False
21713,2009-12-08,2010-12-23,1990,142,12,0.35858585858585856,0.13333333333333333,False,False
21714,2009-12-07,2010-12-13,2672,147,13,0.3712121212121212,0.14444444444444443,False,False
21715,2009-12-13,2010-12-21,2244,160,25,0.40404040404040403,0.2777777777777778,False,False
21716,2009-12-13,2010-12-21,2326,163,26,0.4116161616161616,0.28888888888888886,False,False
21717,2009-12-02,2010-12-17,1210,86,8,0.21717171717171718,0.08888888888888889,False,False
21718,2009-12-14,2010-12-17,2557,149,15,0.37626262626262624,0.16666666666666666,False,False
21719,2009-12-01,2010-12-19,610,74,25,0.18686868686868688,0.2777777777777778,False,False
21720,2009-12-04,2010-12-06,1025,87,29,0.2196969696969697,0.32222222222222224,False,False
21721,2009-12-01,2010-12-17,961,101,33,0.255050505050505,0.36666666666666664,True,False
21722,2009-12-01,2010-12-22,278,43,16,0.10858585858585859,0.17777777777777778,False,False
21723,2009-12-02,2010-12-19,512,75,24,0.1893939393939394,0.26666666666666666,False,False
21724,2009-12-01,2010-12-22,634,85,31,0.21464646464646464,0.34444444444444444,False,False
21725,2009-12-01,2010-12-16,918,99,26,0.25,0.28888888888888886,False,False
21726,2009-12-01,2010-12-17,880,99,24,0.25,0.26666666666666666,False,False
21728,2009-12-03,2010-07-23,300,36,0,0.09090909090909091,0.0,False,False
21729,2009-12-02,2010-01-18,124,19,0,0.047979797979797977,0.0,False,False
21730,2009-12-01,2010-12-21,819,113,53,0.28535353535353536,0.5888888888888889,True,False
21731,2009-12-01,2010-12-23,16741,271,67,0.6843434343434344,0.7444444444444445,True,False
21732,2009-12-01,2010-09-28,933,48,0,0.12121212121212122,0.0,False,False
21733,2009-12-01,2010-12-23,10464,288,70,0.7272727272727273,0.7777777777777778,True,False
21734,2009-12-02,2010-03-10,98,27,0,0.06818181818181818,0.0,False,False
21735,2009-12-01,2010-12-16,680,121,42,0.3055555555555556,0.4666666666666667,True,False
21736,2009-12-04,2010-12-12,161,22,9,0.05555555555555555,0.1,False,False
21737,2009-12-01,2010-10-18,400,112,7,0.2828282828282828,0.07777777777777778,False,False
21738,2009-12-01,2010-12-21,413,78,36,0.19696969696969696,0.4,False,False
21739,2009-12-02,2010-12-21,267,58,23,0.14646464646464646,0.25555555555555554,False,False
21740,2009-12-01,2010-05-30,204,22,0,0.05555555555555555,0.0,False,False
21741,2009-12-01,2010-12-19,636,114,42,0.2878787878787879,0.4666666666666667,True,False
21742,2009-12-01,2010-12-15,252,85,29,0.21464646464646464,0.32222222222222224,False,False
21743,2009-12-01,2010-12-20,1174,93,49,0.23484848484848486,0.5444444444444444,False,False
21744,2009-12-01,2010-12-20,419,67,39,0.1691919191919192,0.43333333333333335,False,False
21745,2009-12-01,2010-12-15,1803,184,33,0.46464646464646464,0.36666666666666664,True,False
21746,2009-12-01,2010-12-20,2925,162,19,0.4090909090909091,0.2111111111111111,False,False
21747,2009-12-01,2010-12-19,1566,81,6,0.20454545454545456,0.06666666666666667,False,False
21749,2009-12-09,2010-12-21,3709,108,14,0.2727272727272727,0.15555555555555556,False,False
21750,2009-12-14,2010-12-08,222,38,2,0.09595959595959595,0.022222222222222223,False,False
21752,2009-12-02,2010-09-09,78,30,0,0.07575757575757576,0.0,False,False
21754,2009-12-01,2010-12-23,5174,310,69,0.7828282828282829,0.7666666666666667,True,False
21755,2009-12-01,2010-12-22,3799,304,67,0.7676767676767676,0.7444444444444445,True,False
21756,2009-12-01,2010-12-21,882,156,33,0.3939393939393939,0.36666666666666664,True,False
21757,2009-12-08,2010-11-21,74,34,3,0.08585858585858586,0.03333333333333333,False,False
21758,2009-12-10,2010-12-08,88,48,13,0.12121212121212122,0.14444444444444443,False,False
21759,2010-01-13,2010-04-29,30,11,0,0.027777777777777776,0.0,False,False
21760,2010-03-01,2010-09-09,15,12,0,0.030303030303030304,0.0,False,False
21761,2009-12-01,2010-12-05,57,15,6,0.03787878787878788,0.06666666666666667,False,False
21763,2010-01-31,2010-08-25,37,13,0,0.03282828282828283,0.0,False,False
21764,2009-12-08,2010-03-12,17,9,0,0.022727272727272728,0.0,False,False
21765,2009-12-06,2010-11-15,381,105,3,0.26515151515151514,0.03333333333333333,False,False
21767,2009-12-01,2009-12-01,1,1,0,0.0025252525252525255,0.0,False,False
21768,2009-12-01,2010-11-15,510,108,29,0.2727272727272727,0.32222222222222224,True,False
21769,2009-12-03,2010-12-07,123,42,14,0.10606060606060606,0.15555555555555556,False,False
21770,2009-12-01,2010-11-28,1355,114,1,0.2878787878787879,0.011111111111111112,False,False
21772,2010-01-05,2010-01-05,1,1,0,0.0025252525252525255,0.0,False,False
21773,2009-12-01,2010-12-23,641,129,28,0.32575757575757575,0.3111111111111111,True,False
21774,2009-12-03,2010-12-23,750,155,33,0.39141414141414144,0.36666666666666664,True,False
21775,2009-12-02,2010-12-23,382,114,25,0.2878787878787879,0.2777777777777778,False,False
21777,2009-12-01,2010-12-06,1135,201,45,0.5075757575757576,0.5,True,False
21779,2009-12-04,2010-01-15,301,15,0,0.03787878787878788,0.0,False,False
21780,2009-12-08,2010-01-13,203,14,0,0.03535353535353535,0.0,False,False
21781,2009-12-01,2010-12-21,521,178,46,0.4494949494949495,0.5111111111111111,True,False
21784,2009-12-01,2010-12-19,252,111,27,0.2803030303030303,0.3,True,False
21785,2009-12-04,2010-12-08,1604,79,10,0.1994949494949495,0.1111111111111111,False,False
21786,2009-12-01,2010-12-23,5958,155,47,0.39141414141414144,0.5222222222222223,True,False
21787,2010-03-25,2010-12-20,6420,144,48,0.36363636363636365,0.5333333333333333,False,False
21788,2009-12-01,2010-12-21,2136,102,19,0.25757575757575757,0.2111111111111111,False,False
21789,2009-12-01,2010-12-21,2076,104,24,0.26262626262626265,0.26666666666666666,False,False
21790,2009-12-01,2010-12-23,13699,297,69,0.75,0.7666666666666667,True,False
21791,2009-12-01,2010-12-20,10936,264,64,0.6666666666666666,0.7111111111111111,True,False
21792,2010-01-20,2010-12-15,157,57,8,0.14393939393939395,0.08888888888888889,False,False
21793,2010-01-20,2010-12-19,50,28,7,0.0707070707070707,0.07777777777777778,False,False
21794,2010-01-27,2010-12-17,196,69,17,0.17424242424242425,0.18888888888888888,False,False
21795,2009-12-01,2010-08-11,441,69,0,0.17424242424242425,0.0,False,False
21796,2009-12-01,2010-08-11,324,59,0,0.14898989898989898,0.0,False,False
21801,2009-12-02,2010-12-23,2708,92,61,0.23232323232323232,0.6777777777777778,False,False
21802,2009-12-02,2010-12-23,2823,95,62,0.2398989898989899,0.6888888888888889,False,False
21803,2009-12-02,2010-12-23,2728,87,60,0.2196969696969697,0.6666666666666666,False,False
21804,2009-12-01,2010-12-21,396,55,35,0.1388888888888889,0.3888888888888889,False,False
21805,2009-12-01,2010-11-21,2221,66,25,0.16666666666666666,0.2777777777777778,False,False
21806,2009-12-01,2010-11-29,2717,82,37,0.20707070707070707,0.4111111111111111,False,False
21807,2009-12-01,2010-12-21,3068,95,53,0.2398989898989899,0.5888888888888889,False,False
21808,2009-12-01,2010-12-15,847,61,43,0.15404040404040403,0.4777777777777778,False,False
21809,2009-12-01,2010-12-17,1204,73,44,0.18434343434343434,0.4888888888888889,False,False
21810,2009-12-02,2010-12-17,1236,72,45,0.18181818181818182,0.5,False,False
21811,2009-12-01,2010-12-17,1712,104,47,0.26262626262626265,0.5222222222222223,True,False
21812,2009-12-01,2010-12-17,463,81,39,0.20454545454545456,0.43333333333333335,False,False
21813,2009-12-01,2010-12-20,317,60,37,0.15151515151515152,0.4111111111111111,False,False
21814,2009-12-01,2010-12-12,629,65,31,0.16414141414141414,0.34444444444444444,False,False
21815,2009-12-01,2010-12-13,608,57,36,0.14393939393939395,0.4,False,False
21816,2009-12-01,2010-12-01,392,32,15,0.08080808080808081,0.16666666666666666,False,False
21817,2009-12-01,2010-12-21,877,57,32,0.14393939393939395,0.35555555555555557,False,False
21818,2009-12-01,2010-12-21,1767,92,50,0.23232323232323232,0.5555555555555556,False,False
21819,2009-12-01,2010-12-21,1520,75,40,0.1893939393939394,0.4444444444444444,False,False
21820,2009-12-01,2010-12-21,526,74,42,0.18686868686868688,0.4666666666666667,False,False
21821,2009-12-01,2010-12-23,499,66,39,0.16666666666666666,0.43333333333333335,False,False
21822,2009-12-01,2010-12-20,401,42,26,0.10606060606060606,0.28888888888888886,False,False
21823,2009-12-02,2010-12-19,1158,80,44,0.20202020202020202,0.4888888888888889,False,False
21824,2009-12-02,2010-12-17,928,69,41,0.17424242424242425,0.45555555555555555,False,False
21825,2009-12-01,2010-11-14,737,55,25,0.1388888888888889,0.2777777777777778,False,False
21826,2009-12-01,2010-12-17,1730,151,41,0.3813131313131313,0.45555555555555555,True,False
21827,2009-12-01,2010-12-07,837,101,27,0.255050505050505,0.3,True,False
21828,2009-12-01,2010-12-07,785,86,30,0.21717171717171718,0.3333333333333333,False,False
21829,2009-12-01,2010-12-20,8565,163,49,0.4116161616161616,0.5444444444444444,True,False
21830,2009-12-04,2010-12-23,5571,123,40,0.3106060606060606,0.4444444444444444,True,False
21832,2009-12-01,2010-12-23,2566,160,55,0.40404040404040403,0.6111111111111112,True,False
21833,2009-12-01,2010-12-20,3924,167,57,0.4217171717171717,0.6333333333333333,True,False
21836,2009-12-07,2010-12-09,248,81,27,0.20454545454545456,0.3,False,False
21837,2009-12-01,2010-05-18,245,64,0,0.16161616161616163,0.0,False,False
21838,2009-12-02,2009-12-02,1,1,0,0.0025252525252525255,0.0,False,False
21839,2009-12-01,2010-11-02,203,73,3,0.18434343434343434,0.03333333333333333,False,False
21841,2009-12-01,2010-11-30,367,88,20,0.2222222222222222,0.2222222222222222,False,False
21842,2009-12-01,2010-03-04,551,27,0,0.06818181818181818,0.0,False,False
21843,2009-12-01,2010-12-23,4342,299,68,0.7550505050505051,0.7555555555555555,True,False
21844,2009-12-01,2010-12-20,3764,213,49,0.5378787878787878,0.5444444444444444,True,False
21845,2009-12-09,2010-12-13,643,69,11,0.17424242424242425,0.12222222222222222,False,False
21846,2009-12-02,2010-12-23,1300,125,43,0.31565656565656564,0.4777777777777778,True,False
21847,2009-12-08,2010-12-23,276,33,14,0.08333333333333333,0.15555555555555556,False,False
21849,2009-12-02,2010-12-23,495,63,24,0.1590909090909091,0.26666666666666666,False,False
21850,2009-12-10,2010-12-14,333,45,13,0.11363636363636363,0.14444444444444443,False,False
21851,2009-12-02,2010-12-17,513,74,26,0.18686868686868688,0.28888888888888886,False,False
21852,2009-12-04,2009-12-18,2,2,0,0.005050505050505051,0.0,False,False
21853,2009-12-02,2010-04-19,3,3,0,0.007575757575757576,0.0,False,False
21854,2009-12-04,2009-12-04,1,1,0,0.0025252525252525255,0.0,False,False
21857,2010-01-11,2010-01-20,2,2,0,0.005050505050505051,0.0,False,False
21858,2009-12-10,2010-03-08,2,2,0,0.005050505050505051,0.0,False,False
21860,2009-12-02,2009-12-02,1,1,0,0.0025252525252525255,0.0,False,False
21864,2009-12-01,2010-12-23,1233,160,39,0.40404040404040403,0.43333333333333335,True,False
21865,2009-12-01,2010-12-21,658,151,39,0.3813131313131313,0.43333333333333335,True,False
21866,2009-12-01,2010-12-23,1516,179,45,0.45202020202020204,0.5,True,False
21867,2009-12-01,2010-12-14,847,132,36,0.3333333333333333,0.4,True,False
21868,2009-12-01,2010-12-21,6924,250,57,0.6313131313131313,0.6333333333333333,True,False
21869,2009-12-01,2010-05-23,1267,64,0,0.16161616161616163,0.0,False,False
21870,2009-12-01,2010-12-23,5162,238,64,0.601010101010101,0.7111111111111111,True,False
21871,2009-12-01,2010-12-21,6404,210,62,0.5303030303030303,0.6888888888888889,True,False
21872,2009-12-02,2010-12-20,3860,138,42,0.3484848484848485,0.4666666666666667,True,False
21873,2009-12-02,2010-12-23,728,78,27,0.19696969696969696,0.3,False,False
21874,2009-12-02,2010-12-21,3600,205,54,0.5176767676767676,0.6,True,False
21875,2009-12-01,2010-12-21,4862,178,46,0.4494949494949495,0.5111111111111111,True,False
21876,2009-12-01,2010-12-23,2612,186,56,0.4696969696969697,0.6222222222222222,True,False
21877,2009-12-01,2010-12-23,8890,218,61,0.5505050505050505,0.6777777777777778,True,False
21878,2010-03-25,2010-12-23,3075,103,21,0.2601010101010101,0.23333333333333334,False,False
21879,2009-12-04,2010-12-23,778,59,24,0.14898989898989898,0.26666666666666666,False,False
21880,2009-12-02,2010-12-23,896,86,27,0.21717171717171718,0.3,False,False
21881,2009-12-02,2010-12-23,466,44,17,0.1111111111111111,0.18888888888888888,False,False
21882,2009-12-02,2010-12-23,621,56,20,0.1414141414141414,0.2222222222222222,False,False
21883,2009-12-01,2010-12-23,1010,87,36,0.2196969696969697,0.4,False,False
21884,2009-12-02,2010-12-23,566,72,20,0.18181818181818182,0.2222222222222222,False,False
21888,2009-12-01,2010-12-23,1976,220,64,0.5555555555555556,0.7111111111111111,True,False
21889,2009-12-01,2010-12-22,7038,243,66,0.6136363636363636,0.7333333333333333,True,False
21890,2009-12-01,2010-12-23,2428,194,58,0.4898989898989899,0.6444444444444445,True,False
21891,2009-12-01,2010-12-23,4207,192,64,0.48484848484848486,0.7111111111111111,True,False
21892,2009-12-01,2010-12-23,4890,211,66,0.5328282828282829,0.7333333333333333,True,False
21893,2009-12-01,2010-02-15,172,15,0,0.03787878787878788,0.0,False,False
21894,2009-12-02,2010-12-21,772,107,39,0.2702020202020202,0.43333333333333335,True,False
21895,2009-12-01,2010-12-09,555,65,15,0.16414141414141414,0.16666666666666666,False,False
21896,2009-12-01,2010-12-21,1438,136,32,0.3434343434343434,0.35555555555555557,True,False
21897,2009-12-01,2010-11-22,467,86,7,0.21717171717171718,0.07777777777777778,False,False
21898,2009-12-01,2010-11-12,336,73,5,0.18434343434343434,0.05555555555555555,False,False
21899,2009-12-01,2010-12-20,4126,212,50,0.5353535353535354,0.5555555555555556,True,False
21900,2009-12-01,2010-12-17,5245,234,51,0.5909090909090909,0.5666666666666667,True,False
21901,2009-12-01,2010-12-20,4476,219,48,0.553030303030303,0.5333333333333333,True,False
21902,2009-12-01,2010-12-17,3487,167,41,0.4217171717171717,0.45555555555555555,True,False
21903,2009-12-03,2010-12-21,2392,172,51,0.43434343434343436,0.5666666666666667,True,False
21904,2009-12-08,2010-12-14,719,106,30,0.2676767676767677,0.3333333333333333,True,False
21905,2009-12-06,2010-12-20,876,86,24,0.21717171717171718,0.26666666666666666,False,False
21906,2009-12-06,2010-12-21,1251,170,48,0.4292929292929293,0.5333333333333333,True,False
21907,2010-01-29,2010-12-20,2912,213,52,0.5378787878787878,0.5777777777777777,True,False
21908,2009-12-01,2010-12-23,6212,255,61,0.6439393939393939,0.6777777777777778,True,False
21910,2009-12-03,2010-12-15,1033,87,11,0.2196969696969697,0.12222222222222222,False,False
21911,2009-12-01,2010-12-15,2482,189,34,0.4772727272727273,0.37777777777777777,True,False
21912,2009-12-01,2010-12-23,2077,220,60,0.5555555555555556,0.6666666666666666,True,False
21913,2009-12-01,2010-12-23,773,130,32,0.3282828282828283,0.35555555555555557,True,False
21914,2009-12-01,2010-12-21,5699,176,64,0.4444444444444444,0.7111111111111111,True,False
21915,2009-12-04,2010-12-21,16684,180,44,0.45454545454545453,0.4888888888888889,True,False
21916,2009-12-01,2010-12-21,6599,214,56,0.5404040404040404,0.6222222222222222,True,False
21917,2009-12-01,2010-12-21,3954,171,39,0.4318181818181818,0.43333333333333335,True,False
21918,2009-12-01,2010-12-23,7692,231,59,0.5833333333333334,0.6555555555555556,True,False
21919,2009-12-14,2010-10-07,6,5,2,0.012626262626262626,0.022222222222222223,False,False
21922,2010-04-11,2010-12-21,557,103,19,0.2601010101010101,0.2111111111111111,False,False
21923,2009-12-03,2010-08-03,339,75,0,0.1893939393939394,0.0,False,False
21924,2009-12-02,2010-10-18,315,83,2,0.20959595959595959,0.022222222222222223,False,False
21925,2010-04-11,2010-12-02,814,68,8,0.1717171717171717,0.08888888888888889,False,False
21926,2010-04-11,2010-11-28,597,59,10,0.14898989898989898,0.1111111111111111,False,False
21927,2010-04-11,2010-12-02,661,65,10,0.16414141414141414,0.1111111111111111,False,False
21928,2009-12-01,2010-12-21,14583,267,64,0.6742424242424242,0.7111111111111111,True,False
21929,2009-12-01,2010-12-23,15167,263,67,0.6641414141414141,0.7444444444444445,True,False
21930,2009-12-01,2010-12-23,7429,275,65,0.6944444444444444,0.7222222222222222,True,False
21931,2009-12-01,2010-12-23,16127,308,69,0.7777777777777778,0.7666666666666667,True,False
21932,2009-12-02,2010-12-08,1165,132,21,0.3333333333333333,0.23333333333333334,False,False
21933,2009-12-02,2010-12-20,1496,139,20,0.351010101010101,0.2222222222222222,False,False
21934,2009-12-01,2010-12-23,2318,205,55,0.5176767676767676,0.6111111111111112,True,False
21935,2009-12-01,2010-12-23,4012,214,54,0.5404040404040404,0.6,True,False
21936,2009-12-02,2010-12-21,3852,222,31,0.5606060606060606,0.34444444444444444,True,False
21937,2009-12-02,2010-12-12,2416,186,26,0.4696969696969697,0.28888888888888886,False,False
21942,2009-12-01,2010-12-21,1436,89,32,0.22474747474747475,0.35555555555555557,False,False
21943,2009-12-07,2010-12-17,478,78,19,0.19696969696969696,0.2111111111111111,False,False
21944,2009-12-02,2010-12-21,1469,79,26,0.1994949494949495,0.28888888888888886,False,False
21945,2009-12-01,2010-12-21,1561,105,29,0.26515151515151514,0.32222222222222224,True,False
21946,2009-12-07,2010-12-20,542,35,9,0.08838383838383838,0.1,False,False
21947,2009-12-01,2010-12-23,943,118,30,0.29797979797979796,0.3333333333333333,True,False
21948,2009-12-01,2010-12-23,1711,111,38,0.2803030303030303,0.4222222222222222,True,False
21949,2009-12-01,2010-12-23,1995,105,28,0.26515151515151514,0.3111111111111111,True,False
21950,2009-12-03,2010-04-01,211,15,0,0.03787878787878788,0.0,False,False
21955,2009-12-01,2010-12-23,2750,238,53,0.601010101010101,0.5888888888888889,True,False
21967,2009-12-01,2010-12-23,10731,162,59,0.4090909090909091,0.6555555555555556,True,False
21972,2009-12-02,2010-12-23,736,89,21,0.22474747474747475,0.23333333333333334,False,False
21973,2009-12-02,2010-12-12,1518,134,21,0.3383838383838384,0.23333333333333334,False,False
21974,2009-12-02,2010-12-23,4899,228,51,0.5757575757575758,0.5666666666666667,True,False
21975,2009-12-01,2010-12-23,19824,280,63,0.7070707070707071,0.7,True,False
21976,2009-12-01,2010-12-21,9697,266,61,0.6717171717171717,0.6777777777777778,True,False
21977,2009-12-01,2010-12-21,33100,306,69,0.7727272727272727,0.7666666666666667,True,True
21980,2009-12-01,2010-12-17,24948,220,56,0.5555555555555556,0.6222222222222222,True,True
21981,2009-12-02,2010-12-20,21171,167,51,0.4217171717171717,0.5666666666666667,True,True
21982,2009-12-07,2010-12-23,25516,187,64,0.4722222222222222,0.7111111111111111,True,True
21983,2009-12-02,2010-12-23,4040,149,43,0.37626262626262624,0.4777777777777778,True,False
21984,2009-12-02,2010-12-20,22142,165,45,0.4166666666666667,0.5,True,True
21985,2009-12-01,2010-12-23,17099,240,56,0.6060606060606061,0.6222222222222222,True,False
21986,2009-12-01,2010-12-20,9531,175,39,0.44191919191919193,0.43333333333333335,True,False
21987,2009-12-01,2010-12-22,4367,159,34,0.4015151515151515,0.37777777777777777,True,False
21988,2009-12-06,2010-12-22,5551,159,37,0.4015151515151515,0.4111111111111111,True,False
21989,2009-12-01,2010-12-23,6308,196,51,0.494949494949495,0.5666666666666667,True,False
21990,2009-12-01,2010-12-23,846,102,46,0.25757575757575757,0.5111111111111111,True,False
21991,2009-12-02,2010-12-20,492,63,31,0.1590909090909091,0.34444444444444444,False,False
21992,2009-12-02,2010-12-23,1592,157,57,0.39646464646464646,0.6333333333333333,True,False
21993,2009-12-01,2010-12-23,983,112,47,0.2828282828282828,0.5222222222222223,True,False
22021,2009-12-14,2010-12-15,1092,65,3,0.16414141414141414,0.03333333333333333,False,False
22023,2009-12-01,2010-12-17,3945,180,37,0.45454545454545453,0.4111111111111111,True,False
22024,2009-12-01,2010-12-23,3149,162,40,0.4090909090909091,0.4444444444444444,True,False
22025,2009-12-01,2010-12-20,2237,118,21,0.29797979797979796,0.23333333333333334,False,False
22026,2009-12-01,2010-12-21,2437,142,32,0.35858585858585856,0.35555555555555557,True,False
22027,2009-12-01,2010-12-23,7080,247,52,0.6237373737373737,0.5777777777777777,True,False
22028,2009-12-01,2010-12-22,3489,164,45,0.41414141414141414,0.5,True,False
22029,2009-12-01,2010-12-21,9874,256,57,0.6464646464646465,0.6333333333333333,True,False
22030,2009-12-01,2010-12-20,7736,223,49,0.5631313131313131,0.5444444444444444,True,False
22031,2009-12-01,2010-12-23,645,56,6,0.1414141414141414,0.06666666666666667,False,False
22032,2009-12-03,2010-12-23,570,45,5,0.11363636363636363,0.05555555555555555,False,False
22033,2009-12-03,2010-12-20,1326,89,11,0.22474747474747475,0.12222222222222222,False,False
22034,2009-12-01,2010-12-17,1651,59,32,0.14898989898989898,0.35555555555555557,False,False
22035,2009-12-01,2010-12-23,2708,161,36,0.4065656565656566,0.4,True,False
22036,2009-12-01,2010-10-04,1673,97,1,0.24494949494949494,0.011111111111111112,False,False
22037,2009-12-01,2010-12-20,3245,167,53,0.4217171717171717,0.5888888888888889,True,False
22038,2009-12-22,2010-11-28,675,26,2,0.06565656565656566,0.022222222222222223,False,False
22039,2009-12-22,2010-11-10,600,21,2,0.05303030303030303,0.022222222222222223,False,False
22040,2009-12-04,2010-12-16,2115,60,10,0.15151515151515152,0.1111111111111111,False,False
22041,2009-12-01,2010-12-23,3661,135,44,0.3409090909090909,0.4888888888888889,True,False
22042,2009-12-01,2010-12-21,1455,65,46,0.16414141414141414,0.5111111111111111,False,False
22043,2009-12-06,2010-12-20,1001,44,32,0.1111111111111111,0.35555555555555557,False,False
22044,2009-12-01,2010-12-08,1184,39,29,0.09848484848484848,0.32222222222222224,False,False
22045,2009-12-04,2010-12-19,8190,173,37,0.43686868686868685,0.4111111111111111,True,False
22046,2009-12-02,2010-12-23,4150,108,21,0.2727272727272727,0.23333333333333334,False,False
22047,2009-12-02,2010-12-23,5000,119,26,0.3005050505050505,0.28888888888888886,False,False
22048,2009-12-04,2010-12-23,1890,64,13,0.16161616161616163,0.14444444444444443,False,False
22049,2009-12-02,2010-12-21,2825,56,40,0.1414141414141414,0.4444444444444444,False,False
22050,2009-12-04,2010-12-15,2150,68,9,0.1717171717171717,0.1,False,False
22051,2009-12-01,2010-12-16,2300,72,11,0.18181818181818182,0.12222222222222222,False,False
22052,2009-12-04,2010-12-13,2975,86,21,0.21717171717171718,0.23333333333333334,False,False
22053,2009-12-03,2010-12-10,319,50,6,0.12626262626262627,0.06666666666666667,False,False
22054,2009-12-01,2010-03-08,363,46,0,0.11616161616161616,0.0,False,False
22055,2009-12-01,2010-12-16,3641,231,42,0.5833333333333334,0.4666666666666667,True,False
22056,2009-12-08,2010-07-27,611,30,0,0.07575757575757576,0.0,False,False
22057,2009-12-03,2010-12-10,2521,136,28,0.3434343434343434,0.3111111111111111,True,False
22058,2009-12-01,2010-11-21,528,76,16,0.1919191919191919,0.17777777777777778,False,False
22059,2009-12-03,2010-12-17,3402,196,51,0.494949494949495,0.5666666666666667,True,False
22060,2009-12-04,2010-12-17,512,106,14,0.2676767676767677,0.15555555555555556,False,False
22061,2009-12-02,2010-12-20,1616,220,44,0.5555555555555556,0.4888888888888889,True,False
22062,2009-12-01,2010-12-16,187,52,7,0.13131313131313133,0.07777777777777778,False,False
22063,2009-12-01,2010-12-20,1750,163,32,0.4116161616161616,0.35555555555555557,True,False
22064,2009-12-01,2010-12-21,5093,239,58,0.6035353535353535,0.6444444444444445,True,False
22065,2009-12-01,2010-12-17,2124,115,60,0.2904040404040404,0.6666666666666666,True,False
22066,2009-12-04,2010-12-20,1215,101,23,0.255050505050505,0.25555555555555554,False,False
22067,2009-12-02,2010-12-21,1499,142,39,0.35858585858585856,0.43333333333333335,True,False
22068,2009-12-01,2010-12-19,619,110,38,0.2777777777777778,0.4222222222222222,True,False
22069,2009-12-01,2010-12-21,599,95,32,0.2398989898989899,0.35555555555555557,False,False
22070,2009-12-01,2010-12-21,937,163,39,0.4116161616161616,0.43333333333333335,True,False
22071,2009-12-01,2010-12-17,829,137,36,0.34595959595959597,0.4,True,False
22072,2009-12-01,2010-12-17,1660,210,50,0.5303030303030303,0.5555555555555556,True,False
22073,2009-12-01,2010-12-16,1863,234,41,0.5909090909090909,0.45555555555555555,True,False
22074,2009-12-03,2010-12-23,1088,84,27,0.21212121212121213,0.3,False,False
22075,2009-12-01,2010-12-21,1728,115,55,0.2904040404040404,0.6111111111111112,True,False
22076,2009-12-01,2010-12-23,1176,124,36,0.31313131313131315,0.4,True,False
22077,2009-12-01,2010-12-23,8845,238,70,0.601010101010101,0.7777777777777778,True,False
22078,2009-12-02,2010-12-19,2682,198,53,0.5,0.5888888888888889,True,False
22079,2009-12-01,2010-12-23,3199,206,48,0.5202020202020202,0.5333333333333333,True,False
22080,2009-12-01,2010-12-22,2798,214,51,0.5404040404040404,0.5666666666666667,True,False
22081,2009-12-01,2010-12-20,945,132,46,0.3333333333333333,0.5111111111111111,True,False
22082,2009-12-01,2010-12-23,4983,251,70,0.6338383838383839,0.7777777777777778,True,False
22083,2009-12-01,2010-12-21,9589,288,67,0.7272727272727273,0.7444444444444445,True,False
22084,2009-12-02,2010-12-21,3709,206,48,0.5202020202020202,0.5333333333333333,True,False
22085,2009-12-01,2010-12-14,2011,108,29,0.2727272727272727,0.32222222222222224,True,False
22086,2009-12-01,2010-12-23,18231,163,69,0.4116161616161616,0.7666666666666667,True,False
22087,2009-12-01,2010-12-23,4460,220,34,0.5555555555555556,0.37777777777777777,True,False
22088,2009-12-01,2010-12-21,2559,208,36,0.5252525252525253,0.4,True,False
22089,2009-12-01,2010-12-20,2094,182,37,0.4595959595959596,0.4111111111111111,True,False
22090,2009-12-01,2010-12-22,9287,296,61,0.7474747474747475,0.6777777777777778,True,False
22091,2009-12-01,2010-12-23,1229,119,37,0.3005050505050505,0.4111111111111111,True,False
22092,2009-12-18,2010-12-15,294,46,17,0.11616161616161616,0.18888888888888888,False,False
22093,2009-12-01,2010-12-17,545,93,23,0.23484848484848486,0.25555555555555554,False,False
22094,2009-12-02,2010-12-21,1430,117,35,0.29545454545454547,0.3888888888888889,True,False
22095,2009-12-02,2010-12-20,1752,106,44,0.2676767676767677,0.4888888888888889,True,False
22096,2009-12-02,2010-12-23,325,66,27,0.16666666666666666,0.3,False,False
22097,2009-12-02,2010-12-21,493,87,25,0.2196969696969697,0.2777777777777778,False,False
22098,2009-12-03,2010-12-23,925,116,35,0.29292929292929293,0.3888888888888889,True,False
22099,2009-12-02,2010-12-20,714,109,34,0.27525252525252525,0.37777777777777777,True,False
22100,2009-12-02,2010-12-21,269,66,23,0.16666666666666666,0.25555555555555554,False,False
22101,2009-12-01,2010-12-21,506,48,23,0.12121212121212122,0.25555555555555554,False,False
22102,2009-12-01,2010-12-10,235,27,5,0.06818181818181818,0.05555555555555555,False,False
22103,2009-12-01,2010-11-23,504,41,11,0.10353535353535354,0.12222222222222222,False,False
22104,2009-12-08,2010-12-23,906,40,18,0.10101010101010101,0.2,False,False
22105,2009-12-07,2010-12-17,127,22,7,0.05555555555555555,0.07777777777777778,False,False
22106,2010-01-15,2010-12-17,169,32,15,0.08080808080808081,0.16666666666666666,False,False
22107,2009-12-01,2010-12-20,732,130,50,0.3282828282828283,0.5555555555555556,True,False
22108,2009-12-01,2010-12-20,187,62,25,0.15656565656565657,0.2777777777777778,False,False
22109,2009-12-01,2010-12-21,1953,198,59,0.5,0.6555555555555556,True,False
22110,2009-12-01,2010-12-23,1753,143,58,0.3611111111111111,0.6444444444444445,True,False
22111,2009-12-01,2010-12-23,6121,237,71,0.5984848484848485,0.7888888888888889,True,False
22112,2009-12-01,2010-12-23,6293,236,71,0.5959595959595959,0.7888888888888889,True,False
22113,2009-12-01,2010-12-23,3200,101,70,0.255050505050505,0.7777777777777778,True,False
22114,2009-12-01,2010-12-23,7179,251,64,0.6338383838383839,0.7111111111111111,True,False
22115,2009-12-01,2010-12-21,1383,172,33,0.43434343434343436,0.36666666666666664,True,False
22116,2009-12-01,2010-12-20,286,49,13,0.12373737373737374,0.14444444444444443,False,False
22117,2009-12-01,2010-12-23,489,109,34,0.27525252525252525,0.37777777777777777,True,False
22118,2009-12-01,2010-12-21,601,124,52,0.31313131313131315,0.5777777777777777,True,False
22119,2009-12-01,2010-12-14,591,137,46,0.34595959595959597,0.5111111111111111,True,False
22120,2009-12-01,2010-12-17,519,121,42,0.3055555555555556,0.4666666666666667,True,False
22121,2009-12-01,2010-12-21,1194,117,58,0.29545454545454547,0.6444444444444445,True,False
22122,2009-12-01,2010-08-20,1097,124,0,0.31313131313131315,0.0,False,False
22123,2009-12-02,2010-12-23,163,50,19,0.12626262626262627,0.2111111111111111,False,False
22124,2009-12-07,2010-12-23,161,58,20,0.14646464646464646,0.2222222222222222,False,False
22125,2009-12-01,2010-03-11,645,59,0,0.14898989898989898,0.0,False,False
22127,2009-12-01,2010-12-15,3143,104,22,0.26262626262626265,0.24444444444444444,False,False
22128,2009-12-01,2010-12-17,2311,97,20,0.24494949494949494,0.2222222222222222,False,False
22129,2009-12-02,2010-12-12,2088,63,7,0.1590909090909091,0.07777777777777778,False,False
22130,2009-12-01,2010-12-20,7846,138,63,0.3484848484848485,0.7,True,False
22131,2009-12-01,2010-12-21,3302,227,57,0.5732323232323232,0.6333333333333333,True,False
22132,2009-12-01,2010-12-21,2356,156,38,0.3939393939393939,0.4222222222222222,True,False
22133,2009-12-01,2010-12-20,1701,144,33,0.36363636363636365,0.36666666666666664,True,False
22134,2009-12-01,2010-12-23,1496,117,28,0.29545454545454547,0.3111111111111111,True,False
22135,2009-12-01,2010-12-23,1103,113,26,0.28535353535353536,0.28888888888888886,False,False
22136,2009-12-01,2010-12-20,1641,138,33,0.3484848484848485,0.36666666666666664,True,False
22137,2009-12-14,2010-12-03,525,28,8,0.0707070707070707,0.08888888888888889,False,False
22138,2009-12-01,2010-12-23,4450,260,27,0.6565656565656566,0.3,True,False
22139,2009-12-01,2010-12-21,6156,269,60,0.6792929292929293,0.6666666666666666,True,False
22141,2009-12-01,2010-12-21,1149,38,32,0.09595959595959595,0.35555555555555557,False,False
22142,2009-12-01,2010-12-20,1197,45,33,0.11363636363636363,0.36666666666666664,False,False
22143,2009-12-01,2010-10-27,448,48,6,0.12121212121212122,0.06666666666666667,False,False
22144,2009-12-01,2010-12-23,1390,51,35,0.12878787878787878,0.3888888888888889,False,False
22145,2009-12-01,2010-12-08,1310,89,32,0.22474747474747475,0.35555555555555557,False,False
22146,2009-12-04,2010-11-24,1416,52,1,0.13131313131313133,0.011111111111111112,False,False
22147,2009-12-01,2010-12-23,7111,269,68,0.6792929292929293,0.7555555555555555,True,False
22148,2009-12-02,2010-12-20,1309,62,3,0.15656565656565657,0.03333333333333333,False,False
22149,2009-12-01,2010-12-23,6965,286,70,0.7222222222222222,0.7777777777777778,True,False
22150,2009-12-01,2010-12-21,5072,235,67,0.5934343434343434,0.7444444444444445,True,False
22151,2009-12-01,2010-12-20,12976,213,58,0.5378787878787878,0.6444444444444445,True,False
22152,2009-12-01,2010-12-21,4018,105,44,0.26515151515151514,0.4888888888888889,True,False
22153,2009-12-01,2010-12-17,3431,100,50,0.25252525252525254,0.5555555555555556,True,False
22154,2009-12-01,2010-12-21,4560,96,53,0.24242424242424243,0.5888888888888889,False,False
22155,2009-12-01,2010-12-20,3967,109,52,0.27525252525252525,0.5777777777777777,True,False
22156,2009-12-01,2010-12-21,4167,195,60,0.49242424242424243,0.6666666666666666,True,False
22157,2009-12-02,2010-12-15,1669,74,43,0.18686868686868688,0.4777777777777778,False,False
22158,2009-12-03,2010-12-23,6109,135,64,0.3409090909090909,0.7111111111111111,True,False
22161,2009-12-07,2010-12-23,1858,111,55,0.2803030303030303,0.6111111111111112,True,False
22162,2009-12-01,2010-12-23,1050,124,54,0.31313131313131315,0.6,True,False
22163,2009-12-01,2010-12-17,421,70,28,0.17676767676767677,0.3111111111111111,False,False
22164,2009-12-03,2010-12-17,257,35,19,0.08838383838383838,0.2111111111111111,False,False
22165,2009-12-01,2010-12-21,588,104,36,0.26262626262626265,0.4,True,False
22166,2009-12-01,2010-12-21,265,69,29,0.17424242424242425,0.32222222222222224,False,False
22167,2009-12-01,2010-12-23,476,119,36,0.3005050505050505,0.4,True,False
22168,2009-12-08,2010-12-14,536,162,42,0.4090909090909091,0.4666666666666667,True,False
22169,2009-12-01,2010-12-23,1181,204,57,0.5151515151515151,0.6333333333333333,True,False
22170,2009-12-02,2010-12-23,1404,181,45,0.45707070707070707,0.5,True,False
22171,2009-12-01,2010-12-21,1420,188,57,0.47474747474747475,0.6333333333333333,True,False
22172,2009-12-01,2010-09-29,378,117,0,0.29545454545454547,0.0,False,False
22173,2009-12-01,2010-12-20,2756,203,65,0.5126262626262627,0.7222222222222222,True,False
22174,2009-12-01,2010-12-23,3210,147,63,0.3712121212121212,0.7,True,False
22175,2009-12-02,2010-12-23,982,145,45,0.3661616161616162,0.5,True,False
22176,2009-12-02,2010-12-23,697,120,37,0.30303030303030304,0.4111111111111111,True,False
22177,2009-12-01,2010-08-25,326,73,0,0.18434343434343434,0.0,False,False
22178,2009-12-01,2010-12-23,17308,287,65,0.7247474747474747,0.7222222222222222,True,False
22179,2009-12-01,2010-12-21,1152,190,48,0.4797979797979798,0.5333333333333333,True,False
22180,2009-12-01,2010-12-19,688,170,43,0.4292929292929293,0.4777777777777778,True,False
22181,2009-12-02,2010-12-20,1015,79,31,0.1994949494949495,0.34444444444444444,False,False
22182,2009-12-02,2010-12-20,201,47,24,0.11868686868686869,0.26666666666666666,False,False
22183,2009-12-02,2010-12-23,311,78,37,0.19696969696969696,0.4111111111111111,False,False
22184,2009-12-02,2010-12-23,359,96,39,0.24242424242424243,0.43333333333333335,False,False
22185,2009-12-01,2010-12-17,2467,187,35,0.4722222222222222,0.3888888888888889,True,False
22186,2009-12-01,2010-12-17,1195,109,56,0.27525252525252525,0.6222222222222222,True,False
22187,2009-12-01,2010-12-17,902,91,56,0.2297979797979798,0.6222222222222222,False,False
22188,2009-12-14,2010-12-20,7641,206,49,0.5202020202020202,0.5444444444444444,True,False
22189,2009-12-01,2010-12-20,10186,247,62,0.6237373737373737,0.6888888888888889,True,False
22190,2009-12-01,2010-12-20,863,101,44,0.255050505050505,0.4888888888888889,True,False
22191,2009-12-01,2010-12-21,559,138,51,0.3484848484848485,0.5666666666666667,True,False
22192,2009-12-01,2010-12-17,504,118,42,0.29797979797979796,0.4666666666666667,True,False
22193,2009-12-01,2010-12-21,559,104,49,0.26262626262626265,0.5444444444444444,True,False
22194,2009-12-01,2010-12-21,313,103,25,0.2601010101010101,0.2777777777777778,False,False
22195,2009-12-01,2010-12-23,3402,214,61,0.5404040404040404,0.6777777777777778,True,False
22196,2009-12-01,2010-12-23,4040,247,63,0.6237373737373737,0.7,True,False
22197,2009-12-01,2010-12-23,34354,288,70,0.7272727272727273,0.7777777777777778,True,True
22198,2009-12-01,2010-12-23,7174,259,68,0.6540404040404041,0.7555555555555555,True,False
22199,2009-12-01,2010-12-21,1424,171,39,0.4318181818181818,0.43333333333333335,True,False
22200,2009-12-01,2010-12-23,932,154,37,0.3888888888888889,0.4111111111111111,True,False
22201,2009-12-01,2010-12-23,329,76,16,0.1919191919191919,0.17777777777777778,False,False
22202,2009-12-02,2010-12-20,1039,159,33,0.4015151515151515,0.36666666666666664,True,False
22203,2009-12-01,2010-12-21,1034,173,38,0.43686868686868685,0.4222222222222222,True,False
22204,2009-12-03,2010-12-23,348,74,10,0.18686868686868688,0.1111111111111111,False,False
22206,2010-06-07,2010-12-17,10,6,3,0.015151515151515152,0.03333333333333333,False,False
22207,2009-12-01,2010-12-23,1892,181,47,0.45707070707070707,0.5222222222222223,True,False
22208,2009-12-01,2010-12-23,898,118,35,0.29797979797979796,0.3888888888888889,True,False
22209,2009-12-03,2010-12-23,494,81,19,0.20454545454545456,0.2111111111111111,False,False
22210,2009-12-02,2010-12-23,605,89,27,0.22474747474747475,0.3,False,False
22211,2009-12-01,2010-12-23,540,79,21,0.1994949494949495,0.23333333333333334,False,False
22212,2009-12-01,2010-12-21,2549,238,60,0.601010101010101,0.6666666666666666,True,False
22214,2009-12-01,2010-12-23,395,36,7,0.09090909090909091,0.07777777777777778,False,False
22215,2009-12-01,2010-12-21,760,170,27,0.4292929292929293,0.3,True,False
22216,2009-12-02,2010-12-23,823,47,14,0.11868686868686869,0.15555555555555556,False,False
22217,2009-12-09,2010-12-23,1605,109,22,0.27525252525252525,0.24444444444444444,False,False
22218,2009-12-01,2010-12-15,1235,169,14,0.42676767676767674,0.15555555555555556,False,False
22219,2009-12-01,2010-12-23,5989,272,65,0.6868686868686869,0.7222222222222222,True,False
22220,2009-12-02,2010-12-20,516,137,20,0.34595959595959597,0.2222222222222222,False,False
22221,2009-12-17,2010-12-21,780,90,18,0.22727272727272727,0.2,False,False
22222,2009-12-01,2010-12-23,672,146,35,0.3686868686868687,0.3888888888888889,True,False
22223,2009-12-04,2010-12-23,402,92,17,0.23232323232323232,0.18888888888888888,False,False
22224,2009-12-01,2010-12-21,1587,162,36,0.4090909090909091,0.4,True,False
22227,2009-12-02,2010-12-23,3869,214,45,0.5404040404040404,0.5,True,False
22228,2009-12-03,2010-12-13,730,82,10,0.20707070707070707,0.1111111111111111,False,False
22229,2009-12-04,2010-12-10,440,63,7,0.1590909090909091,0.07777777777777778,False,False
22230,2009-12-02,2010-12-12,635,76,10,0.1919191919191919,0.1111111111111111,False,False
22231,2009-12-01,2010-12-12,1192,109,17,0.27525252525252525,0.18888888888888888,False,False
22232,2009-12-01,2010-12-12,451,65,10,0.16414141414141414,0.1111111111111111,False,False
22233,2009-12-09,2010-12-09,356,52,10,0.13131313131313133,0.1111111111111111,False,False
22236,2009-12-10,2010-12-21,849,186,31,0.4696969696969697,0.34444444444444444,True,False
22241,2009-12-01,2010-12-23,2408,105,12,0.26515151515151514,0.13333333333333333,False,False
22242,2009-12-10,2010-12-19,4247,201,45,0.5075757575757576,0.5,True,False
22243,2009-12-13,2010-12-19,4715,159,50,0.4015151515151515,0.5555555555555556,True,False
22244,2009-12-09,2010-12-23,3176,159,43,0.4015151515151515,0.4777777777777778,True,False
22245,2009-12-09,2010-12-20,3506,199,42,0.5025252525252525,0.4666666666666667,True,False
22246,2009-12-01,2010-12-23,695,89,28,0.22474747474747475,0.3111111111111111,False,False
22247,2009-12-13,2010-12-23,531,52,5,0.13131313131313133,0.05555555555555555,False,False
22248,2009-12-02,2010-12-23,432,57,5,0.14393939393939395,0.05555555555555555,False,False
22249,2009-12-13,2010-12-23,743,73,9,0.18434343434343434,0.1,False,False
22250,2009-12-13,2010-12-23,723,94,17,0.23737373737373738,0.18888888888888888,False,False
22251,2009-12-17,2010-12-20,1179,119,23,0.3005050505050505,0.25555555555555554,False,False
22252,2009-12-10,2010-12-14,355,41,9,0.10353535353535354,0.1,False,False
22253,2009-12-01,2010-04-08,969,59,0,0.14898989898989898,0.0,False,False
22254,2009-12-01,2010-12-17,790,71,13,0.17929292929292928,0.14444444444444443,False,False
22255,2009-12-01,2010-12-17,687,62,14,0.15656565656565657,0.15555555555555556,False,False
22256,2009-12-07,2010-12-17,653,52,7,0.13131313131313133,0.07777777777777778,False,False
22257,2010-01-21,2010-12-23,192,17,2,0.04292929292929293,0.022222222222222223,False,False
22258,2009-12-04,2010-12-23,740,47,6,0.11868686868686869,0.06666666666666667,False,False
22259,2010-01-24,2010-12-23,319,28,5,0.0707070707070707,0.05555555555555555,False,False
22260,2009-12-02,2010-12-23,1059,102,24,0.25757575757575757,0.26666666666666666,False,False
22261,2009-12-01,2010-12-21,1539,92,15,0.23232323232323232,0.16666666666666666,False,False
22262,2009-12-01,2010-12-23,1062,119,27,0.3005050505050505,0.3,True,False
22263,2009-12-06,2010-12-23,570,53,14,0.13383838383838384,0.15555555555555556,False,False
22264,2009-12-14,2010-12-23,1003,58,14,0.14646464646464646,0.15555555555555556,False,False
22265,2009-12-02,2010-12-19,1353,80,17,0.20202020202020202,0.18888888888888888,False,False
22266,2009-12-17,2010-06-25,658,48,0,0.12121212121212122,0.0,False,False
22267,2009-12-07,2010-03-30,637,29,0,0.07323232323232323,0.0,False,False
22268,2009-12-13,2010-11-24,551,54,6,0.13636363636363635,0.06666666666666667,False,False
22269,2009-12-02,2010-12-17,601,70,19,0.17676767676767677,0.2111111111111111,False,False
22270,2009-12-03,2010-12-14,461,70,3,0.17676767676767677,0.03333333333333333,False,False
22271,2009-12-01,2010-12-20,3304,232,58,0.5858585858585859,0.6444444444444445,True,False
22272,2009-12-01,2010-12-23,1222,172,48,0.43434343434343436,0.5333333333333333,True,False
22273,2009-12-01,2010-12-21,3005,229,60,0.5782828282828283,0.6666666666666666,True,False
22274,2009-12-01,2010-12-20,2530,212,58,0.5353535353535354,0.6444444444444445,True,False
22275,2009-12-01,2010-12-02,950,172,11,0.43434343434343436,0.12222222222222222,False,False
22276,2009-12-01,2010-12-20,1669,182,39,0.4595959595959596,0.43333333333333335,True,False
22277,2009-12-01,2010-12-20,1052,125,36,0.31565656565656564,0.4,True,False
22278,2009-12-02,2010-12-21,677,153,44,0.38636363636363635,0.4888888888888889,True,False
22279,2009-12-02,2010-12-23,633,72,24,0.18181818181818182,0.26666666666666666,False,False
22280,2009-12-01,2010-12-23,422,58,17,0.14646464646464646,0.18888888888888888,False,False
22281,2009-12-01,2010-12-13,383,55,4,0.1388888888888889,0.044444444444444446,False,False
22282,2009-12-01,2010-12-21,423,101,25,0.255050505050505,0.2777777777777778,False,False
22283,2009-12-01,2010-12-23,769,164,40,0.41414141414141414,0.4444444444444444,True,False
22284,2009-12-03,2010-12-21,1569,128,18,0.32323232323232326,0.2,False,False
22285,2009-12-06,2010-12-20,1898,109,18,0.27525252525252525,0.2,False,False
22286,2009-12-01,2010-12-19,819,56,4,0.1414141414141414,0.044444444444444446,False,False
22287,2009-12-03,2010-12-17,553,36,2,0.09090909090909091,0.022222222222222223,False,False
22288,2009-12-01,2010-12-10,842,49,9,0.12373737373737374,0.1,False,False
22289,2009-12-01,2010-12-13,617,39,5,0.09848484848484848,0.05555555555555555,False,False
22290,2009-12-09,2010-03-31,688,48,0,0.12121212121212122,0.0,False,False
22291,2009-12-03,2010-12-15,1978,84,10,0.21212121212121213,0.1111111111111111,False,False
22292,2009-12-03,2010-12-08,1655,83,11,0.20959595959595959,0.12222222222222222,False,False
22293,2009-12-02,2010-12-20,1160,81,9,0.20454545454545456,0.1,False,False
22294,2009-12-01,2010-12-20,11936,263,67,0.6641414141414141,0.7444444444444445,True,False
22295,2009-12-01,2010-12-20,6175,205,59,0.5176767676767676,0.6555555555555556,True,False
22296,2009-12-01,2010-12-17,6914,225,63,0.5681818181818182,0.7,True,False
22297,2009-12-01,2010-12-23,10008,259,65,0.6540404040404041,0.7222222222222222,True,False
22299,2009-12-03,2010-12-21,2715,97,35,0.24494949494949494,0.3888888888888889,False,False
22300,2009-12-01,2010-12-21,2747,211,52,0.5328282828282829,0.5777777777777777,True,False
22301,2009-12-01,2010-12-23,3010,228,61,0.5757575757575758,0.6777777777777778,True,False
22302,2009-12-01,2010-12-23,2704,124,5,0.31313131313131315,0.05555555555555555,False,False
22303,2009-12-01,2010-12-20,2688,180,21,0.45454545454545453,0.23333333333333334,False,False
22304,2009-12-01,2010-12-17,1670,100,27,0.25252525252525254,0.3,True,False
22305,2009-12-01,2010-12-20,1605,85,19,0.21464646464646464,0.2111111111111111,False,False
22306,2009-12-09,2010-12-21,549,52,36,0.13131313131313133,0.4,False,False
22307,2009-12-07,2010-12-16,510,44,24,0.1111111111111111,0.26666666666666666,False,False
22308,2009-12-01,2010-12-21,455,91,25,0.2297979797979798,0.2777777777777778,False,False
22309,2009-12-02,2010-12-23,991,123,31,0.3106060606060606,0.34444444444444444,True,False
22310,2009-12-03,2010-12-21,1236,103,43,0.2601010101010101,0.4777777777777778,True,False
22311,2009-12-01,2010-12-21,1076,111,54,0.2803030303030303,0.6,True,False
22312,2009-12-01,2010-12-23,765,116,49,0.29292929292929293,0.5444444444444444,True,False
22313,2009-12-02,2010-12-23,488,64,26,0.16161616161616163,0.28888888888888886,False,False
22314,2009-12-02,2010-12-21,713,105,45,0.26515151515151514,0.5,True,False
22315,2009-12-01,2010-12-22,1301,155,39,0.39141414141414144,0.43333333333333335,True,False
22316,2009-12-09,2010-12-23,640,65,17,0.16414141414141414,0.18888888888888888,False,False
22317,2009-12-04,2010-12-23,315,74,15,0.18686868686868688,0.16666666666666666,False,False
22318,2009-12-01,2010-12-21,1178,178,40,0.4494949494949495,0.4444444444444444,True,False
22319,2009-12-01,2010-12-16,1761,95,22,0.2398989898989899,0.24444444444444444,False,False
22320,2009-12-01,2010-12-02,413,89,17,0.22474747474747475,0.18888888888888888,False,False
22321,2009-12-01,2010-12-17,1710,144,35,0.36363636363636365,0.3888888888888889,True,False
22322,2009-12-02,2010-12-23,838,112,22,0.2828282828282828,0.24444444444444444,False,False
22323,2009-12-03,2010-11-25,636,95,6,0.2398989898989899,0.06666666666666667,False,False
22324,2009-12-01,2010-12-23,402,76,19,0.1919191919191919,0.2111111111111111,False,False
22325,2009-12-01,2010-12-23,465,92,22,0.23232323232323232,0.24444444444444444,False,False
22326,2010-01-07,2010-12-23,7456,236,64,0.5959595959595959,0.7111111111111111,True,False
22327,2010-01-10,2010-12-22,1969,205,49,0.5176767676767676,0.5444444444444444,True,False
22328,2010-01-07,2010-12-21,8006,237,56,0.5984848484848485,0.6222222222222222,True,False
22329,2010-01-10,2010-12-15,3573,209,38,0.5277777777777778,0.4222222222222222,True,False
22330,2009-12-01,2010-02-07,128,18,0,0.045454545454545456,0.0,False,False
22331,2009-12-02,2010-12-23,1913,176,38,0.4444444444444444,0.4222222222222222,True,False
22332,2009-12-03,2010-12-14,3159,165,36,0.4166666666666667,0.4,True,False
22333,2009-12-01,2010-12-23,5720,223,53,0.5631313131313131,0.5888888888888889,True,False
22334,2009-12-03,2010-12-14,1543,131,23,0.33080808080808083,0.25555555555555554,False,False
22335,2009-12-01,2010-12-16,6494,177,53,0.44696969696969696,0.5888888888888889,True,False
22336,2009-12-01,2010-12-20,2369,92,45,0.23232323232323232,0.5,False,False
22337,2009-12-01,2010-12-13,1651,56,35,0.1414141414141414,0.3888888888888889,False,False
22338,2009-12-01,2010-12-17,1522,68,34,0.1717171717171717,0.37777777777777777,False,False
22339,2009-12-02,2010-12-17,1114,55,30,0.1388888888888889,0.3333333333333333,False,False
22340,2009-12-01,2010-12-20,417,44,25,0.1111111111111111,0.2777777777777778,False,False
22341,2009-12-02,2010-12-16,3043,131,28,0.33080808080808083,0.3111111111111111,True,False
22342,2009-12-02,2010-12-23,941,103,25,0.2601010101010101,0.2777777777777778,False,False
22343,2009-12-02,2010-12-23,1713,87,20,0.2196969696969697,0.2222222222222222,False,False
22344,2009-12-02,2010-12-23,749,59,18,0.14898989898989898,0.2,False,False
22345,2009-12-02,2010-12-23,738,59,18,0.14898989898989898,0.2,False,False
22346,2009-12-02,2010-12-23,644,45,15,0.11363636363636363,0.16666666666666666,False,False
22347,2009-12-01,2010-08-20,2722,75,0,0.1893939393939394,0.0,False,False
22348,2009-12-01,2010-12-21,8969,262,66,0.6616161616161617,0.7333333333333333,True,False
22349,2009-12-01,2010-12-23,1225,167,38,0.4217171717171717,0.4222222222222222,True,False
22350,2009-12-01,2010-12-20,1464,160,38,0.40404040404040403,0.4222222222222222,True,False
22351,2010-08-26,2010-08-26,2,1,0,0.0025252525252525255,0.0,False,False
22352,2009-12-01,2010-12-21,4201,268,57,0.6767676767676768,0.6333333333333333,True,False
22353,2009-12-01,2010-11-09,2984,206,5,0.5202020202020202,0.05555555555555555,False,False
22354,2009-12-02,2010-12-08,1508,139,16,0.351010101010101,0.17777777777777778,False,False
22355,2009-12-01,2010-12-23,15842,289,69,0.7297979797979798,0.7666666666666667,True,False
22356,2009-12-01,2010-12-23,10925,289,68,0.7297979797979798,0.7555555555555555,True,False
22357,2010-01-07,2010-12-21,1644,172,42,0.43434343434343436,0.4666666666666667,True,False
22358,2010-01-06,2010-12-23,2020,199,48,0.5025252525252525,0.5333333333333333,True,False
22359,2010-03-16,2010-12-12,1114,93,28,0.23484848484848486,0.3111111111111111,False,False
22360,2009-12-13,2010-12-21,1558,139,44,0.351010101010101,0.4888888888888889,True,False
22361,2010-03-15,2010-12-20,1135,148,40,0.37373737373737376,0.4444444444444444,False,False
22362,2010-03-15,2010-12-20,371,91,25,0.2297979797979798,0.2777777777777778,False,False
22363,2010-03-15,2010-12-17,305,79,20,0.1994949494949495,0.2222222222222222,False,False
22364,2010-03-15,2010-12-21,1454,128,39,0.32323232323232326,0.43333333333333335,False,False
22365,2010-01-04,2010-12-21,1582,176,40,0.4444444444444444,0.4444444444444444,True,False
22366,2010-01-04,2010-12-22,1794,202,47,0.51010101010101,0.5222222222222223,True,False
22367,2010-01-10,2010-12-23,4516,250,65,0.6313131313131313,0.7222222222222222,True,False
22371,2010-02-12,2010-12-23,861,176,67,0.4444444444444444,0.7444444444444445,True,False
22372,2010-02-11,2010-12-23,345,112,42,0.2828282828282828,0.4666666666666667,True,False
22374,2010-02-14,2010-12-23,532,148,51,0.37373737373737376,0.5666666666666667,True,False
22375,2010-02-14,2010-12-23,292,110,49,0.2777777777777778,0.5444444444444444,True,False
22376,2010-02-14,2010-12-23,300,104,43,0.26262626262626265,0.4777777777777778,True,False
22377,2010-01-26,2010-12-23,2419,154,40,0.3888888888888889,0.4444444444444444,True,False
22378,2010-01-25,2010-12-23,2141,181,47,0.45707070707070707,0.5222222222222223,True,False
22379,2010-01-25,2010-12-23,9328,267,68,0.6742424242424242,0.7555555555555555,True,False
22380,2010-01-22,2010-12-20,3716,205,54,0.5176767676767676,0.6,True,False
22381,2010-01-24,2010-12-20,6064,248,59,0.6262626262626263,0.6555555555555556,True,False
22382,2010-01-22,2010-12-21,10316,272,68,0.6868686868686869,0.7555555555555555,True,False
22383,2010-01-22,2010-12-23,13183,274,67,0.6919191919191919,0.7444444444444445,True,False
22384,2010-01-25,2010-12-21,10646,268,65,0.6767676767676768,0.7222222222222222,True,False
22385,2010-01-29,2010-12-21,8610,233,63,0.5883838383838383,0.7,True,False
22386,2010-01-29,2010-12-21,18496,266,67,0.6717171717171717,0.7444444444444445,True,False
22389,2010-03-30,2010-12-16,340,48,13,0.12121212121212122,0.14444444444444443,False,False
22390,2010-03-26,2010-12-21,589,47,19,0.11868686868686869,0.2111111111111111,False,False
22391,2010-03-30,2010-12-16,187,33,6,0.08333333333333333,0.06666666666666667,False,False
22393,2010-03-26,2010-12-16,348,45,15,0.11363636363636363,0.16666666666666666,False,False
22394,2010-04-06,2010-12-20,242,33,12,0.08333333333333333,0.13333333333333333,False,False
22395,2010-04-13,2010-12-17,99,24,10,0.06060606060606061,0.1111111111111111,False,False
22396,2010-03-26,2010-12-23,1003,54,23,0.13636363636363635,0.25555555555555554,False,False
22398,2010-03-26,2010-12-23,1850,125,47,0.31565656565656564,0.5222222222222223,False,False
22399,2010-03-26,2010-12-23,2959,123,39,0.3106060606060606,0.43333333333333335,False,False
22400,2010-03-30,2010-12-23,1099,72,22,0.18181818181818182,0.24444444444444444,False,False
22402,2010-03-26,2010-12-16,1741,82,22,0.20707070707070707,0.24444444444444444,False,False
22403,2010-03-29,2010-12-23,484,79,30,0.1994949494949495,0.3333333333333333,False,False
22405,2010-03-26,2010-12-13,1302,108,32,0.2727272727272727,0.35555555555555557,False,False
22406,2010-03-26,2010-12-20,2179,101,30,0.255050505050505,0.3333333333333333,False,False
22407,2010-03-26,2010-12-17,345,45,12,0.11363636363636363,0.13333333333333333,False,False
22408,2010-03-26,2010-12-13,519,54,16,0.13636363636363635,0.17777777777777778,False,False
22409,2010-03-26,2010-12-16,1506,87,29,0.2196969696969697,0.32222222222222224,False,False
22410,2010-03-26,2010-12-20,1142,102,24,0.25757575757575757,0.26666666666666666,False,False
22411,2010-01-29,2010-12-23,15493,271,68,0.6843434343434344,0.7555555555555555,True,False
22412,2010-01-29,2010-12-21,1542,173,50,0.43686868686868685,0.5555555555555556,True,False
22413,2010-01-29,2010-12-23,3333,219,59,0.553030303030303,0.6555555555555556,True,False
22414,2010-01-10,2010-12-22,925,106,25,0.2676767676767677,0.2777777777777778,False,False
22415,2009-12-01,2010-12-14,311,134,35,0.3383838383838384,0.3888888888888889,True,False
22416,2010-02-03,2010-12-19,1110,87,23,0.2196969696969697,0.25555555555555554,False,False
22417,2010-01-31,2010-12-22,13767,243,67,0.6136363636363636,0.7444444444444445,True,False
22418,2010-05-06,2010-12-21,6335,148,64,0.37373737373737376,0.7111111111111111,False,False
22419,2010-05-07,2010-12-23,3911,137,60,0.34595959595959597,0.6666666666666666,False,False
22420,2010-05-07,2010-12-17,822,85,46,0.21464646464646464,0.5111111111111111,False,False
22421,2010-05-06,2010-12-17,2278,122,53,0.30808080808080807,0.5888888888888889,False,False
22422,2010-05-07,2010-12-23,1570,119,60,0.3005050505050505,0.6666666666666666,False,False
22423,2010-03-15,2010-12-23,14733,233,71,0.5883838383838383,0.7888888888888889,False,False
22424,2010-05-16,2010-12-21,703,148,50,0.37373737373737376,0.5555555555555556,False,False
22425,2010-05-16,2010-12-21,412,98,38,0.2474747474747475,0.4222222222222222,False,False
22426,2010-04-08,2010-12-17,607,111,30,0.2803030303030303,0.3333333333333333,False,False
22427,2010-05-14,2010-12-22,1162,115,35,0.2904040404040404,0.3888888888888889,False,False
22428,2010-04-08,2010-12-21,239,68,25,0.1717171717171717,0.2777777777777778,False,False
22429,2010-03-18,2010-12-15,1077,130,37,0.3282828282828283,0.4111111111111111,False,False
22430,2010-05-14,2010-12-21,796,104,30,0.26262626262626265,0.3333333333333333,False,False
22431,2010-02-22,2010-12-22,1361,161,36,0.4065656565656566,0.4,True,False
22432,2010-02-18,2010-12-22,1850,148,32,0.37373737373737376,0.35555555555555557,True,False
22433,2010-02-18,2010-12-22,1428,134,29,0.3383838383838384,0.32222222222222224,True,False
22434,2010-04-07,2010-12-21,1800,109,34,0.27525252525252525,0.37777777777777777,False,False
22435,2010-04-08,2010-12-17,2344,155,49,0.39141414141414144,0.5444444444444444,False,False
22436,2010-04-07,2010-12-21,2144,92,29,0.23232323232323232,0.32222222222222224,False,False
22437,2010-04-07,2010-12-20,3760,143,45,0.3611111111111111,0.5,False,False
22438,2010-04-11,2010-12-23,497,65,23,0.16414141414141414,0.25555555555555554,False,False
22439,2010-04-08,2010-12-21,2111,121,41,0.3055555555555556,0.45555555555555555,False,False
22440,2010-04-11,2010-12-17,2685,103,28,0.2601010101010101,0.3111111111111111,False,False
22441,2010-03-23,2010-12-19,1700,141,47,0.3560606060606061,0.5222222222222223,False,False
22442,2010-03-23,2010-12-10,582,72,21,0.18181818181818182,0.23333333333333334,False,False
22443,2010-03-23,2010-12-23,547,122,40,0.30808080808080807,0.4444444444444444,False,False
22444,2010-03-23,2010-12-23,9742,187,59,0.4722222222222222,0.6555555555555556,False,False
22445,2010-03-17,2010-12-23,878,117,40,0.29545454545454547,0.4444444444444444,False,False
22446,2010-03-18,2010-12-23,196,54,14,0.13636363636363635,0.15555555555555556,False,False
22447,2010-03-23,2010-12-23,118,37,10,0.09343434343434344,0.1111111111111111,False,False
22448,2010-03-18,2010-12-13,559,72,25,0.18181818181818182,0.2777777777777778,False,False
22449,2010-03-17,2010-12-23,896,114,37,0.2878787878787879,0.4111111111111111,False,False
22450,2010-03-17,2010-12-17,705,105,40,0.26515151515151514,0.4444444444444444,False,False
22451,2010-03-17,2010-12-21,1226,140,54,0.35353535353535354,0.6,False,False
22452,2010-03-21,2010-12-23,697,90,34,0.22727272727272727,0.37777777777777777,False,False
22453,2010-03-21,2010-12-23,496,65,31,0.16414141414141414,0.34444444444444444,False,False
22454,2010-03-19,2010-12-16,1315,112,43,0.2828282828282828,0.4777777777777778,False,False
22456,2010-03-04,2010-12-21,2803,172,58,0.43434343434343436,0.6444444444444445,False,False
22457,2010-03-04,2010-12-23,6898,186,70,0.4696969696969697,0.7777777777777778,False,False
22458,2010-03-04,2010-12-17,1022,114,32,0.2878787878787879,0.35555555555555557,False,False
22459,2010-03-04,2010-12-23,1013,116,34,0.29292929292929293,0.37777777777777777,False,False
22460,2010-03-08,2010-12-21,2357,113,38,0.28535353535353536,0.4222222222222222,False,False
22461,2010-03-07,2010-12-21,182,82,21,0.20707070707070707,0.23333333333333334,False,False
22464,2010-03-04,2010-12-22,4677,212,59,0.5353535353535354,0.6555555555555556,False,False
22465,2010-03-04,2010-12-20,2683,165,48,0.4166666666666667,0.5333333333333333,False,False
22466,2010-03-05,2010-12-21,3282,125,48,0.31565656565656564,0.5333333333333333,False,False
22467,2010-03-04,2010-12-22,4557,136,66,0.3434343434343434,0.7333333333333333,False,False
22468,2010-03-08,2010-12-23,1275,153,50,0.38636363636363635,0.5555555555555556,False,False
22469,2010-04-22,2010-12-23,11760,178,56,0.4494949494949495,0.6222222222222222,False,False
22470,2010-04-22,2010-12-23,8999,202,66,0.51010101010101,0.7333333333333333,False,False
22471,2010-03-11,2010-12-23,313,75,31,0.1893939393939394,0.34444444444444444,False,False
22472,2010-03-08,2010-12-21,842,113,41,0.28535353535353536,0.45555555555555555,False,False
22473,2010-03-11,2010-12-23,429,93,39,0.23484848484848486,0.43333333333333335,False,False
22474,2010-03-08,2010-12-21,726,101,41,0.255050505050505,0.45555555555555555,False,False
22475,2010-03-05,2010-12-17,487,99,36,0.25,0.4,False,False
22476,2010-03-07,2010-12-23,505,118,44,0.29797979797979796,0.4888888888888889,False,False
22477,2010-03-05,2010-12-20,1076,111,34,0.2803030303030303,0.37777777777777777,False,False
22478,2010-03-05,2010-12-20,1246,119,31,0.3005050505050505,0.34444444444444444,False,False
22479,2010-03-05,2010-12-20,821,88,21,0.2222222222222222,0.23333333333333334,False,False
22480,2010-03-05,2010-12-19,1850,132,39,0.3333333333333333,0.43333333333333335,False,False
22481,2010-03-07,2010-12-23,537,78,29,0.19696969696969696,0.32222222222222224,False,False
22482,2010-03-05,2010-12-17,1912,120,33,0.30303030303030304,0.36666666666666664,False,False
22483,2010-03-04,2010-12-23,1156,125,41,0.31565656565656564,0.45555555555555555,False,False
22485,2010-03-05,2010-12-21,586,140,30,0.35353535353535354,0.3333333333333333,False,False
22486,2010-03-08,2010-12-16,53,18,5,0.045454545454545456,0.05555555555555555,False,False
22487,2010-03-05,2010-12-17,870,193,53,0.48737373737373735,0.5888888888888889,False,False
22488,2010-03-05,2010-12-22,3794,193,50,0.48737373737373735,0.5555555555555556,False,False
22489,2010-03-02,2010-12-22,8799,164,62,0.41414141414141414,0.6888888888888889,False,False
22491,2010-05-06,2010-12-22,3759,111,47,0.2803030303030303,0.5222222222222223,False,False
22492,2010-05-06,2010-12-22,19695,168,59,0.42424242424242425,0.6555555555555556,False,False
22493,2010-05-07,2010-12-21,2462,124,56,0.31313131313131315,0.6222222222222222,False,False
22494,2010-01-29,2010-12-21,1802,161,44,0.4065656565656566,0.4888888888888889,True,False
22495,2010-01-29,2010-12-21,691,110,32,0.2777777777777778,0.35555555555555557,True,False
22496,2010-01-29,2010-12-19,490,92,21,0.23232323232323232,0.23333333333333334,False,False
22497,2010-01-31,2010-12-22,739,137,48,0.34595959595959597,0.5333333333333333,True,False
22498,2010-02-03,2010-12-21,814,153,23,0.38636363636363635,0.25555555555555554,False,False
22499,2010-02-02,2010-12-22,1530,187,41,0.4722222222222222,0.45555555555555555,True,False
22500,2010-01-31,2010-12-16,342,87,25,0.2196969696969697,0.2777777777777778,False,False
22501,2010-05-21,2010-12-21,1055,137,51,0.34595959595959597,0.5666666666666667,False,False
22502,2010-05-23,2010-12-21,2010,160,63,0.40404040404040403,0.7,False,False
22503,2010-04-30,2010-12-23,66,25,7,0.06313131313131314,0.07777777777777778,False,False
22504,2010-05-04,2010-12-23,187,44,16,0.1111111111111111,0.17777777777777778,False,False
22505,2010-03-10,2010-12-21,2398,205,60,0.5176767676767676,0.6666666666666666,False,False
22507,2010-03-11,2010-12-22,2773,198,61,0.5,0.6777777777777778,False,False
22508,2010-03-11,2010-12-22,1380,195,61,0.49242424242424243,0.6777777777777778,False,False
22509,2010-03-10,2010-12-16,194,86,25,0.21717171717171718,0.2777777777777778,False,False
22510,2010-03-12,2010-12-21,135,50,16,0.12626262626262627,0.17777777777777778,False,False
22511,2010-03-12,2010-12-23,194,59,22,0.14898989898989898,0.24444444444444444,False,False
22512,2010-03-12,2010-12-16,283,35,16,0.08838383838383838,0.17777777777777778,False,False
22513,2010-03-14,2010-12-21,444,89,29,0.22474747474747475,0.32222222222222224,False,False
22514,2010-03-28,2010-12-21,799,89,20,0.22474747474747475,0.2222222222222222,False,False
22515,2010-03-28,2010-12-21,799,86,21,0.21717171717171718,0.23333333333333334,False,False
22516,2010-03-28,2010-12-21,654,72,14,0.18181818181818182,0.15555555555555556,False,False
22517,2010-03-26,2010-12-21,615,61,8,0.15404040404040403,0.08888888888888889,False,False
22518,2010-03-25,2010-12-21,1063,106,26,0.2676767676767677,0.28888888888888886,False,False
22519,2010-03-25,2010-12-21,1042,95,19,0.2398989898989899,0.2111111111111111,False,False
22520,2010-03-25,2010-12-20,1579,128,34,0.32323232323232326,0.37777777777777777,False,False
22521,2010-03-25,2010-12-14,1686,126,35,0.3181818181818182,0.3888888888888889,False,False
22522,2010-03-25,2010-12-21,1329,113,30,0.28535353535353536,0.3333333333333333,False,False
22523,2010-03-25,2010-12-21,1341,112,31,0.2828282828282828,0.34444444444444444,False,False
22524,2010-03-25,2010-12-23,1310,119,41,0.3005050505050505,0.45555555555555555,False,False
22525,2010-03-25,2010-12-23,1499,137,45,0.34595959595959597,0.5,False,False
22526,2010-03-26,2010-12-21,424,83,22,0.20959595959595959,0.24444444444444444,False,False
22528,2010-03-26,2010-12-07,5830,154,13,0.3888888888888889,0.14444444444444443,False,False
22529,2010-03-28,2010-12-17,1635,74,32,0.18686868686868688,0.35555555555555557,False,False
22530,2010-03-28,2010-12-20,6946,140,59,0.35353535353535354,0.6555555555555556,False,False
22531,2010-03-31,2010-12-22,5029,138,58,0.3484848484848485,0.6444444444444445,False,False
22532,2010-03-28,2010-12-14,1855,83,39,0.20959595959595959,0.43333333333333335,False,False
22533,2010-03-28,2010-12-23,2929,113,48,0.28535353535353536,0.5333333333333333,False,False
22534,2010-03-28,2010-12-23,8770,172,65,0.43434343434343436,0.7222222222222222,False,False
22535,2010-03-25,2010-12-20,2725,113,43,0.28535353535353536,0.4777777777777778,False,False
22536,2010-03-28,2010-12-20,5726,141,53,0.3560606060606061,0.5888888888888889,False,False
22537,2010-03-29,2010-12-19,4012,127,58,0.3207070707070707,0.6444444444444445,False,False
22538,2010-03-28,2010-12-21,1092,45,17,0.11363636363636363,0.18888888888888888,False,False
22539,2010-03-26,2010-12-23,2928,88,42,0.2222222222222222,0.4666666666666667,False,False
22540,2010-03-28,2010-12-22,3842,81,34,0.20454545454545456,0.37777777777777777,False,False
22541,2010-03-28,2010-12-08,743,27,12,0.06818181818181818,0.13333333333333333,False,False
22543,2010-03-26,2010-12-17,1846,57,20,0.14393939393939395,0.2222222222222222,False,False
22544,2010-03-25,2010-12-22,5251,129,51,0.32575757575757575,0.5666666666666667,False,False
22545,2010-03-26,2010-12-20,2367,86,27,0.21717171717171718,0.3,False,False
22546,2010-03-26,2010-12-20,2336,80,32,0.20202020202020202,0.35555555555555557,False,False
22547,2010-03-26,2010-12-23,1266,80,35,0.20202020202020202,0.3888888888888889,False,False
22548,2010-03-25,2010-12-14,1704,126,45,0.3181818181818182,0.5,False,False
22549,2010-03-25,2010-12-21,3715,180,65,0.45454545454545453,0.7222222222222222,False,False
22550,2010-03-25,2010-12-23,980,140,47,0.35353535353535354,0.5222222222222223,False,False
22551,2010-03-25,2010-12-23,7861,212,70,0.5353535353535354,0.7777777777777778,False,False
22553,2010-03-25,2010-12-23,3962,198,67,0.5,0.7444444444444445,False,False
22554,2010-03-25,2010-12-23,6212,199,55,0.5025252525252525,0.6111111111111112,False,False
22555,2010-03-25,2010-12-23,6190,197,65,0.49747474747474746,0.7222222222222222,False,False
22556,2010-03-25,2010-12-23,7910,212,69,0.5353535353535354,0.7666666666666667,False,False
22557,2010-03-25,2010-12-23,6012,206,70,0.5202020202020202,0.7777777777777778,False,False
22558,2010-04-14,2010-12-23,6297,103,23,0.2601010101010101,0.25555555555555554,False,False
22559,2010-03-25,2010-12-21,1087,81,12,0.20454545454545456,0.13333333333333333,False,False
22560,2010-03-25,2010-12-21,7332,178,60,0.4494949494949495,0.6666666666666666,False,False
22561,2010-03-25,2010-12-20,6041,195,60,0.49242424242424243,0.6666666666666666,False,False
22562,2010-03-24,2010-12-23,2628,119,43,0.3005050505050505,0.4777777777777778,False,False
22563,2010-03-24,2010-12-23,3236,152,56,0.3838383838383838,0.6222222222222222,False,False
22564,2010-03-24,2010-12-16,1955,111,44,0.2803030303030303,0.4888888888888889,False,False
22565,2010-03-10,2010-12-23,1243,107,47,0.2702020202020202,0.5222222222222223,False,False
22566,2010-03-10,2010-12-23,2075,111,54,0.2803030303030303,0.6,False,False
22567,2010-03-26,2010-12-23,3540,159,56,0.4015151515151515,0.6222222222222222,False,False
22568,2010-03-10,2010-12-23,2393,192,65,0.48484848484848486,0.7222222222222222,False,False
22569,2010-03-10,2010-12-23,3053,186,64,0.4696969696969697,0.7111111111111111,False,False
22570,2010-03-10,2010-12-23,2804,191,66,0.4823232323232323,0.7333333333333333,False,False
22571,2010-07-23,2010-12-23,3799,98,64,0.2474747474747475,0.7111111111111111,False,False
22572,2010-07-22,2010-12-23,2325,93,61,0.23484848484848486,0.6777777777777778,False,False
22573,2010-07-18,2010-12-21,2511,92,61,0.23232323232323232,0.6777777777777778,False,False
22574,2010-07-18,2010-12-23,3181,93,60,0.23484848484848486,0.6666666666666666,False,False
22575,2010-07-18,2010-12-23,2580,102,62,0.25757575757575757,0.6888888888888889,False,False
22576,2010-07-18,2010-12-17,1893,84,54,0.21212121212121213,0.6,False,False
22577,2010-07-18,2010-12-20,3597,107,60,0.2702020202020202,0.6666666666666666,False,False
22578,2010-07-18,2010-12-20,3020,101,64,0.255050505050505,0.7111111111111111,False,False
22579,2010-07-18,2010-12-20,2141,91,61,0.2297979797979798,0.6777777777777778,False,False
22580,2010-07-20,2010-12-17,1054,93,59,0.23484848484848486,0.6555555555555556,False,False
22581,2010-07-18,2010-12-20,2101,94,58,0.23737373737373738,0.6444444444444445,False,False
22582,2010-03-10,2010-12-21,1499,134,49,0.3383838383838384,0.5444444444444444,False,False
22583,2010-03-10,2010-12-23,1340,142,39,0.35858585858585856,0.43333333333333335,False,False
22584,2010-03-10,2010-12-20,2971,189,57,0.4772727272727273,0.6333333333333333,False,False
22585,2010-03-10,2010-12-23,12505,224,68,0.5656565656565656,0.7555555555555555,False,False
22586,2010-03-10,2010-12-23,1353,104,47,0.26262626262626265,0.5222222222222223,False,False
22587,2010-03-10,2010-12-20,1284,111,46,0.2803030303030303,0.5111111111111111,False,False
22588,2010-07-16,2010-12-20,2266,122,62,0.30808080808080807,0.6888888888888889,False,False
22589,2010-07-16,2010-12-14,1023,91,54,0.2297979797979798,0.6,False,False
22591,2010-07-16,2010-12-16,964,67,30,0.1691919191919192,0.3333333333333333,False,False
22592,2010-07-27,2010-12-23,1353,85,58,0.21464646464646464,0.6444444444444445,False,False
22593,2010-07-16,2010-12-20,3626,107,62,0.2702020202020202,0.6888888888888889,False,False
22594,2010-07-18,2010-12-20,3053,101,60,0.255050505050505,0.6666666666666666,False,False
22595,2010-07-16,2010-12-20,6372,116,65,0.29292929292929293,0.7222222222222222,False,False
22596,2010-07-16,2010-11-15,2869,68,15,0.1717171717171717,0.16666666666666666,False,False
22597,2010-07-25,2010-12-17,1852,64,43,0.16161616161616163,0.4777777777777778,False,False
22598,2010-07-26,2010-12-17,814,39,31,0.09848484848484848,0.34444444444444444,False,False
22599,2010-07-25,2010-12-07,1182,49,34,0.12373737373737374,0.37777777777777777,False,False
22600,2010-07-16,2010-12-23,3440,100,59,0.25252525252525254,0.6555555555555556,False,False
22601,2010-07-18,2010-12-22,2983,100,63,0.25252525252525254,0.7,False,False
22602,2010-07-16,2010-12-20,4450,106,60,0.2676767676767677,0.6666666666666666,False,False
22603,2010-07-16,2010-12-20,2867,97,60,0.24494949494949494,0.6666666666666666,False,False
22604,2010-07-23,2010-12-23,839,81,47,0.20454545454545456,0.5222222222222223,False,False
22605,2010-04-08,2010-12-23,1073,150,36,0.3787878787878788,0.4,False,False
22606,2010-04-08,2010-12-23,767,126,30,0.3181818181818182,0.3333333333333333,False,False
22607,2010-04-08,2010-12-21,1252,106,18,0.2676767676767677,0.2,False,False
22608,2010-02-26,2010-12-21,886,29,9,0.07323232323232323,0.1,False,False
22609,2010-02-23,2010-12-20,1509,50,14,0.12626262626262627,0.15555555555555556,False,False
22610,2010-02-25,2010-12-20,3800,70,20,0.17676767676767677,0.2222222222222222,False,False
22611,2010-03-28,2010-12-22,697,102,21,0.25757575757575757,0.23333333333333334,False,False
22612,2010-03-28,2010-09-28,1001,74,0,0.18686868686868688,0.0,False,False
22613,2010-05-06,2010-12-22,1532,88,30,0.2222222222222222,0.3333333333333333,False,False
22614,2010-05-06,2010-12-20,2882,102,45,0.25757575757575757,0.5,False,False
22615,2010-05-06,2010-12-17,1797,76,29,0.1919191919191919,0.32222222222222224,False,False
22616,2010-05-06,2010-12-23,15763,150,62,0.3787878787878788,0.6888888888888889,False,False
22617,2010-03-14,2010-12-23,2226,190,61,0.4797979797979798,0.6777777777777778,False,False
22618,2010-03-14,2010-12-21,684,139,53,0.351010101010101,0.5888888888888889,False,False
22619,2010-05-07,2010-12-23,1785,142,69,0.35858585858585856,0.7666666666666667,False,False
22620,2010-05-09,2010-12-23,3568,158,65,0.398989898989899,0.7222222222222222,False,False
22621,2010-05-06,2010-12-23,2866,115,30,0.2904040404040404,0.3333333333333333,False,False
22622,2010-05-07,2010-12-21,1951,155,62,0.39141414141414144,0.6888888888888889,False,False
22623,2010-05-06,2010-12-23,1468,152,63,0.3838383838383838,0.7,False,False
22624,2010-05-04,2010-12-23,1420,185,65,0.4671717171717172,0.7222222222222222,False,False
22625,2010-05-04,2010-12-21,1219,177,66,0.44696969696969696,0.7333333333333333,False,False
22626,2010-04-30,2010-12-20,359,103,41,0.2601010101010101,0.45555555555555555,False,False
22627,2010-05-04,2010-12-21,813,161,57,0.4065656565656566,0.6333333333333333,False,False
22628,2010-07-01,2010-12-13,791,99,32,0.25,0.35555555555555557,False,False
22629,2010-07-01,2010-12-21,7471,142,69,0.35858585858585856,0.7666666666666667,False,False
22630,2010-07-01,2010-12-23,6780,146,70,0.3686868686868687,0.7777777777777778,False,False
22631,2010-03-14,2010-12-23,2697,124,56,0.31313131313131315,0.6222222222222222,False,False
22632,2010-09-20,2010-12-14,6717,57,56,0.14393939393939395,0.6222222222222222,False,False
22633,2010-10-07,2010-12-20,4679,56,56,0.1414141414141414,0.6222222222222222,False,False
22634,2010-05-20,2010-12-23,1020,146,63,0.3686868686868687,0.7,False,False
22635,2010-05-20,2010-12-21,1046,142,60,0.35858585858585856,0.6666666666666666,False,False
22636,2010-05-20,2010-12-23,1088,145,55,0.3661616161616162,0.6111111111111112,False,False
22637,2010-05-20,2010-12-21,1935,146,63,0.3686868686868687,0.7,False,False
22638,2010-07-23,2010-12-23,188,23,16,0.05808080808080808,0.17777777777777778,False,False
22639,2010-07-18,2010-12-17,939,80,47,0.20202020202020202,0.5222222222222223,False,False
22640,2010-06-24,2010-12-23,165,33,14,0.08333333333333333,0.15555555555555556,False,False
22641,2010-07-21,2010-12-23,199,34,19,0.08585858585858586,0.2111111111111111,False,False
22642,2010-07-18,2010-12-21,768,65,38,0.16414141414141414,0.4222222222222222,False,False
22643,2010-07-18,2010-12-23,268,43,27,0.10858585858585859,0.3,False,False
22644,2010-05-14,2010-12-23,2959,159,62,0.4015151515151515,0.6888888888888889,False,False
22645,2010-05-14,2010-12-21,3698,161,65,0.4065656565656566,0.7222222222222222,False,False
22646,2010-05-14,2010-12-23,5289,174,68,0.4393939393939394,0.7555555555555555,False,False
22647,2010-05-14,2010-12-20,444,38,19,0.09595959595959595,0.2111111111111111,False,False
22649,2010-05-14,2010-12-23,1624,150,60,0.3787878787878788,0.6666666666666666,False,False
22650,2010-05-14,2010-12-22,1025,105,44,0.26515151515151514,0.4888888888888889,False,False
22651,2010-07-20,2010-12-23,1360,77,54,0.19444444444444445,0.6,False,False
22652,2010-07-18,2010-12-23,5332,125,69,0.31565656565656564,0.7666666666666667,False,False
22653,2010-07-19,2010-12-21,1222,94,58,0.23737373737373738,0.6444444444444445,False,False
22654,2010-07-19,2010-12-23,1452,112,66,0.2828282828282828,0.7333333333333333,False,False
22655,2010-07-12,2010-12-17,28,18,7,0.045454545454545456,0.07777777777777778,False,False
22656,2010-07-12,2010-12-20,27,18,6,0.045454545454545456,0.06666666666666667,False,False
22657,2010-01-31,2010-03-21,65,7,0,0.017676767676767676,0.0,False,False
22659,2010-03-14,2010-12-22,5979,141,67,0.3560606060606061,0.7444444444444445,False,False
22660,2010-06-28,2010-12-22,538,68,34,0.1717171717171717,0.37777777777777777,False,False
22661,2010-07-19,2010-12-21,3266,104,55,0.26262626262626265,0.6111111111111112,False,False
22662,2010-07-19,2010-12-20,3481,121,62,0.3055555555555556,0.6888888888888889,False,False
22663,2010-07-19,2010-12-20,2424,111,57,0.2803030303030303,0.6333333333333333,False,False
22664,2010-07-22,2010-12-20,773,78,46,0.19696969696969696,0.5111111111111111,False,False
22665,2010-07-11,2010-12-21,1601,128,65,0.32323232323232326,0.7222222222222222,False,False
22666,2010-07-09,2010-12-23,2896,139,70,0.351010101010101,0.7777777777777778,False,False
22667,2010-07-09,2010-12-23,2246,134,70,0.3383838383838384,0.7777777777777778,False,False
22668,2010-07-07,2010-12-21,1430,117,55,0.29545454545454547,0.6111111111111112,False,False
22669,2010-07-06,2010-12-21,1342,109,57,0.27525252525252525,0.6333333333333333,False,False
22670,2010-08-17,2010-12-20,2685,77,47,0.19444444444444445,0.5222222222222223,False,False
22671,2010-08-17,2010-12-20,772,67,35,0.1691919191919192,0.3888888888888889,False,False
22672,2010-08-17,2010-12-21,1420,76,44,0.1919191919191919,0.4888888888888889,False,False
22673,2010-08-17,2010-12-17,569,46,22,0.11616161616161616,0.24444444444444444,False,False
22674,2010-08-17,2010-12-21,1111,69,36,0.17424242424242425,0.4,False,False
22675,2010-08-17,2010-12-21,1032,63,32,0.1590909090909091,0.35555555555555557,False,False
22676,2010-08-17,2010-12-21,712,69,40,0.17424242424242425,0.4444444444444444,False,False
22677,2010-08-17,2010-12-21,617,63,34,0.1590909090909091,0.37777777777777777,False,False
22678,2010-08-17,2010-12-21,589,67,36,0.1691919191919192,0.4,False,False
22679,2010-08-17,2010-12-23,556,62,34,0.15656565656565657,0.37777777777777777,False,False
22680,2010-08-17,2010-12-21,561,59,30,0.14898989898989898,0.3333333333333333,False,False
22681,2010-08-17,2010-12-23,488,54,27,0.13636363636363635,0.3,False,False
22682,2010-08-17,2010-12-21,512,57,30,0.14393939393939395,0.3333333333333333,False,False
22683,2010-08-17,2010-12-21,513,57,30,0.14393939393939395,0.3333333333333333,False,False
22684,2010-08-17,2010-12-17,487,54,29,0.13636363636363635,0.32222222222222224,False,False
22685,2010-08-17,2010-12-21,513,50,26,0.12626262626262627,0.28888888888888886,False,False
22686,2010-08-17,2010-12-21,440,53,30,0.13383838383838384,0.3333333333333333,False,False
22687,2010-06-28,2010-11-24,305,51,32,0.12878787878787878,0.35555555555555557,False,False
22688,2010-06-28,2010-12-21,196,53,34,0.13383838383838384,0.37777777777777777,False,False
22689,2010-06-28,2010-12-20,454,69,38,0.17424242424242425,0.4222222222222222,False,False
22690,2010-06-28,2010-12-23,945,82,41,0.20707070707070707,0.45555555555555555,False,False
22691,2010-06-28,2010-12-21,393,71,21,0.17929292929292928,0.23333333333333334,False,False
22692,2010-06-28,2010-12-23,663,91,44,0.2297979797979798,0.4888888888888889,False,False
22693,2010-08-05,2010-12-21,4248,34,26,0.08585858585858586,0.28888888888888886,False,False
22694,2010-07-29,2010-12-23,3431,113,68,0.28535353535353536,0.7555555555555555,False,False
22695,2010-07-29,2010-12-21,772,72,46,0.18181818181818182,0.5111111111111111,False,False
22696,2010-07-29,2010-12-17,774,90,62,0.22727272727272727,0.6888888888888889,False,False
22697,2010-08-11,2010-12-21,2994,111,69,0.2803030303030303,0.7666666666666667,False,False
22698,2010-08-11,2010-12-14,2413,84,45,0.21212121212121213,0.5,False,False
22699,2010-08-11,2010-12-21,3697,112,69,0.2828282828282828,0.7666666666666667,False,False
22700,2010-07-01,2010-12-20,343,47,23,0.11868686868686869,0.25555555555555554,False,False
22701,2010-06-22,2010-12-20,205,44,23,0.1111111111111111,0.25555555555555554,False,False
22702,2010-06-23,2010-12-21,399,43,20,0.10858585858585859,0.2222222222222222,False,False
22703,2010-06-23,2010-12-21,157,39,19,0.09848484848484848,0.2111111111111111,False,False
22704,2010-05-27,2010-12-14,3650,88,39,0.2222222222222222,0.43333333333333335,False,False
22705,2010-05-27,2010-12-09,1975,64,25,0.16161616161616163,0.2777777777777778,False,False
22706,2010-06-02,2010-12-23,2290,47,25,0.11868686868686869,0.2777777777777778,False,False
22707,2010-05-27,2010-12-19,925,33,16,0.08333333333333333,0.17777777777777778,False,False
22708,2010-06-02,2010-12-15,2625,52,25,0.13131313131313133,0.2777777777777778,False,False
22709,2010-06-02,2010-11-29,1474,29,12,0.07323232323232323,0.13333333333333333,False,False
22710,2010-05-27,2010-12-19,2833,56,22,0.1414141414141414,0.24444444444444444,False,False
22711,2010-05-27,2010-12-20,2525,62,22,0.15656565656565657,0.24444444444444444,False,False
22712,2010-05-28,2010-12-13,2970,124,55,0.31313131313131315,0.6111111111111112,False,False
22713,2010-05-27,2010-12-23,2836,99,42,0.25,0.4666666666666667,False,False
22714,2010-05-28,2010-12-20,1846,99,46,0.25,0.5111111111111111,False,False
22715,2010-06-01,2010-12-07,1188,66,23,0.16666666666666666,0.25555555555555554,False,False
22716,2010-06-01,2010-12-20,2180,115,49,0.2904040404040404,0.5444444444444444,False,False
22717,2010-06-02,2010-12-17,1230,71,34,0.17929292929292928,0.37777777777777777,False,False
22718,2010-06-01,2010-12-23,1145,79,30,0.1994949494949495,0.3333333333333333,False,False
22719,2010-04-25,2010-12-23,915,92,43,0.23232323232323232,0.4777777777777778,False,False
22720,2010-12-13,2010-12-23,254,9,9,0.022727272727272728,0.1,False,False
22721,2010-12-14,2010-12-23,34,8,8,0.020202020202020204,0.08888888888888889,False,False
22722,2010-11-11,2010-12-23,273,10,10,0.025252525252525252,0.1111111111111111,False,False
22723,2010-12-13,2010-12-23,46,7,7,0.017676767676767676,0.07777777777777778,False,False
22725,2010-09-24,2010-12-21,661,69,64,0.17424242424242425,0.7111111111111111,False,False
22726,2010-09-24,2010-12-21,1743,76,69,0.1919191919191919,0.7666666666666667,False,False
22727,2010-09-24,2010-12-23,1940,77,70,0.19444444444444445,0.7777777777777778,False,False
22728,2010-09-24,2010-12-22,1202,76,69,0.1919191919191919,0.7666666666666667,False,False
22729,2010-09-24,2010-12-21,872,73,66,0.18434343434343434,0.7333333333333333,False,False
22730,2010-09-24,2010-12-21,1041,71,64,0.17929292929292928,0.7111111111111111,False,False
22731,2010-09-16,2010-12-21,1897,71,57,0.17929292929292928,0.6333333333333333,False,False
22732,2010-09-15,2010-12-21,2235,72,57,0.18181818181818182,0.6333333333333333,False,False
22733,2010-09-17,2010-12-22,1972,69,57,0.17424242424242425,0.6333333333333333,False,False
22734,2010-09-16,2010-12-21,6632,72,58,0.18181818181818182,0.6444444444444445,False,False
22735,2010-09-16,2010-12-21,769,61,51,0.15404040404040403,0.5666666666666667,False,False
22736,2010-09-16,2010-12-21,1444,76,63,0.1919191919191919,0.7,False,False
22737,2010-09-16,2010-12-21,2067,75,62,0.1893939393939394,0.6888888888888889,False,False
22738,2010-09-16,2010-12-23,2527,81,67,0.20454545454545456,0.7444444444444445,False,False
22739,2010-09-16,2010-12-23,2473,81,68,0.20454545454545456,0.7555555555555555,False,False
22740,2010-09-30,2010-12-23,7095,62,60,0.15656565656565657,0.6666666666666666,False,False
22741,2010-09-30,2010-12-23,2397,50,48,0.12626262626262627,0.5333333333333333,False,False
22742,2010-08-10,2010-12-19,378,65,43,0.16414141414141414,0.4777777777777778,False,False
22743,2010-08-10,2010-12-17,615,81,53,0.20454545454545456,0.5888888888888889,False,False
22744,2010-08-10,2010-12-17,713,78,51,0.19696969696969696,0.5666666666666667,False,False
22745,2010-09-24,2010-12-22,2149,76,69,0.1919191919191919,0.7666666666666667,False,False
22746,2010-09-24,2010-12-23,1613,75,68,0.1893939393939394,0.7555555555555555,False,False
22747,2010-09-24,2010-12-19,1154,65,58,0.16414141414141414,0.6444444444444445,False,False
22748,2010-09-24,2010-12-23,2226,76,69,0.1919191919191919,0.7666666666666667,False,False
22749,2010-09-08,2010-12-21,1613,87,66,0.2196969696969697,0.7333333333333333,False,False
22750,2010-09-06,2010-12-21,1304,88,67,0.2222222222222222,0.7444444444444445,False,False
22751,2010-09-05,2010-12-23,832,82,63,0.20707070707070707,0.7,False,False
22752,2010-08-06,2010-12-23,2204,108,68,0.2727272727272727,0.7555555555555555,False,False
22753,2010-08-08,2010-12-20,1422,96,62,0.24242424242424243,0.6888888888888889,False,False
22754,2010-08-08,2010-12-21,2093,101,64,0.255050505050505,0.7111111111111111,False,False
22755,2010-08-06,2010-12-23,2203,108,68,0.2727272727272727,0.7555555555555555,False,False
22756,2010-08-08,2010-12-23,643,64,39,0.16161616161616163,0.43333333333333335,False,False
22757,2010-08-08,2010-12-23,1661,83,48,0.20959595959595959,0.5333333333333333,False,False
22758,2010-08-06,2010-12-23,1315,91,55,0.2297979797979798,0.6111111111111112,False,False
22759,2010-08-08,2010-12-23,4241,108,66,0.2727272727272727,0.7333333333333333,False,False
22760,2010-10-10,2010-12-23,100,37,37,0.09343434343434344,0.4111111111111111,False,False
22761,2010-10-13,2010-12-09,18,11,11,0.027777777777777776,0.12222222222222222,False,False
22762,2010-10-10,2010-12-17,56,21,21,0.05303030303030303,0.23333333333333334,False,False
22763,2010-10-10,2010-12-17,474,26,26,0.06565656565656566,0.28888888888888886,False,False
22764,2010-10-12,2010-11-17,178,14,14,0.03535353535353535,0.15555555555555556,False,False
22765,2010-10-10,2010-12-09,311,37,37,0.09343434343434344,0.4111111111111111,False,False
22766,2010-10-10,2010-12-23,1260,60,60,0.15151515151515152,0.6666666666666666,False,False
22767,2010-10-10,2010-12-16,252,43,43,0.10858585858585859,0.4777777777777778,False,False
22768,2010-10-10,2010-12-21,372,53,53,0.13383838383838384,0.5888888888888889,False,False
22769,2010-10-10,2010-12-17,173,30,30,0.07575757575757576,0.3333333333333333,False,False
22770,2010-10-12,2010-12-17,24,12,12,0.030303030303030304,0.13333333333333333,False,False
22771,2010-10-17,2010-12-23,1386,47,47,0.11868686868686869,0.5222222222222223,False,False
22772,2010-10-17,2010-12-23,930,43,43,0.10858585858585859,0.4777777777777778,False,False
22773,2010-10-17,2010-12-23,650,33,33,0.08333333333333333,0.36666666666666664,False,False
22774,2010-10-17,2010-12-23,959,37,37,0.09343434343434344,0.4111111111111111,False,False
22775,2010-10-17,2010-12-23,720,37,37,0.09343434343434344,0.4111111111111111,False,False
22776,2010-10-17,2010-12-21,549,52,52,0.13131313131313133,0.5777777777777777,False,False
22777,2010-10-22,2010-12-23,150,31,31,0.07828282828282829,0.34444444444444444,False,False
22778,2010-10-18,2010-12-23,258,34,34,0.08585858585858586,0.37777777777777777,False,False
22779,2010-10-24,2010-12-19,708,36,36,0.09090909090909091,0.4,False,False
22780,2010-10-22,2010-12-16,709,32,32,0.08080808080808081,0.35555555555555557,False,False
22781,2010-10-17,2010-12-20,287,43,43,0.10858585858585859,0.4777777777777778,False,False
22782,2010-10-27,2010-12-23,81,14,14,0.03535353535353535,0.15555555555555556,False,False
22783,2010-10-26,2010-12-21,63,17,17,0.04292929292929293,0.18888888888888888,False,False
22784,2010-10-22,2010-12-23,360,42,42,0.10606060606060606,0.4666666666666667,False,False
22785,2010-10-17,2010-12-23,197,38,38,0.09595959595959595,0.4222222222222222,False,False
22786,2010-10-17,2010-12-23,141,32,32,0.08080808080808081,0.35555555555555557,False,False
22788,2010-10-17,2010-12-21,290,29,29,0.07323232323232323,0.32222222222222224,False,False
22789,2010-10-17,2010-12-23,437,36,36,0.09090909090909091,0.4,False,False
22790,2010-10-14,2010-10-14,200,1,1,0.0025252525252525255,0.011111111111111112,False,False
22791,2010-10-22,2010-12-23,2275,45,45,0.11363636363636363,0.5,False,False
22792,2010-10-22,2010-12-20,1005,39,39,0.09848484848484848,0.43333333333333335,False,False
22794,2010-10-17,2010-12-17,93,31,31,0.07828282828282829,0.34444444444444444,False,False
22795,2010-10-17,2010-12-23,572,57,57,0.14393939393939395,0.6333333333333333,False,False
22796,2010-10-10,2010-12-16,262,47,47,0.11868686868686869,0.5222222222222223,False,False
22797,2010-10-17,2010-12-23,98,35,35,0.08838383838383838,0.3888888888888889,False,False
22798,2010-10-22,2010-12-23,788,47,47,0.11868686868686869,0.5222222222222223,False,False
22799,2010-10-18,2010-12-05,47,17,17,0.04292929292929293,0.18888888888888888,False,False
22800,2010-10-22,2010-12-23,402,44,44,0.1111111111111111,0.4888888888888889,False,False
22801,2010-10-22,2010-12-21,391,42,42,0.10606060606060606,0.4666666666666667,False,False
22802,2010-10-28,2010-12-23,43,20,20,0.050505050505050504,0.2222222222222222,False,False
22803,2010-10-22,2010-12-20,31,10,10,0.025252525252525252,0.1111111111111111,False,False
22804,2010-09-23,2010-12-23,2334,72,65,0.18181818181818182,0.7222222222222222,False,False
22805,2010-10-17,2010-12-23,475,34,34,0.08585858585858586,0.37777777777777777,False,False
22806,2010-09-20,2010-12-06,182,19,12,0.047979797979797977,0.13333333333333333,False,False
22807,2010-09-20,2010-12-23,618,62,55,0.15656565656565657,0.6111111111111112,False,False
22808,2010-09-20,2010-12-19,112,11,9,0.027777777777777776,0.1,False,False
22809,2010-09-20,2010-12-20,1432,70,60,0.17676767676767677,0.6666666666666666,False,False
22810,2010-09-20,2010-12-21,1453,74,64,0.18686868686868688,0.7111111111111111,False,False
22811,2010-09-21,2010-12-17,174,33,31,0.08333333333333333,0.34444444444444444,False,False
22812,2010-09-15,2010-12-21,3399,78,64,0.19696969696969696,0.7111111111111111,False,False
22813,2010-09-16,2010-12-21,1818,73,59,0.18434343434343434,0.6555555555555556,False,False
22814,2010-09-21,2010-12-20,670,48,39,0.12121212121212122,0.43333333333333335,False,False
22815,2010-09-16,2010-12-23,942,57,44,0.14393939393939395,0.4888888888888889,False,False
22816,2010-09-16,2010-12-20,3572,75,63,0.1893939393939394,0.7,False,False
22817,2010-09-16,2010-12-23,889,49,42,0.12373737373737374,0.4666666666666667,False,False
22818,2010-09-16,2010-12-21,3053,72,61,0.18181818181818182,0.6777777777777778,False,False
22819,2010-09-20,2010-12-23,845,42,38,0.10606060606060606,0.4222222222222222,False,False
22820,2010-09-15,2010-12-17,629,26,18,0.06565656565656566,0.2,False,False
22821,2010-09-15,2010-12-23,538,38,29,0.09595959595959595,0.32222222222222224,False,False
22822,2010-11-07,2010-12-20,184,27,27,0.06818181818181818,0.3,False,False
22823,2010-10-26,2010-12-21,9,6,6,0.015151515151515152,0.06666666666666667,False,False
22824,2010-11-07,2010-12-09,8,6,6,0.015151515151515152,0.06666666666666667,False,False
22825,2010-10-22,2010-12-20,32,11,11,0.027777777777777776,0.12222222222222222,False,False
22826,2010-12-10,2010-12-10,2,1,1,0.0025252525252525255,0.011111111111111112,False,False
22827,2010-10-21,2010-12-08,14,9,9,0.022727272727272728,0.1,False,False
22828,2010-10-21,2010-12-08,8,4,4,0.010101010101010102,0.044444444444444446,False,False
22829,2010-11-10,2010-12-20,25,12,12,0.030303030303030304,0.13333333333333333,False,False
22830,2010-10-22,2010-12-16,179,15,15,0.03787878787878788,0.16666666666666666,False,False
22831,2010-11-07,2010-12-17,95,17,17,0.04292929292929293,0.18888888888888888,False,False
22832,2010-11-09,2010-12-17,32,11,11,0.027777777777777776,0.12222222222222222,False,False
22833,2010-11-04,2010-12-07,117,9,9,0.022727272727272728,0.1,False,False
22834,2010-09-12,2010-12-23,5466,84,69,0.21212121212121213,0.7666666666666667,False,False
22835,2010-09-12,2010-12-23,2476,88,70,0.2222222222222222,0.7777777777777778,False,False
22837,2010-10-06,2010-12-21,3452,65,65,0.16414141414141414,0.7222222222222222,False,False
22838,2010-10-14,2010-12-21,261,48,48,0.12121212121212122,0.5333333333333333,False,False
22839,2010-10-14,2010-12-21,168,45,45,0.11363636363636363,0.5,False,False
22840,2010-10-13,2010-12-23,472,52,52,0.13131313131313133,0.5777777777777777,False,False
22841,2010-10-13,2010-12-20,260,49,49,0.12373737373737374,0.5444444444444444,False,False
22842,2010-10-13,2010-12-20,264,44,44,0.1111111111111111,0.4888888888888889,False,False
22843,2010-10-15,2010-12-20,158,34,34,0.08585858585858586,0.37777777777777777,False,False
22844,2010-10-17,2010-12-21,277,48,48,0.12121212121212122,0.5333333333333333,False,False
22845,2010-10-15,2010-12-21,253,51,51,0.12878787878787878,0.5666666666666667,False,False
22846,2010-10-14,2010-12-17,195,43,43,0.10858585858585859,0.4777777777777778,False,False
22847,2010-10-14,2010-12-21,307,49,49,0.12373737373737374,0.5444444444444444,False,False
22848,2010-10-14,2010-12-19,92,29,29,0.07323232323232323,0.32222222222222224,False,False
22849,2010-10-14,2010-12-20,99,25,25,0.06313131313131314,0.2777777777777778,False,False
22850,2010-10-17,2010-10-17,8,1,1,0.0025252525252525255,0.011111111111111112,False,False
22851,2010-08-19,2010-12-23,2552,91,63,0.2297979797979798,0.7,False,False
22852,2010-10-15,2010-12-17,189,27,27,0.06818181818181818,0.3,False,False
22853,2010-10-15,2010-12-20,186,22,22,0.05555555555555555,0.24444444444444444,False,False
22854,2010-09-16,2010-12-23,429,56,49,0.1414141414141414,0.5444444444444444,False,False
22855,2010-09-15,2010-12-23,2562,76,61,0.1919191919191919,0.6777777777777778,False,False
22856,2010-10-17,2010-12-21,620,5,5,0.012626262626262626,0.05555555555555555,False,False
22857,2010-10-05,2010-12-19,146,8,8,0.020202020202020204,0.08888888888888889,False,False
22858,2010-11-08,2010-12-21,165,6,6,0.015151515151515152,0.06666666666666667,False,False
22859,2010-10-05,2010-12-21,245,13,13,0.03282828282828283,0.14444444444444443,False,False
22860,2010-10-05,2010-12-05,25,4,4,0.010101010101010102,0.044444444444444446,False,False
22861,2010-12-12,2010-12-12,30,1,1,0.0025252525252525255,0.011111111111111112,False,False
22862,2010-09-16,2010-12-20,660,70,62,0.17676767676767677,0.6888888888888889,False,False
22863,2010-09-23,2010-12-20,487,51,45,0.12878787878787878,0.5,False,False
22864,2010-06-02,2010-06-29,378,2,0,0.005050505050505051,0.0,False,False
22865,2010-09-10,2010-12-17,7083,79,60,0.1994949494949495,0.6666666666666666,False,False
22866,2010-09-10,2010-12-10,7143,79,60,0.1994949494949495,0.6666666666666666,False,False
22867,2010-09-10,2010-12-21,7070,83,64,0.20959595959595959,0.7111111111111111,False,False
22868,2010-10-18,2010-12-15,69,8,8,0.020202020202020204,0.08888888888888889,False,False
22869,2010-10-17,2010-12-20,78,11,11,0.027777777777777776,0.12222222222222222,False,False
22870,2010-10-18,2010-12-15,71,9,9,0.022727272727272728,0.1,False,False
22871,2010-10-18,2010-12-15,66,6,6,0.015151515151515152,0.06666666666666667,False,False
22872,2010-10-18,2010-12-15,70,9,9,0.022727272727272728,0.1,False,False
22873,2010-10-17,2010-12-21,68,8,8,0.020202020202020204,0.08888888888888889,False,False
22874,2010-10-18,2010-12-17,68,8,8,0.020202020202020204,0.08888888888888889,False,False
22875,2010-10-18,2010-12-15,67,6,6,0.015151515151515152,0.06666666666666667,False,False
22876,2010-10-18,2010-12-15,66,6,6,0.015151515151515152,0.06666666666666667,False,False
22877,2010-10-18,2010-12-15,71,10,10,0.025252525252525252,0.1111111111111111,False,False
22878,2010-10-18,2010-12-15,63,11,11,0.027777777777777776,0.12222222222222222,False,False
22879,2010-10-19,2010-12-17,37,7,7,0.017676767676767676,0.07777777777777778,False,False
22880,2010-10-25,2010-12-17,40,8,8,0.020202020202020204,0.08888888888888889,False,False
22881,2010-10-25,2010-12-14,34,3,3,0.007575757575757576,0.03333333333333333,False,False
22882,2010-10-19,2010-12-17,44,10,10,0.025252525252525252,0.1111111111111111,False,False
22883,2010-10-18,2010-12-14,34,4,4,0.010101010101010102,0.044444444444444446,False,False
22884,2010-10-21,2010-12-14,39,7,7,0.017676767676767676,0.07777777777777778,False,False
22885,2010-10-20,2010-12-14,41,9,9,0.022727272727272728,0.1,False,False
22886,2010-10-25,2010-12-14,35,5,5,0.012626262626262626,0.05555555555555555,False,False
22887,2010-10-18,2010-12-14,40,7,7,0.017676767676767676,0.07777777777777778,False,False
22888,2010-11-04,2010-12-14,27,3,3,0.007575757575757576,0.03333333333333333,False,False
22889,2010-10-25,2010-12-17,126,8,8,0.020202020202020204,0.08888888888888889,False,False
22890,2010-10-14,2010-12-21,483,53,53,0.13383838383838384,0.5888888888888889,False,False
22891,2010-10-15,2010-12-23,327,43,43,0.10858585858585859,0.4777777777777778,False,False
22892,2010-10-15,2010-12-20,1252,44,44,0.1111111111111111,0.4888888888888889,False,False
22893,2010-10-15,2010-12-21,944,32,32,0.08080808080808081,0.35555555555555557,False,False
22894,2010-09-24,2010-12-17,267,47,41,0.11868686868686869,0.45555555555555555,False,False
22895,2010-09-24,2010-12-20,901,65,59,0.16414141414141414,0.6555555555555556,False,False
22896,2010-09-26,2010-12-21,585,54,48,0.13636363636363635,0.5333333333333333,False,False
22897,2010-09-26,2010-12-20,673,58,52,0.14646464646464646,0.5777777777777777,False,False
22898,2010-09-26,2010-12-21,856,62,57,0.15656565656565657,0.6333333333333333,False,False
22899,2010-09-26,2010-12-19,790,64,58,0.16161616161616163,0.6444444444444445,False,False
22900,2010-09-24,2010-12-23,1571,76,69,0.1919191919191919,0.7666666666666667,False,False
22902,2010-09-26,2010-12-20,520,50,46,0.12626262626262627,0.5111111111111111,False,False
22903,2010-09-26,2010-12-17,599,26,23,0.06565656565656566,0.25555555555555554,False,False
22904,2010-09-19,2010-12-20,1769,76,64,0.1919191919191919,0.7111111111111111,False,False
22905,2010-09-19,2010-12-17,525,58,47,0.14646464646464646,0.5222222222222223,False,False
22906,2010-09-19,2010-12-20,1867,73,62,0.18434343434343434,0.6888888888888889,False,False
22907,2010-09-16,2010-12-20,2232,69,58,0.17424242424242425,0.6444444444444445,False,False
22908,2010-09-20,2010-12-19,1346,58,49,0.14646464646464646,0.5444444444444444,False,False
22909,2010-09-16,2010-12-23,9071,83,69,0.20959595959595959,0.7666666666666667,False,False
22910,2010-09-19,2010-12-21,9577,81,69,0.20454545454545456,0.7666666666666667,False,False
22911,2010-09-19,2010-12-23,429,54,44,0.13636363636363635,0.4888888888888889,False,False
22912,2010-11-19,2010-12-15,58,16,16,0.04040404040404041,0.17777777777777778,False,False
22913,2010-11-19,2010-12-17,123,14,14,0.03535353535353535,0.15555555555555556,False,False
22914,2010-11-19,2010-12-20,155,22,22,0.05555555555555555,0.24444444444444444,False,False
22915,2010-11-19,2010-12-21,589,19,19,0.047979797979797977,0.2111111111111111,False,False
22916,2010-11-21,2010-12-23,118,19,19,0.047979797979797977,0.2111111111111111,False,False
22917,2010-11-21,2010-12-17,118,17,17,0.04292929292929293,0.18888888888888888,False,False
22918,2010-11-21,2010-12-23,121,19,19,0.047979797979797977,0.2111111111111111,False,False
22919,2010-11-22,2010-12-23,96,17,17,0.04292929292929293,0.18888888888888888,False,False
22920,2010-11-21,2010-12-17,119,18,18,0.045454545454545456,0.2,False,False
22921,2010-11-21,2010-12-17,103,17,17,0.04292929292929293,0.18888888888888888,False,False
22922,2010-11-19,2010-12-21,639,18,18,0.045454545454545456,0.2,False,False
22923,2010-11-19,2010-12-17,398,12,12,0.030303030303030304,0.13333333333333333,False,False
22924,2010-11-19,2010-12-15,293,12,12,0.030303030303030304,0.13333333333333333,False,False
22925,2010-11-22,2010-12-21,69,19,19,0.047979797979797977,0.2111111111111111,False,False
22926,2010-11-21,2010-12-23,185,24,24,0.06060606060606061,0.26666666666666666,False,False
22927,2010-11-21,2010-12-23,96,22,22,0.05555555555555555,0.24444444444444444,False,False
22928,2010-11-22,2010-12-17,14,6,6,0.015151515151515152,0.06666666666666667,False,False
22929,2010-11-24,2010-12-17,5,5,5,0.012626262626262626,0.05555555555555555,False,False
22930,2010-12-08,2010-12-23,156,10,10,0.025252525252525252,0.1111111111111111,False,False
22931,2010-12-08,2010-12-19,120,7,7,0.017676767676767676,0.07777777777777778,False,False
22932,2010-12-08,2010-12-17,99,5,5,0.012626262626262626,0.05555555555555555,False,False
22933,2010-12-09,2010-12-21,30,7,7,0.017676767676767676,0.07777777777777778,False,False
22934,2010-12-10,2010-12-21,30,6,6,0.015151515151515152,0.06666666666666667,False,False
22935,2010-12-08,2010-12-17,106,7,7,0.017676767676767676,0.07777777777777778,False,False
22936,2010-12-08,2010-12-17,12,3,3,0.007575757575757576,0.03333333333333333,False,False
22937,2010-12-08,2010-12-21,143,11,11,0.027777777777777776,0.12222222222222222,False,False
22938,2010-09-20,2010-12-23,1395,50,42,0.12626262626262627,0.4666666666666667,False,False
22939,2010-09-26,2010-12-20,251,46,40,0.11616161616161616,0.4444444444444444,False,False
22940,2010-09-06,2010-12-21,1789,87,66,0.2196969696969697,0.7333333333333333,False,False
22941,2010-10-21,2010-12-21,1092,51,51,0.12878787878787878,0.5666666666666667,False,False
22942,2010-10-21,2010-12-20,680,47,47,0.11868686868686869,0.5222222222222223,False,False
22943,2010-10-21,2010-12-20,1382,50,50,0.12626262626262627,0.5555555555555556,False,False
22944,2010-09-19,2010-12-17,1541,36,27,0.09090909090909091,0.3,False,False
22945,2010-09-19,2010-12-23,4899,75,63,0.1893939393939394,0.7,False,False
22946,2010-09-16,2010-12-10,540,64,51,0.16161616161616163,0.5666666666666667,False,False
22947,2010-09-16,2010-12-21,281,50,39,0.12626262626262627,0.43333333333333335,False,False
22948,2010-09-16,2010-12-23,703,48,43,0.12121212121212122,0.4777777777777778,False,False
22949,2010-09-19,2010-12-23,1218,47,40,0.11868686868686869,0.4444444444444444,False,False
22950,2010-09-19,2010-11-16,3124,37,25,0.09343434343434344,0.2777777777777778,False,False
22951,2010-09-19,2010-12-23,4133,76,64,0.1919191919191919,0.7111111111111111,False,False
22952,2010-09-17,2010-12-23,18347,81,68,0.20454545454545456,0.7555555555555555,False,False
22953,2010-11-04,2010-12-20,394,28,28,0.0707070707070707,0.3111111111111111,False,False
22954,2010-11-05,2010-12-21,54,12,12,0.030303030303030304,0.13333333333333333,False,False
22955,2010-11-04,2010-12-16,457,31,31,0.07828282828282829,0.34444444444444444,False,False
22956,2010-11-04,2010-12-19,586,36,36,0.09090909090909091,0.4,False,False
22959,2010-09-06,2010-12-16,4912,50,37,0.12626262626262627,0.4111111111111111,False,False
22960,2010-11-28,2010-12-23,925,22,22,0.05555555555555555,0.24444444444444444,False,False
22961,2010-07-23,2010-12-23,2517,24,23,0.06060606060606061,0.25555555555555554,False,False
22962,2010-11-28,2010-12-23,1001,19,19,0.047979797979797977,0.2111111111111111,False,False
22963,2010-07-23,2010-12-21,900,20,19,0.050505050505050504,0.2111111111111111,False,False
22964,2010-11-21,2010-12-20,288,24,24,0.06060606060606061,0.26666666666666666,False,False
22965,2010-11-21,2010-12-22,551,21,21,0.05303030303030303,0.23333333333333334,False,False
22966,2010-11-09,2010-12-23,1435,28,28,0.0707070707070707,0.3111111111111111,False,False
22968,2010-10-29,2010-12-23,473,44,44,0.1111111111111111,0.4888888888888889,False,False
22969,2010-11-21,2010-12-22,3146,28,28,0.0707070707070707,0.3111111111111111,False,False
22970,2010-12-15,2010-12-23,113,7,7,0.017676767676767676,0.07777777777777778,False,False
22971,2010-12-16,2010-12-20,119,4,4,0.010101010101010102,0.044444444444444446,False,False
22972,2010-11-24,2010-12-20,290,22,22,0.05555555555555555,0.24444444444444444,False,False
22973,2010-11-23,2010-12-20,297,21,21,0.05303030303030303,0.23333333333333334,False,False
22974,2010-11-24,2010-12-21,386,20,20,0.050505050505050504,0.2222222222222222,False,False
22975,2010-11-24,2010-12-20,177,18,18,0.045454545454545456,0.2,False,False
22976,2010-11-24,2010-12-22,287,20,20,0.050505050505050504,0.2222222222222222,False,False
22977,2010-11-24,2010-12-21,166,17,17,0.04292929292929293,0.18888888888888888,False,False
22983,2010-09-14,2010-12-21,1678,63,53,0.1590909090909091,0.5888888888888889,False,False
22984,2010-09-12,2010-12-22,717,39,31,0.09848484848484848,0.34444444444444444,False,False
22985,2010-09-07,2010-12-20,991,29,23,0.07323232323232323,0.25555555555555554,False,False
22986,2010-09-07,2010-12-16,1790,39,29,0.09848484848484848,0.32222222222222224,False,False
22987,2010-09-07,2010-11-23,150,6,4,0.015151515151515152,0.044444444444444446,False,False
22988,2010-11-23,2010-12-23,1375,27,27,0.06818181818181818,0.3,False,False
30086C,2009-12-01,2009-12-01,1,1,0,0.0025252525252525255,0.0,False,False
35001B,2009-12-17,2010-03-16,17,6,0,0.015151515151515152,0.0,False,False
35001G,2009-12-01,2010-12-16,568,63,11,0.1590909090909091,0.12222222222222222,False,False
35001P,2009-12-14,2009-12-17,2,2,0,0.005050505050505051,0.0,False,False
35001W,2009-12-01,2010-12-16,887,135,19,0.3409090909090909,0.2111111111111111,False,False
35004B,2009-12-01,2010-12-21,925,118,39,0.29797979797979796,0.43333333333333335,True,False
35004C,2009-12-01,2010-12-17,2979,201,47,0.5075757575757576,0.5222222222222223,True,False
35004G,2009-12-01,2010-12-01,236,52,14,0.13131313131313133,0.15555555555555556,False,False
35004P,2009-12-01,2010-12-10,121,31,2,0.07828282828282829,0.022222222222222223,False,False
35004S,2009-12-01,2009-12-23,146,13,0,0.03282828282828283,0.0,False,False
35015,2009-12-02,2010-11-07,2072,34,5,0.08585858585858586,0.05555555555555555,False,False
35051B,2009-12-01,2009-12-07,14,2,0,0.005050505050505051,0.0,False,False
35071,2009-12-01,2009-12-09,50,6,0,0.015151515151515152,0.0,False,False
35085E,2009-12-01,2010-07-14,39,9,0,0.022727272727272728,0.0,False,False
35095A,2009-12-01,2010-12-21,896,67,21,0.1691919191919192,0.23333333333333334,False,False
35095B,2009-12-01,2010-12-21,1115,77,28,0.19444444444444445,0.3111111111111111,False,False
35096A,2009-12-02,2010-03-05,777,35,0,0.08838383838383838,0.0,False,False
35096B,2009-12-02,2010-03-05,295,21,0,0.05303030303030303,0.0,False,False
35160,2009-12-01,2010-10-12,2180,53,3,0.13383838383838384,0.03333333333333333,False,False
35233,2009-12-08,2010-05-18,12,8,0,0.020202020202020204,0.0,False,False
35240,2010-05-27,2010-11-21,49,34,10,0.08585858585858586,0.1111111111111111,False,False
35241,2009-12-02,2010-12-10,210,72,16,0.18181818181818182,0.17777777777777778,False,False
35265,2010-05-25,2010-07-01,5,4,0,0.010101010101010102,0.0,False,False
35271S,2009-12-05,2010-12-02,420,18,11,0.045454545454545456,0.12222222222222222,False,False
35400,2009-12-01,2010-12-17,1434,111,46,0.2803030303030303,0.5111111111111111,True,False
35443,2009-12-06,2010-12-23,9,5,1,0.012626262626262626,0.011111111111111112,False,False
35471A,2009-12-01,2010-11-14,421,67,16,0.1691919191919192,0.17777777777777778,False,False
35471D,2009-12-01,2010-12-19,445,108,39,0.2727272727272727,0.43333333333333335,True,False
35537,2009-12-06,2010-05-19,13,3,0,0.007575757575757576,0.0,False,False
35591T,2010-09-05,2010-12-10,16,7,6,0.017676767676767676,0.06666666666666667,False,False
35594,2009-12-01,2010-10-29,171,35,3,0.08838383838383838,0.03333333333333333,False,False
35596,2010-10-12,2010-10-22,29,4,4,0.010101010101010102,0.044444444444444446,False,False
35597A,2010-09-06,2010-12-06,10,4,3,0.010101010101010102,0.03333333333333333,False,False
35597B,2009-12-13,2010-12-06,78,7,3,0.017676767676767676,0.03333333333333333,False,False
35597D,2009-12-04,2010-11-14,12,5,4,0.012626262626262626,0.044444444444444446,False,False
35598A,2009-12-07,2009-12-07,1,1,0,0.0025252525252525255,0.0,False,False
35598B,2009-12-01,2010-12-17,409,31,17,0.07828282828282829,0.18888888888888888,False,False
35598C,2009-12-18,2009-12-18,1,1,0,0.0025252525252525255,0.0,False,False
35598D,2009-12-02,2010-12-17,1083,53,30,0.13383838383838384,0.3333333333333333,False,False
35599B,2009-12-02,2010-12-15,60,26,18,0.06565656565656566,0.2,False,False
35599D,2009-12-01,2010-12-17,212,52,28,0.13131313131313133,0.3111111111111111,False,False
35600D,2009-12-01,2010-09-28,141,12,0,0.030303030303030304,0.0,False,False
35603B,2009-12-17,2009-12-18,50,2,0,0.005050505050505051,0.0,False,False
35603C,2009-12-02,2010-11-09,83,21,8,0.05303030303030303,0.08888888888888889,False,False
35607A,2009-12-11,2010-12-16,554,28,15,0.0707070707070707,0.16666666666666666,False,False
35607B,2009-12-11,2010-11-01,216,10,4,0.025252525252525252,0.044444444444444446,False,False
35609A,2009-12-02,2010-12-10,447,23,13,0.05808080808080808,0.14444444444444443,False,False
35610A,2009-12-07,2010-12-15,143,12,10,0.030303030303030304,0.1111111111111111,False,False
35610B,2009-12-02,2010-12-13,179,13,8,0.03282828282828283,0.08888888888888889,False,False
35610C,2009-12-10,2010-12-13,94,8,5,0.020202020202020204,0.05555555555555555,False,False
35611B,2009-12-03,2010-11-23,62,3,1,0.007575757575757576,0.011111111111111112,False,False
35633B,2009-12-04,2010-11-28,130,11,4,0.027777777777777776,0.044444444444444446,False,False
35637A,2009-12-13,2010-12-01,382,24,4,0.06060606060606061,0.044444444444444446,False,False
35637C,2010-01-14,2010-11-23,70,10,2,0.025252525252525252,0.022222222222222223,False,False
35638A,2010-01-25,2010-01-25,1,1,0,0.0025252525252525255,0.0,False,False
35638B,2009-12-09,2010-11-24,61,6,1,0.015151515151515152,0.011111111111111112,False,False
35644,2010-02-03,2010-11-21,25,6,1,0.015151515151515152,0.011111111111111112,False,False
35645,2009-12-09,2010-11-23,57,30,10,0.07575757575757576,0.1111111111111111,False,False
35646,2009-12-02,2010-12-23,108,12,5,0.030303030303030304,0.05555555555555555,False,False
35647,2009-12-08,2010-11-16,550,51,2,0.12878787878787878,0.022222222222222223,False,False
35648,2009-12-02,2010-12-23,158,22,12,0.05555555555555555,0.13333333333333333,False,False
35649,2009-12-02,2010-11-22,1769,18,4,0.045454545454545456,0.044444444444444446,False,False
35650,2010-06-03,2010-11-11,2,2,1,0.005050505050505051,0.011111111111111112,False,False
35651,2009-12-02,2010-12-23,69,10,7,0.025252525252525252,0.07777777777777778,False,False
35652,2009-12-16,2010-03-08,18,2,0,0.005050505050505051,0.0,False,False
35653,2009-12-02,2010-12-17,176,61,25,0.15404040404040403,0.2777777777777778,False,False
35654,2010-01-05,2010-08-04,12,5,0,0.012626262626262626,0.0,False,False
35751C,2009-12-01,2009-12-02,31,2,0,0.005050505050505051,0.0,False,False
35751D,2009-12-02,2009-12-02,28,1,0,0.0025252525252525255,0.0,False,False
35793,2009-12-01,2009-12-22,108,8,0,0.020202020202020204,0.0,False,False
35809A,2009-12-03,2010-12-21,728,92,13,0.23232323232323232,0.14444444444444443,False,False
35809B,2009-12-02,2010-08-08,96,23,0,0.05808080808080808,0.0,False,False
35810A,2009-12-03,2010-12-17,579,78,7,0.19696969696969696,0.07777777777777778,False,False
35810B,2009-12-02,2010-12-05,174,38,7,0.09595959595959595,0.07777777777777778,False,False
35811A,2009-12-03,2010-10-08,434,68,2,0.1717171717171717,0.022222222222222223,False,False
35815B,2009-12-07,2009-12-15,95,3,0,0.007575757575757576,0.0,False,False
35815P,2010-10-18,2010-11-28,6,2,2,0.005050505050505051,0.022222222222222223,False,False
35816B,2009-12-16,2010-05-14,139,3,0,0.007575757575757576,0.0,False,False
35816P,2010-02-18,2010-10-27,219,7,4,0.017676767676767676,0.044444444444444446,False,False
35817B,2009-12-03,2010-05-14,143,2,0,0.005050505050505051,0.0,False,False
35817P,2010-05-14,2010-12-15,408,9,3,0.022727272727272728,0.03333333333333333,False,False
35818B,2010-04-13,2010-11-24,377,8,5,0.020202020202020204,0.05555555555555555,False,False
35818C,2009-12-14,2009-12-14,1,1,0,0.0025252525252525255,0.0,False,False
35818P,2010-05-14,2010-12-01,297,7,4,0.017676767676767676,0.044444444444444446,False,False
35819B,2009-12-14,2010-12-20,118,9,3,0.022727272727272728,0.03333333333333333,False,False
35821B,2009-12-10,2010-04-08,150,3,0,0.007575757575757576,0.0,False,False
35821P,2009-12-02,2009-12-15,2,2,0,0.005050505050505051,0.0,False,False
35822B,2010-01-27,2010-01-27,229,1,0,0.0025252525252525255,0.0,False,False
35822P,2010-01-27,2010-01-27,114,1,0,0.0025252525252525255,0.0,False,False
35823P,2010-02-21,2010-07-15,2,2,0,0.005050505050505051,0.0,False,False
35824B,2009-12-10,2010-05-14,528,6,0,0.015151515151515152,0.0,False,False
35824C,2009-12-03,2010-04-08,235,8,0,0.020202020202020204,0.0,False,False
35824P,2010-03-22,2010-04-23,324,3,0,0.007575757575757576,0.0,False,False
35832,2009-12-01,2010-11-04,1739,73,27,0.18434343434343434,0.3,False,False
35833G,2009-12-06,2010-12-06,134,28,16,0.0707070707070707,0.17777777777777778,False,False
35833P,2009-12-06,2010-12-15,154,40,26,0.10101010101010101,0.28888888888888886,False,False
35837,2009-12-10,2009-12-10,2,1,0,0.0025252525252525255,0.0,False,False
35838A,2009-12-07,2010-09-29,181,16,0,0.04040404040404041,0.0,False,False
35838B,2009-12-09,2010-09-28,100,18,0,0.045454545454545456,0.0,False,False
35840,2009-12-04,2009-12-23,45,7,0,0.017676767676767676,0.0,False,False
35909A,2010-02-23,2010-03-24,12,2,0,0.005050505050505051,0.0,False,False
35909B,2009-12-06,2010-11-07,8,4,1,0.010101010101010102,0.011111111111111112,False,False
35910A,2009-12-13,2010-08-05,33,9,0,0.022727272727272728,0.0,False,False
35910B,2010-01-07,2010-02-19,16,4,0,0.010101010101010102,0.0,False,False
35911A,2009-12-02,2010-12-16,71,23,3,0.05808080808080808,0.03333333333333333,False,False
35911B,2009-12-11,2010-10-25,40,8,1,0.020202020202020204,0.011111111111111112,False,False
35912B,2010-01-07,2010-11-25,38,10,2,0.025252525252525252,0.022222222222222223,False,False
35913B,2010-01-07,2010-11-07,67,10,1,0.025252525252525252,0.011111111111111112,False,False
35914,2009-12-02,2010-12-17,51,17,4,0.04292929292929293,0.044444444444444446,False,False
35915A,2009-12-18,2009-12-18,288,1,0,0.0025252525252525255,0.0,False,False
35915B,2009-12-18,2010-12-10,347,18,2,0.045454545454545456,0.022222222222222223,False,False
35915C,2009-12-03,2010-11-16,347,22,2,0.05555555555555555,0.022222222222222223,False,False
35916A,2009-12-07,2010-12-06,48,16,3,0.04040404040404041,0.03333333333333333,False,False
35916B,2009-12-01,2010-12-01,42,15,3,0.03787878787878788,0.03333333333333333,False,False
35916C,2009-12-01,2010-12-09,53,21,6,0.05303030303030303,0.06666666666666667,False,False
35918B,2009-12-02,2010-02-23,10,4,0,0.010101010101010102,0.0,False,False
35920,2010-01-27,2010-03-12,998,8,0,0.020202020202020204,0.0,False,False
35921,2010-01-22,2010-09-23,115,22,0,0.05555555555555555,0.0,False,False
35922,2009-12-22,2010-08-27,69,23,0,0.05808080808080808,0.0,False,False
35923,2009-12-08,2010-11-30,228,44,7,0.1111111111111111,0.07777777777777778,False,False
35924,2009-12-01,2010-12-21,1635,92,24,0.23232323232323232,0.26666666666666666,False,False
35930,2009-12-16,2009-12-16,1,1,0,0.0025252525252525255,0.0,False,False
35931,2009-12-01,2010-11-12,156,14,7,0.03535353535353535,0.07777777777777778,False,False
35932,2009-12-04,2010-11-12,37,10,5,0.025252525252525252,0.05555555555555555,False,False
35933,2009-12-01,2010-12-17,95,9,7,0.022727272727272728,0.07777777777777778,False,False
35936,2009-12-11,2010-10-17,36,9,1,0.022727272727272728,0.011111111111111112,False,False
35937,2009-12-15,2010-10-18,188,15,5,0.03787878787878788,0.05555555555555555,False,False
35945,2009-12-18,2009-12-18,1,1,0,0.0025252525252525255,0.0,False,False
35950,2010-03-03,2010-03-03,1,1,0,0.0025252525252525255,0.0,False,False
35951,2009-12-01,2010-11-25,1352,36,14,0.09090909090909091,0.15555555555555556,False,False
35953,2009-12-03,2010-12-17,349,26,18,0.06565656565656566,0.2,False,False
35954,2009-12-01,2010-12-17,1097,54,33,0.13636363636363635,0.36666666666666664,False,False
35955,2009-12-01,2010-05-13,135,3,0,0.007575757575757576,0.0,False,False
35957,2009-12-01,2010-12-23,3344,92,54,0.23232323232323232,0.6,False,False
35958,2009-12-03,2010-12-09,1133,64,28,0.16161616161616163,0.3111111111111111,False,False
35961,2009-12-01,2010-12-23,8727,223,61,0.5631313131313131,0.6777777777777778,True,False
35962,2009-12-01,2010-10-20,593,61,8,0.15404040404040403,0.08888888888888889,False,False
35963,2009-12-16,2010-09-22,104,11,0,0.027777777777777776,0.0,False,False
35964,2009-12-04,2010-12-23,413,34,28,0.08585858585858586,0.3111111111111111,False,False
35965,2009-12-01,2010-12-23,295,90,35,0.22727272727272727,0.3888888888888889,False,False
35966,2009-12-02,2010-11-29,228,21,7,0.05303030303030303,0.07777777777777778,False,False
35967,2009-12-02,2010-12-12,485,46,24,0.11616161616161616,0.26666666666666666,False,False
35968,2009-12-02,2010-12-08,622,51,15,0.12878787878787878,0.16666666666666666,False,False
35969,2009-12-02,2010-11-18,525,63,22,0.1590909090909091,0.24444444444444444,False,False
35970,2010-03-19,2010-12-21,3415,99,43,0.25,0.4777777777777778,False,False
35971,2009-12-01,2010-12-17,1554,111,30,0.2803030303030303,0.3333333333333333,True,False
35972,2009-12-04,2010-11-18,344,56,4,0.1414141414141414,0.044444444444444446,False,False
35973,2009-12-09,2010-03-21,51,11,0,0.027777777777777776,0.0,False,False
35974,2009-12-16,2009-12-16,1,1,0,0.0025252525252525255,0.0,False,False
35976B,2009-12-06,2009-12-06,1,1,0,0.0025252525252525255,0.0,False,False
35979,2009-12-01,2010-04-09,94,18,0,0.045454545454545456,0.0,False,False
35980B,2009-12-18,2010-05-16,4,2,0,0.005050505050505051,0.0,False,False
35980C,2009-12-14,2010-10-13,384,24,5,0.06060606060606061,0.05555555555555555,False,False
35981C,2009-12-02,2010-10-17,590,47,7,0.11868686868686869,0.07777777777777778,False,False
35991,2009-12-01,2010-11-17,403,48,20,0.12121212121212122,0.2222222222222222,False,False
35995,2009-12-01,2009-12-23,5,5,0,0.012626262626262626,0.0,False,False
35999,2009-12-13,2009-12-13,1,1,0,0.0025252525252525255,0.0,False,False
37112,2009-12-04,2010-02-02,10,4,0,0.010101010101010102,0.0,False,False
37326,2010-01-11,2010-03-29,3,2,0,0.005050505050505051,0.0,False,False
37327,2009-12-02,2010-12-23,265,12,7,0.030303030303030304,0.07777777777777778,False,False
37330,2010-01-11,2010-11-30,511,26,4,0.06565656565656566,0.044444444444444446,False,False
37333,2009-12-03,2010-12-09,127,33,11,0.08333333333333333,0.12222222222222222,False,False
37340,2009-12-01,2010-12-21,11139,54,15,0.13636363636363635,0.16666666666666666,False,False
37342,2009-12-07,2010-12-23,135,24,10,0.06060606060606061,0.1111111111111111,False,False
37343,2009-12-01,2010-12-20,1074,89,20,0.22474747474747475,0.2222222222222222,False,False
37345,2009-12-03,2010-01-07,321,8,0,0.020202020202020204,0.0,False,False
37348,2009-12-02,2010-03-31,14,7,0,0.017676767676767676,0.0,False,False
37351,2009-12-22,2010-11-14,5394,9,1,0.022727272727272728,0.011111111111111112,False,False
37352,2009-12-17,2010-11-01,4643,7,2,0.017676767676767676,0.022222222222222223,False,False
37370,2009-12-01,2010-12-21,5103,199,51,0.5025252525252525,0.5666666666666667,True,False
37379A,2009-12-02,2010-05-17,35,13,0,0.03282828282828283,0.0,False,False
37379B,2010-03-04,2010-03-23,1122,3,0,0.007575757575757576,0.0,False,False
37399,2009-12-13,2009-12-22,143,5,0,0.012626262626262626,0.0,False,False
37408,2009-12-04,2009-12-04,5,1,0,0.0025252525252525255,0.0,False,False
37409,2010-01-14,2010-04-11,8,3,0,0.007575757575757576,0.0,False,False
37410,2009-12-01,2010-04-07,25707,25,0,0.06313131313131314,0.0,False,False
37422,2009-12-01,2010-05-26,434,53,0,0.13383838383838384,0.0,False,False
37423,2009-12-02,2010-11-29,6090,53,15,0.13383838383838384,0.16666666666666666,False,False
37424,2009-12-01,2010-11-21,5251,86,21,0.21717171717171718,0.23333333333333334,False,False
37432,2009-12-08,2009-12-08,6,1,0,0.0025252525252525255,0.0,False,False
37438,2009-12-13,2009-12-13,2,1,0,0.0025252525252525255,0.0,False,False
37441,2009-12-03,2010-08-02,706,47,0,0.11868686868686869,0.0,False,False
37444A,2009-12-01,2010-12-13,2662,29,11,0.07323232323232323,0.12222222222222222,False,False
37444B,2009-12-01,2010-12-09,2008,24,10,0.06060606060606061,0.1111111111111111,False,False
37444C,2009-12-01,2010-12-06,1636,41,9,0.10353535353535354,0.1,False,False
37446,2009-12-01,2010-12-17,2554,112,14,0.2828282828282828,0.15555555555555556,False,False
37447,2009-12-01,2010-12-17,2203,168,39,0.42424242424242425,0.43333333333333335,True,False
37448,2009-12-01,2010-12-19,3286,187,25,0.4722222222222222,0.2777777777777778,False,False
37449,2009-12-01,2010-12-21,1898,179,22,0.45202020202020204,0.24444444444444444,False,False
37450,2009-12-01,2010-12-20,1818,173,41,0.43686868686868685,0.45555555555555555,True,False
37451,2010-02-07,2010-02-07,1,1,0,0.0025252525252525255,0.0,False,False
37461,2009-12-01,2010-12-05,742,86,12,0.21717171717171718,0.13333333333333333,False,False
37462B,2009-12-01,2010-10-12,170,29,3,0.07323232323232323,0.03333333333333333,False,False
37462E,2010-01-10,2010-12-20,75,19,7,0.047979797979797977,0.07777777777777778,False,False
37464,2009-12-01,2010-12-17,316,66,21,0.16666666666666666,0.23333333333333334,False,False
37467,2009-12-02,2010-12-09,116,43,17,0.10858585858585859,0.18888888888888888,False,False
37468,2009-12-18,2009-12-18,1,1,0,0.0025252525252525255,0.0,False,False
37471,2009-12-22,2010-09-27,1376,7,0,0.017676767676767676,0.0,False,False
37474,2009-12-02,2010-12-06,64,42,12,0.10606060606060606,0.13333333333333333,False,False
37475,2009-12-14,2010-12-21,51,31,9,0.07828282828282829,0.1,False,False
37476,2009-12-02,2010-12-09,175,45,13,0.11363636363636363,0.14444444444444443,False,False
37477B,2009-12-02,2010-11-22,16,8,1,0.020202020202020204,0.011111111111111112,False,False
37477C,2010-11-23,2010-11-23,6,1,1,0.0025252525252525255,0.011111111111111112,False,False
37479B,2010-01-11,2010-12-07,1125,13,4,0.03282828282828283,0.044444444444444446,False,False
37479P,2010-06-11,2010-12-21,11,5,3,0.012626262626262626,0.03333333333333333,False,False
37481,2010-06-06,2010-06-06,6,1,0,0.0025252525252525255,0.0,False,False
37482B,2009-12-05,2010-08-01,1252,10,0,0.025252525252525252,0.0,False,False
37482P,2009-12-01,2010-12-21,179,38,12,0.09595959595959595,0.13333333333333333,False,False
37483,2010-05-16,2010-06-08,144,8,0,0.020202020202020204,0.0,False,False
37484,2009-12-08,2009-12-08,1,1,0,0.0025252525252525255,0.0,False,False
37485,2009-12-01,2010-02-22,49,15,0,0.03787878787878788,0.0,False,False
37488A,2010-02-23,2010-04-14,3,2,0,0.005050505050505051,0.0,False,False
37489A,2009-12-13,2010-12-03,15,10,2,0.025252525252525252,0.022222222222222223,False,False
37489B,2010-02-12,2010-12-03,8,6,1,0.015151515151515152,0.011111111111111112,False,False
37489C,2009-12-01,2010-12-03,6,5,1,0.012626262626262626,0.011111111111111112,False,False
37489D,2010-01-14,2010-12-03,7,5,2,0.012626262626262626,0.022222222222222223,False,False
37491A,2009-12-15,2010-12-01,13,9,2,0.022727272727272728,0.022222222222222223,False,False
37491B,2010-01-11,2010-07-01,10,7,0,0.017676767676767676,0.0,False,False
37491C,2009-12-11,2010-07-01,51,9,0,0.022727272727272728,0.0,False,False
37491D,2010-01-27,2010-11-15,22,11,2,0.027777777777777776,0.022222222222222223,False,False
37492A,2009-12-01,2009-12-23,108,11,0,0.027777777777777776,0.0,False,False
37492B,2009-12-02,2010-10-05,489,41,1,0.10353535353535354,0.011111111111111112,False,False
37492C,2009-12-01,2010-05-18,242,24,0,0.06060606060606061,0.0,False,False
37492D,2009-12-04,2010-05-21,361,22,0,0.05555555555555555,0.0,False,False
37494A,2009-12-02,2010-04-01,242,33,0,0.08333333333333333,0.0,False,False
37495,2009-12-04,2010-12-10,1142,162,24,0.4090909090909091,0.26666666666666666,False,False
37500,2009-12-01,2010-12-21,510,119,26,0.3005050505050505,0.28888888888888886,False,False
37501,2009-12-02,2010-12-10,360,104,23,0.26262626262626265,0.25555555555555554,False,False
37502,2009-12-01,2010-07-30,872,104,0,0.26262626262626265,0.0,False,False
37503,2009-12-01,2010-08-01,2469,180,0,0.45454545454545453,0.0,False,False
37506,2009-12-02,2010-08-24,34,26,0,0.06565656565656566,0.0,False,False
37508,2009-12-01,2010-08-24,92,40,0,0.10101010101010101,0.0,False,False
37509,2010-03-22,2010-12-06,29,14,3,0.03535353535353535,0.03333333333333333,False,False
40001,2009-12-06,2010-12-16,1672,62,16,0.15656565656565657,0.17777777777777778,False,False
40002,2009-12-18,2009-12-18,78,1,0,0.0025252525252525255,0.0,False,False
40003,2009-12-18,2010-12-17,998,44,12,0.1111111111111111,0.13333333333333333,False,False
40005B,2010-03-25,2010-12-06,23,10,2,0.025252525252525252,0.022222222222222223,False,False
40016,2009-12-01,2010-12-20,10271,123,27,0.3106060606060606,0.3,True,False
40018E,2009-12-01,2010-07-25,386,61,0,0.15404040404040403,0.0,False,False
40018F,2009-12-01,2010-09-05,1093,81,0,0.20454545454545456,0.0,False,False
40046A,2009-12-02,2010-10-31,305,50,1,0.12626262626262627,0.011111111111111112,False,False
40046C,2009-12-06,2009-12-16,3,3,0,0.007575757575757576,0.0,False,False
44089A,2010-02-04,2010-10-20,25,7,3,0.017676767676767676,0.03333333333333333,False,False
44089C,2010-02-04,2010-10-25,44,10,4,0.025252525252525252,0.044444444444444446,False,False
44091A,2010-03-26,2010-05-19,11,3,0,0.007575757575757576,0.0,False,False
44091C,2009-12-17,2010-08-04,61,17,0,0.04292929292929293,0.0,False,False
44092B,2010-07-18,2010-07-18,1,1,0,0.0025252525252525255,0.0,False,False
44092C,2009-12-18,2010-07-18,3,2,0,0.005050505050505051,0.0,False,False
44217M,2010-02-15,2010-02-15,72,1,0,0.0025252525252525255,0.0,False,False
44228,2010-11-18,2010-12-20,36,2,2,0.005050505050505051,0.022222222222222223,False,False
44230,2009-12-01,2010-10-10,347,44,1,0.1111111111111111,0.011111111111111112,False,False
44234,2009-12-14,2010-12-09,548,25,5,0.06313131313131314,0.05555555555555555,False,False
44235,2010-01-13,2010-12-09,285,10,2,0.025252525252525252,0.022222222222222223,False,False
44236,2010-01-24,2010-08-08,12,6,0,0.015151515151515152,0.0,False,False
44241C,2010-01-25,2010-08-04,70,7,0,0.017676767676767676,0.0,False,False
44242A,2010-03-25,2010-03-25,2,1,0,0.0025252525252525255,0.0,False,False
44242B,2009-12-06,2010-11-16,57,6,1,0.015151515151515152,0.011111111111111112,False,False
44265,2009-12-08,2010-06-06,6,3,0,0.007575757575757576,0.0,False,False
45008C,2009-12-03,2010-07-14,83,31,0,0.07828282828282829,0.0,False,False
45013,2010-05-12,2010-09-10,45,6,0,0.015151515151515152,0.0,False,False
45014,2010-07-15,2010-07-15,1,1,0,0.0025252525252525255,0.0,False,False
45016,2009-12-14,2010-09-09,101,22,0,0.05555555555555555,0.0,False,False
46000M,2009-12-01,2010-12-21,1541,140,29,0.35353535353535354,0.32222222222222224,True,False
46000P,2009-12-01,2010-12-15,201,39,7,0.09848484848484848,0.07777777777777778,False,False
46000R,2010-01-26,2010-12-08,146,25,12,0.06313131313131314,0.13333333333333333,False,False
46000S,2009-12-01,2010-12-16,1955,146,23,0.3686868686868687,0.25555555555555554,False,False
46000U,2009-12-03,2010-12-17,146,25,5,0.06313131313131314,0.05555555555555555,False,False
46037A,2010-05-25,2010-08-12,6,2,0,0.005050505050505051,0.0,False,False
46115B,2010-05-11,2010-12-06,280,20,8,0.050505050505050504,0.08888888888888889,False,False
46118,2009-12-03,2010-12-23,143,25,7,0.06313131313131314,0.07777777777777778,False,False
46126A,2009-12-03,2010-11-28,265,37,6,0.09343434343434344,0.06666666666666667,False,False
46137D,2010-01-29,2010-03-19,45,4,0,0.010101010101010102,0.0,False,False
46138B,2009-12-07,2010-12-23,30,14,3,0.03535353535353535,0.03333333333333333,False,False
46138D,2010-03-25,2010-03-25,1,1,0,0.0025252525252525255,0.0,False,False
46307,2009-12-21,2010-07-29,53,25,0,0.06313131313131314,0.0,False,False
46775A,2009-12-02,2010-02-24,83,15,0,0.03787878787878788,0.0,False,False
46775B,2009-12-02,2009-12-10,5,4,0,0.010101010101010102,0.0,False,False
46775D,2009-12-13,2010-12-01,94,38,10,0.09595959595959595,0.1111111111111111,False,False
46775E,2009-12-11,2010-09-12,101,29,0,0.07323232323232323,0.0,False,False
46776A,2009-12-04,2010-12-10,254,41,9,0.10353535353535354,0.1,False,False
46776B,2009-12-03,2010-12-17,276,58,16,0.14646464646464646,0.17777777777777778,False,False
46776C,2009-12-10,2010-12-21,147,35,11,0.08838383838383838,0.12222222222222222,False,False
46776D,2009-12-04,2010-12-10,65,30,4,0.07575757575757576,0.044444444444444446,False,False
46776E,2010-01-04,2010-12-07,140,35,6,0.08838383838383838,0.06666666666666667,False,False
46776F,2009-12-03,2010-12-10,278,52,10,0.13131313131313133,0.1111111111111111,False,False
47013A,2009-12-16,2010-11-23,127,21,9,0.05303030303030303,0.1,False,False
47013C,2009-12-04,2010-11-23,95,15,3,0.03787878787878788,0.03333333333333333,False,False
47016,2009-12-07,2010-11-03,29,4,1,0.010101010101010102,0.011111111111111112,False,False
47021G,2009-12-01,2010-12-20,170,44,12,0.1111111111111111,0.13333333333333333,False,False
47310M,2009-12-09,2010-12-23,344,52,10,0.13131313131313133,0.1111111111111111,False,False
47341A,2010-09-13,2010-11-17,2,2,1,0.005050505050505051,0.011111111111111112,False,False
47341B,2009-12-09,2010-09-13,3,3,0,0.007575757575757576,0.0,False,False
47343A,2009-12-17,2010-12-05,50,11,7,0.027777777777777776,0.07777777777777778,False,False
47344B,2009-12-17,2010-11-23,10,4,1,0.010101010101010102,0.011111111111111112,False,False
47347B,2009-12-07,2010-03-08,240,11,0,0.027777777777777776,0.0,False,False
47348A,2010-04-11,2010-12-17,8,3,2,0.007575757575757576,0.022222222222222223,False,False
47351B,2009-12-06,2010-10-14,12,5,1,0.012626262626262626,0.011111111111111112,False,False
47367B,2009-12-14,2010-12-23,139,51,21,0.12878787878787878,0.23333333333333334,False,False
47369A,2010-03-08,2010-12-17,22,9,5,0.022727272727272728,0.05555555555555555,False,False
47369B,2009-12-13,2010-12-05,23,8,2,0.020202020202020204,0.022222222222222223,False,False
47420,2009-12-02,2010-12-16,219,19,6,0.047979797979797977,0.06666666666666667,False,False
47421,2010-02-07,2010-12-10,546,19,3,0.047979797979797977,0.03333333333333333,False,False
47422,2010-02-07,2010-12-03,565,21,4,0.05303030303030303,0.044444444444444446,False,False
47469,2010-01-19,2010-11-22,752,16,6,0.04040404040404041,0.06666666666666667,False,False
47471,2009-12-01,2010-12-16,154,29,8,0.07323232323232323,0.08888888888888889,False,False
47480,2009-12-07,2010-12-17,1004,57,18,0.14393939393939395,0.2,False,False
47481,2009-12-03,2010-12-17,103,23,6,0.05808080808080808,0.06666666666666667,False,False
47502,2009-12-09,2010-09-13,640,65,0,0.16414141414141414,0.0,False,False
47503A,2009-12-02,2010-12-20,240,31,13,0.07828282828282829,0.14444444444444443,False,False
47503E,2009-12-08,2010-09-28,6842,25,0,0.06313131313131314,0.0,False,False
47503F,2009-12-02,2010-03-09,2571,10,0,0.025252525252525252,0.0,False,False
47503G,2009-12-02,2010-03-12,284,28,0,0.0707070707070707,0.0,False,False
47503H,2009-12-08,2010-12-12,64,23,6,0.05808080808080808,0.06666666666666667,False,False
47503J,2009-12-01,2010-12-07,345,64,3,0.16161616161616163,0.03333333333333333,False,False
47503K,2009-12-01,2010-06-21,3179,36,0,0.09090909090909091,0.0,False,False
47504E,2009-12-01,2010-10-12,4387,43,2,0.10858585858585859,0.022222222222222223,False,False
47504F,2009-12-01,2010-02-15,528,8,0,0.020202020202020204,0.0,False,False
47504G,2009-12-01,2010-05-11,267,41,0,0.10353535353535354,0.0,False,False
47504H,2009-12-03,2010-12-23,107,29,12,0.07323232323232323,0.13333333333333333,False,False
47504J,2009-12-03,2009-12-16,5,3,0,0.007575757575757576,0.0,False,False
47504K,2009-12-01,2010-12-23,757,94,24,0.23737373737373738,0.26666666666666666,False,False
47505,2009-12-01,2010-06-07,738,84,0,0.21212121212121213,0.0,False,False
47518F,2009-12-01,2010-12-21,81,11,3,0.027777777777777776,0.03333333333333333,False,False
47552A,2009-12-10,2010-06-17,13,9,0,0.022727272727272728,0.0,False,False
47554,2009-12-06,2009-12-06,1,1,0,0.0025252525252525255,0.0,False,False
47556,2009-12-02,2009-12-02,1,1,0,0.0025252525252525255,0.0,False,False
47556B,2009-12-01,2010-11-18,2606,226,39,0.5707070707070707,0.43333333333333335,True,False
47559B,2009-12-08,2010-12-23,3431,226,62,0.5707070707070707,0.6888888888888889,True,False
47562,2009-12-03,2010-03-29,104,34,0,0.08585858585858586,0.0,False,False
47563A,2009-12-02,2010-12-23,65,48,17,0.12121212121212122,0.18888888888888888,False,False
47563B,2010-02-14,2010-11-28,8,6,3,0.015151515151515152,0.03333333333333333,False,False
47566,2009-12-01,2010-12-22,10158,263,66,0.6641414141414141,0.7333333333333333,True,False
47566B,2009-12-01,2010-12-21,3504,187,56,0.4722222222222222,0.6222222222222222,True,False
47567B,2009-12-10,2010-12-20,1672,153,50,0.38636363636363635,0.5555555555555556,True,False
47568,2009-12-01,2010-08-22,2389,167,0,0.4217171717171717,0.0,False,False
47569,2009-12-02,2009-12-02,1,1,0,0.0025252525252525255,0.0,False,False
47570,2009-12-02,2010-04-26,220,62,0,0.15656565656565657,0.0,False,False
47570B,2009-12-01,2010-12-19,811,148,28,0.37373737373737376,0.3111111111111111,True,False
47574A,2009-12-09,2010-12-16,31,17,6,0.04292929292929293,0.06666666666666667,False,False
47574B,2010-01-06,2010-11-28,46,21,5,0.05303030303030303,0.05555555555555555,False,False
47578A,2009-12-02,2010-12-09,105,22,6,0.05555555555555555,0.06666666666666667,False,False
47579,2009-12-02,2010-12-05,185,46,4,0.11616161616161616,0.044444444444444446,False,False
47580,2009-12-02,2010-12-21,1333,175,52,0.44191919191919193,0.5777777777777777,True,False
47581B,2009-12-08,2010-05-25,47,33,0,0.08333333333333333,0.0,False,False
47583A,2010-01-11,2010-02-17,71,6,0,0.015151515151515152,0.0,False,False
47583B,2009-12-16,2010-02-17,27,5,0,0.012626262626262626,0.0,False,False
47585A,2009-12-07,2010-12-23,835,56,9,0.1414141414141414,0.1,False,False
47586A,2009-12-14,2010-12-23,185,20,7,0.050505050505050504,0.07777777777777778,False,False
47587A,2009-12-01,2010-05-14,2706,24,0,0.06060606060606061,0.0,False,False
47589,2009-12-15,2010-11-15,172,60,2,0.15151515151515152,0.022222222222222223,False,False
47590A,2009-12-02,2010-12-17,2844,153,45,0.38636363636363635,0.5,True,False
47590B,2009-12-07,2010-12-15,3455,222,40,0.5606060606060606,0.4444444444444444,True,False
47591A,2009-12-01,2010-08-24,163,62,0,0.15656565656565657,0.0,False,False
47591B,2009-12-01,2010-12-23,962,167,56,0.4217171717171717,0.6222222222222222,True,False
47591C,2009-12-01,2010-08-15,1055,108,0,0.2727272727272727,0.0,False,False
47591D,2009-12-01,2010-12-21,6564,276,64,0.696969696969697,0.7111111111111111,True,False
47592A,2009-12-02,2010-09-13,331,76,0,0.1919191919191919,0.0,False,False
47592B,2009-12-03,2010-07-21,67,25,0,0.06313131313131314,0.0,False,False
47593A,2009-12-07,2010-12-12,273,69,9,0.17424242424242425,0.1,False,False
47593B,2009-12-02,2010-12-23,394,106,37,0.2676767676767677,0.4111111111111111,True,False
47594A,2009-12-14,2010-12-20,246,56,21,0.1414141414141414,0.23333333333333334,False,False
47594B,2009-12-03,2010-12-23,257,61,20,0.15404040404040403,0.2222222222222222,False,False
47597,2009-12-10,2010-08-31,322,87,0,0.2196969696969697,0.0,False,False
47598,2009-12-01,2010-06-25,138,27,0,0.06818181818181818,0.0,False,False
47599A,2009-12-04,2010-12-20,3594,149,39,0.37626262626262624,0.43333333333333335,True,False
47599B,2010-01-11,2010-12-15,2190,138,33,0.3484848484848485,0.36666666666666664,True,False
48103,2009-12-18,2010-07-16,35,10,0,0.025252525252525252,0.0,False,False
48111,2009-12-01,2010-12-23,3179,236,54,0.5959595959595959,0.6,True,False
48116,2009-12-01,2010-12-22,2094,174,31,0.4393939393939394,0.34444444444444444,True,False
48129,2009-12-01,2010-12-23,2259,206,39,0.5202020202020202,0.43333333333333335,True,False
48138,2009-12-15,2010-12-23,6559,292,68,0.7373737373737373,0.7555555555555555,True,False
48173A,2010-01-26,2010-01-26,1,1,0,0.0025252525252525255,0.0,False,False
48173C,2009-12-01,2010-12-22,2409,203,55,0.5126262626262627,0.6111111111111112,True,False
48175,2009-12-14,2009-12-15,39,2,0,0.005050505050505051,0.0,False,False
48179,2009-12-01,2009-12-16,34,10,0,0.025252525252525252,0.0,False,False
48184,2009-12-01,2010-12-22,2821,211,46,0.5328282828282829,0.5111111111111111,True,False
48185,2009-12-01,2010-12-22,3273,277,65,0.6994949494949495,0.7222222222222222,True,False
48187,2009-12-01,2010-12-23,3662,254,46,0.6414141414141414,0.5111111111111111,True,False
48188,2009-12-01,2010-12-21,2840,227,42,0.5732323232323232,0.4666666666666667,True,False
48189,2009-12-01,2010-12-21,1301,165,12,0.4166666666666667,0.13333333333333333,False,False
48194,2009-12-01,2010-12-22,4467,296,66,0.7474747474747475,0.7333333333333333,True,False
48195,2009-12-01,2010-07-22,271,65,0,0.16414141414141414,0.0,False,False
48197,2009-12-01,2010-07-28,898,127,0,0.3207070707070707,0.0,False,False
51008,2009-12-02,2010-12-23,2518,52,25,0.13131313131313133,0.2777777777777778,False,False
51012C,2009-12-01,2010-02-26,171,19,0,0.047979797979797977,0.0,False,False
51012L,2009-12-03,2009-12-11,10,5,0,0.012626262626262626,0.0,False,False
51014A,2009-12-01,2010-12-21,2885,106,30,0.2676767676767677,0.3333333333333333,True,False
51014C,2009-12-01,2010-12-21,1695,86,29,0.21717171717171718,0.32222222222222224,False,False
51014L,2009-12-04,2010-12-17,1435,68,22,0.1717171717171717,0.24444444444444444,False,False
51020A,2009-12-16,2010-12-20,986,33,9,0.08333333333333333,0.1,False,False
51020B,2009-12-04,2010-12-16,897,47,14,0.11868686868686869,0.15555555555555556,False,False
62018,2009-12-02,2010-12-22,5557,59,12,0.14898989898989898,0.13333333333333333,False,False
62043B,2010-04-30,2010-07-29,37,5,0,0.012626262626262626,0.0,False,False
62074B,2009-12-13,2010-10-20,22,7,1,0.017676767676767676,0.011111111111111112,False,False
62086A,2010-03-01,2010-11-23,25,9,3,0.022727272727272728,0.03333333333333333,False,False
62094B,2010-01-19,2010-12-14,290,57,10,0.14393939393939395,0.1111111111111111,False,False
62095B,2010-02-01,2010-11-28,292,19,1,0.047979797979797977,0.011111111111111112,False,False
62096A,2010-01-07,2010-12-15,295,71,11,0.17929292929292928,0.12222222222222222,False,False
62096B,2009-12-07,2010-11-11,255,67,5,0.1691919191919192,0.05555555555555555,False,False
62097A,2009-12-11,2010-08-06,3,3,0,0.007575757575757576,0.0,False,False
62097B,2010-06-16,2010-06-16,2,1,0,0.0025252525252525255,0.0,False,False
70006,2009-12-01,2010-12-23,2697,109,41,0.27525252525252525,0.45555555555555555,True,False
70007,2009-12-01,2010-12-23,883,81,44,0.20454545454545456,0.4888888888888889,False,False
71028B,2009-12-01,2010-01-17,494,11,0,0.027777777777777776,0.0,False,False
71038,2009-12-02,2010-12-08,490,83,19,0.20959595959595959,0.2111111111111111,False,False
71050,2010-06-08,2010-10-19,18,2,1,0.005050505050505051,0.011111111111111112,False,False
71053,2009-12-01,2010-12-21,3057,218,48,0.5505050505050505,0.5333333333333333,True,False
71101A,2009-12-13,2009-12-13,6,1,0,0.0025252525252525255,0.0,False,False
71101E,2009-12-13,2010-11-11,431,25,4,0.06313131313131314,0.044444444444444446,False,False
71143,2009-12-01,2010-12-20,188,55,20,0.1388888888888889,0.2222222222222222,False,False
71215,2009-12-09,2010-12-08,167,10,2,0.025252525252525252,0.022222222222222223,False,False
71270,2009-12-18,2010-12-20,140,32,10,0.08080808080808081,0.1111111111111111,False,False
71279,2009-12-01,2010-12-20,138,44,12,0.1111111111111111,0.13333333333333333,False,False
71403,2009-12-04,2010-12-08,102,37,4,0.09343434343434344,0.044444444444444446,False,False
71406C,2009-12-03,2010-12-05,85,16,6,0.04040404040404041,0.06666666666666667,False,False
71434B,2010-01-26,2010-03-10,2,2,0,0.005050505050505051,0.0,False,False
71459,2009-12-02,2010-12-21,20208,237,41,0.5984848484848485,0.45555555555555555,True,False
71477,2009-12-01,2010-12-21,9012,215,61,0.5429292929292929,0.6777777777777778,True,False
71495A,2010-02-09,2010-12-13,123,13,5,0.03282828282828283,0.05555555555555555,False,False
71495B,2010-01-28,2010-12-08,143,10,4,0.025252525252525252,0.044444444444444446,False,False
71496A,2010-03-01,2010-12-08,133,8,6,0.020202020202020204,0.06666666666666667,False,False
71496B,2010-04-20,2010-08-12,2,2,0,0.005050505050505051,0.0,False,False
71510,2009-12-17,2010-11-16,125,8,2,0.020202020202020204,0.022222222222222223,False,False
72008,2009-12-01,2010-11-14,3820,138,13,0.3484848484848485,0.14444444444444443,False,False
72023F,2009-12-01,2010-08-08,640,38,0,0.09595959595959595,0.0,False,False
72024U,2009-12-02,2010-11-29,148,8,2,0.020202020202020204,0.022222222222222223,False,False
72038P,2009-12-02,2010-08-27,1050,9,0,0.022727272727272728,0.0,False,False
72045D,2009-12-03,2010-03-03,539,3,0,0.007575757575757576,0.0,False,False
72051S,2009-12-01,2010-12-13,181,41,11,0.10353535353535354,0.12222222222222222,False,False
72083A,2010-02-24,2010-03-31,24,5,0,0.012626262626262626,0.0,False,False
72084B,2010-03-26,2010-03-26,2,1,0,0.0025252525252525255,0.0,False,False
72122,2009-12-04,2010-12-17,277,55,16,0.1388888888888889,0.17777777777777778,False,False
72127,2009-12-01,2010-12-19,267,40,11,0.10101010101010101,0.12222222222222222,False,False
72128,2009-12-07,2010-12-19,541,51,16,0.12878787878787878,0.17777777777777778,False,False
72129,2009-12-18,2010-09-29,75,18,0,0.045454545454545456,0.0,False,False
72130,2009-12-13,2010-12-12,597,33,14,0.08333333333333333,0.15555555555555556,False,False
72131,2009-12-10,2010-12-20,628,36,13,0.09090909090909091,0.14444444444444443,False,False
72132,2009-12-21,2010-12-12,536,16,7,0.04040404040404041,0.07777777777777778,False,False
72133,2009-12-13,2010-12-02,71,16,6,0.04040404040404041,0.06666666666666667,False,False
72134,2009-12-13,2010-12-01,235,17,4,0.04292929292929293,0.044444444444444446,False,False
72140E,2009-12-07,2010-11-30,188,20,3,0.050505050505050504,0.03333333333333333,False,False
72140F,2009-12-01,2010-11-24,175,13,4,0.03282828282828283,0.044444444444444446,False,False
72225C,2009-12-17,2010-12-20,1350,22,4,0.05555555555555555,0.044444444444444446,False,False
72225D,2009-12-17,2010-05-13,962,11,0,0.027777777777777776,0.0,False,False
72232,2009-12-06,2010-12-20,3181,55,21,0.1388888888888889,0.23333333333333334,False,False
72267,2009-12-01,2010-03-28,273,24,0,0.06060606060606061,0.0,False,False
72349B,2009-12-01,2010-12-23,1518,148,43,0.37373737373737376,0.4777777777777778,True,False
72351A,2009-12-02,2010-12-23,2614,192,49,0.48484848484848486,0.5444444444444444,True,False
72351B,2009-12-03,2010-12-23,4180,211,51,0.5328282828282829,0.5666666666666667,True,False
72369A,2009-12-03,2010-11-05,37,9,2,0.022727272727272728,0.022222222222222223,False,False
72484,2009-12-02,2010-03-04,1818,41,0,0.10353535353535354,0.0,False,False
72487,2009-12-01,2009-12-14,827,7,0,0.017676767676767676,0.0,False,False
72529W,2009-12-01,2010-09-30,465,29,0,0.07323232323232323,0.0,False,False
72586,2009-12-04,2010-12-09,1616,72,25,0.18181818181818182,0.2777777777777778,False,False
72598,2009-12-01,2010-12-20,700,73,31,0.18434343434343434,0.34444444444444444,False,False
72606A,2010-01-11,2010-10-05,226,16,1,0.04040404040404041,0.011111111111111112,False,False
72708,2009-12-10,2010-08-23,44,5,0,0.012626262626262626,0.0,False,False
72709,2010-04-19,2010-12-08,48,7,2,0.017676767676767676,0.022222222222222223,False,False
72715,2010-02-16,2010-08-26,88,13,0,0.03282828282828283,0.0,False,False
72724,2009-12-01,2009-12-10,36,7,0,0.017676767676767676,0.0,False,False
72728,2009-12-10,2010-08-04,643,45,0,0.11363636363636363,0.0,False,False
72739B,2009-12-01,2010-01-26,394,17,0,0.04292929292929293,0.0,False,False
72739C,2009-12-02,2010-01-27,326,16,0,0.04040404040404041,0.0,False,False
72740A,2009-12-02,2010-01-05,65,9,0,0.022727272727272728,0.0,False,False
72740B,2010-01-11,2010-01-11,1,1,0,0.0025252525252525255,0.0,False,False
72741,2009-12-01,2010-12-23,14354,271,67,0.6843434343434344,0.7444444444444445,True,False
72750A,2009-12-02,2010-04-23,383,15,0,0.03787878787878788,0.0,False,False
72750B,2009-12-14,2010-11-11,496,37,8,0.09343434343434344,0.08888888888888889,False,False
72750C,2009-12-01,2010-03-30,232,13,0,0.03282828282828283,0.0,False,False
72750D,2009-12-07,2010-01-28,110,11,0,0.027777777777777776,0.0,False,False
72751A,2009-12-04,2009-12-04,1,1,0,0.0025252525252525255,0.0,False,False
72751B,2009-12-04,2009-12-04,1,1,0,0.0025252525252525255,0.0,False,False
72751C,2010-02-07,2010-02-07,1,1,0,0.0025252525252525255,0.0,False,False
72752A,2009-12-04,2009-12-04,1,1,0,0.0025252525252525255,0.0,False,False
72752B,2009-12-04,2009-12-11,3,2,0,0.005050505050505051,0.0,False,False
72753A,2009-12-01,2010-01-27,315,13,0,0.03282828282828283,0.0,False,False
72753B,2009-12-04,2010-03-26,445,13,0,0.03282828282828283,0.0,False,False
72753C,2009-12-06,2010-01-20,43,6,0,0.015151515151515152,0.0,False,False
72753D,2009-12-06,2010-01-17,144,8,0,0.020202020202020204,0.0,False,False
72754A,2009-12-04,2010-02-24,292,4,0,0.010101010101010102,0.0,False,False
72754B,2009-12-01,2010-01-08,170,7,0,0.017676767676767676,0.0,False,False
72754D,2009-12-02,2009-12-02,1,1,0,0.0025252525252525255,0.0,False,False
72755C,2009-12-22,2010-03-26,592,13,0,0.03282828282828283,0.0,False,False
72755D,2009-12-04,2010-03-26,533,12,0,0.030303030303030304,0.0,False,False
72756,2009-12-01,2010-06-15,4021,24,0,0.06060606060606061,0.0,False,False
72760B,2009-12-01,2010-12-17,1337,174,44,0.4393939393939394,0.4888888888888889,True,False
72771B,2009-12-10,2009-12-15,129,4,0,0.010101010101010102,0.0,False,False
72771C,2009-12-07,2009-12-13,54,4,0,0.010101010101010102,0.0,False,False
72772,2009-12-13,2010-01-17,457,8,0,0.020202020202020204,0.0,False,False
72779,2009-12-02,2010-05-05,49,14,0,0.03535353535353535,0.0,False,False
72780,2009-12-06,2010-12-13,393,24,5,0.06060606060606061,0.05555555555555555,False,False
72781,2009-12-17,2010-10-11,121,15,1,0.03787878787878788,0.011111111111111112,False,False
72783,2009-12-01,2010-11-07,27,7,1,0.017676767676767676,0.011111111111111112,False,False
72785A,2009-12-11,2010-02-19,8,4,0,0.010101010101010102,0.0,False,False
72785B,2009-12-11,2010-01-29,9,3,0,0.007575757575757576,0.0,False,False
72789,2009-12-10,2010-10-10,122,39,1,0.09848484848484848,0.011111111111111112,False,False
72793,2009-12-13,2010-10-26,55,10,3,0.025252525252525252,0.03333333333333333,False,False
72796A,2009-12-02,2010-04-29,11,5,0,0.012626262626262626,0.0,False,False
72796B,2009-12-02,2010-07-04,27,12,0,0.030303030303030304,0.0,False,False
72796C,2010-01-17,2010-01-17,1,1,0,0.0025252525252525255,0.0,False,False
72798C,2009-12-01,2010-12-01,22,13,3,0.03282828282828283,0.03333333333333333,False,False
72799A,2009-12-03,2010-08-04,612,17,0,0.04292929292929293,0.0,False,False
72799B,2009-12-01,2010-01-05,322,9,0,0.022727272727272728,0.0,False,False
72799C,2009-12-01,2010-11-25,390,28,7,0.0707070707070707,0.07777777777777778,False,False
72799D,2009-12-01,2010-09-29,78,18,0,0.045454545454545456,0.0,False,False
72799E,2009-12-01,2010-12-23,836,84,37,0.21212121212121213,0.4111111111111111,False,False
72799F,2009-12-01,2010-12-23,1002,63,32,0.1590909090909091,0.35555555555555557,False,False
72800A,2009-12-01,2010-05-16,677,40,0,0.10101010101010101,0.0,False,False
72800B,2009-12-04,2010-12-20,860,49,14,0.12373737373737374,0.15555555555555556,False,False
72800C,2009-12-07,2010-12-16,531,42,13,0.10606060606060606,0.14444444444444443,False,False
72800D,2009-12-04,2010-12-16,568,51,14,0.12878787878787878,0.15555555555555556,False,False
72800E,2009-12-01,2010-12-23,986,114,49,0.2878787878787879,0.5444444444444444,True,False
72800F,2009-12-01,2010-11-21,825,51,7,0.12878787878787878,0.07777777777777778,False,False
72801C,2009-12-11,2010-12-02,598,40,5,0.10101010101010101,0.05555555555555555,False,False
72801D,2009-12-04,2010-12-21,523,48,11,0.12121212121212122,0.12222222222222222,False,False
72801E,2009-12-01,2010-09-02,776,25,0,0.06313131313131314,0.0,False,False
72801F,2009-12-01,2010-01-28,234,15,0,0.03787878787878788,0.0,False,False
72801G,2009-12-01,2010-12-19,1314,52,16,0.13131313131313133,0.17777777777777778,False,False
72802A,2009-12-02,2010-12-23,668,105,34,0.26515151515151514,0.37777777777777777,True,False
72802B,2009-12-01,2010-12-23,635,113,39,0.28535353535353536,0.43333333333333335,True,False
72802C,2009-12-01,2010-12-23,892,128,42,0.32323232323232326,0.4666666666666667,True,False
72803A,2009-12-02,2010-12-19,206,56,16,0.1414141414141414,0.17777777777777778,False,False
72803B,2009-12-03,2010-12-03,95,34,6,0.08585858585858586,0.06666666666666667,False,False
72805,2009-12-06,2010-02-07,10,3,0,0.007575757575757576,0.0,False,False
72807A,2009-12-01,2010-12-21,630,97,36,0.24494949494949494,0.4,False,False
72807B,2009-12-01,2010-12-20,769,106,39,0.2676767676767677,0.43333333333333335,True,False
72807C,2009-12-01,2010-12-21,1410,150,55,0.3787878787878788,0.6111111111111112,True,False
72811,2009-12-02,2010-11-16,392,14,2,0.03535353535353535,0.022222222222222223,False,False
72812,2009-12-11,2010-10-07,71,19,1,0.047979797979797977,0.011111111111111112,False,False
72814,2009-12-01,2010-11-22,269,39,17,0.09848484848484848,0.18888888888888888,False,False
72815,2009-12-01,2010-12-09,280,47,24,0.11868686868686869,0.26666666666666666,False,False
72816,2009-12-01,2010-12-20,593,60,43,0.15151515151515152,0.4777777777777778,False,False
72817,2009-12-02,2010-12-23,419,43,35,0.10858585858585859,0.3888888888888889,False,False
72818,2009-12-02,2010-12-16,676,45,33,0.11363636363636363,0.36666666666666664,False,False
72819,2009-12-04,2010-12-17,493,49,13,0.12373737373737374,0.14444444444444443,False,False
72821,2010-01-31,2010-11-29,50,10,4,0.025252525252525252,0.044444444444444446,False,False
75011,2009-12-11,2010-12-14,33,4,2,0.010101010101010102,0.022222222222222223,False,False
75013B,2009-12-01,2010-12-14,375,67,12,0.1691919191919192,0.13333333333333333,False,False
75049L,2009-12-02,2010-12-17,6881,94,22,0.23737373737373738,0.24444444444444444,False,False
75131,2009-12-11,2010-12-13,790,50,12,0.12626262626262627,0.13333333333333333,False,False
75149N,2009-12-04,2010-05-04,272,22,0,0.05555555555555555,0.0,False,False
75172,2010-06-23,2010-10-06,4,3,1,0.007575757575757576,0.011111111111111112,False,False
75178,2010-02-18,2010-12-17,185,14,4,0.03535353535353535,0.044444444444444446,False,False
77079,2010-03-03,2010-07-12,63,11,0,0.027777777777777776,0.0,False,False
77081,2009-12-01,2010-08-31,242,29,0,0.07323232323232323,0.0,False,False
77101A,2009-12-06,2010-12-15,710,65,15,0.16414141414141414,0.16666666666666666,False,False
78026,2010-01-17,2010-09-03,12,2,0,0.005050505050505051,0.0,False,False
78027,2010-01-31,2010-09-03,6,5,0,0.012626262626262626,0.0,False,False
78033,2010-01-27,2010-08-12,38,7,0,0.017676767676767676,0.0,False,False
78034B,2010-06-16,2010-12-05,8,4,1,0.010101010101010102,0.011111111111111112,False,False
78056,2009-12-02,2009-12-08,3,2,0,0.005050505050505051,0.0,False,False
78124,2009-12-03,2010-12-08,538,13,3,0.03282828282828283,0.03333333333333333,False,False
79000,2009-12-01,2010-12-20,8360,196,42,0.494949494949495,0.4666666666666667,True,False
79026B,2009-12-01,2010-11-03,45,23,3,0.05808080808080808,0.03333333333333333,False,False
79029,2009-12-01,2010-08-09,2958,149,0,0.37626262626262624,0.0,False,False
79030A,2009-12-01,2010-07-29,171,26,0,0.06565656565656566,0.0,False,False
79030D,2009-12-08,2010-12-16,447,17,6,0.04292929292929293,0.06666666666666667,False,False
79030G,2009-12-02,2010-12-06,357,49,10,0.12373737373737374,0.1111111111111111,False,False
79051A,2009-12-02,2010-12-06,124,15,4,0.03787878787878788,0.044444444444444446,False,False
79065A,2009-12-02,2009-12-02,4,1,0,0.0025252525252525255,0.0,False,False
79066K,2009-12-07,2010-12-23,668,98,29,0.2474747474747475,0.32222222222222224,False,False
79067,2009-12-01,2010-12-21,1616,209,55,0.5277777777777778,0.6111111111111112,True,False
79070B,2009-12-01,2009-12-01,1,1,0,0.0025252525252525255,0.0,False,False
79071B,2010-02-01,2010-11-28,134,51,16,0.12878787878787878,0.17777777777777778,False,False
79072,2009-12-01,2010-03-29,285,55,0,0.1388888888888889,0.0,False,False
79140,2010-02-01,2010-06-01,15,2,0,0.005050505050505051,0.0,False,False
79144B,2009-12-04,2010-12-21,185,38,16,0.09595959595959595,0.17777777777777778,False,False
79144C,2009-12-14,2010-12-21,169,47,20,0.11868686868686869,0.2222222222222222,False,False
79149B,2009-12-04,2010-12-05,14,5,2,0.012626262626262626,0.022222222222222223,False,False
79151B,2010-12-05,2010-12-05,1,1,1,0.0025252525252525255,0.011111111111111112,False,False
79157B,2010-02-07,2010-02-07,1,1,0,0.0025252525252525255,0.0,False,False
79160,2009-12-01,2010-12-21,526,114,13,0.2878787878787879,0.14444444444444443,False,False
79161A,2010-03-10,2010-11-26,49,13,2,0.03282828282828283,0.022222222222222223,False,False
79163,2009-12-02,2010-12-20,324,29,12,0.07323232323232323,0.13333333333333333,False,False
79164,2009-12-01,2010-12-08,2017,64,15,0.16161616161616163,0.16666666666666666,False,False
79172D,2010-03-08,2010-10-31,24,4,1,0.010101010101010102,0.011111111111111112,False,False
79190A,2009-12-03,2010-12-13,430,58,16,0.14646464646464646,0.17777777777777778,False,False
79190B,2009-12-02,2010-12-13,805,74,16,0.18686868686868688,0.17777777777777778,False,False
79190D,2009-12-03,2010-12-13,398,65,13,0.16414141414141414,0.14444444444444443,False,False
79191B,2009-12-04,2010-12-05,326,39,12,0.09848484848484848,0.13333333333333333,False,False
79191C,2009-12-02,2010-12-05,519,73,14,0.18434343434343434,0.15555555555555556,False,False
79191D,2009-12-02,2010-12-20,104,37,8,0.09343434343434344,0.08888888888888889,False,False
79192A,2009-12-02,2010-11-28,111,31,7,0.07828282828282829,0.07777777777777778,False,False
79301,2010-01-21,2010-01-21,1,1,0,0.0025252525252525255,0.0,False,False
79302M,2009-12-01,2010-12-15,312,50,15,0.12626262626262627,0.16666666666666666,False,False
79303A,2010-01-26,2010-01-26,2,1,0,0.0025252525252525255,0.0,False,False
79303B,2009-12-02,2010-08-09,109,10,0,0.025252525252525252,0.0,False,False
79303D,2009-12-01,2010-08-09,78,16,0,0.04040404040404041,0.0,False,False
79308B,2010-06-02,2010-06-29,144,2,0,0.005050505050505051,0.0,False,False
79315W,2009-12-03,2010-08-09,199,11,0,0.027777777777777776,0.0,False,False
79320,2009-12-02,2010-09-22,904,105,0,0.26515151515151514,0.0,False,False
79321,2009-12-01,2010-12-23,7202,207,67,0.5227272727272727,0.7444444444444445,True,False
79323B,2009-12-01,2010-06-08,235,42,0,0.10606060606060606,0.0,False,False
79323G,2009-12-01,2010-04-19,314,44,0,0.1111111111111111,0.0,False,False
79323GR,2009-12-01,2010-04-20,532,56,0,0.1414141414141414,0.0,False,False
79323LP,2009-12-01,2010-10-25,1433,83,1,0.20959595959595959,0.011111111111111112,False,False
79323P,2009-12-01,2010-09-16,2277,94,0,0.23737373737373738,0.0,False,False
79323S,2009-12-01,2010-09-16,334,36,0,0.09090909090909091,0.0,False,False
79323W,2009-12-01,2010-09-16,3004,106,0,0.2676767676767677,0.0,False,False
79328,2009-12-01,2010-07-26,594,17,0,0.04292929292929293,0.0,False,False
79329,2009-12-02,2010-12-15,94,6,2,0.015151515151515152,0.022222222222222223,False,False
79331,2010-02-10,2010-11-10,34,6,2,0.015151515151515152,0.022222222222222223,False,False
79336,2009-12-02,2010-10-04,804,17,1,0.04292929292929293,0.011111111111111112,False,False
79337,2010-01-04,2010-12-03,556,12,3,0.030303030303030304,0.03333333333333333,False,False
79338,2009-12-03,2010-03-02,553,13,0,0.03282828282828283,0.0,False,False
79341,2009-12-01,2010-04-20,725,51,0,0.12878787878787878,0.0,False,False
79342B,2009-12-01,2010-04-06,120,30,0,0.07575757575757576,0.0,False,False
79403,2009-12-18,2010-12-17,125,21,9,0.05303030303030303,0.1,False,False
79406,2009-12-04,2010-11-24,115,13,1,0.03282828282828283,0.011111111111111112,False,False
79413,2009-12-04,2010-05-04,30,6,0,0.015151515151515152,0.0,False,False
79532,2010-06-07,2010-10-05,97,17,1,0.04292929292929293,0.011111111111111112,False,False
79534,2009-12-02,2010-10-05,116,16,1,0.04040404040404041,0.011111111111111112,False,False
81950B,2009-12-03,2010-11-28,100,25,4,0.06313131313131314,0.044444444444444446,False,False
81950V,2009-12-03,2010-12-10,13,5,2,0.012626262626262626,0.022222222222222223,False,False
81952B,2010-01-11,2010-08-24,54,11,0,0.027777777777777776,0.0,False,False
81952V,2009-12-02,2010-11-19,99,22,2,0.05555555555555555,0.022222222222222223,False,False
81953B,2010-05-09,2010-09-13,3,3,0,0.007575757575757576,0.0,False,False
81953P,2010-02-24,2010-09-13,5,3,0,0.007575757575757576,0.0,False,False
81985A,2009-12-07,2010-08-22,23,7,0,0.017676767676767676,0.0,False,False
82001S,2009-12-01,2010-12-23,1485,93,29,0.23484848484848486,0.32222222222222224,False,False
82011A,2010-02-03,2010-12-13,43,22,3,0.05555555555555555,0.03333333333333333,False,False
82011B,2009-12-02,2010-12-05,51,27,7,0.06818181818181818,0.07777777777777778,False,False
82011C,2009-12-07,2010-12-19,83,48,9,0.12121212121212122,0.1,False,False
82011E,2010-02-11,2010-02-11,2,1,0,0.0025252525252525255,0.0,False,False
82069,2009-12-16,2010-10-18,17,11,1,0.027777777777777776,0.011111111111111112,False,False
82072,2010-02-07,2010-08-27,5,3,0,0.007575757575757576,0.0,False,False
82076,2009-12-01,2010-01-27,290,15,0,0.03787878787878788,0.0,False,False
82081,2009-12-01,2010-02-24,174,19,0,0.047979797979797977,0.0,False,False
82093,2009-12-01,2010-01-22,139,17,0,0.04292929292929293,0.0,False,False
82095,2009-12-09,2010-11-26,34,18,4,0.045454545454545456,0.044444444444444446,False,False
82482,2009-12-01,2010-12-22,8494,243,66,0.6136363636363636,0.7333333333333333,True,False
82483,2009-12-01,2010-12-23,2844,242,64,0.6111111111111112,0.7111111111111111,True,False
82484,2010-04-11,2010-12-23,5166,196,66,0.494949494949495,0.7333333333333333,False,False
82486,2009-12-01,2010-12-22,2854,268,59,0.6767676767676768,0.6555555555555556,True,False
82494L,2009-12-01,2010-12-23,9473,292,70,0.7373737373737373,0.7777777777777778,True,False
82545A,2010-01-14,2010-10-21,31,11,3,0.027777777777777776,0.03333333333333333,False,False
82551,2009-12-01,2010-12-17,2825,224,38,0.5656565656565656,0.4222222222222222,True,False
82552,2009-12-02,2010-12-21,4104,214,27,0.5404040404040404,0.3,True,False
82553,2009-12-01,2010-02-18,114,26,0,0.06565656565656566,0.0,False,False
82567,2009-12-01,2010-12-21,550,150,43,0.3787878787878788,0.4777777777777778,True,False
82578,2009-12-01,2010-12-17,3637,223,42,0.5631313131313131,0.4666666666666667,True,False
82580,2009-12-01,2010-12-23,7630,291,65,0.7348484848484849,0.7222222222222222,True,False
82581,2009-12-01,2010-12-21,4685,252,53,0.6363636363636364,0.5888888888888889,True,False
82582,2009-12-01,2010-12-21,3322,198,24,0.5,0.26666666666666666,False,False
82583,2009-12-01,2010-12-23,6088,254,65,0.6414141414141414,0.7222222222222222,True,False
82585,2009-12-02,2010-03-02,165,33,0,0.08333333333333333,0.0,False,False
82587,2009-12-06,2010-05-13,133,31,0,0.07828282828282829,0.0,False,False
82597,2009-12-01,2010-11-01,1236,152,7,0.3838383838383838,0.07777777777777778,False,False
82599,2009-12-02,2010-12-21,2166,217,60,0.547979797979798,0.6666666666666666,True,False
82600,2009-12-01,2010-12-23,7091,279,66,0.7045454545454546,0.7333333333333333,True,False
82605,2009-12-02,2010-12-13,269,104,24,0.26262626262626265,0.26666666666666666,False,False
82607A,2009-12-03,2010-10-12,670,104,5,0.26262626262626265,0.05555555555555555,False,False
82607C,2009-12-01,2010-03-09,115,29,0,0.07323232323232323,0.0,False,False
82607E,2009-12-03,2010-10-31,101,21,1,0.05303030303030303,0.011111111111111112,False,False
82613A,2009-12-02,2010-12-23,484,74,10,0.18686868686868688,0.1111111111111111,False,False
82613B,2009-12-01,2010-12-23,521,112,33,0.2828282828282828,0.36666666666666664,True,False
82613C,2009-12-02,2010-12-23,371,90,27,0.22727272727272727,0.3,False,False
82613D,2009-12-01,2010-12-23,703,133,35,0.33585858585858586,0.3888888888888889,True,False
82615,2009-12-02,2010-12-01,583,67,13,0.1691919191919192,0.14444444444444443,False,False
82616A,2009-12-02,2010-10-27,316,44,1,0.1111111111111111,0.011111111111111112,False,False
82616B,2009-12-01,2010-12-17,278,51,20,0.12878787878787878,0.2222222222222222,False,False
82616C,2009-12-02,2010-12-17,324,52,18,0.13131313131313133,0.2,False,False
84006,2009-12-01,2010-12-23,1072,83,37,0.20959595959595959,0.4111111111111111,False,False
84007,2009-12-01,2010-11-30,159,33,2,0.08333333333333333,0.022222222222222223,False,False
84012,2009-12-01,2010-12-23,668,58,19,0.14646464646464646,0.2111111111111111,False,False
84016,2009-12-07,2010-07-26,977,43,0,0.10858585858585859,0.0,False,False
84029C,2009-12-01,2010-01-05,205,20,0,0.050505050505050504,0.0,False,False
84029D,2009-12-07,2010-02-08,51,12,0,0.030303030303030304,0.0,False,False
84029E,2009-12-01,2010-12-23,7774,210,67,0.5303030303030303,0.7444444444444445,True,False
84029G,2009-12-01,2010-12-23,4807,198,70,0.5,0.7777777777777778,True,False
84030B,2010-01-25,2010-03-05,6,4,0,0.010101010101010102,0.0,False,False
84030C,2009-12-01,2010-03-05,53,7,0,0.017676767676767676,0.0,False,False
84030E,2009-12-03,2010-12-23,981,88,64,0.2222222222222222,0.7111111111111111,False,False
84031A,2009-12-01,2010-12-23,799,101,55,0.255050505050505,0.6111111111111112,True,False
84031B,2009-12-01,2010-12-23,612,92,46,0.23232323232323232,0.5111111111111111,False,False
84032A,2009-12-01,2010-12-21,2551,161,65,0.4065656565656566,0.7222222222222222,True,False
84032B,2009-12-01,2010-12-23,2575,163,64,0.4116161616161616,0.7111111111111111,True,False
84033,2010-01-15,2010-11-16,370,36,1,0.09090909090909091,0.011111111111111112,False,False
84050,2009-12-01,2010-12-23,7611,227,56,0.5732323232323232,0.6222222222222222,True,False
84051,2009-12-06,2010-12-20,489,31,15,0.07828282828282829,0.16666666666666666,False,False
84077,2009-12-01,2010-12-21,56527,251,63,0.6338383838383839,0.7,True,True
84078A,2009-12-02,2010-12-16,742,130,26,0.3282828282828283,0.28888888888888886,False,False
84081,2009-12-02,2010-07-14,100,17,0,0.04292929292929293,0.0,False,False
84086B,2010-05-16,2010-11-10,8,5,3,0.012626262626262626,0.03333333333333333,False,False
84086C,2009-12-09,2010-12-23,93,37,14,0.09343434343434344,0.15555555555555556,False,False
84192,2010-02-08,2010-12-09,130,14,3,0.03535353535353535,0.03333333333333333,False,False
84199,2009-12-01,2010-12-20,423,34,11,0.08585858585858586,0.12222222222222222,False,False
84201B,2009-12-06,2010-10-20,26,6,2,0.015151515151515152,0.022222222222222223,False,False
84201C,2010-08-23,2010-08-24,5,2,0,0.005050505050505051,0.0,False,False
84205C,2010-03-03,2010-03-03,2,1,0,0.0025252525252525255,0.0,False,False
84206A,2009-12-06,2010-10-31,55,6,2,0.015151515151515152,0.022222222222222223,False,False
84206B,2010-08-24,2010-08-24,4,1,0,0.0025252525252525255,0.0,False,False
84206C,2009-12-06,2010-05-17,2,2,0,0.005050505050505051,0.0,False,False
84212,2009-12-06,2010-12-15,15014,123,21,0.3106060606060606,0.23333333333333334,False,False
84218,2010-01-31,2010-06-14,140,36,0,0.09090909090909091,0.0,False,False
84219,2010-01-31,2010-03-28,140,21,0,0.05303030303030303,0.0,False,False
84226,2010-02-28,2010-04-09,26,8,0,0.020202020202020204,0.0,False,False
84227,2010-02-18,2010-04-09,111,10,0,0.025252525252525252,0.0,False,False
84228,2009-12-07,2010-12-10,83,19,5,0.047979797979797977,0.05555555555555555,False,False
84231,2010-01-24,2010-03-31,122,21,0,0.05303030303030303,0.0,False,False
84247C,2009-12-01,2010-11-29,73,20,11,0.050505050505050504,0.12222222222222222,False,False
84247E,2010-06-30,2010-12-19,260,42,32,0.10606060606060606,0.35555555555555557,False,False
84247G,2009-12-03,2010-12-21,1169,70,13,0.17676767676767677,0.14444444444444443,False,False
84247H,2009-12-22,2010-06-17,42,20,0,0.050505050505050504,0.0,False,False
84247J,2009-12-02,2009-12-18,10,8,0,0.020202020202020204,0.0,False,False
84247K,2009-12-02,2010-12-03,54,18,3,0.045454545454545456,0.03333333333333333,False,False
84247L,2009-12-03,2010-12-17,1049,77,10,0.19444444444444445,0.1111111111111111,False,False
84247N,2010-01-11,2010-12-20,94,35,6,0.08838383838383838,0.06666666666666667,False,False
84249A,2010-02-04,2010-12-19,90,8,1,0.020202020202020204,0.011111111111111112,False,False
84249D,2009-12-02,2010-08-23,835,52,0,0.13131313131313133,0.0,False,False
84250M,2009-12-03,2010-07-15,28,13,0,0.03282828282828283,0.0,False,False
84251B,2010-03-08,2010-12-23,82,12,5,0.030303030303030304,0.05555555555555555,False,False
84251C,2009-12-14,2010-12-23,145,14,4,0.03535353535353535,0.044444444444444446,False,False
84251F,2009-12-01,2010-09-20,341,47,0,0.11868686868686869,0.0,False,False
84251G,2009-12-01,2010-12-23,209,37,8,0.09343434343434344,0.08888888888888889,False,False
84251J,2009-12-01,2010-06-07,74,15,0,0.03787878787878788,0.0,False,False
84255A,2009-12-13,2010-01-21,2,2,0,0.005050505050505051,0.0,False,False
84255B,2009-12-03,2010-03-09,66,15,0,0.03787878787878788,0.0,False,False
84270,2009-12-01,2010-12-06,22996,215,26,0.5429292929292929,0.28888888888888886,False,False
84279B,2009-12-01,2010-06-30,616,97,0,0.24494949494949494,0.0,False,False
84279P,2009-12-06,2010-12-17,793,134,23,0.3383838383838384,0.25555555555555554,False,False
84288B,2009-12-01,2010-06-23,62,19,0,0.047979797979797977,0.0,False,False
84292,2009-12-03,2010-06-16,44,13,0,0.03282828282828283,0.0,False,False
84292B,2010-01-04,2010-04-29,9,5,0,0.012626262626262626,0.0,False,False
84306,2009-12-03,2010-08-22,38,19,0,0.047979797979797977,0.0,False,False
84311,2010-02-09,2010-02-09,11,1,0,0.0025252525252525255,0.0,False,False
84313A,2009-12-15,2010-10-10,38,19,1,0.047979797979797977,0.011111111111111112,False,False
84313B,2009-12-01,2010-12-23,108,47,21,0.11868686868686869,0.23333333333333334,False,False
84313C,2010-01-11,2010-12-23,47,33,13,0.08333333333333333,0.14444444444444443,False,False
84327A,2009-12-01,2010-08-05,961,87,0,0.2196969696969697,0.0,False,False
84340,2009-12-01,2009-12-22,21,11,0,0.027777777777777776,0.0,False,False
84341B,2009-12-01,2010-12-17,1178,66,43,0.16666666666666666,0.4777777777777778,False,False
84347,2009-12-01,2010-12-21,24301,133,65,0.33585858585858586,0.7222222222222222,True,True
84352,2009-12-01,2010-12-14,185,70,41,0.17676767676767677,0.45555555555555555,False,False
84356,2009-12-04,2010-12-23,379,54,9,0.13636363636363635,0.1,False,False
84358,2009-12-01,2010-12-14,91,18,3,0.045454545454545456,0.03333333333333333,False,False
84360,2009-12-01,2010-12-14,143,23,9,0.05808080808080808,0.1,False,False
84366,2010-02-02,2010-05-13,3,3,0,0.007575757575757576,0.0,False,False
84367,2009-12-09,2010-08-04,74,8,0,0.020202020202020204,0.0,False,False
84371,2009-12-02,2010-01-25,30,5,0,0.012626262626262626,0.0,False,False
84375,2009-12-01,2010-12-22,3700,167,28,0.4217171717171717,0.3111111111111111,True,False
84378,2009-12-01,2010-12-23,5562,248,64,0.6262626262626263,0.7111111111111111,True,False
84380,2009-12-01,2010-12-23,5018,231,62,0.5833333333333334,0.6888888888888889,True,False
84388,2009-12-01,2010-12-16,50,16,4,0.04040404040404041,0.044444444444444446,False,False
84396,2009-12-01,2010-02-24,552,34,0,0.08585858585858586,0.0,False,False
84402B,2010-11-17,2010-11-17,2,1,1,0.0025252525252525255,0.011111111111111112,False,False
84402D,2009-12-01,2010-03-19,373,13,0,0.03282828282828283,0.0,False,False
84405A,2009-12-02,2010-10-05,129,42,1,0.10606060606060606,0.011111111111111112,False,False
84406B,2009-12-01,2010-12-19,5404,258,61,0.6515151515151515,0.6777777777777778,True,False
84414B,2009-12-10,2010-03-25,78,9,0,0.022727272727272728,0.0,False,False
84415A,2009-12-08,2010-09-27,15,4,0,0.010101010101010102,0.0,False,False
84415B,2009-12-03,2010-12-08,18,5,1,0.012626262626262626,0.011111111111111112,False,False
84422,2009-12-20,2010-12-17,219,24,6,0.06060606060606061,0.06666666666666667,False,False
84424A,2010-06-09,2010-10-24,23,10,3,0.025252525252525252,0.03333333333333333,False,False
84425A,2009-12-04,2010-05-13,18,9,0,0.022727272727272728,0.0,False,False
84427B,2009-12-04,2010-03-07,17,5,0,0.012626262626262626,0.0,False,False
84429A,2009-12-02,2010-12-17,58,21,7,0.05303030303030303,0.07777777777777778,False,False
84437A,2010-01-11,2010-04-09,106,17,0,0.04292929292929293,0.0,False,False
84447,2010-01-27,2010-03-23,70,15,0,0.03787878787878788,0.0,False,False
84450A,2009-12-16,2010-02-03,52,5,0,0.012626262626262626,0.0,False,False
84450B,2009-12-10,2010-04-01,139,31,0,0.07828282828282829,0.0,False,False
84452,2009-12-04,2010-06-02,124,25,0,0.06313131313131314,0.0,False,False
84454,2009-12-07,2010-04-09,93,14,0,0.03535353535353535,0.0,False,False
84455,2010-01-11,2010-04-09,86,18,0,0.045454545454545456,0.0,False,False
84456,2009-12-04,2010-06-25,37,15,0,0.03787878787878788,0.0,False,False
84457,2010-01-24,2010-12-19,178,34,1,0.08585858585858586,0.011111111111111112,False,False
84458,2010-01-18,2010-03-21,124,17,0,0.04292929292929293,0.0,False,False
84459A,2009-12-01,2010-12-21,751,87,18,0.2196969696969697,0.2,False,False
84459B,2009-12-07,2010-12-21,957,93,13,0.23484848484848486,0.14444444444444443,False,False
84461,2010-01-31,2010-03-31,58,19,0,0.047979797979797977,0.0,False,False
84462,2010-02-02,2010-03-28,88,7,0,0.017676767676767676,0.0,False,False
84464,2010-01-08,2010-02-19,83,9,0,0.022727272727272728,0.0,False,False
84465,2010-02-03,2010-06-25,23,16,0,0.04040404040404041,0.0,False,False
84466,2009-12-01,2010-04-19,1213,40,0,0.10101010101010101,0.0,False,False
84467,2009-12-06,2010-07-27,816,44,0,0.1111111111111111,0.0,False,False
84469,2009-12-04,2010-03-24,664,28,0,0.0707070707070707,0.0,False,False
84472,2009-12-01,2010-05-11,87,25,0,0.06313131313131314,0.0,False,False
84482,2009-12-06,2010-10-03,76,28,1,0.0707070707070707,0.011111111111111112,False,False
84493,2010-06-13,2010-09-27,1142,5,0,0.012626262626262626,0.0,False,False
84497,2009-12-02,2010-12-08,87,30,7,0.07575757575757576,0.07777777777777778,False,False
84499,2009-12-16,2010-12-21,320,36,8,0.09090909090909091,0.08888888888888889,False,False
84507B,2009-12-01,2010-12-15,1313,77,9,0.19444444444444445,0.1,False,False
84507C,2009-12-01,2010-12-17,375,46,13,0.11616161616161616,0.14444444444444443,False,False
84508A,2009-12-01,2010-12-15,2279,69,18,0.17424242424242425,0.2,False,False
84508B,2009-12-04,2010-12-06,121,44,11,0.1111111111111111,0.12222222222222222,False,False
84508C,2009-12-04,2010-12-08,52,20,4,0.050505050505050504,0.044444444444444446,False,False
84509A,2009-12-01,2010-12-23,679,149,34,0.37626262626262624,0.37777777777777777,True,False
84509B,2009-12-02,2010-12-23,443,101,21,0.255050505050505,0.23333333333333334,False,False
84509C,2009-12-01,2010-12-23,184,62,19,0.15656565656565657,0.2111111111111111,False,False
84509E,2010-01-11,2010-12-14,97,12,4,0.030303030303030304,0.044444444444444446,False,False
84509F,2009-12-04,2010-11-10,2781,41,2,0.10353535353535354,0.022222222222222223,False,False
84509G,2009-12-03,2010-12-23,399,86,19,0.21717171717171718,0.2111111111111111,False,False
84510A,2009-12-01,2010-12-21,1278,174,41,0.4393939393939394,0.45555555555555555,True,False
84510B,2009-12-01,2010-08-02,1188,85,0,0.21464646464646464,0.0,False,False
84510C,2009-12-02,2010-12-23,168,57,14,0.14393939393939395,0.15555555555555556,False,False
84510E,2010-01-11,2010-12-10,128,18,5,0.045454545454545456,0.05555555555555555,False,False
84510F,2009-12-02,2010-10-07,1101,35,1,0.08838383838383838,0.011111111111111112,False,False
84519A,2009-12-01,2010-12-16,768,94,25,0.23737373737373738,0.2777777777777778,False,False
84519B,2009-12-01,2010-12-21,427,83,23,0.20959595959595959,0.25555555555555554,False,False
84520B,2009-12-01,2010-12-20,7104,268,49,0.6767676767676768,0.5444444444444444,True,False
84520D,2009-12-02,2010-02-26,701,41,0,0.10353535353535354,0.0,False,False
84522,2009-12-07,2010-12-06,167,15,3,0.03787878787878788,0.03333333333333333,False,False
84526,2009-12-02,2010-11-18,538,32,4,0.08080808080808081,0.044444444444444446,False,False
84527,2010-03-30,2010-11-17,27,13,5,0.03282828282828283,0.05555555555555555,False,False
84529A,2009-12-16,2010-04-20,50,14,0,0.03535353535353535,0.0,False,False
84529B,2010-02-14,2010-04-23,13,5,0,0.012626262626262626,0.0,False,False
84529C,2009-12-16,2010-06-04,78,29,0,0.07323232323232323,0.0,False,False
84531A,2009-12-07,2010-12-05,50,16,3,0.04040404040404041,0.03333333333333333,False,False
84531B,2009-12-07,2010-12-05,45,15,3,0.03787878787878788,0.03333333333333333,False,False
84532B,2009-12-02,2010-03-31,54,27,0,0.06818181818181818,0.0,False,False
84533B,2009-12-01,2010-03-12,59,23,0,0.05808080808080808,0.0,False,False
84534B,2009-12-01,2010-12-21,823,145,35,0.3661616161616162,0.3888888888888889,True,False
84535A,2009-12-01,2010-02-14,208,26,0,0.06565656565656566,0.0,False,False
84535B,2009-12-01,2010-12-22,1422,141,38,0.3560606060606061,0.4222222222222222,True,False
84536A,2009-12-01,2010-12-23,2123,194,55,0.4898989898989899,0.6111111111111112,True,False
84536B,2009-12-01,2010-12-22,1473,158,47,0.398989898989899,0.5222222222222223,True,False
84537B,2009-12-03,2010-03-15,117,11,0,0.027777777777777776,0.0,False,False
84539,2009-12-07,2010-12-03,42,10,4,0.025252525252525252,0.044444444444444446,False,False
84546,2010-03-01,2010-07-14,21,3,0,0.007575757575757576,0.0,False,False
84548,2009-12-03,2010-11-14,26,9,2,0.022727272727272728,0.022222222222222223,False,False
84549,2009-12-08,2010-11-30,37,9,2,0.022727272727272728,0.022222222222222223,False,False
84550,2009-12-11,2010-11-14,14,4,1,0.010101010101010102,0.011111111111111112,False,False
84551,2009-12-08,2010-11-21,26,6,3,0.015151515151515152,0.03333333333333333,False,False
84555A,2010-02-02,2010-06-13,47,16,0,0.04040404040404041,0.0,False,False
84558A,2009-12-01,2010-12-20,1025,98,39,0.2474747474747475,0.43333333333333335,False,False
84559A,2009-12-01,2010-12-21,1005,119,39,0.3005050505050505,0.43333333333333335,True,False
84559B,2009-12-01,2010-12-21,1030,120,41,0.30303030303030304,0.45555555555555555,True,False
84559D,2009-12-01,2010-11-15,151,31,9,0.07828282828282829,0.1,False,False
84562A,2009-12-03,2010-12-21,169,67,16,0.1691919191919192,0.17777777777777778,False,False
84562B,2009-12-02,2010-01-22,10,6,0,0.015151515151515152,0.0,False,False
84563A,2009-12-07,2010-12-23,49,30,10,0.07575757575757576,0.1111111111111111,False,False
84563B,2009-12-20,2010-12-23,36,22,7,0.05555555555555555,0.07777777777777778,False,False
84564,2009-12-08,2010-06-09,21,11,0,0.027777777777777776,0.0,False,False
84567,2010-01-20,2010-01-20,9,1,0,0.0025252525252525255,0.0,False,False
84568,2009-12-01,2010-12-17,24749,120,25,0.30303030303030304,0.2777777777777778,False,False
84569A,2009-12-02,2010-12-23,289,48,21,0.12121212121212122,0.23333333333333334,False,False
84569B,2009-12-04,2010-12-20,378,54,25,0.13636363636363635,0.2777777777777778,False,False
84569C,2009-12-02,2010-11-16,414,77,12,0.19444444444444445,0.13333333333333333,False,False
84569D,2009-12-03,2010-12-23,600,74,21,0.18686868686868688,0.23333333333333334,False,False
84570B,2009-12-15,2010-01-20,4,2,0,0.005050505050505051,0.0,False,False
84572,2009-12-02,2009-12-02,1,1,0,0.0025252525252525255,0.0,False,False
84575A,2010-02-21,2010-12-13,11,10,5,0.025252525252525252,0.05555555555555555,False,False
84575B,2009-12-09,2010-02-15,4,3,0,0.007575757575757576,0.0,False,False
84576,2009-12-06,2010-11-28,30,14,4,0.03535353535353535,0.044444444444444446,False,False
84578,2009-12-01,2010-04-09,223,64,0,0.16161616161616163,0.0,False,False
84580,2009-12-01,2010-12-20,710,177,44,0.44696969696969696,0.4888888888888889,True,False
84581,2009-12-03,2010-12-13,325,125,30,0.31565656565656564,0.3333333333333333,True,False
84582,2009-12-01,2010-03-26,15,8,0,0.020202020202020204,0.0,False,False
84584,2009-12-03,2010-12-17,145,46,12,0.11616161616161616,0.13333333333333333,False,False
84586L,2009-12-06,2010-01-31,15,8,0,0.020202020202020204,0.0,False,False
84592,2009-12-06,2010-11-30,99,25,9,0.06313131313131314,0.1,False,False
84593,2009-12-06,2010-11-16,21,6,1,0.015151515151515152,0.011111111111111112,False,False
84595B,2009-12-15,2010-06-27,230,16,0,0.04040404040404041,0.0,False,False
84595E,2009-12-03,2010-12-10,290,22,5,0.05555555555555555,0.05555555555555555,False,False
84596B,2009-12-01,2010-12-23,1340,145,34,0.3661616161616162,0.37777777777777777,True,False
84596E,2009-12-01,2010-12-23,697,107,38,0.2702020202020202,0.4222222222222222,True,False
84596F,2009-12-01,2010-12-23,1103,132,32,0.3333333333333333,0.35555555555555557,True,False
84596G,2009-12-01,2010-12-23,470,88,26,0.2222222222222222,0.28888888888888886,False,False
84596I,2010-02-19,2010-04-11,72,10,0,0.025252525252525252,0.0,False,False
84596J,2009-12-09,2010-12-23,253,61,16,0.15404040404040403,0.17777777777777778,False,False
84596K,2009-12-01,2010-11-16,428,71,9,0.17929292929292928,0.1,False,False
84596L,2009-12-01,2010-12-23,312,73,21,0.18434343434343434,0.23333333333333334,False,False
84597B,2009-12-09,2010-12-14,166,22,1,0.05555555555555555,0.011111111111111112,False,False
84597C,2009-12-02,2010-12-14,321,31,4,0.07828282828282829,0.044444444444444446,False,False
84598,2009-12-01,2010-12-20,18861,101,24,0.255050505050505,0.26666666666666666,False,False
84599,2010-01-14,2010-04-23,15,5,0,0.012626262626262626,0.0,False,False
84600,2009-12-02,2010-12-17,56,26,6,0.06565656565656566,0.06666666666666667,False,False
84601A,2009-12-01,2010-07-15,260,15,0,0.03787878787878788,0.0,False,False
84608,2009-12-04,2010-01-15,6,4,0,0.010101010101010102,0.0,False,False
84609,2009-12-16,2010-12-10,56,20,8,0.050505050505050504,0.08888888888888889,False,False
84611B,2010-01-07,2010-11-15,7,4,1,0.010101010101010102,0.011111111111111112,False,False
84612B,2010-01-08,2010-10-26,20,4,1,0.010101010101010102,0.011111111111111112,False,False
84613A,2010-02-23,2010-12-16,17,8,2,0.020202020202020204,0.022222222222222223,False,False
84613C,2010-03-15,2010-12-08,62,12,5,0.030303030303030304,0.05555555555555555,False,False
84614A,2010-02-18,2010-12-03,17,10,3,0.025252525252525252,0.03333333333333333,False,False
84614C,2010-01-05,2010-01-05,3,1,0,0.0025252525252525255,0.0,False,False
84615,2009-12-08,2010-04-12,240,17,0,0.04292929292929293,0.0,False,False
84616,2009-12-16,2010-12-14,59,15,2,0.03787878787878788,0.022222222222222223,False,False
84617,2009-12-07,2010-11-14,8,4,1,0.010101010101010102,0.011111111111111112,False,False
84619,2009-12-02,2010-03-03,72,18,0,0.045454545454545456,0.0,False,False
84620,2009-12-02,2010-12-15,123,46,6,0.11616161616161616,0.06666666666666667,False,False
84621,2009-12-14,2010-04-23,29,15,0,0.03787878787878788,0.0,False,False
84622,2009-12-01,2010-02-01,23,7,0,0.017676767676767676,0.0,False,False
84623,2009-12-02,2010-03-03,56,12,0,0.030303030303030304,0.0,False,False
84625A,2009-12-03,2010-12-21,451,46,25,0.11616161616161616,0.2777777777777778,False,False
84625B,2009-12-04,2010-03-24,180,16,0,0.04040404040404041,0.0,False,False
84625C,2009-12-02,2010-12-17,418,41,21,0.10353535353535354,0.23333333333333334,False,False
84625D,2009-12-03,2010-11-17,651,42,17,0.10606060606060606,0.18888888888888888,False,False
84626,2009-12-09,2009-12-09,1,1,0,0.0025252525252525255,0.0,False,False
84627,2009-12-03,2010-09-26,51,19,0,0.047979797979797977,0.0,False,False
84629,2010-02-22,2010-08-18,4,3,0,0.007575757575757576,0.0,False,False
84630,2010-01-21,2010-01-21,2,1,0,0.0025252525252525255,0.0,False,False
84631,2009-12-16,2010-12-17,252,25,7,0.06313131313131314,0.07777777777777778,False,False
84632,2010-03-11,2010-11-23,9,6,3,0.015151515151515152,0.03333333333333333,False,False
84637,2009-12-14,2010-12-10,471,29,7,0.07323232323232323,0.07777777777777778,False,False
84638,2009-12-03,2010-12-10,351,27,5,0.06818181818181818,0.05555555555555555,False,False
84648,2009-12-01,2009-12-01,1,1,0,0.0025252525252525255,0.0,False,False
84653,2010-01-11,2010-03-24,14,12,0,0.030303030303030304,0.0,False,False
84656,2009-12-01,2010-05-20,22,13,0,0.03282828282828283,0.0,False,False
84657,2009-12-18,2010-04-19,247,17,0,0.04292929292929293,0.0,False,False
84658,2009-12-01,2010-12-07,172,44,12,0.1111111111111111,0.13333333333333333,False,False
84659A,2009-12-03,2010-12-23,352,112,37,0.2828282828282828,0.4111111111111111,True,False
84660A,2009-12-18,2010-12-23,141,16,9,0.04040404040404041,0.1,False,False
84660B,2009-12-01,2010-12-17,184,30,12,0.07575757575757576,0.13333333333333333,False,False
84660C,2009-12-02,2010-12-23,243,57,17,0.14393939393939395,0.18888888888888888,False,False
84661A,2009-12-07,2010-10-19,119,22,2,0.05555555555555555,0.022222222222222223,False,False
84661B,2009-12-16,2010-12-23,130,23,4,0.05808080808080808,0.044444444444444446,False,False
84661C,2009-12-04,2010-11-24,81,12,1,0.030303030303030304,0.011111111111111112,False,False
84663A,2009-12-07,2010-12-21,107,33,6,0.08333333333333333,0.06666666666666667,False,False
84664,2009-12-09,2010-10-24,193,23,2,0.05808080808080808,0.022222222222222223,False,False
84665,2009-12-09,2010-12-14,129,20,4,0.050505050505050504,0.044444444444444446,False,False
84666,2009-12-09,2010-12-14,208,15,1,0.03787878787878788,0.011111111111111112,False,False
84670,2009-12-01,2010-11-22,5223,128,25,0.32323232323232326,0.2777777777777778,False,False
84671B,2009-12-01,2010-01-11,111,18,0,0.045454545454545456,0.0,False,False
84673A,2009-12-02,2010-12-14,413,52,6,0.13131313131313133,0.06666666666666667,False,False
84673B,2009-12-01,2010-12-20,338,61,16,0.15404040404040403,0.17777777777777778,False,False
84674,2009-12-08,2010-12-23,310,56,12,0.1414141414141414,0.13333333333333333,False,False
84675,2009-12-03,2010-11-23,197,49,2,0.12373737373737374,0.022222222222222223,False,False
84676,2009-12-03,2010-08-18,848,77,0,0.19444444444444445,0.0,False,False
84678,2009-12-08,2010-12-09,481,63,15,0.1590909090909091,0.16666666666666666,False,False
84679,2010-03-02,2010-03-18,8,2,0,0.005050505050505051,0.0,False,False
84680,2009-12-03,2010-09-05,94,16,0,0.04040404040404041,0.0,False,False
84682,2009-12-08,2010-09-27,295,46,0,0.11616161616161616,0.0,False,False
84683,2009-12-02,2010-12-21,420,37,9,0.09343434343434344,0.1,False,False
84684,2009-12-01,2010-06-04,609,33,0,0.08333333333333333,0.0,False,False
84685,2009-12-02,2010-12-20,412,95,23,0.2398989898989899,0.25555555555555554,False,False
84686,2009-12-01,2010-11-18,340,59,5,0.14898989898989898,0.05555555555555555,False,False
84687,2009-12-03,2010-11-29,234,38,6,0.09595959595959595,0.06666666666666667,False,False
84688,2009-12-02,2010-12-17,390,59,8,0.14898989898989898,0.08888888888888889,False,False
84689,2009-12-18,2010-11-18,309,34,3,0.08585858585858586,0.03333333333333333,False,False
84690,2009-12-02,2010-08-15,28,14,0,0.03535353535353535,0.0,False,False
84691,2009-12-01,2010-10-15,2512,135,1,0.3409090909090909,0.011111111111111112,False,False
84692,2009-12-02,2010-12-23,12119,256,66,0.6464646464646465,0.7333333333333333,True,False
84705A,2009-12-02,2010-04-07,15,7,0,0.017676767676767676,0.0,False,False
84705B,2009-12-01,2009-12-23,86,4,0,0.010101010101010102,0.0,False,False
84705C,2009-12-04,2010-09-16,150,7,0,0.017676767676767676,0.0,False,False
84705D,2009-12-02,2010-07-12,22,14,0,0.03535353535353535,0.0,False,False
84705F,2009-12-02,2010-04-18,10,5,0,0.012626262626262626,0.0,False,False
84706A,2009-12-17,2010-02-28,137,7,0,0.017676767676767676,0.0,False,False
84706B,2009-12-03,2010-02-11,20,9,0,0.022727272727272728,0.0,False,False
84706C,2009-12-01,2010-01-27,84,4,0,0.010101010101010102,0.0,False,False
84706D,2009-12-18,2010-12-08,213,13,1,0.03282828282828283,0.011111111111111112,False,False
84706F,2009-12-01,2010-11-10,18,7,1,0.017676767676767676,0.011111111111111112,False,False
84707A,2009-12-07,2010-12-06,35,17,4,0.04292929292929293,0.044444444444444446,False,False
84707B,2009-12-08,2010-12-09,47,33,5,0.08333333333333333,0.05555555555555555,False,False
84708B,2009-12-02,2010-11-26,80,32,6,0.08080808080808081,0.06666666666666667,False,False
84709A,2010-05-28,2010-10-26,25,13,3,0.03282828282828283,0.03333333333333333,False,False
84709B,2009-12-01,2010-12-14,160,64,10,0.16161616161616163,0.1111111111111111,False,False
84711A,2009-12-13,2010-12-06,19,8,2,0.020202020202020204,0.022222222222222223,False,False
84711B,2009-12-02,2010-12-13,20,17,4,0.04292929292929293,0.044444444444444446,False,False
84712B,2009-12-02,2010-12-10,72,39,5,0.09848484848484848,0.05555555555555555,False,False
84715,2009-12-07,2010-11-29,225,39,5,0.09848484848484848,0.05555555555555555,False,False
84720,2010-03-03,2010-03-25,35,2,0,0.005050505050505051,0.0,False,False
84721,2009-12-03,2009-12-04,20,2,0,0.005050505050505051,0.0,False,False
84723,2010-02-05,2010-07-14,13,6,0,0.015151515151515152,0.0,False,False
84725,2009-12-03,2010-12-07,94,11,3,0.027777777777777776,0.03333333333333333,False,False
84726,2010-03-03,2010-08-20,233,4,0,0.010101010101010102,0.0,False,False
84731,2010-04-27,2010-04-27,1,1,0,0.0025252525252525255,0.0,False,False
84732B,2009-12-17,2010-11-14,6,4,2,0.010101010101010102,0.022222222222222223,False,False
84732D,2009-12-17,2010-10-26,4,3,2,0.007575757575757576,0.022222222222222223,False,False
84741C,2009-12-06,2010-08-29,126,31,0,0.07828282828282829,0.0,False,False
84743C,2010-03-12,2010-04-06,9,4,0,0.010101010101010102,0.0,False,False
84744,2009-12-07,2010-12-17,61,17,9,0.04292929292929293,0.1,False,False
84745A,2009-12-03,2010-07-23,42,10,0,0.025252525252525252,0.0,False,False
84745B,2009-12-03,2010-09-20,53,12,0,0.030303030303030304,0.0,False,False
84746,2009-12-07,2010-07-08,10,7,0,0.017676767676767676,0.0,False,False
84748,2009-12-18,2010-12-23,982,30,5,0.07575757575757576,0.05555555555555555,False,False
84750A,2009-12-01,2010-11-10,520,67,11,0.1691919191919192,0.12222222222222222,False,False
84750B,2009-12-02,2010-12-16,549,56,16,0.1414141414141414,0.17777777777777778,False,False
84751B,2010-02-23,2010-12-15,23,12,4,0.030303030303030304,0.044444444444444446,False,False
84753A,2009-12-04,2010-02-19,97,18,0,0.045454545454545456,0.0,False,False
84754,2009-12-01,2010-12-19,1761,99,53,0.25,0.5888888888888889,True,False
84755,2009-12-01,2010-12-23,24578,255,50,0.6439393939393939,0.5555555555555556,True,True
84757,2010-05-16,2010-06-06,5,4,0,0.010101010101010102,0.0,False,False
84760L,2010-05-04,2010-05-04,560,1,0,0.0025252525252525255,0.0,False,False
84760S,2009-12-09,2010-12-01,197,28,9,0.0707070707070707,0.1,False,False
84761,2009-12-03,2010-09-16,279,53,0,0.13383838383838384,0.0,False,False
84762A,2009-12-04,2010-06-30,59,23,0,0.05808080808080808,0.0,False,False
84762B,2009-12-04,2010-09-12,113,39,0,0.09848484848484848,0.0,False,False
84762C,2009-12-07,2010-05-21,105,37,0,0.09343434343434344,0.0,False,False
84763,2009-12-03,2010-12-15,1042,102,20,0.25757575757575757,0.2222222222222222,False,False
84765,2009-12-02,2010-03-16,9,6,0,0.015151515151515152,0.0,False,False
84766,2010-01-14,2010-12-20,127,15,11,0.03787878787878788,0.12222222222222222,False,False
84767,2009-12-01,2010-03-14,195,6,0,0.015151515151515152,0.0,False,False
84770,2010-02-28,2010-04-08,135,9,0,0.022727272727272728,0.0,False,False
84773,2009-12-01,2010-12-05,190,43,10,0.10858585858585859,0.1111111111111111,False,False
84782A,2009-12-01,2010-08-19,119,22,0,0.05555555555555555,0.0,False,False
84782B,2009-12-15,2010-06-06,10,6,0,0.015151515151515152,0.0,False,False
84782C,2009-12-01,2010-09-06,74,18,0,0.045454545454545456,0.0,False,False
84789,2009-12-06,2010-12-12,267,66,19,0.16666666666666666,0.2111111111111111,False,False
84791,2009-12-01,2010-07-20,337,77,0,0.19444444444444445,0.0,False,False
84792,2009-12-01,2010-12-17,1506,187,40,0.4722222222222222,0.4444444444444444,True,False
84795A,2009-12-06,2010-08-04,209,50,0,0.12626262626262627,0.0,False,False
84795B,2009-12-06,2010-12-21,135,45,7,0.11363636363636363,0.07777777777777778,False,False
84795C,2009-12-02,2010-10-22,323,82,1,0.20707070707070707,0.011111111111111112,False,False
84795D,2009-12-04,2010-08-03,189,57,0,0.14393939393939395,0.0,False,False
84795E,2009-12-02,2010-08-01,10,5,0,0.012626262626262626,0.0,False,False
84796A,2009-12-07,2010-12-14,235,65,6,0.16414141414141414,0.06666666666666667,False,False
84796B,2009-12-01,2010-11-29,346,44,2,0.1111111111111111,0.022222222222222223,False,False
84797A,2009-12-01,2010-06-04,499,28,0,0.0707070707070707,0.0,False,False
84797B,2009-12-01,2010-06-01,344,23,0,0.05808080808080808,0.0,False,False
84798A,2010-01-05,2010-10-10,172,6,1,0.015151515151515152,0.011111111111111112,False,False
84798B,2010-01-07,2010-06-06,315,7,0,0.017676767676767676,0.0,False,False
84798C,2010-01-05,2010-02-04,16,3,0,0.007575757575757576,0.0,False,False
84799,2010-01-21,2010-12-16,599,22,6,0.05555555555555555,0.06666666666666667,False,False
84800L,2010-01-19,2010-12-22,312,18,6,0.045454545454545456,0.06666666666666667,False,False
84800M,2010-01-28,2010-12-19,124,16,5,0.04040404040404041,0.05555555555555555,False,False
84800S,2010-02-19,2010-10-22,281,9,1,0.022727272727272728,0.011111111111111112,False,False
84801A,2010-01-05,2010-10-22,226,10,1,0.025252525252525252,0.011111111111111112,False,False
84801B,2009-12-17,2010-11-17,192,14,4,0.03535353535353535,0.044444444444444446,False,False
84802A,2009-12-11,2010-12-19,209,24,3,0.06060606060606061,0.03333333333333333,False,False
84802B,2009-12-02,2010-10-22,431,16,1,0.04040404040404041,0.011111111111111112,False,False
84803A,2010-01-07,2010-11-18,109,15,2,0.03787878787878788,0.022222222222222223,False,False
84803B,2010-02-04,2010-09-15,25,7,0,0.017676767676767676,0.0,False,False
84804A,2010-01-19,2010-12-19,156,10,1,0.025252525252525252,0.011111111111111112,False,False
84804B,2010-01-05,2010-09-09,268,13,0,0.03282828282828283,0.0,False,False
84805A,2010-03-02,2010-10-11,115,4,1,0.010101010101010102,0.011111111111111112,False,False
84805B,2010-01-07,2010-10-22,302,6,1,0.015151515151515152,0.011111111111111112,False,False
84806A,2010-01-24,2010-12-19,183,10,2,0.025252525252525252,0.022222222222222223,False,False
84806B,2010-03-14,2010-11-29,142,12,3,0.030303030303030304,0.03333333333333333,False,False
84807,2010-01-07,2010-05-14,233,7,0,0.017676767676767676,0.0,False,False
84809A,2010-01-27,2010-12-08,233,14,3,0.03535353535353535,0.03333333333333333,False,False
84809B,2010-01-27,2010-10-24,278,6,1,0.015151515151515152,0.011111111111111112,False,False
84813,2009-12-01,2010-12-16,278,56,12,0.1414141414141414,0.13333333333333333,False,False
84814A,2010-03-26,2010-03-26,1,1,0,0.0025252525252525255,0.0,False,False
84814B,2009-12-01,2009-12-06,7,2,0,0.005050505050505051,0.0,False,False
84815,2009-12-10,2010-06-15,930,48,0,0.12121212121212122,0.0,False,False
84816,2009-12-21,2010-12-13,21,11,4,0.027777777777777776,0.044444444444444446,False,False
84817,2010-02-08,2010-12-19,378,28,15,0.0707070707070707,0.16666666666666666,False,False
84818,2009-12-02,2010-12-20,588,95,16,0.2398989898989899,0.17777777777777778,False,False
84819,2009-12-06,2010-12-17,311,36,14,0.09090909090909091,0.15555555555555556,False,False
84820,2010-01-19,2010-12-16,130,27,9,0.06818181818181818,0.1,False,False
84821,2009-12-22,2010-12-17,683,35,15,0.08838383838383838,0.16666666666666666,False,False
84823,2010-04-26,2010-12-22,106,11,8,0.027777777777777776,0.08888888888888889,False,False
84824,2009-12-14,2010-08-17,36,27,0,0.06818181818181818,0.0,False,False
84826,2009-12-06,2010-12-22,946,25,10,0.06313131313131314,0.1111111111111111,False,False
84827,2009-12-08,2010-12-15,703,19,8,0.047979797979797977,0.08888888888888889,False,False
84828,2009-12-02,2010-12-19,1421,131,27,0.33080808080808083,0.3,True,False
84830,2009-12-05,2010-03-07,113,7,0,0.017676767676767676,0.0,False,False
84832,2009-12-01,2010-12-21,4091,203,56,0.5126262626262627,0.6222222222222222,True,False
84836,2009-12-01,2010-12-21,14627,298,66,0.7525252525252525,0.7333333333333333,True,False
84837,2009-12-01,2010-08-02,253,106,0,0.2676767676767677,0.0,False,False
84838,2009-12-18,2010-01-12,50,3,0,0.007575757575757576,0.0,False,False
84839,2009-12-01,2010-10-26,1538,187,14,0.4722222222222222,0.15555555555555556,False,False
84840,2010-05-02,2010-12-08,281,94,30,0.23737373737373738,0.3333333333333333,False,False
84842,2009-12-07,2010-11-15,1492,25,3,0.06313131313131314,0.03333333333333333,False,False
84843,2009-12-07,2010-12-16,114,55,9,0.1388888888888889,0.1,False,False
84845A,2009-12-06,2009-12-06,1,1,0,0.0025252525252525255,0.0,False,False
84845C,2009-12-06,2010-08-18,42,13,0,0.03282828282828283,0.0,False,False
84845D,2009-12-06,2010-10-21,41,10,1,0.025252525252525252,0.011111111111111112,False,False
84846A,2009-12-04,2010-12-23,215,43,11,0.10858585858585859,0.12222222222222222,False,False
84847,2009-12-14,2010-11-28,2311,35,4,0.08838383838383838,0.044444444444444446,False,False
84849A,2009-12-08,2010-12-17,310,51,16,0.12878787878787878,0.17777777777777778,False,False
84849B,2009-12-01,2010-12-23,1716,171,32,0.4318181818181818,0.35555555555555557,True,False
84849D,2010-01-14,2010-12-23,1115,122,32,0.30808080808080807,0.35555555555555557,True,False
84854,2009-12-01,2010-12-01,382,77,14,0.19444444444444445,0.15555555555555556,False,False
84855,2009-12-01,2010-07-11,36,11,0,0.027777777777777776,0.0,False,False
84856L,2009-12-17,2010-12-01,237,65,5,0.16414141414141414,0.05555555555555555,False,False
84856S,2009-12-14,2010-07-19,463,28,0,0.0707070707070707,0.0,False,False
84857A,2010-02-03,2010-05-21,8,3,0,0.007575757575757576,0.0,False,False
84857C,2010-06-16,2010-12-17,100,6,1,0.015151515151515152,0.011111111111111112,False,False
84858A,2009-12-04,2010-09-15,53,8,0,0.020202020202020204,0.0,False,False
84858B,2010-04-28,2010-06-02,326,7,0,0.017676767676767676,0.0,False,False
84858C,2009-12-18,2010-11-19,161,22,3,0.05555555555555555,0.03333333333333333,False,False
84859A,2009-12-11,2010-12-16,165,21,2,0.05303030303030303,0.022222222222222223,False,False
84859B,2010-02-03,2010-09-29,251,7,0,0.017676767676767676,0.0,False,False
84859C,2009-12-11,2010-11-19,220,14,2,0.03535353535353535,0.022222222222222223,False,False
84864A,2010-02-08,2010-08-19,7,4,0,0.010101010101010102,0.0,False,False
84865,2009-12-22,2010-12-12,55,34,13,0.08585858585858586,0.14444444444444443,False,False
84867A,2010-01-07,2010-05-05,17,4,0,0.010101010101010102,0.0,False,False
84867B,2010-01-25,2010-01-25,2,1,0,0.0025252525252525255,0.0,False,False
84868A,2010-01-26,2010-01-31,2,2,0,0.005050505050505051,0.0,False,False
84868B,2010-01-26,2010-05-09,5,4,0,0.010101010101010102,0.0,False,False
84869,2009-12-09,2010-04-23,302,24,0,0.06060606060606061,0.0,False,False
84870B,2009-12-07,2010-12-23,57,20,7,0.050505050505050504,0.07777777777777778,False,False
84870C,2009-12-14,2010-12-23,55,18,8,0.045454545454545456,0.08888888888888889,False,False
84872A,2009-12-01,2010-12-21,176,63,8,0.1590909090909091,0.08888888888888889,False,False
84873A,2009-12-01,2010-09-09,119,20,0,0.050505050505050504,0.0,False,False
84874B,2009-12-02,2010-12-05,46,22,6,0.05555555555555555,0.06666666666666667,False,False
84875A,2009-12-02,2010-11-30,16,12,4,0.030303030303030304,0.044444444444444446,False,False
84875B,2010-04-18,2010-12-09,246,5,2,0.012626262626262626,0.022222222222222223,False,False
84875D,2009-12-03,2010-11-28,320,13,2,0.03282828282828283,0.022222222222222223,False,False
84876B,2009-12-10,2010-12-13,127,8,3,0.020202020202020204,0.03333333333333333,False,False
84876C,2009-12-13,2010-03-07,8,3,0,0.007575757575757576,0.0,False,False
84876D,2009-12-16,2010-12-17,210,20,11,0.050505050505050504,0.12222222222222222,False,False
84877A,2009-12-17,2010-11-30,34,13,5,0.03282828282828283,0.05555555555555555,False,False
84877B,2009-12-01,2010-12-16,171,23,7,0.05808080808080808,0.07777777777777778,False,False
84877D,2009-12-09,2010-12-16,94,25,6,0.06313131313131314,0.06666666666666667,False,False
84879,2009-12-01,2010-12-23,46203,300,68,0.7575757575757576,0.7555555555555555,True,True
84880,2009-12-03,2010-12-21,1533,187,48,0.4722222222222222,0.5333333333333333,True,False
84881,2010-01-28,2010-12-17,45,21,8,0.05303030303030303,0.08888888888888889,False,False
84882,2009-12-03,2010-12-12,33,19,5,0.047979797979797977,0.05555555555555555,False,False
84884A,2009-12-01,2010-12-21,1482,179,37,0.45202020202020204,0.4111111111111111,True,False
84886,2010-01-28,2010-07-01,13,9,0,0.022727272727272728,0.0,False,False
84891B,2010-05-30,2010-11-18,12,5,1,0.012626262626262626,0.011111111111111112,False,False
84893,2009-12-06,2010-03-01,34,15,0,0.03787878787878788,0.0,False,False
84898F,2009-12-01,2010-12-23,130,35,8,0.08838383838383838,0.08888888888888889,False,False
84899E,2009-12-01,2010-05-06,53,18,0,0.045454545454545456,0.0,False,False
84899F,2009-12-01,2010-11-26,121,46,7,0.11616161616161616,0.07777777777777778,False,False
84901,2009-12-01,2010-10-20,126,62,3,0.15656565656565657,0.03333333333333333,False,False
84902,2009-12-01,2010-07-04,84,42,0,0.10606060606060606,0.0,False,False
84905,2009-12-16,2010-11-14,234,65,3,0.16414141414141414,0.03333333333333333,False,False
84906,2009-12-03,2010-12-17,35,12,5,0.030303030303030304,0.05555555555555555,False,False
84907,2009-12-02,2010-11-07,362,13,1,0.03282828282828283,0.011111111111111112,False,False
84908A,2010-02-07,2010-11-12,433,34,5,0.08585858585858586,0.05555555555555555,False,False
84908B,2010-03-02,2010-11-18,435,32,5,0.08080808080808081,0.05555555555555555,False,False
84909A,2009-12-09,2010-03-24,209,14,0,0.03535353535353535,0.0,False,False
84910A,2009-12-01,2010-12-15,410,36,10,0.09090909090909091,0.1111111111111111,False,False
84912A,2009-12-03,2010-12-14,947,128,29,0.32323232323232326,0.32222222222222224,True,False
84912B,2009-12-01,2010-12-20,838,86,30,0.21717171717171718,0.3333333333333333,False,False
84913A,2009-12-09,2010-12-23,369,118,32,0.29797979797979796,0.35555555555555557,True,False
84913B,2009-12-02,2010-12-23,259,100,28,0.25252525252525254,0.3111111111111111,True,False
84914A,2010-05-05,2010-06-09,6,5,0,0.012626262626262626,0.0,False,False
84915,2010-03-30,2010-12-21,164,20,9,0.050505050505050504,0.1,False,False
84916,2009-12-04,2010-12-21,195,35,13,0.08838383838383838,0.14444444444444443,False,False
84917,2010-01-07,2010-12-17,105,30,11,0.07575757575757576,0.12222222222222222,False,False
84918,2009-12-06,2010-09-27,208,51,0,0.12878787878787878,0.0,False,False
84919,2009-12-09,2010-10-04,233,13,1,0.03282828282828283,0.011111111111111112,False,False
84920,2009-12-01,2010-12-21,96,40,13,0.10101010101010101,0.14444444444444443,False,False
84921,2009-12-13,2010-12-05,20,10,1,0.025252525252525252,0.011111111111111112,False,False
84922,2009-12-03,2010-12-12,335,12,4,0.030303030303030304,0.044444444444444446,False,False
84923,2010-02-04,2010-12-23,97,52,21,0.13131313131313133,0.23333333333333334,False,False
84924A,2009-12-04,2010-12-17,63,29,15,0.07323232323232323,0.16666666666666666,False,False
84924D,2009-12-04,2010-11-11,764,15,2,0.03787878787878788,0.022222222222222223,False,False
84924F,2009-12-22,2010-09-27,965,7,0,0.017676767676767676,0.0,False,False
84925A,2009-12-02,2010-03-28,179,17,0,0.04292929292929293,0.0,False,False
84925C,2009-12-02,2010-05-11,28,10,0,0.025252525252525252,0.0,False,False
84925D,2009-12-07,2010-12-03,438,17,3,0.04292929292929293,0.03333333333333333,False,False
84925E,2009-12-02,2010-01-12,75,3,0,0.007575757575757576,0.0,False,False
84925F,2010-01-12,2010-12-06,636,21,7,0.05303030303030303,0.07777777777777778,False,False
84926A,2010-03-03,2010-12-06,69,19,5,0.047979797979797977,0.05555555555555555,False,False
84926B,2009-12-02,2010-04-18,54,9,0,0.022727272727272728,0.0,False,False
84926C,2009-12-01,2010-08-05,140,22,0,0.05555555555555555,0.0,False,False
84926D,2009-12-04,2010-12-21,165,15,8,0.03787878787878788,0.08888888888888889,False,False
84926E,2009-12-04,2010-11-23,116,13,6,0.03282828282828283,0.06666666666666667,False,False
84926F,2009-12-04,2010-12-16,79,15,4,0.03787878787878788,0.044444444444444446,False,False
84927A,2010-02-03,2010-12-14,178,17,6,0.04292929292929293,0.06666666666666667,False,False
84927D,2010-04-18,2010-12-07,907,15,5,0.03787878787878788,0.05555555555555555,False,False
84927E,2010-02-02,2010-12-13,441,17,4,0.04292929292929293,0.044444444444444446,False,False
84927F,2009-12-16,2010-12-03,37,18,7,0.045454545454545456,0.07777777777777778,False,False
84929,2009-12-01,2010-12-15,732,28,8,0.0707070707070707,0.08888888888888889,False,False
84931A,2009-12-01,2010-12-23,77,32,10,0.08080808080808081,0.1111111111111111,False,False
84931B,2009-12-14,2010-12-23,105,33,8,0.08333333333333333,0.08888888888888889,False,False
84932A,2009-12-04,2010-06-14,262,23,0,0.05808080808080808,0.0,False,False
84932B,2009-12-04,2010-04-26,189,16,0,0.04040404040404041,0.0,False,False
84932C,2009-12-04,2010-06-30,282,30,0,0.07575757575757576,0.0,False,False
84932D,2009-12-04,2010-04-20,239,18,0,0.045454545454545456,0.0,False,False
84933A,2009-12-01,2010-02-01,131,6,0,0.015151515151515152,0.0,False,False
84933B,2009-12-01,2010-01-22,136,5,0,0.012626262626262626,0.0,False,False
84933C,2009-12-04,2010-01-22,136,5,0,0.012626262626262626,0.0,False,False
84934,2009-12-01,2010-04-09,687,12,0,0.030303030303030304,0.0,False,False
84937,2009-12-01,2010-05-07,2543,77,0,0.19444444444444445,0.0,False,False
84942,2009-12-16,2010-01-24,3,3,0,0.007575757575757576,0.0,False,False
84944,2009-12-01,2010-12-14,466,77,36,0.19444444444444445,0.4,False,False
84945,2009-12-04,2010-12-23,12526,172,60,0.43434343434343436,0.6666666666666666,True,False
84946,2009-12-01,2010-12-23,19653,283,70,0.7146464646464646,0.7777777777777778,True,False
84947,2009-12-02,2010-12-21,7758,193,66,0.48737373737373735,0.7333333333333333,True,False
84948,2009-12-01,2010-05-11,279,28,0,0.0707070707070707,0.0,False,False
84949,2009-12-01,2010-12-23,8166,224,66,0.5656565656565656,0.7333333333333333,True,False
84950,2009-12-01,2010-12-20,4486,128,41,0.32323232323232326,0.45555555555555555,True,False
84951A,2009-12-01,2010-12-23,185,36,11,0.09090909090909091,0.12222222222222222,False,False
84951B,2009-12-01,2010-12-23,175,33,9,0.08333333333333333,0.1,False,False
84952A,2009-12-06,2010-12-23,82,16,5,0.04040404040404041,0.05555555555555555,False,False
84952B,2009-12-01,2010-12-15,289,17,8,0.04292929292929293,0.08888888888888889,False,False
84952C,2009-12-02,2010-12-20,343,28,11,0.0707070707070707,0.12222222222222222,False,False
84962,2010-02-22,2010-05-19,3,2,0,0.005050505050505051,0.0,False,False
84963A,2010-02-02,2010-12-05,23,9,4,0.022727272727272728,0.044444444444444446,False,False
84963B,2010-05-19,2010-11-02,15,5,3,0.012626262626262626,0.03333333333333333,False,False
84964A,2010-02-22,2010-11-02,11,2,1,0.005050505050505051,0.011111111111111112,False,False
84964B,2010-02-22,2010-11-02,17,2,1,0.005050505050505051,0.011111111111111112,False,False
84965A,2010-02-22,2010-11-02,20,3,1,0.007575757575757576,0.011111111111111112,False,False
84965B,2010-02-22,2010-11-02,27,4,1,0.010101010101010102,0.011111111111111112,False,False
84966A,2010-01-19,2010-11-02,13,4,1,0.010101010101010102,0.011111111111111112,False,False
84966B,2010-01-19,2010-11-02,33,4,1,0.010101010101010102,0.011111111111111112,False,False
84966C,2010-09-03,2010-11-02,23,2,1,0.005050505050505051,0.011111111111111112,False,False
84967A,2010-02-02,2010-10-24,3,3,1,0.007575757575757576,0.011111111111111112,False,False
84967B,2010-01-06,2010-11-02,24,11,3,0.027777777777777776,0.03333333333333333,False,False
84967C,2010-05-19,2010-10-11,9,4,1,0.010101010101010102,0.011111111111111112,False,False
84968A,2009-12-03,2010-12-23,283,87,21,0.2196969696969697,0.23333333333333334,False,False
84968B,2009-12-01,2010-11-01,432,92,1,0.23232323232323232,0.011111111111111112,False,False
84968C,2009-12-01,2010-12-23,342,79,25,0.1994949494949495,0.2777777777777778,False,False
84968D,2009-12-08,2010-12-23,322,47,12,0.11868686868686869,0.13333333333333333,False,False
84968E,2009-12-02,2010-12-23,266,52,12,0.13131313131313133,0.13333333333333333,False,False
84968F,2009-12-01,2010-12-23,133,56,15,0.1414141414141414,0.16666666666666666,False,False
84969,2009-12-02,2010-12-23,463,118,29,0.29797979797979796,0.32222222222222224,True,False
84970L,2009-12-01,2010-12-21,11807,263,63,0.6641414141414141,0.7,True,False
84970S,2009-12-01,2010-12-21,18380,293,66,0.73989898989899,0.7333333333333333,True,False
84971L,2009-12-01,2010-04-07,588,41,0,0.10353535353535354,0.0,False,False
84971S,2009-12-02,2010-12-16,4886,192,37,0.48484848484848486,0.4111111111111111,True,False
84972L,2009-12-09,2010-07-14,117,31,0,0.07828282828282829,0.0,False,False
84974,2010-01-06,2010-10-05,52,28,1,0.0707070707070707,0.011111111111111112,False,False
84975,2009-12-01,2010-12-08,2010,139,10,0.351010101010101,0.1111111111111111,False,False
84976,2009-12-09,2010-12-01,163,19,3,0.047979797979797977,0.03333333333333333,False,False
84977,2009-12-01,2010-11-23,223,39,4,0.09848484848484848,0.044444444444444446,False,False
84978,2009-12-04,2010-12-17,9552,274,57,0.6919191919191919,0.6333333333333333,True,False
84984A,2010-01-08,2010-08-18,247,10,0,0.025252525252525252,0.0,False,False
84984B,2010-01-08,2010-08-18,305,11,0,0.027777777777777776,0.0,False,False
84984C,2009-12-09,2010-11-14,232,16,2,0.04040404040404041,0.022222222222222223,False,False
84984D,2009-12-01,2010-11-29,146,16,3,0.04040404040404041,0.03333333333333333,False,False
84985A,2009-12-01,2010-12-13,625,116,20,0.29292929292929293,0.2222222222222222,False,False
84985B,2009-12-01,2010-05-26,129,24,0,0.06060606060606061,0.0,False,False
84986B,2009-12-01,2010-10-13,470,58,3,0.14646464646464646,0.03333333333333333,False,False
84987,2009-12-01,2010-12-23,5153,258,60,0.6515151515151515,0.6666666666666666,True,False
84988,2009-12-01,2010-12-23,4291,253,54,0.6388888888888888,0.6,True,False
84989A,2009-12-02,2010-12-21,2129,121,17,0.3055555555555556,0.18888888888888888,False,False
84989B,2009-12-03,2010-08-08,1020,51,0,0.12878787878787878,0.0,False,False
84990,2009-12-01,2010-11-07,4274,133,17,0.33585858585858586,0.18888888888888888,False,False
84991,2009-12-01,2010-12-23,37579,311,70,0.7853535353535354,0.7777777777777778,True,True
84992,2009-12-01,2010-12-21,23235,288,66,0.7272727272727273,0.7333333333333333,True,True
84993A,2009-12-03,2010-12-17,1183,114,30,0.2878787878787879,0.3333333333333333,True,False
84993B,2009-12-03,2010-12-13,530,68,16,0.1717171717171717,0.17777777777777778,False,False
84997A,2009-12-01,2010-12-21,2894,195,59,0.49242424242424243,0.6555555555555556,True,False
84997B,2009-12-01,2010-12-23,5517,282,66,0.7121212121212122,0.7333333333333333,True,False
84997C,2009-12-01,2010-12-23,5282,281,67,0.7095959595959596,0.7444444444444445,True,False
84997D,2009-12-01,2010-12-23,5887,252,67,0.6363636363636364,0.7444444444444445,True,False
85006,2009-12-01,2010-12-13,2998,30,6,0.07575757575757576,0.06666666666666667,False,False
85007,2009-12-02,2010-03-02,143,15,0,0.03787878787878788,0.0,False,False
85008,2009-12-01,2010-12-10,264,81,14,0.20454545454545456,0.15555555555555556,False,False
85014A,2009-12-01,2010-12-20,3556,220,60,0.5555555555555556,0.6666666666666666,True,False
85014B,2009-12-01,2010-12-23,4350,243,62,0.6136363636363636,0.6888888888888889,True,False
85014C,2009-12-01,2010-06-11,547,45,0,0.11363636363636363,0.0,False,False
85014D,2009-12-01,2010-03-29,1919,48,0,0.12121212121212122,0.0,False,False
85015,2009-12-01,2010-12-17,889,92,15,0.23232323232323232,0.16666666666666666,False,False
85016,2009-12-01,2010-12-17,1132,100,18,0.25252525252525254,0.2,False,False
85017A,2009-12-01,2010-12-07,1151,121,31,0.3055555555555556,0.34444444444444444,True,False
85017B,2009-12-02,2010-12-17,1236,130,32,0.3282828282828283,0.35555555555555557,True,False
85017C,2009-12-01,2010-12-05,1047,84,6,0.21212121212121213,0.06666666666666667,False,False
85018A,2009-12-16,2010-08-13,15,10,0,0.025252525252525252,0.0,False,False
85018B,2009-12-16,2010-11-03,15,10,2,0.025252525252525252,0.022222222222222223,False,False
85018C,2009-12-09,2010-11-24,36,4,1,0.010101010101010102,0.011111111111111112,False,False
85018D,2009-12-02,2010-12-23,789,49,33,0.12373737373737374,0.36666666666666664,False,False
85019A,2010-01-05,2010-12-17,238,18,5,0.045454545454545456,0.05555555555555555,False,False
85019B,2010-03-18,2010-11-24,206,11,2,0.027777777777777776,0.022222222222222223,False,False
85019C,2009-12-04,2010-12-17,245,16,8,0.04040404040404041,0.08888888888888889,False,False
85020,2009-12-04,2010-12-17,167,38,11,0.09595959595959595,0.12222222222222222,False,False
85023A,2009-12-04,2010-04-19,22,9,0,0.022727272727272728,0.0,False,False
85023B,2009-12-03,2010-12-19,189,25,7,0.06313131313131314,0.07777777777777778,False,False
85023C,2010-01-18,2010-06-06,23,10,0,0.025252525252525252,0.0,False,False
85024A,2009-12-04,2009-12-04,1,1,0,0.0025252525252525255,0.0,False,False
85024B,2010-01-19,2010-10-11,25,8,1,0.020202020202020204,0.011111111111111112,False,False
85024C,2009-12-04,2010-12-15,89,34,13,0.08585858585858586,0.14444444444444443,False,False
85025B,2009-12-07,2010-12-03,244,52,15,0.13131313131313133,0.16666666666666666,False,False
85025C,2009-12-02,2010-12-16,419,77,22,0.19444444444444445,0.24444444444444444,False,False
85026B,2009-12-01,2010-12-20,238,20,7,0.050505050505050504,0.07777777777777778,False,False
85027L,2010-01-17,2010-12-16,123,22,9,0.05555555555555555,0.1,False,False
85028L,2009-12-01,2010-09-21,261,20,0,0.050505050505050504,0.0,False,False
85028S,2009-12-01,2010-10-24,406,23,1,0.05808080808080808,0.011111111111111112,False,False
85030,2009-12-15,2010-11-26,198,19,4,0.047979797979797977,0.044444444444444446,False,False
85031A,2009-12-01,2010-12-16,464,77,8,0.19444444444444445,0.08888888888888889,False,False
85031B,2009-12-01,2010-12-16,497,67,9,0.1691919191919192,0.1,False,False
85031C,2009-12-01,2010-12-16,481,82,11,0.20707070707070707,0.12222222222222222,False,False
85032A,2009-12-02,2010-12-12,706,28,8,0.0707070707070707,0.08888888888888889,False,False
85032B,2010-01-22,2010-12-13,245,21,6,0.05303030303030303,0.06666666666666667,False,False
85032C,2009-12-04,2010-12-12,257,23,9,0.05808080808080808,0.1,False,False
85032D,2009-12-02,2010-12-23,511,44,32,0.1111111111111111,0.35555555555555557,False,False
85033G,2009-12-01,2010-09-21,236,14,0,0.03535353535353535,0.0,False,False
85033S,2009-12-01,2010-11-08,260,29,10,0.07323232323232323,0.1111111111111111,False,False
85034A,2009-12-01,2010-12-17,361,58,18,0.14646464646464646,0.2,False,False
85034B,2009-12-01,2010-12-23,304,35,14,0.08838383838383838,0.15555555555555556,False,False
85034C,2009-12-04,2010-12-23,262,45,16,0.11363636363636363,0.17777777777777778,False,False
85035A,2009-12-02,2010-12-23,406,93,30,0.23484848484848486,0.3333333333333333,False,False
85035B,2009-12-06,2010-12-23,790,69,33,0.17424242424242425,0.36666666666666664,False,False
85035C,2009-12-02,2010-12-23,629,70,27,0.17676767676767677,0.3,False,False
85036A,2009-12-03,2010-12-19,421,93,32,0.23484848484848486,0.35555555555555557,False,False
85036B,2009-12-01,2010-12-23,294,40,18,0.10101010101010101,0.2,False,False
85036C,2009-12-01,2010-12-23,192,47,16,0.11868686868686869,0.17777777777777778,False,False
85038,2009-12-01,2010-12-20,1915,155,47,0.39141414141414144,0.5222222222222223,True,False
85039A,2009-12-01,2010-12-20,814,82,45,0.20707070707070707,0.5,False,False
85039B,2009-12-02,2010-12-23,895,88,40,0.2222222222222222,0.4444444444444444,False,False
85039C,2009-12-03,2010-12-23,249,51,26,0.12878787878787878,0.28888888888888886,False,False
85040A,2009-12-01,2010-12-21,1231,166,36,0.41919191919191917,0.4,True,False
85040B,2009-12-01,2010-12-16,2355,161,25,0.4065656565656566,0.2777777777777778,False,False
85041,2009-12-01,2010-07-15,1858,62,0,0.15656565656565657,0.0,False,False
85042,2009-12-01,2010-11-16,2686,170,14,0.4292929292929293,0.15555555555555556,False,False
85043,2010-01-04,2010-01-04,1,1,0,0.0025252525252525255,0.0,False,False
85044,2009-12-01,2010-11-22,150,32,13,0.08080808080808081,0.14444444444444443,False,False
85045,2009-12-01,2010-12-23,435,56,35,0.1414141414141414,0.3888888888888889,False,False
85047,2009-12-01,2010-11-07,1051,139,21,0.351010101010101,0.23333333333333334,False,False
85048,2009-12-01,2010-12-21,1435,108,56,0.2727272727272727,0.6222222222222222,True,False
85049A,2009-12-01,2010-12-23,3747,156,68,0.3939393939393939,0.7555555555555555,True,False
85049B,2009-12-01,2010-12-20,2095,200,37,0.5050505050505051,0.4111111111111111,True,False
85049C,2009-12-01,2010-12-19,1853,192,44,0.48484848484848486,0.4888888888888889,True,False
85049D,2009-12-01,2010-12-16,1847,182,36,0.4595959595959596,0.4,True,False
85049E,2009-12-01,2010-12-21,4017,214,65,0.5404040404040404,0.7222222222222222,True,False
85049F,2009-12-02,2010-12-05,1762,156,27,0.3939393939393939,0.3,True,False
85049G,2009-12-01,2010-12-22,2299,164,52,0.41414141414141414,0.5777777777777777,True,False
85049H,2009-12-01,2010-12-23,1244,122,27,0.30808080808080807,0.3,True,False
85050,2010-05-11,2010-05-11,48,1,0,0.0025252525252525255,0.0,False,False
85053,2009-12-01,2010-12-17,351,52,12,0.13131313131313133,0.13333333333333333,False,False
85054,2009-12-01,2010-12-22,370,83,16,0.20959595959595959,0.17777777777777778,False,False
85055,2009-12-01,2010-12-17,331,86,21,0.21717171717171718,0.23333333333333334,False,False
85059,2009-12-01,2010-12-23,325,77,15,0.19444444444444445,0.16666666666666666,False,False
85060,2009-12-04,2010-07-26,1448,66,0,0.16666666666666666,0.0,False,False
85061W,2009-12-01,2010-12-17,4353,199,42,0.5025252525252525,0.4666666666666667,True,False
85062,2009-12-10,2010-12-23,2616,141,33,0.3560606060606061,0.36666666666666664,True,False
85063,2009-12-01,2010-11-18,310,122,12,0.30808080808080807,0.13333333333333333,False,False
85064,2009-12-01,2010-12-23,1585,143,49,0.3611111111111111,0.5444444444444444,True,False
85065,2009-12-02,2010-10-29,624,158,5,0.398989898989899,0.05555555555555555,False,False
85066,2009-12-01,2010-12-21,1394,228,56,0.5757575757575758,0.6222222222222222,True,False
85067,2009-12-01,2010-12-08,497,131,25,0.33080808080808083,0.2777777777777778,False,False
85068,2009-12-01,2010-11-15,961,119,29,0.3005050505050505,0.32222222222222224,True,False
85069,2009-12-11,2009-12-11,3,1,0,0.0025252525252525255,0.0,False,False
85070,2010-05-16,2010-07-26,3,3,0,0.007575757575757576,0.0,False,False
85071A,2009-12-01,2010-12-23,883,32,9,0.08080808080808081,0.1,False,False
85071B,2009-12-01,2010-12-23,1151,37,10,0.09343434343434344,0.1111111111111111,False,False
85071C,2009-12-06,2010-12-23,617,38,9,0.09595959595959595,0.1,False,False
85071D,2009-12-01,2010-12-23,494,31,7,0.07828282828282829,0.07777777777777778,False,False
85072,2009-12-10,2009-12-10,120,1,0,0.0025252525252525255,0.0,False,False
85077,2009-12-22,2009-12-22,1,1,0,0.0025252525252525255,0.0,False,False
85078,2009-12-03,2010-12-22,355,39,16,0.09848484848484848,0.17777777777777778,False,False
85079,2009-12-03,2009-12-23,24,7,0,0.017676767676767676,0.0,False,False
85080,2009-12-02,2010-09-26,114,19,0,0.047979797979797977,0.0,False,False
85081,2009-12-09,2010-10-07,107,18,1,0.045454545454545456,0.011111111111111112,False,False
85083,2009-12-03,2009-12-10,5,2,0,0.005050505050505051,0.0,False,False
85084,2009-12-08,2010-12-21,684,51,34,0.12878787878787878,0.37777777777777777,False,False
85086A,2009-12-01,2010-12-10,442,87,5,0.2196969696969697,0.05555555555555555,False,False
85087,2009-12-04,2010-12-23,87,23,7,0.05808080808080808,0.07777777777777778,False,False
85088,2009-12-02,2010-12-23,94,28,8,0.0707070707070707,0.08888888888888889,False,False
85089,2009-12-02,2010-11-26,90,22,1,0.05555555555555555,0.011111111111111112,False,False
85090,2009-12-01,2010-11-24,106,43,3,0.10858585858585859,0.03333333333333333,False,False
85091,2009-12-14,2010-08-15,343,17,0,0.04292929292929293,0.0,False,False
85092,2010-01-11,2010-11-08,364,21,1,0.05303030303030303,0.011111111111111112,False,False
85093,2009-12-07,2010-12-17,656,51,3,0.12878787878787878,0.03333333333333333,False,False
85094,2009-12-15,2010-12-23,132,18,4,0.045454545454545456,0.044444444444444446,False,False
85095,2010-08-19,2010-12-01,25,2,1,0.005050505050505051,0.011111111111111112,False,False
85096,2009-12-04,2010-12-10,143,51,13,0.12878787878787878,0.14444444444444443,False,False
85097B,2009-12-02,2010-08-09,107,33,0,0.08333333333333333,0.0,False,False
85098B,2009-12-02,2010-11-18,366,82,9,0.20707070707070707,0.1,False,False
85099B,2009-12-01,2010-12-23,51027,308,70,0.7777777777777778,0.7777777777777778,True,True
85099C,2009-12-01,2010-12-23,17738,291,66,0.7348484848484849,0.7333333333333333,True,False
85099F,2009-12-01,2010-12-23,20267,305,67,0.7702020202020202,0.7444444444444445,True,False
85103,2009-12-02,2010-12-23,179,54,13,0.13636363636363635,0.14444444444444443,False,False
85104,2009-12-01,2010-12-23,169,39,13,0.09848484848484848,0.14444444444444443,False,False
85106,2009-12-08,2010-12-03,557,37,15,0.09343434343434344,0.16666666666666666,False,False
85107,2009-12-02,2010-12-09,980,37,7,0.09343434343434344,0.07777777777777778,False,False
85109,2009-12-11,2010-12-19,4211,18,1,0.045454545454545456,0.011111111111111112,False,False
85110,2009-12-10,2010-09-27,11520,21,0,0.05303030303030303,0.0,False,False
85111,2009-12-02,2010-12-13,1512,21,11,0.05303030303030303,0.12222222222222222,False,False
85112,2009-12-01,2010-02-07,466,18,0,0.045454545454545456,0.0,False,False
85113,2009-12-02,2010-08-19,285,38,0,0.09595959595959595,0.0,False,False
85114A,2009-12-22,2010-12-21,791,48,28,0.12121212121212122,0.3111111111111111,False,False
85114B,2009-12-01,2010-12-21,1655,120,37,0.30303030303030304,0.4111111111111111,True,False
85114C,2009-12-01,2010-12-21,783,82,37,0.20707070707070707,0.4111111111111111,False,False
85115B,2010-06-09,2010-06-09,3,1,0,0.0025252525252525255,0.0,False,False
85116,2009-12-01,2010-12-17,1207,77,19,0.19444444444444445,0.2111111111111111,False,False
85117,2009-12-05,2010-05-04,351,45,0,0.11363636363636363,0.0,False,False
85118,2009-12-07,2010-12-23,1987,64,13,0.16161616161616163,0.14444444444444443,False,False
85119,2009-12-15,2010-12-07,413,37,5,0.09343434343434344,0.05555555555555555,False,False
85121B,2009-12-03,2010-06-27,86,40,0,0.10101010101010101,0.0,False,False
85121C,2009-12-07,2010-11-17,98,47,1,0.11868686868686869,0.011111111111111112,False,False
85123A,2009-12-01,2010-12-23,60757,318,71,0.803030303030303,0.7888888888888889,True,True
85123B,2009-12-22,2009-12-22,1,1,0,0.0025252525252525255,0.0,False,False
85124A,2009-12-01,2010-10-01,387,78,0,0.19696969696969696,0.0,False,False
85124B,2009-12-08,2010-12-21,287,68,14,0.1717171717171717,0.15555555555555556,False,False
85124C,2009-12-08,2010-12-21,373,80,24,0.20202020202020202,0.26666666666666666,False,False
85125,2009-12-01,2010-12-21,156,30,9,0.07575757575757576,0.1,False,False
85126,2009-12-01,2010-12-21,157,34,7,0.08585858585858586,0.07777777777777778,False,False
85127,2009-12-01,2010-12-21,107,34,13,0.08585858585858586,0.14444444444444443,False,False
85128,2009-12-04,2010-01-12,167,4,0,0.010101010101010102,0.0,False,False
85129A,2009-12-01,2010-08-29,445,63,0,0.1590909090909091,0.0,False,False
85129B,2009-12-15,2010-12-17,138,29,11,0.07323232323232323,0.12222222222222222,False,False
85129C,2009-12-02,2010-12-07,340,49,17,0.12373737373737374,0.18888888888888888,False,False
85129D,2009-12-01,2010-12-23,607,92,22,0.23232323232323232,0.24444444444444444,False,False
85130A,2009-12-01,2010-12-05,660,69,12,0.17424242424242425,0.13333333333333333,False,False
85130B,2010-01-11,2010-12-19,90,23,8,0.05808080808080808,0.08888888888888889,False,False
85130C,2010-01-05,2010-11-18,201,22,6,0.05555555555555555,0.06666666666666667,False,False
85130D,2009-12-02,2010-12-15,231,44,11,0.1111111111111111,0.12222222222222222,False,False
85131A,2009-12-03,2010-12-23,1100,67,28,0.1691919191919192,0.3111111111111111,False,False
85131B,2009-12-16,2010-12-23,373,46,35,0.11616161616161616,0.3888888888888889,False,False
85131C,2010-01-28,2010-12-23,257,25,12,0.06313131313131314,0.13333333333333333,False,False
85131D,2009-12-17,2010-12-23,641,57,38,0.14393939393939395,0.4222222222222222,False,False
85132A,2009-12-01,2010-12-23,829,96,42,0.24242424242424243,0.4666666666666667,False,False
85132B,2009-12-06,2010-12-08,394,39,18,0.09848484848484848,0.2,False,False
85132C,2009-12-01,2010-12-17,553,77,34,0.19444444444444445,0.37777777777777777,False,False
85135A,2009-12-02,2010-12-21,78,46,10,0.11616161616161616,0.1111111111111111,False,False
85135B,2009-12-01,2010-12-21,121,63,36,0.1590909090909091,0.4,False,False
85135C,2009-12-02,2010-12-20,98,52,32,0.13131313131313133,0.35555555555555557,False,False
85136A,2009-12-01,2010-12-23,94,55,28,0.1388888888888889,0.3111111111111111,False,False
85136B,2009-12-03,2010-12-14,59,40,13,0.10101010101010101,0.14444444444444443,False,False
85136C,2009-12-01,2010-12-21,150,75,32,0.1893939393939394,0.35555555555555557,False,False
85141,2009-12-15,2010-12-15,69,32,8,0.08080808080808081,0.08888888888888889,False,False
85142,2009-12-06,2010-07-08,61,33,0,0.08333333333333333,0.0,False,False
85144,2009-12-06,2010-12-02,69,29,8,0.07323232323232323,0.08888888888888889,False,False
85145,2009-12-17,2010-11-16,54,15,3,0.03787878787878788,0.03333333333333333,False,False
85146,2010-03-26,2010-12-15,85,20,14,0.050505050505050504,0.15555555555555556,False,False
85147,2009-12-01,2010-05-02,61,14,0,0.03535353535353535,0.0,False,False
85150,2009-12-01,2010-12-23,4941,267,56,0.6742424242424242,0.6222222222222222,True,False
85151,2009-12-02,2009-12-14,44,5,0,0.012626262626262626,0.0,False,False
85152,2009-12-01,2010-12-23,8862,287,65,0.7247474747474747,0.7222222222222222,True,False
85157,2010-01-13,2010-01-13,1,1,0,0.0025252525252525255,0.0,False,False
85159A,2009-12-07,2010-12-16,65,34,7,0.08585858585858586,0.07777777777777778,False,False
85159B,2009-12-02,2010-12-16,62,30,4,0.07575757575757576,0.044444444444444446,False,False
85160A,2009-12-10,2010-12-21,8818,32,4,0.08080808080808081,0.044444444444444446,False,False
85160B,2009-12-14,2010-10-05,6050,18,1,0.045454545454545456,0.011111111111111112,False,False
85161,2009-12-10,2010-12-23,20,13,4,0.03282828282828283,0.044444444444444446,False,False
85162A,2009-12-01,2010-06-08,607,20,0,0.050505050505050504,0.0,False,False
85162B,2009-12-07,2010-06-08,977,13,0,0.03282828282828283,0.0,False,False
85162C,2009-12-02,2010-06-08,904,27,0,0.06818181818181818,0.0,False,False
85163A,2009-12-02,2010-12-23,40,25,5,0.06313131313131314,0.05555555555555555,False,False
85163B,2009-12-22,2010-12-17,33,28,5,0.0707070707070707,0.05555555555555555,False,False
85164B,2009-12-01,2010-09-29,141,55,0,0.1388888888888889,0.0,False,False
85165,2009-12-02,2010-06-21,90,50,0,0.12626262626262627,0.0,False,False
85166A,2009-12-02,2010-01-18,77,10,0,0.025252525252525252,0.0,False,False
85166B,2009-12-04,2010-11-14,510,34,4,0.08585858585858586,0.044444444444444446,False,False
85167A,2009-12-03,2010-03-31,176,11,0,0.027777777777777776,0.0,False,False
85167B,2009-12-14,2010-12-08,677,50,11,0.12626262626262627,0.12222222222222222,False,False
85168A,2009-12-02,2010-06-14,22,15,0,0.03787878787878788,0.0,False,False
85168B,2009-12-02,2010-11-22,22,17,2,0.04292929292929293,0.022222222222222223,False,False
85169A,2009-12-08,2010-12-23,633,65,25,0.16414141414141414,0.2777777777777778,False,False
85169B,2009-12-02,2010-12-23,209,39,20,0.09848484848484848,0.2222222222222222,False,False
85169C,2009-12-08,2010-12-23,91,28,7,0.0707070707070707,0.07777777777777778,False,False
85169D,2009-12-14,2010-12-23,238,43,11,0.10858585858585859,0.12222222222222222,False,False
85170A,2009-12-01,2010-12-07,848,72,15,0.18181818181818182,0.16666666666666666,False,False
85170B,2009-12-02,2010-12-23,130,26,13,0.06565656565656566,0.14444444444444443,False,False
85170C,2009-12-02,2010-12-23,258,38,9,0.09595959595959595,0.1,False,False
85170D,2009-12-01,2010-12-23,365,56,14,0.1414141414141414,0.15555555555555556,False,False
85171,2009-12-07,2009-12-07,1,1,0,0.0025252525252525255,0.0,False,False
85172,2009-12-01,2010-12-09,3133,92,22,0.23232323232323232,0.24444444444444444,False,False
85173,2009-12-03,2010-12-23,622,64,19,0.16161616161616163,0.2111111111111111,False,False
85174,2009-12-01,2010-12-23,1017,154,41,0.3888888888888889,0.45555555555555555,True,False
85175,2009-12-01,2010-12-14,10649,189,39,0.4772727272727273,0.43333333333333335,True,False
85176,2009-12-01,2010-12-21,1875,119,40,0.3005050505050505,0.4444444444444444,True,False
85177,2009-12-02,2010-12-21,1133,74,24,0.18686868686868688,0.26666666666666666,False,False
85178,2009-12-01,2010-12-17,3327,127,34,0.3207070707070707,0.37777777777777777,True,False
85179A,2009-12-03,2010-12-23,33,16,10,0.04040404040404041,0.1111111111111111,False,False
85179B,2009-12-03,2010-11-15,247,38,2,0.09595959595959595,0.022222222222222223,False,False
85179C,2009-12-03,2010-12-17,12,6,4,0.015151515151515152,0.044444444444444446,False,False
85180A,2009-12-03,2010-12-23,273,32,8,0.08080808080808081,0.08888888888888889,False,False
85180B,2009-12-01,2010-12-23,205,23,6,0.05808080808080808,0.06666666666666667,False,False
85183A,2009-12-01,2010-12-15,853,52,12,0.13131313131313133,0.13333333333333333,False,False
85183B,2009-12-01,2010-12-13,786,52,14,0.13131313131313133,0.15555555555555556,False,False
85184B,2009-12-09,2010-03-22,14,6,0,0.015151515151515152,0.0,False,False
85184C,2009-12-01,2010-12-23,963,122,35,0.30808080808080807,0.3888888888888889,True,False
85184D,2009-12-01,2010-09-27,8313,58,0,0.14646464646464646,0.0,False,False
85185B,2009-12-01,2010-12-20,326,101,35,0.255050505050505,0.3888888888888889,True,False
85185C,2009-12-02,2010-08-01,58,23,0,0.05808080808080808,0.0,False,False
85185D,2009-12-01,2010-12-20,186,54,15,0.13636363636363635,0.16666666666666666,False,False
85185E,2009-12-03,2009-12-15,4,2,0,0.005050505050505051,0.0,False,False
85185F,2009-12-02,2010-03-08,37,16,0,0.04040404040404041,0.0,False,False
85186A,2009-12-01,2010-12-17,934,62,5,0.15656565656565657,0.05555555555555555,False,False
85186B,2010-03-17,2010-03-21,14,2,0,0.005050505050505051,0.0,False,False
85186C,2009-12-01,2010-11-10,872,55,2,0.1388888888888889,0.022222222222222223,False,False
85187,2010-01-13,2010-12-05,144,34,3,0.08585858585858586,0.03333333333333333,False,False
85188A,2009-12-09,2010-04-09,626,42,0,0.10606060606060606,0.0,False,False
85188B,2010-01-11,2010-12-13,673,42,2,0.10606060606060606,0.022222222222222223,False,False
85189,2009-12-16,2010-11-14,1171,45,1,0.11363636363636363,0.011111111111111112,False,False
85190,2009-12-14,2010-03-17,140,12,0,0.030303030303030304,0.0,False,False
85192S,2010-02-07,2010-02-08,3,2,0,0.005050505050505051,0.0,False,False
85194L,2009-12-07,2010-12-14,908,52,5,0.13131313131313133,0.05555555555555555,False,False
85194S,2010-01-05,2010-11-29,563,47,3,0.11868686868686869,0.03333333333333333,False,False
85195,2009-12-04,2010-12-14,143,15,1,0.03787878787878788,0.011111111111111112,False,False
85196,2009-12-07,2010-03-29,1564,45,0,0.11363636363636363,0.0,False,False
85197,2009-12-06,2010-11-22,1638,40,1,0.10101010101010101,0.011111111111111112,False,False
85198,2009-12-07,2010-11-15,3781,36,2,0.09090909090909091,0.022222222222222223,False,False
85199L,2009-12-01,2010-12-17,2581,131,39,0.33080808080808083,0.43333333333333335,True,False
85199S,2009-12-01,2010-12-20,3671,163,46,0.4116161616161616,0.5111111111111111,True,False
85200,2009-12-07,2010-03-30,864,45,0,0.11363636363636363,0.0,False,False
85202,2009-12-14,2010-12-23,562,86,16,0.21717171717171718,0.17777777777777778,False,False
85203,2009-12-08,2010-12-23,587,83,13,0.20959595959595959,0.14444444444444443,False,False
85204,2009-12-14,2010-12-23,309,50,10,0.12626262626262627,0.1111111111111111,False,False
85205A,2010-02-02,2010-03-23,66,16,0,0.04040404040404041,0.0,False,False
85205B,2010-01-11,2010-12-17,131,29,2,0.07323232323232323,0.022222222222222223,False,False
85206A,2009-12-01,2010-12-15,1400,73,5,0.18434343434343434,0.05555555555555555,False,False
85206B,2009-12-14,2010-04-08,1529,65,0,0.16414141414141414,0.0,False,False
85208,2009-12-01,2010-12-17,206,39,8,0.09848484848484848,0.08888888888888889,False,False
85211,2009-12-01,2010-12-15,165,47,12,0.11868686868686869,0.13333333333333333,False,False
85212,2009-12-02,2010-12-20,684,44,8,0.1111111111111111,0.08888888888888889,False,False
85213,2009-12-13,2010-12-17,551,44,9,0.1111111111111111,0.1,False,False
85214,2009-12-06,2010-12-15,371,91,15,0.2297979797979798,0.16666666666666666,False,False
85215,2009-12-10,2010-12-17,633,44,14,0.1111111111111111,0.15555555555555556,False,False
85216,2009-12-01,2010-12-02,2812,133,19,0.33585858585858586,0.2111111111111111,False,False
85217,2009-12-01,2010-09-09,2875,117,0,0.29545454545454547,0.0,False,False
85218,2010-01-14,2010-02-15,1992,2,0,0.005050505050505051,0.0,False,False
85220,2009-12-02,2010-02-17,12236,5,0,0.012626262626262626,0.0,False,False
85221,2009-12-02,2010-05-10,3558,38,0,0.09595959595959595,0.0,False,False
85222,2009-12-02,2010-06-21,1407,41,0,0.10353535353535354,0.0,False,False
85224,2009-12-02,2010-11-14,2005,53,4,0.13383838383838384,0.044444444444444446,False,False
85225,2009-12-13,2010-09-15,13,8,0,0.020202020202020204,0.0,False,False
85226A,2009-12-02,2010-11-24,1717,101,33,0.255050505050505,0.36666666666666664,True,False
85226C,2009-12-01,2010-11-09,991,67,8,0.1691919191919192,0.08888888888888889,False,False
85227,2009-12-01,2010-12-19,2111,155,54,0.39141414141414144,0.6,True,False
85230A,2009-12-13,2010-12-20,1200,29,7,0.07323232323232323,0.07777777777777778,False,False
85230B,2009-12-08,2010-12-20,976,29,14,0.07323232323232323,0.15555555555555556,False,False
85230C,2009-12-10,2009-12-10,24,1,0,0.0025252525252525255,0.0,False,False
85230D,2009-12-10,2009-12-10,24,1,0,0.0025252525252525255,0.0,False,False
85230E,2009-12-08,2010-12-20,1416,39,9,0.09848484848484848,0.1,False,False
85230F,2009-12-02,2010-12-23,2728,46,10,0.11616161616161616,0.1111111111111111,False,False
85230G,2009-12-02,2010-12-20,720,23,9,0.05808080808080808,0.1,False,False
85231B,2009-12-01,2010-12-23,1404,156,58,0.3939393939393939,0.6444444444444445,True,False
85231E,2009-12-01,2010-06-13,837,68,0,0.1717171717171717,0.0,False,False
85231G,2009-12-01,2010-12-23,925,133,41,0.33585858585858586,0.45555555555555555,True,False
85231L,2009-12-01,2010-05-02,1043,67,0,0.1691919191919192,0.0,False,False
85232A,2009-12-01,2010-12-23,310,100,16,0.25252525252525254,0.17777777777777778,False,False
85232B,2009-12-01,2010-12-14,3082,252,50,0.6363636363636364,0.5555555555555556,True,False
85232C,2010-01-15,2010-01-15,1,1,0,0.0025252525252525255,0.0,False,False
85232D,2009-12-01,2010-12-22,533,122,26,0.30808080808080807,0.28888888888888886,False,False
90000A,2009-12-01,2010-11-16,20,11,4,0.027777777777777776,0.044444444444444446,False,False
90000B,2009-12-07,2010-12-07,19,14,4,0.03535353535353535,0.044444444444444446,False,False
90000C,2009-12-13,2010-01-18,2,2,0,0.005050505050505051,0.0,False,False
90000D,2009-12-01,2010-12-17,34,22,7,0.05555555555555555,0.07777777777777778,False,False
90001A,2009-12-15,2010-07-09,6,6,0,0.015151515151515152,0.0,False,False
90001B,2010-01-13,2010-11-22,8,6,1,0.015151515151515152,0.011111111111111112,False,False
90001C,2009-12-11,2010-12-07,7,6,2,0.015151515151515152,0.022222222222222223,False,False
90001D,2009-12-06,2010-12-06,14,7,1,0.017676767676767676,0.011111111111111112,False,False
90002A,2009-12-07,2010-11-04,39,14,4,0.03535353535353535,0.044444444444444446,False,False
90002B,2009-12-02,2010-10-25,22,11,1,0.027777777777777776,0.011111111111111112,False,False
90002C,2009-12-02,2010-08-18,33,17,0,0.04292929292929293,0.0,False,False
90002D,2009-12-02,2010-12-12,98,27,12,0.06818181818181818,0.13333333333333333,False,False
90002E,2009-12-02,2010-08-18,18,11,0,0.027777777777777776,0.0,False,False
90003B,2009-12-01,2010-12-12,31,17,4,0.04292929292929293,0.044444444444444446,False,False
90003C,2009-12-01,2010-12-12,22,14,4,0.03535353535353535,0.044444444444444446,False,False
90003D,2009-12-01,2010-12-23,35,16,3,0.04040404040404041,0.03333333333333333,False,False
90003E,2009-12-16,2010-12-03,12,9,3,0.022727272727272728,0.03333333333333333,False,False
90004A,2009-12-15,2009-12-15,1,1,0,0.0025252525252525255,0.0,False,False
90005A,2009-12-01,2010-12-17,103,45,11,0.11363636363636363,0.12222222222222222,False,False
90010A,2009-12-03,2010-12-03,32,15,3,0.03787878787878788,0.03333333333333333,False,False
90010B,2009-12-02,2010-12-16,56,28,10,0.0707070707070707,0.1111111111111111,False,False
90010E,2009-12-01,2010-12-13,36,20,2,0.050505050505050504,0.022222222222222223,False,False
90011A,2009-12-03,2010-12-23,10,10,4,0.025252525252525252,0.044444444444444446,False,False
90011B,2009-12-03,2010-12-20,9,8,1,0.020202020202020204,0.011111111111111112,False,False
90011C,2009-12-04,2010-10-11,10,5,1,0.012626262626262626,0.011111111111111112,False,False
90011D,2009-12-02,2010-12-17,3,3,1,0.007575757575757576,0.011111111111111112,False,False
90011E,2009-12-08,2010-11-12,5,5,1,0.012626262626262626,0.011111111111111112,False,False
90012A,2009-12-03,2010-12-17,3,3,1,0.007575757575757576,0.011111111111111112,False,False
90012B,2009-12-03,2010-12-16,5,4,1,0.010101010101010102,0.011111111111111112,False,False
90013A,2009-12-03,2010-12-23,71,49,12,0.12373737373737374,0.13333333333333333,False,False
90013B,2009-12-02,2010-12-21,76,48,18,0.12121212121212122,0.2,False,False
90013C,2009-12-01,2010-12-23,56,32,9,0.08080808080808081,0.1,False,False
90013D,2010-01-13,2010-12-23,43,14,2,0.03535353535353535,0.022222222222222223,False,False
90013E,2009-12-09,2010-01-13,2,2,0,0.005050505050505051,0.0,False,False
90014A,2009-12-07,2010-12-17,29,19,8,0.047979797979797977,0.08888888888888889,False,False
90014B,2009-12-04,2010-12-13,20,15,5,0.03787878787878788,0.05555555555555555,False,False
90014C,2009-12-02,2010-11-28,24,16,2,0.04040404040404041,0.022222222222222223,False,False
90016A,2009-12-18,2010-11-10,12,9,1,0.022727272727272728,0.011111111111111112,False,False
90016B,2009-12-16,2010-11-24,15,11,2,0.027777777777777776,0.022222222222222223,False,False
90016C,2010-01-11,2010-10-29,14,11,2,0.027777777777777776,0.022222222222222223,False,False
90018A,2009-12-14,2010-12-23,36,23,8,0.05808080808080808,0.08888888888888889,False,False
90018B,2009-12-02,2010-12-08,19,16,3,0.04040404040404041,0.03333333333333333,False,False
90018C,2009-12-14,2010-10-22,16,10,2,0.025252525252525252,0.022222222222222223,False,False
90019A,2009-12-02,2010-12-20,36,27,9,0.06818181818181818,0.1,False,False
90019B,2010-01-20,2010-12-01,15,11,4,0.027777777777777776,0.044444444444444446,False,False
90019C,2009-12-03,2010-12-23,30,25,7,0.06313131313131314,0.07777777777777778,False,False
90020,2009-12-17,2010-05-04,5,3,0,0.007575757575757576,0.0,False,False
90021,2010-08-18,2010-11-24,4,3,2,0.007575757575757576,0.022222222222222223,False,False
90022,2009-12-04,2010-12-23,22,18,9,0.045454545454545456,0.1,False,False
90023,2009-12-01,2010-12-17,20,14,6,0.03535353535353535,0.06666666666666667,False,False
90024A,2010-01-28,2010-11-05,5,4,1,0.010101010101010102,0.011111111111111112,False,False
90024B,2009-12-01,2010-11-05,18,16,2,0.04040404040404041,0.022222222222222223,False,False
90024C,2009-12-03,2010-12-01,8,8,2,0.020202020202020204,0.022222222222222223,False,False
90024D,2009-12-09,2010-11-05,13,11,1,0.027777777777777776,0.011111111111111112,False,False
90024E,2009-12-02,2010-12-23,15,9,1,0.022727272727272728,0.011111111111111112,False,False
90024F,2010-04-19,2010-12-23,4,3,1,0.007575757575757576,0.011111111111111112,False,False
90025B,2010-03-07,2010-10-20,2,2,1,0.005050505050505051,0.011111111111111112,False,False
90025C,2010-02-17,2010-10-24,6,6,1,0.015151515151515152,0.011111111111111112,False,False
90025D,2010-02-16,2010-05-21,2,2,0,0.005050505050505051,0.0,False,False
90025E,2009-12-02,2010-11-03,6,6,1,0.015151515151515152,0.011111111111111112,False,False
90025F,2010-01-11,2010-11-22,4,4,1,0.010101010101010102,0.011111111111111112,False,False
90026A,2010-03-19,2010-10-24,9,8,1,0.020202020202020204,0.011111111111111112,False,False
90026B,2009-12-13,2010-11-28,5,4,2,0.010101010101010102,0.022222222222222223,False,False
90026C,2009-12-10,2010-11-14,4,3,2,0.007575757575757576,0.022222222222222223,False,False
90026D,2010-06-07,2010-11-14,7,5,2,0.012626262626262626,0.022222222222222223,False,False
90027A,2010-03-21,2010-12-20,8,5,2,0.012626262626262626,0.022222222222222223,False,False
90027B,2009-12-09,2010-12-17,11,8,1,0.020202020202020204,0.011111111111111112,False,False
90027C,2009-12-14,2010-11-25,9,7,2,0.017676767676767676,0.022222222222222223,False,False
90027D,2009-12-02,2010-12-20,18,10,3,0.025252525252525252,0.03333333333333333,False,False
90028,2009-12-03,2010-12-10,17,13,6,0.03282828282828283,0.06666666666666667,False,False
90029,2009-12-06,2010-11-23,18,8,4,0.020202020202020204,0.044444444444444446,False,False
90030A,2009-12-09,2010-03-28,7,3,0,0.007575757575757576,0.0,False,False
90030B,2009-12-09,2010-12-20,21,14,5,0.03535353535353535,0.05555555555555555,False,False
90030C,2009-12-09,2010-12-10,12,7,2,0.017676767676767676,0.022222222222222223,False,False
90031,2009-12-15,2010-12-10,3,3,1,0.007575757575757576,0.011111111111111112,False,False
90032,2010-01-21,2010-12-13,31,16,4,0.04040404040404041,0.044444444444444446,False,False
90033,2009-12-02,2010-12-17,14,11,3,0.027777777777777776,0.03333333333333333,False,False
90034,2009-12-02,2010-12-08,4,4,1,0.010101010101010102,0.011111111111111112,False,False
90035A,2009-12-03,2010-12-15,20,13,4,0.03282828282828283,0.044444444444444446,False,False
90035B,2009-12-02,2010-06-24,43,4,0,0.010101010101010102,0.0,False,False
90035C,2009-12-02,2010-06-24,26,4,0,0.010101010101010102,0.0,False,False
90036A,2009-12-03,2010-11-23,21,16,4,0.04040404040404041,0.044444444444444446,False,False
90036B,2010-01-18,2010-11-12,14,8,2,0.020202020202020204,0.022222222222222223,False,False
90036C,2009-12-03,2010-11-12,22,10,2,0.025252525252525252,0.022222222222222223,False,False
90036D,2009-12-01,2010-12-09,27,12,4,0.030303030303030304,0.044444444444444446,False,False
90036E,2009-12-08,2010-12-12,32,18,5,0.045454545454545456,0.05555555555555555,False,False
90036F,2009-12-18,2010-12-08,18,12,4,0.030303030303030304,0.044444444444444446,False,False
90037A,2009-12-14,2010-11-22,25,11,2,0.027777777777777776,0.022222222222222223,False,False
90037B,2010-03-16,2010-07-13,18,5,0,0.012626262626262626,0.0,False,False
90037C,2009-12-14,2010-10-19,22,8,1,0.020202020202020204,0.011111111111111112,False,False
90037D,2009-12-07,2010-06-23,14,7,0,0.017676767676767676,0.0,False,False
90038A,2009-12-07,2010-11-12,21,12,2,0.030303030303030304,0.022222222222222223,False,False
90038B,2009-12-14,2010-09-05,8,5,0,0.012626262626262626,0.0,False,False
90038C,2009-12-18,2010-09-05,10,5,0,0.012626262626262626,0.0,False,False
90039A,2009-12-18,2010-02-18,2,2,0,0.005050505050505051,0.0,False,False
90039B,2010-01-12,2010-12-09,11,6,2,0.015151515151515152,0.022222222222222223,False,False
90039C,2009-12-10,2010-12-06,18,6,2,0.015151515151515152,0.022222222222222223,False,False
90039D,2009-12-01,2010-12-09,23,15,2,0.03787878787878788,0.022222222222222223,False,False
90040A,2009-12-03,2010-12-20,43,30,8,0.07575757575757576,0.08888888888888889,False,False
90040B,2009-12-03,2010-12-20,58,27,6,0.06818181818181818,0.06666666666666667,False,False
90040C,2009-12-04,2010-12-08,27,12,5,0.030303030303030304,0.05555555555555555,False,False
90040D,2009-12-01,2010-09-14,41,22,0,0.05555555555555555,0.0,False,False
90041,2009-12-09,2010-07-11,2,2,0,0.005050505050505051,0.0,False,False
90042A,2009-12-02,2010-12-15,61,29,6,0.07323232323232323,0.06666666666666667,False,False
90042B,2009-12-02,2010-11-24,17,6,1,0.015151515151515152,0.011111111111111112,False,False
90042C,2010-06-02,2010-12-20,56,22,11,0.05555555555555555,0.12222222222222222,False,False
90043,2009-12-17,2010-03-26,6,4,0,0.010101010101010102,0.0,False,False
90046,2010-03-26,2010-08-17,10,5,0,0.012626262626262626,0.0,False,False
90048,2009-12-08,2010-08-13,28,6,0,0.015151515151515152,0.0,False,False
90049,2010-05-23,2010-11-15,15,2,1,0.005050505050505051,0.011111111111111112,False,False
90050,2010-01-26,2010-12-03,3,3,1,0.007575757575757576,0.011111111111111112,False,False
90051,2010-06-28,2010-12-10,8,7,5,0.017676767676767676,0.05555555555555555,False,False
90052,2009-12-22,2010-06-28,5,3,0,0.007575757575757576,0.0,False,False
90053,2010-01-11,2010-12-03,7,7,2,0.017676767676767676,0.022222222222222223,False,False
90054,2009-12-14,2010-12-03,10,10,3,0.025252525252525252,0.03333333333333333,False,False
90055,2010-01-11,2010-12-20,6,6,2,0.015151515151515152,0.022222222222222223,False,False
90056,2009-12-08,2010-12-06,16,11,1,0.027777777777777776,0.011111111111111112,False,False
90057,2009-12-09,2010-12-16,1108,17,3,0.04292929292929293,0.03333333333333333,False,False
90058A,2009-12-10,2010-08-25,252,6,0,0.015151515151515152,0.0,False,False
90058B,2009-12-23,2010-12-14,542,15,2,0.03787878787878788,0.022222222222222223,False,False
90059A,2009-12-02,2010-12-23,54,25,10,0.06313131313131314,0.1111111111111111,False,False
90059B,2010-01-19,2010-12-06,15,8,4,0.020202020202020204,0.044444444444444446,False,False
90059C,2009-12-09,2010-12-01,27,14,4,0.03535353535353535,0.044444444444444446,False,False
90059D,2009-12-03,2010-12-23,43,23,7,0.05808080808080808,0.07777777777777778,False,False
90059E,2009-12-09,2010-12-10,34,21,7,0.05303030303030303,0.07777777777777778,False,False
90059F,2009-12-16,2010-11-22,27,12,2,0.030303030303030304,0.022222222222222223,False,False
90060B,2009-12-13,2010-12-15,7,4,1,0.010101010101010102,0.011111111111111112,False,False
90060C,2009-12-06,2010-07-04,7,3,0,0.007575757575757576,0.0,False,False
90060D,2009-12-06,2010-12-15,12,8,5,0.020202020202020204,0.05555555555555555,False,False
90060F,2009-12-06,2010-12-03,24,13,1,0.03282828282828283,0.011111111111111112,False,False
90062,2009-12-01,2010-12-20,174,73,17,0.18434343434343434,0.18888888888888888,False,False
90063A,2010-06-17,2010-10-11,9,5,1,0.012626262626262626,0.011111111111111112,False,False
90063B,2009-12-03,2010-11-28,11,8,4,0.020202020202020204,0.044444444444444446,False,False
90064A,2010-01-13,2010-09-28,10,6,0,0.015151515151515152,0.0,False,False
90064B,2009-12-17,2010-11-18,9,5,2,0.012626262626262626,0.022222222222222223,False,False
90065A,2009-12-02,2010-10-11,19,11,1,0.027777777777777776,0.011111111111111112,False,False
90065B,2009-12-13,2010-11-18,22,12,1,0.030303030303030304,0.011111111111111112,False,False
90066A,2010-07-19,2010-10-07,5,2,1,0.005050505050505051,0.011111111111111112,False,False
90067A,2009-12-01,2010-12-12,20,10,1,0.025252525252525252,0.011111111111111112,False,False
90067B,2009-12-01,2010-08-18,14,4,0,0.010101010101010102,0.0,False,False
90068,2010-09-28,2010-09-28,1,1,0,0.0025252525252525255,0.0,False,False
90069,2009-12-10,2010-11-23,9,4,3,0.010101010101010102,0.03333333333333333,False,False
90070,2009-12-04,2010-12-17,47,21,3,0.05303030303030303,0.03333333333333333,False,False
90071,2009-12-02,2010-12-23,49,40,11,0.10101010101010101,0.12222222222222222,False,False
90072,2009-12-02,2010-12-23,25,17,6,0.04292929292929293,0.06666666666666667,False,False
90073,2009-12-02,2010-12-20,28,21,6,0.05303030303030303,0.06666666666666667,False,False
90074,2010-03-07,2010-12-06,4,4,3,0.010101010101010102,0.03333333333333333,False,False
90075,2010-03-07,2010-11-14,6,5,1,0.012626262626262626,0.011111111111111112,False,False
90076,2010-01-14,2010-12-13,4,4,1,0.010101010101010102,0.011111111111111112,False,False
90077,2009-12-14,2010-12-13,4,4,2,0.010101010101010102,0.022222222222222223,False,False
90078,2010-02-16,2010-12-13,9,5,4,0.012626262626262626,0.044444444444444446,False,False
90079,2009-12-17,2010-11-17,11,9,3,0.022727272727272728,0.03333333333333333,False,False
90081A,2009-12-07,2010-12-10,39,17,4,0.04292929292929293,0.044444444444444446,False,False
90081B,2010-10-19,2010-11-09,6,2,2,0.005050505050505051,0.022222222222222223,False,False
90081C,2009-12-01,2010-12-10,34,23,5,0.05808080808080808,0.05555555555555555,False,False
90082A,2009-12-02,2010-12-10,34,16,6,0.04040404040404041,0.06666666666666667,False,False
90082B,2009-12-15,2010-12-17,50,19,7,0.047979797979797977,0.07777777777777778,False,False
90082C,2010-01-13,2010-02-10,3,3,0,0.007575757575757576,0.0,False,False
90082D,2009-12-01,2010-12-17,104,47,16,0.11868686868686869,0.17777777777777778,False,False
90083,2009-12-03,2010-11-10,27,6,1,0.015151515151515152,0.011111111111111112,False,False
90084,2009-12-01,2010-06-07,63,6,0,0.015151515151515152,0.0,False,False
90085,2009-12-01,2010-12-09,279,18,8,0.045454545454545456,0.08888888888888889,False,False
90086,2010-03-03,2010-12-17,119,23,13,0.05808080808080808,0.14444444444444443,False,False
90087,2009-12-01,2010-12-09,206,28,8,0.0707070707070707,0.08888888888888889,False,False
90088,2009-12-01,2010-11-25,101,11,2,0.027777777777777776,0.022222222222222223,False,False
90089,2009-12-03,2010-12-13,86,19,3,0.047979797979797977,0.03333333333333333,False,False
90090,2009-12-01,2010-11-25,263,18,3,0.045454545454545456,0.03333333333333333,False,False
90091,2010-05-10,2010-10-11,3,2,1,0.005050505050505051,0.011111111111111112,False,False
90092,2009-12-01,2010-08-09,101,8,0,0.020202020202020204,0.0,False,False
90093,2009-12-01,2010-12-09,158,14,5,0.03535353535353535,0.05555555555555555,False,False
90094,2010-06-27,2010-12-12,64,23,18,0.05808080808080808,0.2,False,False
90095,2010-03-08,2010-06-27,8,3,0,0.007575757575757576,0.0,False,False
90096,2010-01-05,2010-12-08,68,24,10,0.06060606060606061,0.1111111111111111,False,False
90098,2009-12-18,2010-11-16,112,30,10,0.07575757575757576,0.1111111111111111,False,False
90099,2009-12-07,2010-12-07,22,12,11,0.030303030303030304,0.12222222222222222,False,False
90100,2009-12-07,2010-11-30,29,10,3,0.025252525252525252,0.03333333333333333,False,False
90101,2009-12-09,2010-12-23,15,14,5,0.03535353535353535,0.05555555555555555,False,False
90102,2010-01-25,2010-11-24,9,3,1,0.007575757575757576,0.011111111111111112,False,False
90103,2009-12-22,2010-12-23,16,13,4,0.03282828282828283,0.044444444444444446,False,False
90104,2010-06-21,2010-12-21,110,39,23,0.09848484848484848,0.25555555555555554,False,False
90108,2010-01-15,2010-12-23,54,11,7,0.027777777777777776,0.07777777777777778,False,False
90111,2009-12-07,2010-03-08,8,6,0,0.015151515151515152,0.0,False,False
90112,2009-12-07,2010-12-23,84,19,7,0.047979797979797977,0.07777777777777778,False,False
90114,2010-02-02,2010-12-23,48,27,22,0.06818181818181818,0.24444444444444444,False,False
90115,2009-12-06,2010-12-23,72,33,25,0.08333333333333333,0.2777777777777778,False,False
90116,2010-02-02,2010-12-23,45,20,13,0.050505050505050504,0.14444444444444443,False,False
90118,2010-06-16,2010-11-30,12,10,9,0.025252525252525252,0.1,False,False
90119,2010-06-23,2010-11-30,14,6,3,0.015151515151515152,0.03333333333333333,False,False
90120A,2009-12-07,2010-12-10,88,34,4,0.08585858585858586,0.044444444444444446,False,False
90120B,2009-12-09,2010-12-03,69,24,3,0.06060606060606061,0.03333333333333333,False,False
90120C,2009-12-01,2010-12-20,65,37,9,0.09343434343434344,0.1,False,False
90120D,2009-12-07,2010-12-13,125,32,8,0.08080808080808081,0.08888888888888889,False,False
90121B,2009-12-01,2010-01-28,19,7,0,0.017676767676767676,0.0,False,False
90122A,2010-01-11,2010-12-17,35,17,4,0.04292929292929293,0.044444444444444446,False,False
90122B,2009-12-06,2010-11-28,40,20,5,0.050505050505050504,0.05555555555555555,False,False
90122C,2009-12-14,2010-11-28,30,18,4,0.045454545454545456,0.044444444444444446,False,False
90123A,2009-12-13,2010-11-28,22,10,1,0.025252525252525252,0.011111111111111112,False,False
90123B,2010-01-11,2010-08-08,19,8,0,0.020202020202020204,0.0,False,False
90123C,2009-12-23,2010-08-08,13,6,0,0.015151515151515152,0.0,False,False
90123D,2009-12-04,2010-11-28,23,9,2,0.022727272727272728,0.022222222222222223,False,False
90124A,2009-12-02,2010-11-28,22,13,4,0.03282828282828283,0.044444444444444446,False,False
90124B,2009-12-08,2010-12-01,28,20,3,0.050505050505050504,0.03333333333333333,False,False
90124C,2009-12-16,2010-11-29,11,8,4,0.020202020202020204,0.044444444444444446,False,False
90125A,2009-12-01,2010-12-14,46,8,3,0.020202020202020204,0.03333333333333333,False,False
90125B,2009-12-08,2010-12-10,15,6,2,0.015151515151515152,0.022222222222222223,False,False
90125C,2009-12-01,2010-11-07,15,3,1,0.007575757575757576,0.011111111111111112,False,False
90125D,2009-12-01,2010-12-14,56,19,7,0.047979797979797977,0.07777777777777778,False,False
90125E,2009-12-02,2010-11-16,7,7,1,0.017676767676767676,0.011111111111111112,False,False
90126A,2009-12-06,2010-12-13,20,5,1,0.012626262626262626,0.011111111111111112,False,False
90126B,2009-12-18,2010-03-26,3,3,0,0.007575757575757576,0.0,False,False
90126C,2009-12-18,2010-08-04,19,4,0,0.010101010101010102,0.0,False,False
90127A,2010-11-21,2010-11-21,12,1,1,0.0025252525252525255,0.011111111111111112,False,False
90127B,2010-02-19,2010-09-09,2,2,0,0.005050505050505051,0.0,False,False
90128A,2010-01-24,2010-12-09,31,9,3,0.022727272727272728,0.03333333333333333,False,False
90128B,2010-01-24,2010-12-09,18,6,3,0.015151515151515152,0.03333333333333333,False,False
90128C,2009-12-18,2010-12-09,16,5,2,0.012626262626262626,0.022222222222222223,False,False
90128D,2010-02-24,2010-12-09,12,6,2,0.015151515151515152,0.022222222222222223,False,False
90129A,2009-12-14,2010-12-15,122,50,15,0.12626262626262627,0.16666666666666666,False,False
90129B,2009-12-02,2010-12-23,115,42,15,0.10606060606060606,0.16666666666666666,False,False
90129C,2009-12-02,2010-12-15,84,35,12,0.08838383838383838,0.13333333333333333,False,False
90129D,2009-12-16,2010-12-10,56,27,5,0.06818181818181818,0.05555555555555555,False,False
90129E,2009-12-16,2010-12-23,109,42,11,0.10606060606060606,0.12222222222222222,False,False
90129F,2009-12-16,2010-12-23,56,28,13,0.0707070707070707,0.14444444444444443,False,False
90130A,2009-12-18,2010-11-09,22,10,3,0.025252525252525252,0.03333333333333333,False,False
90130B,2009-12-04,2010-12-23,30,22,10,0.05555555555555555,0.1111111111111111,False,False
90130C,2009-12-04,2010-12-13,15,13,5,0.03282828282828283,0.05555555555555555,False,False
90130D,2010-01-11,2010-06-14,10,5,0,0.012626262626262626,0.0,False,False
90131,2009-12-01,2010-07-13,5,3,0,0.007575757575757576,0.0,False,False
90132,2009-12-16,2010-12-06,5,5,2,0.012626262626262626,0.022222222222222223,False,False
90133,2009-12-02,2010-12-17,31,23,4,0.05808080808080808,0.044444444444444446,False,False
90134,2009-12-01,2010-12-23,84,50,13,0.12626262626262627,0.14444444444444443,False,False
90135,2010-11-23,2010-11-23,1,1,1,0.0025252525252525255,0.011111111111111112,False,False
90135A,2010-03-08,2010-06-17,10,3,0,0.007575757575757576,0.0,False,False
90136,2010-11-23,2010-12-15,2,2,2,0.005050505050505051,0.022222222222222223,False,False
90137,2009-12-10,2010-11-07,23,11,2,0.027777777777777776,0.022222222222222223,False,False
90138,2009-12-10,2010-12-01,15,11,2,0.027777777777777776,0.022222222222222223,False,False
90139,2009-12-02,2010-03-21,23,12,0,0.030303030303030304,0.0,False,False
90140,2009-12-13,2010-12-06,8,6,2,0.015151515151515152,0.022222222222222223,False,False
90141A,2009-12-06,2010-12-03,9,8,3,0.020202020202020204,0.03333333333333333,False,False
90141B,2009-12-16,2010-12-06,5,5,1,0.012626262626262626,0.011111111111111112,False,False
90141C,2009-12-06,2010-12-17,7,6,2,0.015151515151515152,0.022222222222222223,False,False
90141D,2010-01-19,2010-07-07,3,3,0,0.007575757575757576,0.0,False,False
90141E,2009-12-06,2010-07-16,5,3,0,0.007575757575757576,0.0,False,False
90142A,2010-06-25,2010-12-17,5,4,2,0.010101010101010102,0.022222222222222223,False,False
90142B,2010-11-22,2010-11-22,1,1,1,0.0025252525252525255,0.011111111111111112,False,False
90142C,2010-11-08,2010-11-08,1,1,1,0.0025252525252525255,0.011111111111111112,False,False
90142D,2010-11-24,2010-12-20,2,2,2,0.005050505050505051,0.022222222222222223,False,False
90143,2009-12-14,2010-12-17,53,23,7,0.05808080808080808,0.07777777777777778,False,False
90144,2009-12-07,2010-12-17,36,20,4,0.050505050505050504,0.044444444444444446,False,False
90145,2009-12-01,2010-12-16,50,27,8,0.06818181818181818,0.08888888888888889,False,False
90146,2009-12-13,2010-12-15,26,13,7,0.03282828282828283,0.07777777777777778,False,False
90147,2009-12-02,2010-12-17,66,36,14,0.09090909090909091,0.15555555555555556,False,False
90148,2009-12-02,2010-11-16,19,11,3,0.027777777777777776,0.03333333333333333,False,False
90149,2010-01-31,2010-11-11,9,5,1,0.012626262626262626,0.011111111111111112,False,False
90150,2009-12-06,2010-09-24,13,8,0,0.020202020202020204,0.0,False,False
90151,2009-12-08,2010-12-13,14,8,4,0.020202020202020204,0.044444444444444446,False,False
90152A,2009-12-08,2010-12-23,3,3,1,0.007575757575757576,0.011111111111111112,False,False
90152B,2009-12-06,2010-12-13,6,5,3,0.012626262626262626,0.03333333333333333,False,False
90152C,2010-04-01,2010-08-18,6,3,0,0.007575757575757576,0.0,False,False
90154,2010-06-07,2010-12-17,3,3,2,0.007575757575757576,0.022222222222222223,False,False
90155,2009-12-02,2010-11-21,21,13,3,0.03282828282828283,0.03333333333333333,False,False
90156,2010-01-11,2010-11-22,21,10,3,0.025252525252525252,0.03333333333333333,False,False
90157,2010-01-20,2010-11-28,44,19,2,0.047979797979797977,0.022222222222222223,False,False
90158,2009-12-01,2010-12-23,36,32,9,0.08080808080808081,0.1,False,False
90159,2009-12-06,2010-11-14,32,15,1,0.03787878787878788,0.011111111111111112,False,False
90160A,2010-01-13,2010-12-12,17,11,2,0.027777777777777776,0.022222222222222223,False,False
90160B,2009-12-02,2010-12-12,43,18,3,0.045454545454545456,0.03333333333333333,False,False
90160C,2009-12-22,2010-12-23,49,23,5,0.05808080808080808,0.05555555555555555,False,False
90160D,2009-12-06,2010-12-12,40,13,1,0.03282828282828283,0.011111111111111112,False,False
90161A,2009-12-06,2010-12-23,51,25,6,0.06313131313131314,0.06666666666666667,False,False
90161B,2009-12-02,2010-12-23,83,40,13,0.10101010101010101,0.14444444444444443,False,False
90161C,2009-12-02,2010-12-20,92,50,12,0.12626262626262627,0.13333333333333333,False,False
90161D,2009-12-06,2010-12-17,83,46,9,0.11616161616161616,0.1,False,False
90162A,2010-01-24,2010-07-29,24,8,0,0.020202020202020204,0.0,False,False
90162B,2010-03-01,2010-12-13,31,10,2,0.025252525252525252,0.022222222222222223,False,False
90162C,2010-03-01,2010-12-13,30,10,3,0.025252525252525252,0.03333333333333333,False,False
90162D,2010-01-24,2010-12-13,22,11,5,0.027777777777777776,0.05555555555555555,False,False
90163A,2009-12-04,2010-11-11,25,15,1,0.03787878787878788,0.011111111111111112,False,False
90163B,2009-12-09,2010-06-15,6,4,0,0.010101010101010102,0.0,False,False
90164A,2009-12-04,2010-12-13,14,12,2,0.030303030303030304,0.022222222222222223,False,False
90164B,2009-12-02,2010-12-13,30,20,2,0.050505050505050504,0.022222222222222223,False,False
90165A,2009-12-07,2010-12-23,28,14,3,0.03535353535353535,0.03333333333333333,False,False
90165B,2009-12-04,2010-12-23,35,18,6,0.045454545454545456,0.06666666666666667,False,False
90166,2009-12-08,2010-12-01,20,15,4,0.03787878787878788,0.044444444444444446,False,False
90167,2009-12-01,2010-12-05,2197,88,7,0.2222222222222222,0.07777777777777778,False,False
90168,2009-12-01,2010-12-07,25,12,2,0.030303030303030304,0.022222222222222223,False,False
90169,2009-12-09,2010-12-07,23,12,2,0.030303030303030304,0.022222222222222223,False,False
90170,2009-12-07,2010-12-23,82,37,6,0.09343434343434344,0.06666666666666667,False,False
90171,2009-12-01,2010-03-12,47,21,0,0.05303030303030303,0.0,False,False
90173,2009-12-09,2010-12-23,68,35,8,0.08838383838383838,0.08888888888888889,False,False
90174,2009-12-04,2010-12-09,13,12,1,0.030303030303030304,0.011111111111111112,False,False
90175A,2009-12-01,2010-12-10,82,38,7,0.09595959595959595,0.07777777777777778,False,False
90175B,2009-12-09,2010-12-06,27,17,2,0.04292929292929293,0.022222222222222223,False,False
90175C,2009-12-01,2010-12-05,30,15,4,0.03787878787878788,0.044444444444444446,False,False
90175D,2009-12-02,2010-12-07,37,21,4,0.05303030303030303,0.044444444444444446,False,False
90176A,2009-12-03,2010-09-09,7,5,0,0.012626262626262626,0.0,False,False
90176B,2010-11-05,2010-12-20,2,2,2,0.005050505050505051,0.022222222222222223,False,False
90176C,2009-12-14,2010-10-25,7,4,1,0.010101010101010102,0.011111111111111112,False,False
90176D,2009-12-15,2010-11-05,4,3,1,0.007575757575757576,0.011111111111111112,False,False
90177A,2009-12-10,2010-10-22,5,5,1,0.012626262626262626,0.011111111111111112,False,False
90177B,2009-12-10,2010-12-17,19,13,2,0.03282828282828283,0.022222222222222223,False,False
90177C,2009-12-10,2010-12-07,14,12,3,0.030303030303030304,0.03333333333333333,False,False
90177D,2009-12-10,2010-12-17,24,14,5,0.03535353535353535,0.05555555555555555,False,False
90177E,2009-12-10,2010-12-10,16,14,7,0.03535353535353535,0.07777777777777778,False,False
90178A,2009-12-01,2010-12-15,25,18,5,0.045454545454545456,0.05555555555555555,False,False
90178B,2009-12-14,2010-12-17,16,11,3,0.027777777777777776,0.03333333333333333,False,False
90179A,2010-01-26,2010-12-15,7,5,4,0.012626262626262626,0.044444444444444446,False,False
90179B,2009-12-02,2010-10-24,8,6,1,0.015151515151515152,0.011111111111111112,False,False
90179C,2010-06-15,2010-12-06,14,9,3,0.022727272727272728,0.03333333333333333,False,False
90180A,2009-12-02,2010-12-02,28,18,6,0.045454545454545456,0.06666666666666667,False,False
90180B,2009-12-03,2010-11-15,13,9,2,0.022727272727272728,0.022222222222222223,False,False
90181A,2010-01-26,2010-11-05,7,7,3,0.017676767676767676,0.03333333333333333,False,False
90181B,2009-12-02,2010-12-06,12,12,3,0.030303030303030304,0.03333333333333333,False,False
90181C,2009-12-02,2010-07-12,4,4,0,0.010101010101010102,0.0,False,False
90182A,2010-11-29,2010-11-29,1,1,1,0.0025252525252525255,0.011111111111111112,False,False
90182B,2009-12-16,2009-12-16,1,1,0,0.0025252525252525255,0.0,False,False
90182C,2009-12-13,2010-04-19,5,4,0,0.010101010101010102,0.0,False,False
90183A,2010-01-19,2010-12-21,16,11,5,0.027777777777777776,0.05555555555555555,False,False
90183B,2009-12-22,2010-12-23,9,9,3,0.022727272727272728,0.03333333333333333,False,False
90183C,2009-12-02,2010-08-03,4,4,0,0.010101010101010102,0.0,False,False
90184A,2009-12-06,2010-12-08,34,17,4,0.04292929292929293,0.044444444444444446,False,False
90184B,2009-12-01,2010-12-13,42,26,11,0.06565656565656566,0.12222222222222222,False,False
90184C,2009-12-06,2010-12-06,54,29,12,0.07323232323232323,0.13333333333333333,False,False
90185A,2009-12-08,2010-12-17,29,15,8,0.03787878787878788,0.08888888888888889,False,False
90185B,2009-12-01,2010-12-17,48,22,9,0.05555555555555555,0.1,False,False
90185C,2009-12-01,2010-12-07,42,21,7,0.05303030303030303,0.07777777777777778,False,False
90185D,2009-12-03,2010-12-20,44,25,10,0.06313131313131314,0.1111111111111111,False,False
90186A,2009-12-03,2010-12-17,68,26,9,0.06565656565656566,0.1,False,False
90186B,2009-12-10,2010-12-17,38,18,4,0.045454545454545456,0.044444444444444446,False,False
90187A,2009-12-07,2010-11-23,7,6,2,0.015151515151515152,0.022222222222222223,False,False
90187B,2009-12-03,2010-12-07,10,8,4,0.020202020202020204,0.044444444444444446,False,False
90188,2009-12-01,2010-12-09,15,12,3,0.030303030303030304,0.03333333333333333,False,False
90189A,2010-01-18,2010-11-11,9,6,1,0.015151515151515152,0.011111111111111112,False,False
90189B,2010-02-16,2010-04-29,3,2,0,0.005050505050505051,0.0,False,False
90190A,2009-12-02,2010-11-29,28,18,1,0.045454545454545456,0.011111111111111112,False,False
90190B,2009-12-03,2010-12-13,33,9,2,0.022727272727272728,0.022222222222222223,False,False
90190C,2009-12-08,2010-12-13,41,18,7,0.045454545454545456,0.07777777777777778,False,False
90191,2009-12-17,2010-11-22,14,11,4,0.027777777777777776,0.044444444444444446,False,False
90192,2009-12-01,2010-12-20,59,32,14,0.08080808080808081,0.15555555555555556,False,False
90194,2009-12-10,2010-12-17,20,14,5,0.03535353535353535,0.05555555555555555,False,False
90195A,2009-12-02,2010-12-10,58,31,7,0.07828282828282829,0.07777777777777778,False,False
90195B,2009-12-01,2010-12-03,58,21,7,0.05303030303030303,0.07777777777777778,False,False
90196A,2009-12-06,2010-12-09,16,8,2,0.020202020202020204,0.022222222222222223,False,False
90196B,2009-12-06,2010-12-10,16,10,3,0.025252525252525252,0.03333333333333333,False,False
90197B,2009-12-02,2010-12-20,31,24,6,0.06060606060606061,0.06666666666666667,False,False
90197D,2010-02-02,2010-04-07,9,4,0,0.010101010101010102,0.0,False,False
90198A,2009-12-14,2010-12-23,81,43,15,0.10858585858585859,0.16666666666666666,False,False
90198B,2009-12-07,2010-12-03,70,29,7,0.07323232323232323,0.07777777777777778,False,False
90199A,2009-12-16,2010-12-06,14,11,2,0.027777777777777776,0.022222222222222223,False,False
90199B,2009-12-01,2010-12-20,29,23,5,0.05808080808080808,0.05555555555555555,False,False
90199C,2009-12-01,2010-12-01,86,22,5,0.05555555555555555,0.05555555555555555,False,False
90199D,2009-12-17,2010-12-17,17,11,4,0.027777777777777776,0.044444444444444446,False,False
90200A,2009-12-01,2010-12-23,116,52,23,0.13131313131313133,0.25555555555555554,False,False
90200B,2009-12-01,2010-12-23,107,42,13,0.10606060606060606,0.14444444444444443,False,False
90200C,2009-12-01,2010-12-23,185,71,25,0.17929292929292928,0.2777777777777778,False,False
90200D,2009-12-01,2010-12-23,183,67,22,0.1691919191919192,0.24444444444444444,False,False
90200E,2009-12-01,2010-12-23,127,44,13,0.1111111111111111,0.14444444444444443,False,False
90201A,2009-12-13,2010-12-17,62,24,3,0.06060606060606061,0.03333333333333333,False,False
90201B,2009-12-02,2010-12-17,72,34,8,0.08585858585858586,0.08888888888888889,False,False
90201C,2009-12-23,2010-12-10,57,26,6,0.06565656565656566,0.06666666666666667,False,False
90201D,2009-12-18,2010-12-10,58,26,7,0.06565656565656566,0.07777777777777778,False,False
90202A,2010-02-10,2010-12-17,11,9,3,0.022727272727272728,0.03333333333333333,False,False
90202B,2009-12-02,2010-09-17,7,6,0,0.015151515151515152,0.0,False,False
90202C,2009-12-09,2010-12-17,15,14,4,0.03535353535353535,0.044444444444444446,False,False
90202D,2009-12-15,2010-12-17,27,14,3,0.03535353535353535,0.03333333333333333,False,False
90203,2009-12-02,2010-10-25,73,30,1,0.07575757575757576,0.011111111111111112,False,False
90204,2009-12-07,2010-12-23,27,20,4,0.050505050505050504,0.044444444444444446,False,False
90205A,2009-12-09,2010-12-17,12,9,3,0.022727272727272728,0.03333333333333333,False,False
90205C,2009-12-09,2010-12-23,50,9,3,0.022727272727272728,0.03333333333333333,False,False
90206A,2009-12-17,2010-12-17,6,4,1,0.010101010101010102,0.011111111111111112,False,False
90206C,2009-12-01,2010-12-23,39,25,8,0.06313131313131314,0.08888888888888889,False,False
90208,2009-12-01,2010-12-23,111,31,9,0.07828282828282829,0.1,False,False
90209A,2009-12-01,2010-09-20,89,6,0,0.015151515151515152,0.0,False,False
90209B,2009-12-09,2010-12-23,209,42,11,0.10606060606060606,0.12222222222222222,False,False
90209C,2009-12-01,2010-12-23,153,39,11,0.09848484848484848,0.12222222222222222,False,False
90210A,2009-12-04,2010-12-16,80,13,5,0.03282828282828283,0.05555555555555555,False,False
90210B,2009-12-10,2010-12-13,77,21,8,0.05303030303030303,0.08888888888888889,False,False
90210C,2009-12-04,2010-12-16,92,7,3,0.017676767676767676,0.03333333333333333,False,False
90210D,2009-12-04,2010-12-16,121,16,4,0.04040404040404041,0.044444444444444446,False,False
90211A,2009-12-14,2010-12-17,20,15,4,0.03787878787878788,0.044444444444444446,False,False
90211B,2009-12-02,2010-12-20,31,23,6,0.05808080808080808,0.06666666666666667,False,False
90212B,2009-12-02,2010-12-20,33,23,7,0.05808080808080808,0.07777777777777778,False,False
90212C,2009-12-13,2010-12-08,11,5,3,0.012626262626262626,0.03333333333333333,False,False
90214A,2009-12-02,2010-12-17,94,46,23,0.11616161616161616,0.25555555555555554,False,False
90214B,2009-12-09,2010-12-13,44,20,8,0.050505050505050504,0.08888888888888889,False,False
90214C,2009-12-03,2010-12-17,90,38,19,0.09595959595959595,0.2111111111111111,False,False
90214D,2009-12-03,2010-12-20,37,22,11,0.05555555555555555,0.12222222222222222,False,False
90214E,2009-12-10,2010-12-23,81,37,18,0.09343434343434344,0.2,False,False
90214F,2009-12-10,2010-12-08,20,13,6,0.03282828282828283,0.06666666666666667,False,False
90214G,2009-12-13,2010-12-17,45,20,9,0.050505050505050504,0.1,False,False
90214H,2009-12-01,2010-12-23,43,28,14,0.0707070707070707,0.15555555555555556,False,False
90214I,2009-12-09,2010-12-17,27,17,8,0.04292929292929293,0.08888888888888889,False,False
90214J,2009-12-02,2010-12-20,96,43,22,0.10858585858585859,0.24444444444444444,False,False
90214K,2009-12-07,2010-12-20,83,45,17,0.11363636363636363,0.18888888888888888,False,False
90214L,2009-12-06,2010-12-20,88,33,16,0.08333333333333333,0.17777777777777778,False,False
90214M,2009-12-06,2010-12-23,94,36,16,0.09090909090909091,0.17777777777777778,False,False
90214N,2009-12-06,2010-12-17,42,21,8,0.05303030303030303,0.08888888888888889,False,False
90214O,2009-12-09,2010-12-09,21,13,5,0.03282828282828283,0.05555555555555555,False,False
90214P,2009-12-07,2010-12-17,42,20,7,0.050505050505050504,0.07777777777777778,False,False
90214R,2009-12-06,2010-12-17,57,27,12,0.06818181818181818,0.13333333333333333,False,False
90214S,2009-12-02,2010-12-23,100,41,21,0.10353535353535354,0.23333333333333334,False,False
90214T,2009-12-06,2010-12-17,34,12,4,0.030303030303030304,0.044444444444444446,False,False
90214U,2010-11-03,2010-11-03,1,1,1,0.0025252525252525255,0.011111111111111112,False,False
90214V,2010-02-03,2010-12-06,15,12,8,0.030303030303030304,0.08888888888888889,False,False
90214W,2010-06-07,2010-11-10,3,3,2,0.007575757575757576,0.022222222222222223,False,False
90214Y,2010-11-03,2010-12-03,3,3,3,0.007575757575757576,0.03333333333333333,False,False
90214Z,2009-12-10,2010-12-17,12,11,8,0.027777777777777776,0.08888888888888889,False,False
