product_id,positive_units,positive_sales_gbp,retained_lines,active_calendar_days,description,units_rank,value_rank,value_share_pct
84077,106330.0,24492.979999999923,1024.0,469,WORLD WAR 2 GLIDERS ASSTD DESIGNS,1,157,0.1255942650464326
85099B,97335.0,182958.21999999997,4080.0,588,JUMBO BAG RED RETROSPOT,2,3,0.9381669023166471
21212,94963.0,51856.49000000002,3230.0,593,PACK OF 72 RETROSPOT CAKE CASES,3,33,0.26590793563860765
85123A,94835.0,261489.60999999996,5666.0,602,WHITE HANGING HEART T-LIGHT HOLDER,4,2,1.3408574777437612
22197,88307.0,79234.0,2375.0,562,POPCORN HOLDER,5,9,0.4062933949519034
84879,80261.0,129604.1199999999,2872.0,581,ASSORTED COLOUR BIRD ORNAMENT,6,5,0.6645795733467178
23166,77983.0,81646.08000000003,248.0,124,MEDIUM CERAMIC TOP STORAGE JAR,7,7,0.41866197626921164
17003,70405.0,14776.860000000028,463.0,301,BROCADE RING PURSE ,8,303,0.0757722772563419
21977,56227.0,28154.500000000065,2048.0,564,PACK OF 60 PINK PAISLEY CAKE CASES,9,122,0.1443696820578715
84991,54205.0,27122.260000000013,2218.0,558,60 TEATIME FAIRY CAKE CASES,10,133,0.13907659709428044
15036,44271.0,32965.39999999999,991.0,432,ASSORTED COLOURS SILK FAN,11,94,0.16903885051805376
22492,43618.0,27864.390000000043,734.0,361,MINI PAINT SET VINTAGE ,12,125,0.1428820659232638
84755,40571.0,25288.570000000018,1289.0,489,COLOUR GLASS T-LIGHT HOLDER HANGING,13,150,0.12967386423478386
20725,40464.0,71332.35999999997,3125.0,593,LUNCH BAG RED RETROSPOT,14,11,0.3657756356403986
21213,40431.0,21461.359999999997,1526.0,537,PACK OF 72 SKULL CAKE CASES,15,189,0.11004882770887472
22178,40239.0,52569.560000000005,1863.0,559,VICTORIAN GLASS HANGING T-LIGHT,16,32,0.2695643915936061
22386,39456.0,76363.16999999997,2285.0,536,JUMBO BAG PINK POLKADOT,17,10,0.3915724510764234
22616,39203.0,12476.159999999985,853.0,370,PACK OF 12 LONDON TISSUES ,18,366,0.06397482649321168
84568,38475.0,8020.449999999996,310.0,222,GIRLS ALPHABET IRON ON PATCHES ,19,574,0.0411269891655349
21232,38063.0,49366.12999999989,2517.0,566,STRAWBERRY CERAMIC TRINKET POT,20,39,0.25313795281491486
85099F,37113.0,69108.21000000005,1888.0,552,JUMBO BAG STRAWBERRY,21,13,0.3543707153488288
84946,36799.0,49317.369999999915,1808.0,538,ANTIQUE SILVER T-LIGHT GLASS,22,41,0.252887922954781
21915,36387.0,42787.03999999997,1040.0,411,RED  HARMONICA IN BOX ,23,65,0.21940192015476787
84992,35126.0,17404.800000000025,1538.0,518,72 SWEETHEART FAIRY CAKE CASES,24,251,0.08924773809802482
22086,35012.0,117292.29,2089.0,305,PAPER CHAIN KIT 50'S CHRISTMAS ,25,6,0.601447392606497
71459,33097.0,26830.590000000047,1028.0,442,HANGING JAM JAR T-LIGHT HOLDERS,26,136,0.13758098164503382
22952,33010.0,19245.850000000002,1198.0,214,60 CAKE CASES VINTAGE CHRISTMAS,27,222,0.09868821131376797
21982,32539.0,10487.389999999976,739.0,365,PACK OF 12 SUKI TISSUES ,28,445,0.05377687971432255
20724,32172.0,35077.289999999986,2062.0,565,RED RETROSPOT CHARLOTTE BAG,29,88,0.1798681278215469
22355,31900.0,45150.51999999994,1765.0,554,CHARLOTTE BAG SUKI DESIGN,30,56,0.2315212920544689
21975,31426.0,15288.320000000014,1369.0,516,PACK OF 60 DINOSAUR CAKE CASES,31,293,0.07839492434953542
84347,31365.0,71183.38000000002,789.0,256,ROTATING SILVER ANGELS T-LIGHT HLDR,32,12,0.36501170109235215
21980,31340.0,8649.929999999991,684.0,388,PACK OF 12 RED RETROSPOT TISSUES ,33,536,0.04435481517778118
21080,31098.0,25435.630000000005,2171.0,584,SET/20 RED RETROSPOT PAPER NAPKINS ,34,147,0.1304279534725053
85099C,30722.0,59248.710000000036,1907.0,559,JUMBO  BAG BAROQUE BLACK WHITE,35,23,0.3038135084991393
23084,30614.0,66393.58000000002,1029.0,135,RABBIT NIGHT LIGHT,36,16,0.3404507284904309
16014,29295.0,9487.900000000001,92.0,86,SMALL CHINESE STYLE SCISSOR,37,494,0.04865172908049783
21931,29179.0,61518.30000000004,2360.0,578,JUMBO STORAGE BAG SUKI,38,19,0.3154514344684062
21731,28890.0,48250.680000000015,1568.0,522,RED TOADSTOOL LED NIGHT LIGHT,39,45,0.24741818645957436
47566,28209.0,148320.45000000004,2714.0,540,PARTY BUNTING,40,4,0.7605525301170465
22469,27919.0,48953.260000000046,2214.0,416,HEART OF WICKER SMALL,41,42,0.25102085215139
22151,27686.0,11661.269999999991,744.0,398,PLACE SETTING WHITE HEART,42,396,0.05979626142502939
22411,27320.0,57391.77000000003,2228.0,539,JUMBO SHOPPER VINTAGE RED PAISLEY,43,27,0.29429155508492333
21790,27269.0,23522.740000000034,1932.0,559,VINTAGE SNAP CARDS,44,167,0.12061910156209392
84970S,26901.0,22644.780000000035,1539.0,530,HANGING HEART ZINC T-LIGHT HOLDER,45,176,0.1161171283052601
21498,26776.0,10872.92,804.0,427,RED RETROSPOT WRAP ,46,430,0.05575378726102998
20727,26750.0,45742.63,2442.0,578,LUNCH BAG  BLACK SKULL.,47,54,0.23455749345897955
22423,26501.0,330757.09000000043,3968.0,513,REGENCY CAKESTAND 3 TIER,48,1,1.6960448923506632
21981,26246.0,7139.479999999998,574.0,315,PACK OF 12 WOODLAND TISSUES ,49,636,0.03660958133365998
37410,25707.0,3288.6500000000005,33.0,25,BLACK AND WHITE PAISLEY FLOWER MUG,50,1245,0.016863426979687728
21929,25614.0,49663.24,1636.0,522,JUMBO BAG PINK VINTAGE PAISLEY,51,38,0.25466146331008366
21985,25583.0,8989.50999999999,946.0,444,PACK OF 12 HEARTS DESIGN TISSUES ,52,523,0.04609610188623673
21984,25372.0,7029.499999999994,446.0,304,PACK OF 12 PINK PAISLEY TISSUES ,53,644,0.036045629651594045
22383,25113.0,43338.48000000005,2469.0,542,LUNCH BAG SUKI DESIGN ,54,61,0.22222957532442117
84212,24800.0,11965.390000000012,279.0,211,"ASSORTED FLOWER COLOUR ""LEIS""",55,381,0.06135571755841634
21181,24766.0,50188.35999999998,1845.0,412,PLEASE ONE PERSON METAL SIGN,56,36,0.25735415568402836
20728,24642.0,42333.800000000025,2111.0,571,LUNCH BAG CARS BLUE,57,66,0.21707781158612338
20719,24482.0,27542.379999999986,1595.0,534,WOODLAND CHARLOTTE BAG,58,128,0.14123087405981521
21928,24301.0,46258.54000000006,1563.0,519,JUMBO BAG SCANDINAVIAN BLUE PAISLEY,59,50,0.23720295910995842
84270,22996.0,4836.900000000003,478.0,215,ASSTD DESIGN BUBBLE GUM RING,60,917,0.02480249037083655
20971,22307.0,28637.29999999998,1175.0,472,PINK BLUE FELT CRAFT TRINKET BOX,61,116,0.14684536738339773
20726,22154.0,38556.22000000002,1974.0,569,LUNCH BAG WOODLAND,62,73,0.19770726607658942
84978,21769.0,28571.11999999998,1455.0,526,HANGING HEART JAR T-LIGHT HOLDER,63,117,0.14650601184312567
84945,21594.0,17737.360000000015,661.0,337,MULTI COLOUR SILVER T-LIGHT HOLDER,64,242,0.09095302789060378
22417,21467.0,11168.699999999993,1140.0,472,PACK OF 60 SPACEBOY CAKE CASES,65,419,0.05727047782769166
20668,21094.0,2471.740000000002,377.0,203,DISCO BALL CHRISTMAS DECORATION,66,1515,0.012674503824600785
22384,20830.0,34163.02999999997,2168.0,543,LUNCH BAG PINK POLKADOT,67,91,0.17518001666637698
20713,20825.0,40673.31000000001,1332.0,442,JUMBO BAG OWLS,68,69,0.2085632077622133
22629,20822.0,37981.550000000025,1395.0,404,SPACEBOY LUNCH BOX ,69,80,0.19476049290753308
84598,20770.0,4348.040000000004,216.0,177,BOYS ALPHABET IRON ON PATCHES,70,1002,0.02229573078459595
21175,20673.0,43846.71999999998,1682.0,524,GIN AND TONIC DIET METAL SIGN,71,59,0.2248357110117565
20972,20550.0,24849.179999999968,1427.0,510,PINK CREAM FELT CRAFT TRINKET BOX ,72,153,0.12742077522239098
23203,20483.0,42026.17999999999,1248.0,182,JUMBO BAG VINTAGE DOILY ,73,67,0.215500408272456
22382,20319.0,34189.12000000004,2200.0,540,LUNCH BAG SPACEBOY DESIGN ,74,90,0.17531380007595268
84836,20041.0,24531.829999999965,1460.0,532,ZINC METAL HEART DECORATION,75,156,0.12579347874754448
21166,19992.0,38250.15999999998,1448.0,463,COOK WITH WINE METAL SIGN ,76,76,0.1961378620775613
22356,19989.0,20803.989999999972,1602.0,538,CHARLOTTE BAG PINK POLKADOT,77,198,0.10667798830862303
72741,19774.0,27325.42999999991,928.0,441,GRAND CHOCOLATECANDLE,78,131,0.1401184052707241
21094,19634.0,15334.880000000003,991.0,463,SET/6 RED SPOTTY PAPER PLATES,79,291,0.0786336731249217
21231,19523.0,24247.60999999993,1538.0,471,SWEETHEART CERAMIC TRINKET BOX,80,162,0.12433606515346561
84692,19096.0,9340.890000000003,1150.0,494,BOX OF 24 COCKTAIL PARASOLS,81,502,0.04789789623106604
20914,18695.0,52576.62999999993,2091.0,566,SET/5 RED RETROSPOT LID GLASS BOWLS,82,31,0.269600644897772
22910,18614.0,58559.619999999995,1453.0,211,PAPER CHAIN KIT VINTAGE CHRISTMAS,83,25,0.3002800163678898
21137,18559.0,64553.47000000003,635.0,345,BLACK RECORD COVER FRAME,84,18,0.3310150753745344
20723,18296.0,20331.86999999999,1397.0,521,STRAWBERRY CHARLOTTE BAG,85,204,0.10425706752178046
20975,18116.0,11859.760000000004,941.0,391,12 PENCILS SMALL TUBE RED RETROSPOT,86,387,0.060814071657555945
22630,18086.0,33433.25,1366.0,405,DOLLY GIRL LUNCH BOX,87,93,0.1714378757449545
22489,17913.0,7545.359999999994,796.0,370,PACK OF 12 TRADITIONAL CRAYONS,88,609,0.038690838914282905
22470,17816.0,53632.980000000025,2020.0,423,HEART OF WICKER LARGE,89,29,0.2750173602946658
21326,17746.0,11592.660000000003,662.0,364,AGED GLASS SILVER T-LIGHT HOLDER,90,401,0.059444445413877056
20712,17728.0,37527.929999999986,1430.0,493,JUMBO BAG WOODLAND ANIMALS,91,81,0.19243443578788624
84970L,17697.0,17721.68,1159.0,485,SINGLE HEART ZINC T-LIGHT HOLDER,92,243,0.09087262452294782
22029,17694.0,7317.759999999971,1110.0,486,SPACEBOY BIRTHDAY CARD,93,625,0.0375237594194819
22693,17680.0,20258.059999999998,349.0,204,GROW A FLYTRAP OR SUNFLOWER IN TIN,94,206,0.1038785871284973
21791,17656.0,22922.38999999998,1343.0,490,VINTAGE HEADS AND TAILS CARD GAME ,95,173,0.11754064736743763
21733,17614.0,50461.54,1819.0,519,RED HANGING HEART T-LIGHT HOLDER,96,34,0.25875495874373716
22585,17579.0,22002.379999999965,1148.0,392,PACK OF 6 BIRDY GIFT TAGS,97,181,0.11282305155895002
21497,17525.0,6988.5,486.0,324,FANCY FONTS BIRTHDAY WRAP,98,650,0.0358353912540245
22077,17267.0,31552.999999999996,1795.0,506,6 RIBBONS RUSTIC CHARM,99,97,0.16179639411007152
22961,17255.0,26868.86,1206.0,290,JAM MAKING SET PRINTED,100,135,0.1377772212419845
21704,17179.0,13237.78000000001,577.0,322,BAG 250g SWIRLY MARBLES,101,348,0.06788023547752747
22909,17110.0,15243.020000000008,1126.0,205,SET OF 20 VINTAGE CHRISTMAS NAPKINS,102,294,0.07816263655904997
22385,17064.0,32447.670000000002,1265.0,460,JUMBO BAG SPACEBOY DESIGN,103,96,0.16638405233332948
82482,16961.0,41953.010000000024,2041.0,516,WOODEN PICTURE FRAME WHITE FINISH,104,68,0.21512520964928142
22294,16874.0,20883.129999999986,910.0,426,HEART FILIGREE DOVE  SMALL,105,195,0.10708379969359035
22090,16708.0,50461.4,1727.0,544,PAPER BUNTING RETROSPOT,106,35,0.258754240856526
21086,16674.0,10792.209999999988,858.0,412,SET/6 RED SPOTTY PAPER CUPS,107,435,0.055339925283765516
16156S,16661.0,6558.62,419.0,283,WRAP PINK FAIRY CAKES ,108,708,0.03363106729433643
21088,16615.0,1816.7299999999996,137.0,107,SET/6 FRUIT SALAD PAPER CUPS,109,1847,0.00931576595162394
85152,16366.0,31478.970000000016,1479.0,512,HAND OVER THE CHOCOLATE   SIGN ,110,99,0.16141678560831366
22189,16198.0,49348.33999999999,1312.0,477,CREAM HEART CARD HOLDER,111,40,0.25304672986143334
21500,15975.0,6453.5,493.0,336,PINK POLKADOT WRAP ,112,720,0.03309203655403121
22659,15964.0,29602.349999999984,1109.0,391,LUNCH BOX I LOVE LONDON,113,108,0.15179391776326415
21096,15924.0,2715.9599999999987,144.0,107,SET/6 FRUIT SALAD  PAPER PLATES,114,1431,0.013926806786904247
84947,15920.0,18881.66999999998,718.0,374,ANTIQUE SILVER TEA GLASS ENGRAVED,115,227,0.09682078156677054
79321,15905.0,80724.67000000001,1143.0,434,CHILLI LIGHTS,116,8,0.41393720158861186
22379,15781.0,34660.96999999996,1593.0,510,RECYCLING BAG RETROSPOT ,117,89,0.17773333636603048
82494L,15717.0,47079.18999999998,2098.0,528,WOODEN FRAME ANTIQUE WHITE ,118,47,0.24141106010911595
21967,15668.0,4405.639999999998,489.0,295,PACK OF 12 SKULL TISSUES,119,989,0.022591090094352208
85175,15614.0,6626.4199999999955,446.0,288,CACTI T-LIGHT CANDLES,120,704,0.03397872981519537
22551,15464.0,25947.540000000008,1336.0,445,PLASTERS IN TIN SPACEBOY,121,141,0.13305290806030637
22326,15460.0,44290.51999999996,1417.0,484,ROUND SNACK BOXES SET OF4 WOODLAND ,122,58,0.22711141347130223
22457,15448.0,47500.959999999985,2070.0,463,NATURAL SLATE HEART CHALKBOARD ,123,46,0.2435737978882116
40016,15447.0,5492.34999999999,246.0,194,CHINESE DRAGON PAPER LANTERNS,124,826,0.02816348446076284
21121,15205.0,18430.19999999999,895.0,456,SET/10 RED POLKADOT PARTY CANDLES,125,232,0.09450574914358188
21829,15167.0,3269.899999999994,416.0,281,DINOSAUR KEYRINGS ASSORTED,126,1250,0.01676728137104307
21787,15141.0,11929.619999999988,481.0,291,RAIN PONCHO RETROSPOT,127,382,0.06117229737595125
21210,15124.0,21735.890000000003,1171.0,470,SET OF 72 RETROSPOT PAPER  DOILIES,128,184,0.1114565532524059
16033,15121.0,1544.5200000000018,50.0,46,MINI HIGHLIGHTER PENS,129,2021,0.007919936824735777
71477,15097.0,44708.15000000004,830.0,355,COLOURED GLASS STAR T-LIGHT HOLDER,130,57,0.22925292230000954
21499,15077.0,6070.34,461.0,320,BLUE POLKADOT WRAP,131,753,0.031127281812256574
23199,14872.0,30368.110000000004,984.0,197,JUMBO BAG APPLES,132,106,0.15572055569796867
22560,14841.0,17861.909999999978,759.0,368,TRADITIONAL MODELLING CLAY,133,239,0.09159169112029361
21976,14640.0,7828.769999999998,988.0,474,PACK OF 60 MUSHROOM CAKE CASES,134,585,0.040144099018068154
21918,14591.0,6010.199999999994,799.0,413,SET 12 KIDS COLOUR  CHALK STICKS,135,761,0.03081889797738253
22865,14583.0,31505.720000000016,1284.0,194,HAND WARMER OWL DESIGN,136,98,0.16155395334331332
21703,14578.0,5646.479999999991,578.0,347,BAG 125g SWIRLY MARBLES,137,804,0.028953827002650635
22045,14567.0,5992.14,474.0,312,SPACEBOY GIFT WRAP,138,765,0.03072629052713606
22969,14467.0,21499.64999999998,709.0,270,HOMEMADE JAM SCENTED CANDLES,139,188,0.11024516986114147
21877,14075.0,15977.000000000015,767.0,410,HOME SWEET HOME MUG,140,274,0.08192631409680903
22577,14024.0,7154.339999999998,863.0,221,WOODEN HEART CHRISTMAS SCANDINAVIAN,141,634,0.036685779933364464
75049L,13992.0,13183.799999999997,356.0,231,LARGE CIRCULAR MIRROR MOBILE,142,350,0.06760343867994678
22297,13825.0,17840.119999999974,1003.0,441,HEART IVORY TRELLIS SMALL,143,241,0.09147995710363406
22558,13824.0,19529.719999999987,1222.0,360,CLOTHES PEGS RETROSPOT PACK 24 ,144,218,0.10014383018981853
22083,13754.0,40500.4,1413.0,525,PAPER CHAIN KIT RETROSPOT,145,70,0.20767656577870697
21085,13732.0,1873.33,69.0,53,SET/6 WOODLAND PAPER CUPS,146,1818,0.00960599749558585
21091,13700.0,1868.7000000000003,48.0,38,SET/6 WOODLAND PAPER PLATES,147,1823,0.009582255939957872
37340,13671.0,3886.43,206.0,147,MULTICOLOUR SPRING FLOWER MUG,148,1099,0.01992870281625219
22554,13603.0,22873.549999999992,1318.0,444,PLASTERS IN TIN WOODLAND ANIMALS,149,174,0.11729020728604017
22556,13575.0,22317.579999999984,1237.0,437,PLASTERS IN TIN CIRCUS PARADE ,150,178,0.11443932333733868
21986,13481.0,4785.95999999999,476.0,301,PACK OF 12 PINK POLKADOT TISSUES,151,923,0.024541281981270764
21930,13404.0,27390.39999999999,1340.0,513,JUMBO STORAGE BAG SKULLS,152,130,0.14045155621438538
22740,13393.0,11436.109999999993,302.0,151,POLKADOT PEN,153,408,0.05864169367876681
21099,13388.0,1580.34,36.0,30,SET/6 STRAWBERRY PAPER CUPS,154,1994,0.008103613395490459
20718,13349.0,17449.100000000006,1219.0,511,RED RETROSPOT SHOPPER BAG,155,249,0.08947489812271575
23201,13323.0,27767.19,912.0,197,JUMBO BAG ALPHABET,156,126,0.14238364708804988
22578,13301.0,6418.210000000003,806.0,184,WOODEN STAR CHRISTMAS SCANDINAVIAN,157,725,0.03291107769914755
16161P,13273.0,5466.9,443.0,283,WRAP ENGLISH ROSE ,158,832,0.028032982821295918
82580,13272.0,7470.470000000013,1360.0,537,BATHROOM METAL SIGN,159,613,0.03830682053394188
20974,13235.0,8696.940000000011,859.0,415,12 PENCILS SMALL TUBE SKULL,160,532,0.04459587144777509
23209,13189.0,21450.169999999995,1123.0,181,LUNCH BAG VINTAGE DOILY ,161,190,0.10999144800963562
22699,13075.0,38241.529999999984,1449.0,376,ROSES REGENCY TEACUP AND SAUCER ,162,77,0.1960936094587558
22328,12977.0,36218.69000000003,1190.0,480,ROUND SNACK BOXES SET OF 4 FRUITS ,163,84,0.18572095969925245
21108,12944.0,25407.13000000001,622.0,328,FAIRY CAKE FLANNEL ASSORTED COLOUR,164,148,0.1302818121473655
82583,12943.0,28109.15000000003,1214.0,470,HOT BATHS METAL SIGN,165,124,0.1441371378790962
21914,12934.0,17694.189999999984,976.0,371,BLUE HARMONICA IN BOX ,166,244,0.09073166224126022
22030,12927.0,5278.479999999987,709.0,372,SWALLOWS GREETING CARD,167,855,0.027066809190318775
22534,12894.0,5516.049999999997,603.0,318,MAGIC DRAWING SLATE SPACEBOY ,168,818,0.02828501251008968
22147,12871.0,17955.93,1200.0,466,FELTCRAFT BUTTERFLY HEARTS,169,238,0.09207380366028133
21092,12846.0,1571.5,28.0,26,SET/6 STRAWBERRY PAPER PLATES,170,2003,0.00805828394586814
21889,12821.0,17112.02999999999,1153.0,441,WOODEN BOX OF DOMINOES,171,253,0.08774648210640401
22866,12816.0,28336.52,1159.0,176,HAND WARMER SCOTTY DOG DESIGN,172,119,0.14530303798776423
22610,12716.0,5114.380000000012,289.0,201,PENS ASSORTED FUNNY FACE,173,879,0.026225342823461145
22149,12706.0,26286.16999999998,1433.0,488,FELTCRAFT 6 FLOWER FRIENDS,174,138,0.13478932339125713
20711,12645.0,25723.03,1057.0,456,JUMBO BAG TOYS ,175,142,0.13190167336181008
22993,12643.0,16463.269999999986,1098.0,243,SET OF 4 PANTRY JELLY MOULDS,176,263,0.08441979276964204
82600,12643.0,25670.84000000003,1213.0,480,N0 SINGING METAL SIGN,176,143,0.13163405526500152
22595,12551.0,10557.919999999995,809.0,301,GINGHAM HEART DECORATION,177,443,0.054138541035800264
21495,12465.0,5119.3,376.0,275,SKULLS AND CROSSBONES WRAP,178,878,0.026250571431169437
22348,12458.0,10585.03000000001,976.0,447,TEA BAG PLATE RED RETROSPOT,179,441,0.05427755476648598
22998,12414.0,5281.339999999999,544.0,214,TRAVEL CARD WALLET KEEP CALM,180,854,0.027081474600490762
21122,12324.0,14988.529999999988,836.0,439,SET/10 PINK POLKADOT PARTY CANDLES,181,299,0.07685767144203812
22418,12313.0,10414.539999999986,590.0,313,10 COLOUR SPACEBOY PEN,182,449,0.05340332197620202
85220,12236.0,6875.0,5.0,5,SMALL FAIRY CAKE FRIDGE MAGNETS,183,663,0.03525338983636237
23206,12176.0,20876.379999999994,1068.0,197,LUNCH BAG APPLE DESIGN,184,196,0.1070491872744783
21891,12173.0,15588.899999999998,877.0,381,TRADITIONAL WOODEN SKIPPING ROPE,185,285,0.07993622819201007
79000,12057.0,9831.310000000005,443.0,276,MOROCCAN TEA GLASS,186,482,0.05041265513194587
23307,12056.0,6370.839999999998,653.0,156,SET OF 60 PANTRY DESIGN CAKE CASES ,187,731,0.03266817543346775
23310,12046.0,4993.959999999994,245.0,122,BUBBLEGUM RING ASSORTED,188,900,0.02560785726650182
84949,11999.0,19104.899999999972,712.0,385,SILVER HANGING T-LIGHT HOLDER,189,224,0.09796545272504996
22467,11947.0,28258.51999999996,1132.0,377,GUMBALL COAT RACK,190,120,0.1449030722558024
22867,11892.0,26151.510000000002,1104.0,182,HAND WARMER BIRD DESIGN,191,139,0.134098818449386
84378,11656.0,15407.349999999997,1270.0,481,SET OF 3 HEART COOKIE CUTTERS,192,286,0.07900528231204039
22114,11653.0,58798.079999999994,1607.0,354,HOT WATER BOTTLE TEA AND SYMPATHY,193,24,0.3015027833992176
22561,11635.0,19512.71999999998,925.0,400,WOODEN SCHOOL COLOURING SET,194,219,0.10005665817131404
22555,11545.0,18668.799999999985,993.0,409,PLASTERS IN TIN STRONGMAN,195,230,0.0957292340621209
85110,11520.0,1138.04,23.0,21,BLACK SILVER FLOWER T-LIGHT HOLDER,196,2352,0.005835602584636193
21871,11481.0,13625.1,792.0,393,SAVE THE PLANET MUG,197,335,0.06986632172500667
35961,11472.0,9550.480000000005,652.0,372,FOLKART ZINC HEART CHRISTMAS DEC,198,492,0.04897262466391014
15056N,11427.0,59955.449999999975,1157.0,484,EDWARDIAN PARASOL NATURAL,199,22,0.30743750569665906
18007,11397.0,1043.4,75.0,62,ESSENTIAL BALM 3.5g TIN IN ENVELOPE,200,2446,0.005350310829856073
21314,11387.0,24567.429999999957,1075.0,475,SMALL GLASS HEART TRINKET POT,201,155,0.12597602720982437
22027,11367.0,4835.069999999979,852.0,444,TEA PARTY BIRTHDAY CARD,202,918,0.024793106559432707
21672,11152.0,14441.290000000006,832.0,429,WHITE SPOT RED CERAMIC DRAWER KNOB,203,309,0.07405155288872171
22112,11047.0,57789.369999999944,1760.0,437,CHOCOLATE HOT WATER BOTTLE,204,26,0.2963303547647684
22951,11030.0,5804.919999999994,655.0,282,60 CAKE CASES DOLLY GIRL DESIGN,205,785,0.02976627021511221
84997D,11026.0,42971.47999999999,1193.0,491,CHILDRENS CUTLERY POLKADOT PINK,206,64,0.22034768527788343
21916,11007.0,4745.969999999998,727.0,406,SET 12 RETRO WHITE CHALK STICKS,207,934,0.02433622262715355
21390,10995.0,13625.469999999992,611.0,347,FILIGRIS HEART WITH BUTTERFLY,208,334,0.06986821899835056
20993,10967.0,1334.1100000000006,32.0,26,JAZZ HEARTS MEMO PAD,209,2178,0.00684100362394028
23202,10960.0,21844.550000000017,888.0,183,JUMBO BAG VINTAGE LEAF,210,182,0.11201373628362331
21506,10947.0,4562.239999999983,672.0,386,"FANCY FONT BIRTHDAY CARD, ",211,962,0.02339409821775204
21385,10912.0,9426.939999999991,718.0,382,IVORY HANGING DECORATION  HEART,212,498,0.04833914047767238
17084R,10697.0,1983.5699999999974,67.0,64,ASSORTED INCENSE PACK,213,1753,0.010171282396758286
84029E,10689.0,43184.63000000001,1173.0,332,RED WOOLLY HOTTIE WHITE HEART.,214,62,0.2214406685569556
22666,10688.0,33593.68000000004,1688.0,413,RECIPE BOX PANTRY YELLOW DESIGN,215,92,0.17226052321134708
21669,10671.0,13958.830000000005,836.0,410,BLUE STRIPE CERAMIC DRAWER KNOB,216,322,0.07157761100356513
22741,10648.0,9166.510000000015,292.0,193,FUNKY DIVA PEN,217,512,0.04700371643184212
22139,10624.0,52905.579999999965,2120.0,528,RETROSPOT TEA SET CERAMIC 11 PC ,218,30,0.27128742345583345
16047,10614.0,1056.4,32.0,28,POP ART PEN CASE & PENS,219,2429,0.005416971785183013
21136,10534.0,17515.670000000064,753.0,395,PAINTED METAL PEARS ASSORTED,220,246,0.08981625349164793
20676,10529.0,13173.199999999966,978.0,476,RED RETROSPOT BOWL,221,351,0.06754908436252618
21668,10426.0,14000.180000000008,844.0,431,RED STRIPE CERAMIC DRAWER KNOB,222,319,0.07178964411916276
84380,10407.0,14078.239999999998,1127.0,468,SET OF 3 BUTTERFLY COOKIE CUTTERS,223,316,0.07218991751707202
23077,10392.0,13688.389999999996,343.0,156,DOUGHNUT LIP GLOSS ,224,332,0.07019085802213296
22557,10388.0,17427.729999999978,1175.0,431,PLASTERS IN TIN VINTAGE PAISLEY ,225,250,0.0893653177676897
16237,10387.0,2233.359999999998,587.0,336,SLEEPING CAT ERASERS,226,1626,0.011452147014536463
22188,10354.0,28115.980000000003,568.0,328,BLACK HEART CARD HOLDER,227,123,0.14417216051947168
22632,10286.0,20527.870000000006,817.0,150,HAND WARMER RED RETROSPOT,228,201,0.10526210961747902
23344,10261.0,23717.700000000004,729.0,135,JUMBO BAG 50'S CHRISTMAS ,229,166,0.1216188107813661
15034,10237.0,1428.0199999999993,258.0,201,PAPER POCKET TRAVELING FAN ,230,2110,0.0073225521096904975
22444,10135.0,13860.350000000006,456.0,211,GROW YOUR OWN PLANT IN A CAN ,231,327,0.0710726286281346
21673,10095.0,13328.200000000004,776.0,422,WHITE SPOT BLUE CERAMIC DRAWER KNOB,232,341,0.06834388806065529
48138,10084.0,67053.26,1675.0,519,DOORMAT UNION FLAG,233,14,0.34383341302966736
22530,10069.0,4258.77,478.0,263,MAGIC DRAWING SLATE DOLLY GIRL ,234,1026,0.021837975132131635
16046,10060.0,1226.8999999999996,65.0,55,TEATIME PEN CASE & PENS,235,2278,0.006291255853124797
22333,10037.0,15651.200000000024,708.0,411,RETROSPOT PARTY BAG + STICKER SET,236,282,0.08025568800100008
16161U,10026.0,4084.92,318.0,242,WRAP SUKI AND FRIENDS,237,1057,0.020946513048778672
21124,10014.0,12154.039999999997,649.0,388,SET/10 BLUE POLKADOT PARTY CANDLES,238,377,0.06232307057552605
22662,9982.0,16262.279999999979,1017.0,369,LUNCH BAG DOLLY GIRL DESIGN,239,267,0.08338916312262958
22652,9927.0,16822.1,855.0,324,TRAVEL SEWING KIT,240,258,0.08625978896963947
20973,9878.0,6781.300000000009,692.0,295,12 PENCIL SMALL TUBE WOODLAND,241,677,0.03477291818142901
84050,9868.0,14549.749999999956,729.0,358,PINK HEART SHAPE EGG FRYING PAN,242,306,0.0746077103667799
22296,9837.0,16222.259999999987,871.0,404,HEART IVORY TRELLIS LARGE,243,269,0.08318394993553853
82484,9837.0,56775.77000000004,1178.0,437,WOOD BLACK BOARD ANT WHITE FINISH,243,28,0.2911328513555853
22111,9817.0,49914.69999999998,1750.0,406,SCOTTIE DOG HOT WATER BOTTLE,244,37,0.2559508912967383
22697,9811.0,30452.36999999999,1386.0,381,GREEN REGENCY TEACUP AND SAUCER,245,104,0.15615262124380305
22219,9795.0,9287.76,1178.0,514,LOVEBIRD HANGING DECORATION WHITE ,246,506,0.04762545803441061
22130,9791.0,11037.110000000011,440.0,193,PARTY CONE CHRISTMAS DECORATION ,247,423,0.05659571512680929
22959,9788.0,4002.96,286.0,124,WRAP CHRISTMAS VILLAGE,248,1081,0.020526241364271287
20685,9779.0,66393.91,1731.0,535,DOORMAT RED RETROSPOT,249,15,0.34045242065314296
22734,9771.0,26745.000000000036,780.0,182,SET OF 6 RIBBONS VINTAGE CHRISTMAS,250,137,0.13714209617069278
84997B,9769.0,38781.78000000002,1124.0,485,CHILDRENS CUTLERY RETROSPOT RED ,251,71,0.19886388492916976
21174,9705.0,19602.89999999995,1154.0,503,POTTERING IN THE SHED METAL SIGN,252,216,0.10051908009065108
21908,9668.0,19104.980000000014,995.0,485,CHOCOLATE THIS WAY METAL SIGN,253,223,0.09796586294631372
47591D,9650.0,18730.320000000003,1229.0,480,PINK FAIRY CAKE CHILDRENS APRON,254,228,0.09604469421379126
15056BL,9628.0,48758.34999999996,978.0,442,EDWARDIAN PARASOL BLACK,255,44,0.25002139932040696
62018,9567.0,12450.850000000004,127.0,108,SOMBRERO ,256,368,0.06384504274095601
22791,9534.0,11823.689999999991,442.0,199,T-LIGHT GLASS FLUTED ANTIQUE,257,388,0.06062911314535259
21671,9525.0,12383.53000000001,737.0,392,RED SPOT CERAMIC DRAWER KNOB,258,369,0.06349984154767838
21238,9490.0,8168.810000000016,916.0,443,RED RETROSPOT CUP,259,567,0.041887744498789216
22988,9426.0,11315.989999999993,458.0,186,SOLDIERS EGG CUP ,260,411,0.05802574645154589
22759,9397.0,15894.60999999998,826.0,312,SET OF 3 NOTEBOOKS IN PARCEL,261,275,0.08150383747300989
21165,9365.0,15175.829999999978,989.0,442,BEWARE OF THE CAT METAL SIGN ,262,295,0.07781810197532543
22138,9355.0,45838.51999999999,1936.0,513,BAKING SET 9 PIECE RETROSPOT ,263,52,0.2350491949210026
16045,9312.0,429.44,75.0,62,POPART WOODEN PENCILS ASST,264,3274,0.002202067742738539
22381,9271.0,19629.279999999962,1117.0,468,TOY TIDY PINK POLKADOT,265,215,0.10065435055230688
22544,9241.0,3730.0099999999948,343.0,236,MINI JIGSAW SPACEBOY,266,1144,0.019126617690695246
22727,9221.0,36434.77999999998,1395.0,347,ALARM CLOCK BAKELIKE RED ,267,83,0.18682901860975973
84997C,9149.0,35673.71000000005,1046.0,479,CHILDRENS CUTLERY POLKADOT BLUE,268,86,0.18292642989663133
21156,9145.0,17017.87999999999,943.0,441,RETROSPOT CHILDRENS APRON,269,254,0.08726370295686314
22536,9098.0,3589.1799999999976,381.0,241,MAGIC DRAWING SLATE PURDEY,270,1173,0.018404474433872726
21868,9095.0,11188.640000000014,897.0,396,POTTING SHED TEA MUG,271,416,0.057372725477631704
22158,9079.0,29475.579999999994,749.0,246,3 HEARTS HANGING DECORATION RUSTIC,272,112,0.15114387089351067
22960,9024.0,38373.080000000075,1167.0,297,JAM MAKING SET WITH JARS,273,75,0.19676816704900693
22646,8965.0,12734.349999999977,905.0,366,CERAMIC STRAWBERRY CAKE MONEY BANK,274,363,0.0652987643436626
21670,8916.0,12165.71000000001,782.0,432,BLUE SPOT CERAMIC DRAWER KNOB,275,376,0.062382911602346526
85160A,8824.0,1622.7900000000002,35.0,33,WHITE BIRD GARDEN DESIGN MUG,276,1965,0.008321287053461891
21169,8822.0,14211.790000000005,794.0,360,YOU'RE CONFUSING ME METAL SIGN ,277,312,0.07287473063891149
22084,8812.0,25190.110000000008,825.0,328,PAPER CHAIN KIT EMPIRE,278,151,0.12916898441466915
23301,8762.0,16188.299999999994,922.0,173,GARDENERS KNEELING PAD KEEP CALM ,279,270,0.08300981100916141
22621,8723.0,13774.28999999999,901.0,338,TRADITIONAL KNITTING NANCY,280,329,0.07063133310387018
21509,8706.0,3590.599999999987,629.0,364,COWBOYS AND INDIANS BIRTHDAY CARD ,281,1172,0.018411755861300692
22907,8691.0,7282.499999999994,866.0,324,PACK OF 20 NAPKINS PANTRY DESIGN,282,627,0.03734295439757218
22065,8686.0,6316.860000000001,487.0,201,CHRISTMAS PUDDING TRINKET POT ,283,735,0.032391378635887126
22335,8682.0,5655.17,531.0,314,HEART DECORATION PAINTED ZINC ,284,803,0.028998387287403837
22704,8678.0,3564.76,295.0,208,WRAP RED APPLES ,285,1178,0.01827925439317398
10002,8676.0,6946.509999999995,372.0,225,INFLATABLE POLITICAL GLOBE ,286,654,0.03562007636831846
23232,8626.0,3478.92,243.0,154,WRAP VINTAGE LEAF DESIGN,287,1200,0.017839086977384403
22440,8613.0,3437.2100000000005,314.0,210,BALLOON WATER BOMB PACK OF 35,288,1208,0.017625207866100816
22295,8603.0,14190.339999999986,747.0,345,HEART FILIGREE DOVE LARGE,289,314,0.07276474006262194
21098,8564.0,13296.469999999988,638.0,196,CHRISTMAS TOILET ROLL,290,344,0.06818118405199952
21989,8562.0,6796.859999999993,668.0,387,PACK OF 20 SKULL PAPER NAPKINS,291,671,0.03485270621718948
22633,8540.0,17572.539999999994,926.0,152,HAND WARMER UNION JACK,292,245,0.09010786953237396
22087,8478.0,25397.95,875.0,322,PAPER BUNTING WHITE LACE,293,149,0.13023473925737303
23298,8458.0,43091.059999999954,1161.0,184,SPOTTY BUNTING,294,63,0.22096086351157518
23293,8443.0,6961.409999999999,559.0,127,SET OF 12 FAIRY CAKE BAKING CASES,295,651,0.03569648007865474
35970,8413.0,15114.840000000007,717.0,229,ZINC FOLKART SLEIGH BELLS,296,297,0.07750535953952635
82581,8394.0,4645.550000000001,927.0,465,TOILET METAL SIGN,297,948,0.023821292386081928
85150,8367.0,20250.609999999968,1121.0,438,LADIES & GENTLEMEN METAL SIGN,298,207,0.10384038527332902
22950,8334.0,11454.089999999998,357.0,113,36 DOILIES VINTAGE CHRISTMAS,299,406,0.05873389090774978
21900,8333.0,5531.720000000002,856.0,428,"KEY FOB , SHED",300,813,0.02836536460008764
23309,8330.0,4524.700000000001,429.0,151,SET OF 60 I LOVE LONDON CAKE CASES ,301,968,0.023201601889831103
84988,8316.0,12929.18999999998,1028.0,479,SET OF 72 PINK HEART PAPER DOILIES,302,358,0.0662978582310396
85184D,8313.0,4555.64,68.0,58,S/4 BLUE ROUND DECOUPAGE BOXES,303,963,0.02336025496350922
22047,8300.0,3372.0,263.0,200,EMPIRE GIFT WRAP,304,1230,0.017290826258649295
21559,8248.0,20396.669999999947,1254.0,493,STRAWBERRY LUNCH BOX WITH CUTLERY,305,203,0.10458934674525605
22966,8233.0,10141.499999999996,753.0,237,GINGERBREAD MAN COOKIE CUTTER,306,467,0.052003236803704556
22661,8231.0,6647.650000000004,643.0,308,CHARLOTTE BAG DOLLY GIRL DESIGN,307,702,0.0340875922830101
21507,8222.0,3454.579999999987,584.0,355,ELEPHANT BIRTHDAY CARD ,308,1203,0.01771427715794913
22698,8209.0,24396.26000000003,1062.0,322,PINK REGENCY TEACUP AND SAUCER,309,159,0.12509830753880072
22620,8192.0,11084.569999999983,870.0,356,4 TRADITIONAL SPINNING TOPS,310,422,0.05683907889141042
21481,8173.0,25576.290000000015,1074.0,353,FAWN BLUE HOT WATER BOTTLE,311,145,0.13114922500914283
20979,8159.0,10271.929999999995,715.0,398,36 PENCILS TUBE RED RETROSPOT,312,456,0.05267205129626553
22531,8148.0,3512.799999999999,416.0,258,MAGIC DRAWING SLATE CIRCUS PARADE  ,313,1192,0.01801281568249799
84987,8141.0,11868.499999999989,819.0,438,SET OF 36 TEATIME PAPER DOILIES,314,386,0.06085888833059874
16162L,8101.0,570.43,30.0,25,THE KING GIFT BAG,315,3060,0.0029250314420881723
23076,8097.0,9958.379999999997,277.0,149,ICE CREAM SUNDAE LIP GLOSS,316,475,0.0510642403314377
21154,8088.0,11683.779999999995,924.0,456,RED RETROSPOT OVEN GLOVE ,317,395,0.05991168743306091
22367,8059.0,15755.420000000011,1170.0,482,CHILDRENS APRON SPACEBOY DESIGN,318,279,0.0807901037520903
21917,8040.0,3336.8199999999956,476.0,307,SET 12 KIDS  WHITE CHALK STICKS,319,1234,0.017110431458002985
23230,8001.0,3228.42,236.0,152,WRAP ALPHABET DESIGN,320,1264,0.016554581645892217
23204,7947.0,7691.680000000006,583.0,185,CHARLOTTE BAG APPLES DESIGN,321,596,0.03944113360531664
22464,7888.0,13091.739999999989,811.0,408,HANGING METAL HEART LANTERN,322,353,0.06713137656091611
22553,7863.0,13122.08,1140.0,417,PLASTERS IN TIN SKULLS,323,352,0.06728695297511766
21892,7843.0,10171.319999999992,854.0,392,TRADITIONAL WOODEN CATCH CUP GAME ,324,464,0.05215614677969295
23207,7840.0,13338.739999999996,765.0,195,LUNCH BAG ALPHABET DESIGN,325,339,0.068397934712128
22150,7834.0,14519.240000000007,973.0,438,3 STRIPEY MICE FELTCRAFT,326,308,0.07445126223239364
21988,7830.0,5820.949999999995,425.0,291,PACK OF 6 SKULL PAPER PLATES,327,784,0.029848468300796127
21936,7814.0,22765.020000000084,1060.0,428,RED RETROSPOT PICNIC BAG,328,175,0.11673369086437659
20677,7793.0,9821.809999999994,774.0,422,PINK POLKADOT BOWL,329,483,0.050363941356899214
21830,7754.0,3225.919999999994,261.0,194,ASSORTED CREEPY CRAWLIES,330,1266,0.01654176223140624
48194,7738.0,48817.38000000005,1363.0,526,DOORMAT HEARTS,331,43,0.25032409133524963
21172,7704.0,11407.03,1001.0,436,PARTY METAL SIGN ,332,409,0.05849257824946628
22243,7685.0,11871.799999999992,402.0,244,5 HOOK HANGER RED MAGIC TOADSTOOL,333,385,0.060875809957720226
22726,7669.0,32582.439999999984,1297.0,307,ALARM CLOCK BAKELIKE GREEN,334,95,0.167075121329438
22945,7665.0,7386.100000000004,350.0,155,CHRISTMAS METAL TAGS ASSORTED ,335,620,0.03787419093387
21485,7644.0,37308.47999999997,1428.0,396,RETROSPOT HEART HOT WATER BOTTLE,336,82,0.19130914758430947
21754,7644.0,46798.679999999986,2128.0,571,HOME BUILDING BLOCK WORD,336,48,0.23997267052613444
84375,7591.0,15777.760000000006,819.0,387,SET OF 20 KIDS COOKIE CUTTERS,337,278,0.08090465803993671
21240,7590.0,6543.390000000016,777.0,426,BLUE POLKADOT CUP,338,710,0.03355297142128811
22771,7585.0,10267.079999999998,527.0,269,CLEAR DRAWER KNOB ACRYLIC EDWARDIAN,339,457,0.0526471816321628
21392,7545.0,1478.1299999999997,49.0,46,RED POLKADOT PUDDING BOWL,340,2064,0.0075795044536468795
22041,7538.0,18639.28999999998,559.0,315,"RECORD FRAME 7"" SINGLE SIZE ",341,231,0.09557791369352872
84520B,7513.0,6590.0700000000015,753.0,302,PACK 20 ENGLISH ROSE PAPER NAPKINS,342,706,0.03379233552856969
82582,7495.0,15142.550000000016,807.0,420,AREA PATROLLED METAL SIGN,343,296,0.07764744992968867
21786,7483.0,3052.83999999999,474.0,290,POLKADOT RAIN HAT ,344,1319,0.01565424852771493
22720,7475.0,38068.810000000005,1397.0,261,SET OF 3 CAKE TINS PANTRY DESIGN ,345,79,0.1952079417507506
22491,7424.0,5950.84999999999,396.0,252,PACK OF 12 COLOURED PENCILS,346,769,0.030514565077486063
21239,7381.0,6447.81000000001,760.0,412,PINK  POLKADOT CUP,347,722,0.03306285956666124
21519,7380.0,3160.009999999987,556.0,352,GIN & TONIC DIET GREETING CARD ,348,1284,0.01620379118789862
22273,7367.0,20180.710000000054,833.0,404,FELTCRAFT DOLL MOLLY,349,208,0.1034819544443023
22712,7366.0,3031.8299999999927,513.0,284,CARD DOLLY GIRL ,350,1327,0.01554651416837502
22082,7365.0,12353.750000000004,1008.0,435,RIBBON REEL STRIPES DESIGN ,351,371,0.06334713668232171
22198,7345.0,12782.710000000005,656.0,273,LARGE POPCORN HOLDER ,352,362,0.06554674309747895
48187,7341.0,46618.91000000001,1291.0,490,DOORMAT NEW ENGLAND,353,49,0.2390508520692789
23231,7277.0,3008.34,260.0,166,WRAP  VINTAGE DOILY ,354,1333,0.015426062949865071
21078,7226.0,6194.000000000006,761.0,377,SET/20 STRAWBERRY PAPER NAPKINS ,355,743,0.03176138133038963
22154,7216.0,3114.9299999999976,335.0,162,ANGEL DECORATION 3 BUTTONS ,356,1299,0.015972631505888023
21082,7187.0,1963.8500000000013,167.0,129,SET/20 FRUIT SALAD PAPER NAPKINS ,357,1766,0.010070162855293132
22710,7184.0,2821.28,173.0,140,WRAP I LOVE LONDON ,358,1380,0.014466863080368353
37370,7171.0,10854.590000000011,518.0,273,RETRO COFFEE MUGS ASSORTED,359,431,0.05565979531401906
22609,7159.0,2428.219999999999,204.0,150,PENS ASSORTED SPACEBALL,360,1535,0.012451343457229352
22579,7157.0,3799.850000000001,577.0,162,WOODEN TREE CHRISTMAS SCANDINAVIAN,361,1125,0.019484740853774773
84406B,7134.0,23098.10000000002,854.0,410,CREAM CUPID HEARTS COAT HANGER,362,170,0.11844164709516833
21935,7111.0,13059.629999999996,920.0,430,SUKI  SHOULDER BAG,363,355,0.06696672400125861
22352,7103.0,17854.379999999954,1137.0,476,LUNCH BOX WITH CUTLERY RETROSPOT ,364,240,0.09155307904386181
22037,7098.0,3052.539999999991,638.0,343,ROBOT BIRTHDAY CARD,365,1320,0.015652710197976618
21242,7086.0,11916.220000000023,660.0,391,RED RETROSPOT PLATE ,366,383,0.061103585314306735
20991,7084.0,884.5600000000001,32.0,23,JAZZ HEARTS MAGNETIC MEMO PAD,367,2633,0.004535816511076756
23200,7070.0,14193.150000000003,601.0,179,JUMBO BAG PEARS,368,313,0.07277914908450424
21974,7046.0,10622.149999999987,810.0,423,SET OF 36 PAISLEY FLOWER DOILIES,369,440,0.05446789743277324
21810,7033.0,4392.2699999999995,363.0,149,CHRISTMAS HANGING STAR WITH BELL,370,992,0.022522531865681355
22413,6986.0,19757.740000000013,898.0,437,METAL SIGN TAKE IT OR LEAVE IT ,371,213,0.10131306334625319
82552,6964.0,9538.599999999993,806.0,410,WASHROOM METAL SIGN,372,493,0.04891170680627285
22834,6922.0,11303.830000000002,623.0,189,HAND WARMER BABUSHKA DESIGN,373,412,0.05796339281948627
21621,6914.0,60405.03999999994,1318.0,494,VINTAGE UNION JACK BUNTING,374,21,0.30974289792015425
21523,6909.0,46027.160000000054,1124.0,460,DOORMAT FANCY FONT HOME SWEET HOME,375,51,0.23601649666045477
22488,6905.0,11783.14,812.0,400,NATURAL SLATE RECTANGLE CHALKBOARD,376,390,0.06042118224239053
22816,6890.0,2965.209999999999,441.0,163,CARD MOTORBIKE SANTA,377,1340,0.015204902411153458
23170,6865.0,11103.889999999996,445.0,157,REGENCY TEA PLATE ROSES ,378,421,0.0569381473265579
22419,6853.0,3243.8799999999974,522.0,273,LIPSTICK PEN RED,379,1258,0.01663385690507332
47503E,6842.0,1186.9,25.0,25,ASS FLORAL PRINT SCISSORS,380,2307,0.0060861452213496
84029G,6835.0,29485.04000000003,1039.0,360,KNITTED UNION FLAG HOT WATER BOTTLE,381,111,0.15119237955792567
23078,6831.0,8553.340000000002,257.0,146,ICE CREAM PEN LIP GLOSS ,382,542,0.04385952427970208
48185,6829.0,45777.190000000046,994.0,460,DOORMAT FAIRY CAKE,383,53,0.23473470904483357
21535,6809.0,16921.149999999936,1158.0,474,RED RETROSPOT SMALL MILK JUG,384,257,0.08676769417157248
21875,6788.0,7851.4199999999955,420.0,283,KINGS CHOICE MUG,385,584,0.040260242913310845
23300,6767.0,11706.61,770.0,173,GARDENERS KNEELING PAD CUP OF TEA ,386,393,0.06002875432614663
84832,6749.0,6076.169999999994,643.0,353,ZINC WILLIE WINKIE  CANDLE STICK,387,752,0.03115717668683778
21508,6739.0,2817.869999999991,542.0,336,VINTAGE KID DOLLY CARD ,388,1383,0.014449377399009469
21313,6736.0,5791.579999999994,418.0,281,GLASS HEART T-LIGHT HOLDER ,389,786,0.029697865819415175
22161,6729.0,2736.4299999999985,512.0,289,HEART DECORATION RUSTIC HANGING ,390,1418,0.014031772152715203
22983,6718.0,2852.799999999991,553.0,279,CARD BILLBOARD FONT,391,1373,0.014628490258207165
51014A,6717.0,4573.5599999999995,379.0,240,"FEATHER PEN,HOT PINK",392,957,0.023452144526544504
21899,6697.0,4336.1200000000035,640.0,377,GARAGE KEY FOB,393,1007,0.02223460781632694
21155,6669.0,16340.949999999988,982.0,422,RED RETROSPOT PEG BAG,394,265,0.0837925644576735
22064,6638.0,10643.820000000012,719.0,387,PINK DOUGHNUT TRINKET POT ,395,439,0.05457901611753759
22196,6594.0,6137.850000000001,1022.0,453,SMALL HEART MEASURING SPOONS,396,749,0.03147345728103517
85049E,6591.0,9347.31,918.0,395,SCANDINAVIAN REDS RIBBONS,397,500,0.04793081648746594
85049A,6582.0,9552.07,734.0,275,TRADITIONAL CHRISTMAS RIBBONS,398,491,0.048980777811523185
22602,6527.0,5516.929999999999,551.0,248,RETROSPOT WOODEN HEART DECORATION,399,817,0.02828952494398874
22437,6517.0,5459.740000000005,454.0,297,SET OF 9 BLACK SKULL BALLOONS,400,834,0.027996268018208183
84971S,6496.0,5526.200000000002,471.0,316,SMALL HEART FLOWERS HOOK ,401,814,0.028337059332902658
22549,6489.0,9666.489999999996,726.0,346,PICTURE DOMINOES,402,487,0.04956749677371612
20675,6474.0,8079.080000000013,700.0,401,BLUE POLKADOT BOWL,403,571,0.04142763007405948
21987,6419.0,3987.40000000001,396.0,287,PACK OF 6 SKULL PAPER CUPS,404,1085,0.020446453328510788
21429,6384.0,11384.700000000004,1026.0,384,RED GINGHAM ROSE JEWELLERY BOX,405,410,0.058378075239277794
21700,6384.0,7070.159999999988,532.0,309,BIG DOUGHNUT FRIDGE MAGNETS,405,641,0.03625412460879351
22046,6375.0,2613.5,208.0,171,TEA PARTY  WRAPPING PAPER ,406,1472,0.01340141590361208
22028,6367.0,2674.3799999999896,509.0,320,PENNY FARTHING BIRTHDAY CARD,407,1447,0.01371359428517388
85061W,6366.0,5502.489999999995,500.0,317,WHITE JEWELLED HEART DECORATION,408,822,0.02821548000591788
21811,6352.0,4592.1799999999985,410.0,210,HANGING HEART WITH BELL,409,954,0.02354762352563585
23245,6341.0,31028.670000000006,879.0,155,SET OF 3 REGENCY CAKE TINS,410,102,0.1591077526711043
23208,6336.0,10470.739999999996,686.0,189,LUNCH BAG VINTAGE LEAF DESIGN,411,447,0.05369150241384622
22818,6320.0,2733.4599999999973,406.0,162,CARD CHRISTMAS VILLAGE,412,1420,0.014016542688305888
20996,6317.0,1688.62,341.0,228,JAZZ HEARTS ADDRESS BOOK,413,1920,0.008658847875705923
22596,6311.0,6492.200000000003,448.0,163,CHRISTMAS STAR WISH LIST CHALKBOARD,414,715,0.03329048109027372
21874,6308.0,8163.8099999999995,619.0,360,GIN AND TONIC MUG,415,568,0.04186210566981723
20717,6300.0,7771.270000000013,768.0,431,STRAWBERRY SHOPPER BAG,416,589,0.03984925248489138
20983,6291.0,5475.309999999992,666.0,369,12 PENCILS TALL TUBE RED RETROSPOT,417,829,0.02807610733162661
84596B,6268.0,4115.329999999999,751.0,369,SMALL DOLLY MIX DESIGN ORANGE BOWL,418,1054,0.02110244840658576
22152,6267.0,2653.1999999999975,252.0,174,PLACE SETTING WHITE STAR,419,1454,0.013604988205648953
22631,6255.0,12208.699999999977,677.0,325,CIRCUS PARADE LUNCH BOX ,420,375,0.06260335425384675
21833,6243.0,10685.230000000018,445.0,263,CAMOUFLAGE LED TORCH,421,437,0.0547913568990829
17096,6242.0,1117.51,78.0,68,ASSORTED LAQUERED INCENSE HOLDERS,422,2370,0.005730329552877573
22156,6241.0,5606.700000000006,606.0,347,HEART DECORATION WITH PEARLS ,423,807,0.028749844479350268
23171,6241.0,10032.25,381.0,153,REGENCY TEA PLATE GREEN ,423,472,0.05144302839066856
22728,6216.0,24261.059999999983,985.0,335,ALARM CLOCK BAKELIKE PINK,424,161,0.12440503360340029
21479,6199.0,30858.220000000005,957.0,230,WHITE SKULL HOT WATER BOTTLE ,425,103,0.15823372499145225
85014B,6199.0,31291.24000000001,938.0,425,RED RETROSPOT UMBRELLA,425,100,0.1604541501357347
16044,6193.0,389.22,3.0,3,POP-ART FLUORESCENT PENS,426,3344,0.0019958290024885764
21901,6181.0,4074.5000000000055,717.0,387,"KEY FOB , BACK DOOR ",427,1061,0.02089308172920126
20992,6179.0,3243.280000000001,456.0,274,JAZZ HEARTS PURSE NOTEBOOK,428,1259,0.01663078024559671
22900,6175.0,19878.78999999999,760.0,289,SET 2 TEA TOWELS I LOVE LONDON ,429,212,0.10193377939566277
21623,6169.0,45441.98000000002,535.0,309,VINTAGE UNION JACK MEMOBOARD,430,55,0.2330158306728993
37423,6168.0,843.8799999999999,70.0,56,WHITE WITH BLACK CATS PLATE,431,2676,0.0043272189985613775
22713,6167.0,2650.5699999999933,376.0,238,CARD I LOVE LONDON ,432,1456,0.013591502181609713
22540,6161.0,2409.4599999999964,189.0,145,MINI JIGSAW CIRCUS PARADE ,433,1544,0.01235514657092677
85160B,6156.0,1048.83,38.0,34,BLACK BIRD GARDEN DESIGN MUG,434,2441,0.005378154598119555
21843,6150.0,65085.99999999995,1532.0,522,RED RETROSPOT CAKE STAND,435,17,0.3337457644930152
23308,6150.0,3277.9600000000014,393.0,149,SET OF 60 VINTAGE LEAF CAKE CASES ,435,1246,0.016808611163345807
84950,6149.0,4279.070000000008,283.0,216,ASSORTED COLOUR T-LIGHT HOLDER,436,1020,0.021942068777757586
72232,6148.0,1168.1199999999985,120.0,104,FENG SHUI PILLAR CANDLE,437,2320,0.005989845779731136
20679,6147.0,29976.51999999999,717.0,384,EDWARDIAN PARASOL RED,438,107,0.15371257389054735
23295,6135.0,5066.130000000002,453.0,126,SET OF 12 MINI LOAF BAKING CASES,439,886,0.025977928123882263
21983,6119.0,1874.270000000001,328.0,256,PACK OF 12 BLUE PAISLEY TISSUES ,440,1817,0.009610817595432572
21870,6102.0,7651.239999999997,641.0,318,I CAN ONLY PLEASE ONE PERSON MUG,441,598,0.03923376675659187
22338,6087.0,2150.23,271.0,136,STAR DECORATION PAINTED ZINC ,442,1660,0.011025875844049666
21544,6065.0,5051.499999999996,508.0,319,SKULLS  WATER TRANSFER TATTOOS ,443,888,0.025902908910310454
23343,6045.0,13904.570000000003,485.0,119,JUMBO BAG VINTAGE CHRISTMAS ,444,325,0.07129937843156206
21135,6027.0,8638.220000000034,422.0,293,VICTORIAN  METAL POSTCARD SPRING,445,537,0.04429476904032921
85199S,6026.0,2787.269999999996,506.0,296,SMALL HANGING IVORY/RED WOOD BIRD,446,1393,0.014292467765701469
22227,6025.0,4346.17,666.0,386,HANGING HEART MIRROR DECORATION ,447,1003,0.022286141862560442
47566B,6020.0,27598.199999999997,888.0,378,TEA TIME PARTY BUNTING,448,127,0.14151710594645756
22155,6018.0,2708.0,360.0,175,STAR DECORATION RUSTIC,449,1435,0.013885989771180988
21035,6005.0,18674.74999999999,945.0,443,SET/2 RED RETROSPOT TEA TOWELS ,450,229,0.09575974426859749
21164,5999.0,16679.510000000046,729.0,402,HOME SWEET HOME METAL SIGN ,451,260,0.08552862084501907
22722,5981.0,24482.49,858.0,201,SET OF 6 SPICE TINS PANTRY DESIGN,452,158,0.12554047478324995
47599A,5970.0,11186.870000000015,376.0,268,PINK PARTY BAGS,453,417,0.05736364933217566
22563,5968.0,6956.350000000002,558.0,303,HAPPY STENCIL CRAFT,454,652,0.03567053358373519
21746,5966.0,7469.590000000009,497.0,301,SMALL RED RETROSPOT WINDMILL,455,614,0.03830230810004281
20984,5899.0,1953.0400000000018,257.0,161,12 PENCILS TALL TUBE POSY,456,1777,0.010014731707055887
21592,5896.0,6576.6,501.0,283,RETROSPOT CIGAR BOX MATCHES ,457,707,0.033723264523319384
22537,5866.0,2423.009999999999,362.0,240,MAGIC DRAWING SLATE DINOSAUR,458,1538,0.012424627797440631
16235,5861.0,1340.4600000000005,315.0,219,RECYCLED PENCIL WITH RABBIT ERASER,459,2176,0.006873564936734592
23205,5838.0,5695.009999999999,469.0,175,CHARLOTTE BAG VINTAGE ALPHABET ,460,801,0.02920267747665193
22528,5830.0,7630.9100000000035,562.0,154,GARDENERS KNEELING PAD,461,599,0.03912951927799216
22153,5802.0,2509.0799999999995,295.0,166,ANGEL DECORATION STARS ON DRESS,462,1503,0.01286597459936292
22986,5795.0,2389.9,204.0,151,WRAP GINGHAM ROSE ,463,1549,0.012254847471988716
22113,5793.0,22146.73000000001,1043.0,264,GREY HEART HOT WATER BOTTLE,464,180,0.113563244551369
72351B,5790.0,11195.39000000002,511.0,325,SET/6 PINK  BUTTERFLY T-LIGHTS,465,415,0.05740733789674379
22571,5787.0,5138.069999999999,528.0,191,ROCKING HORSE RED CHRISTMAS ,466,876,0.026346819595129942
20759,5777.0,891.1300000000001,63.0,50,CHRYSANTHEMUM POCKET BOOK ,467,2627,0.004569505932345833
23355,5777.0,28405.510000000002,800.0,93,HOT WATER BOTTLE KEEP CALM,467,118,0.1456568025499185
22608,5768.0,1579.3899999999983,170.0,123,PENS ASSORTED FUNKY JEWELED ,468,1996,0.008098742017985789
22663,5764.0,11461.05999999998,692.0,320,JUMBO BAG DOLLY GIRL DESIGN,469,405,0.05876963143533652
47590B,5760.0,29548.070000000014,896.0,424,PINK HAPPY BIRTHDAY BUNTING,470,110,0.15151558263594536
20756,5734.0,856.66,65.0,50,GREEN FERN POCKET BOOK,471,2661,0.0043927518454135546
22614,5730.0,1955.02,377.0,230,PACK OF 12 SPACEBOY TISSUES,472,1775,0.01002488468332875
21114,5716.0,7368.640000000002,514.0,313,LAVENDER SCENTED FABRIC HEART,473,621,0.03778466014310011
21755,5690.0,35115.36999999997,1758.0,547,LOVE BUILDING BLOCK WORD,474,87,0.1800633931429968
21876,5665.0,7337.829999999996,627.0,353,POTTERING MUG,475,623,0.037626673678975237
21749,5657.0,10980.980000000012,286.0,202,LARGE RED RETROSPOT WINDMILL,476,425,0.05630789363277074
23167,5655.0,4343.5300000000025,236.0,126,SMALL CERAMIC TOP STORAGE JAR ,477,1006,0.02227260456086329
82551,5642.0,8082.589999999999,756.0,415,LAUNDRY 15C METAL SIGN,478,570,0.04144562853199769
22570,5640.0,20934.84999999997,819.0,360,FELTCRAFT CUSHION RABBIT,479,193,0.1073490077404756
21243,5639.0,9292.770000000017,506.0,320,PINK POLKADOT PLATE ,480,504,0.04765114814104054
22539,5609.0,2260.2699999999963,251.0,179,MINI JIGSAW DOLLY GIRL,481,1610,0.011590135192063221
22645,5609.0,9988.640000000003,761.0,332,CERAMIC HEART FAIRY CAKE MONEY BANK,481,473,0.05121940652437567
82578,5605.0,3134.739999999997,719.0,403,KITCHEN METAL SIGN,482,1291,0.016074212546274686
22908,5603.0,4518.0499999999965,498.0,263,PACK OF 20 NAPKINS RED APPLES,483,972,0.023167502247298456
21878,5591.0,4590.729999999997,415.0,237,PACK OF 6 SANDCASTLE FLAGS ASSORTED,484,955,0.023540188265233995
22567,5586.0,6990.079999999999,521.0,300,20 DOLLY PEGS RETROSPOT,485,649,0.03584349312397961
20760,5551.0,1314.5099999999995,83.0,63,GARDEN PATH POCKET BOOK,486,2199,0.006740499414370426
22569,5532.0,20145.67999999999,803.0,356,FELTCRAFT CUSHION BUTTERFLY,487,209,0.10330232880852483
23284,5490.0,38150.850000000006,734.0,143,DOORMAT KEEP CALM AND COME IN,488,78,0.19562862365652153
22568,5487.0,20274.96999999998,887.0,392,FELTCRAFT CUSHION OWL,489,205,0.10396529764808017
85178,5482.0,6028.310000000003,321.0,215,VICTORIAN SEWING KIT,490,759,0.0309117618159188
16259,5473.0,766.0899999999998,55.0,51,PIECE OF CAMO STATIONERY SET,491,2768,0.003928330097416559
22593,5473.0,4867.3899999999985,422.0,183,CHRISTMAS GINGHAM STAR,491,914,0.024958835949907165
22507,5454.0,25592.670000000035,901.0,409,MEMO BOARD RETROSPOT  DESIGN,492,144,0.13123321781285488
22303,5448.0,12714.93999999999,543.0,348,COFFEE MUG APPLES DESIGN,493,364,0.06519923440959374
20758,5428.0,955.9699999999997,98.0,75,ABSTRACT CIRCLES POCKET BOOK,494,2549,0.004901990266453429
22024,5412.0,2264.589999999994,440.0,297,RAINY LADIES BIRTHDAY CARD,495,1608,0.011612287140294929
37351,5404.0,612.5099999999999,11.0,11,ORANGE FLOWER MUG ,496,2994,0.0031408078267156814
21844,5387.0,15367.790000000037,499.0,330,RED RETROSPOT MUG,497,289,0.07880242789721492
22711,5377.0,2210.34,181.0,144,WRAP CIRCUS PARADE,498,1638,0.011334105845949847
21902,5375.0,3417.4500000000044,493.0,303,"KEY FOB , FRONT  DOOR ",499,1216,0.01752388321400389
84997A,5363.0,20868.860000000008,675.0,368,CHILDRENS CUTLERY POLKADOT GREEN ,500,197,0.10701062647570464
20757,5356.0,898.3499999999995,81.0,64,RED DAISY POCKET BOOK ,501,2618,0.004606528401381253
22708,5325.0,2140.5,159.0,128,WRAP DOLLY GIRL,502,1671,0.01097598268287035
22835,5324.0,27140.579999999994,1031.0,268,HOT WATER BOTTLE I AM SO POORLY,503,132,0.1391705377636334
22466,5302.0,9835.499999999984,398.0,244,FAIRY TALE COTTAGE NIGHT LIGHT,504,481,0.05043414047062422
21186,5277.0,8540.42,380.0,190,WHITE DOVE HONEYCOMB PAPER GARLAND,505,544,0.043793273545638674
22804,5277.0,14123.000000000022,694.0,296,PINK HANGING HEART T-LIGHT HOLDER,505,315,0.07241943631402858
22714,5275.0,2156.249999999995,358.0,243,CARD BIRTHDAY COWBOY,506,1658,0.011056744994131808
21524,5268.0,36057.55000000002,1164.0,498,DOORMAT SPOTTY HOME SWEET HOME,507,85,0.184894671519146
47559B,5268.0,6817.020000000004,762.0,401,TEA TIME OVEN GLOVE,507,670,0.03495608197560424
20729,5262.0,1778.12,121.0,72,RED SPOTTY CANDY BAG,508,1868,0.009117782914302932
21218,5258.0,20789.65000000004,907.0,437,RED SPOTTY BISCUIT TIN,509,199,0.10660445614713199
22131,5256.0,9940.239999999993,721.0,387,FOOD CONTAINER SET 3 LOVE HEART ,510,477,0.05097122265992762
37424,5251.0,1136.3800000000006,110.0,86,WHITE WITH BLACK CATS MUG,511,2353,0.005827090493417526
22601,5250.0,4544.850000000001,423.0,187,CHRISTMAS RETROSPOT ANGEL WOOD,512,965,0.023304926370587863
21393,5244.0,1172.8099999999995,44.0,41,BLUE POLKADOT PUDDING BOWL,513,2318,0.006013895001306783
22584,5239.0,13331.129999999992,601.0,316,PACK OF 6 PANETTONE GIFT BOXES,514,340,0.06835891241443276
84670,5223.0,2140.059999999998,194.0,128,JAPANESE CROCHETED ANIMAL,515,1672,0.010973726465920814
22992,5219.0,10340.149999999994,355.0,161,REVOLVER WOODEN RULER ,516,452,0.05302186747875813
22716,5215.0,2208.919999999993,446.0,277,CARD CIRCUS PARADE,517,1639,0.01132682441852179
47556B,5206.0,13717.609999999997,457.0,228,TEA TIME TEA TOWELS ,518,331,0.07034069133864476
22851,5192.0,4214.929999999995,547.0,283,SET 20 NAPKINS FAIRY CAKES DESIGN ,519,1034,0.021613173879705985
21907,5184.0,10910.319999999998,786.0,406,I'M ON HOLIDAY METAL SIGN,520,429,0.05594556570173978
23233,5175.0,2105.5,159.0,111,WRAP POPPIES  DESIGN,521,1683,0.01079651088006705
22329,5166.0,8438.72,620.0,359,ROUND CONTAINER SET OF 5 RETROSPOT,522,555,0.043271779764350225
20755,5146.0,1090.5800000000006,123.0,97,BLUE PAISLEY POCKET BOOK,523,2397,0.005592238820034923
22144,5139.0,12376.730000000005,725.0,170,CHRISTMAS CRAFT LITTLE FRIENDS,524,370,0.06346497274027657
22174,5134.0,10375.210000000001,570.0,305,PHOTO CUBE,525,450,0.053201646947509125
22195,5133.0,9147.58,831.0,392,LARGE HEART MEASURING SPOONS,526,513,0.046906647825354426
21381,5113.0,8583.210000000008,552.0,356,MINI WOODEN HAPPY BIRTHDAY GARLAND,527,540,0.04401269064398024
84536A,5110.0,2313.0600000000004,641.0,381,ENGLISH ROSE NOTEBOOK A7 SIZE,528,1581,0.011860829948348561
21069,5108.0,5415.610000000005,286.0,209,VINTAGE BILLBOARD TEA MUG,529,842,0.02776997971370219
15039,5102.0,4345.690000000004,309.0,221,SANDALWOOD FAN,530,1004,0.022283680534979162
20754,5096.0,10449.020000000019,860.0,415,RETROSPOT RED WASHING UP GLOVES,531,448,0.053580127340792406
23144,5089.0,4197.830000000003,275.0,143,ZINC T-LIGHT HOLDER STARS SMALL,532,1040,0.02152548908462213
21872,5087.0,5157.549999999999,338.0,238,GLAMOROUS  MUG,533,872,0.02644670847280447
22574,5073.0,4624.419999999999,421.0,174,HEART WOODEN CHRISTMAS DECORATION,534,951,0.023712942694846667
22023,5059.0,2112.0499999999934,438.0,285,EMPIRE BIRTHDAY CARD,535,1680,0.010830097746020204
22079,5054.0,8500.739999999998,701.0,381,RIBBON REEL HEARTS DESIGN ,536,548,0.043589803798917665
22301,5048.0,12216.999999999982,652.0,362,COFFEE MUG CAT + BIRD DESIGN,537,374,0.06264591470994013
23286,5048.0,4747.620000000005,222.0,117,BLUE VINTAGE SPOT BEAKER,537,931,0.02434468344071431
21244,5047.0,8282.450000000008,450.0,299,BLUE POLKADOT PLATE ,538,563,0.04247046380366252
21380,5041.0,14622.82000000002,664.0,379,WOODEN HAPPY BIRTHDAY GARLAND,539,305,0.07498239621337557
22173,5026.0,15397.700000000039,1009.0,413,METAL 4 HOOK HANGER FRENCH CHATEAU,540,288,0.07895579937212484
23581,4982.0,11508.24,348.0,39,JUMBO BAG PAISLEY PARK,541,404,0.059011559425515475
23296,4981.0,5988.049999999997,383.0,121,SET OF 6 TEA TIME BAKING CASES,542,766,0.030705317965037032
15044A,4970.0,13228.550000000041,251.0,189,PINK PAPER PARASOL ,543,349,0.06783290619924551
21504,4961.0,2025.1799999999948,333.0,230,SKULLS GREETING CARD,544,1726,0.010384648731462423
22380,4954.0,10218.799999999985,699.0,373,TOY TIDY SPACEBOY  ,545,460,0.052399613099610075
22055,4945.0,8212.18999999998,762.0,363,MINI CAKE STAND  HANGING STRAWBERY,546,566,0.042110186978949235
22435,4942.0,6218.970000000003,561.0,319,SET OF 9 HEART SHAPED BALLOONS,547,741,0.03188942164227529
22059,4937.0,6670.159999999996,502.0,306,CERAMIC STRAWBERRY DESIGN MUG,548,696,0.034203018291041554
22302,4929.0,10490.459999999997,400.0,268,COFFEE MUG PEARS  DESIGN,549,444,0.053792621955311405
22694,4909.0,10988.980000000007,883.0,273,WICKER STAR ,550,424,0.05634891575912576
82483,4909.0,29202.820000000065,1149.0,451,WOOD 2 DRAWER CABINET WHITE FINISH,550,114,0.14974522149543593
22573,4902.0,4398.02,408.0,171,STAR WOODEN CHRISTMAS DECORATION,551,990,0.022552016518999046
21679,4895.0,4054.9099999999953,375.0,255,SKULLS  STICKERS,552,1070,0.020792628797289305
22644,4888.0,7119.069999999997,622.0,310,CERAMIC CHERRY CAKE MONEY BANK,553,637,0.036504923633796676
22271,4887.0,13983.680000000042,815.0,395,FELTCRAFT DOLL ROSIE,554,320,0.07170503598355567
22812,4887.0,10750.029999999986,480.0,148,PACK 3 BOXES CHRISTMAS PANETTONE,554,436,0.05512363612255856
22944,4882.0,3592.990000000002,165.0,94,CHRISTMAS METAL POSTCARD WITH BELLS,555,1171,0.01842401122154934
48188,4875.0,28662.03000000004,701.0,388,DOORMAT WELCOME PUPPIES,556,115,0.14697217703149304
22600,4861.0,4209.190000000001,437.0,184,CHRISTMAS RETROSPOT STAR WOOD,557,1036,0.021583740504046278
20982,4849.0,4240.539999999997,594.0,323,12 PENCILS TALL TUBE SKULLS,558,1031,0.02174449596170007
22667,4844.0,13593.000000000011,867.0,321,RECIPE BOX RETROSPOT ,559,336,0.06970172044300714
11001,4832.0,7413.719999999989,259.0,192,ASSTD DESIGN RACING CAR PEN,560,618,0.0380158198251107
20829,4828.0,9841.819999999998,496.0,317,GLITTER HANGING BUTTERFLY STRING,561,480,0.05046654795044477
23582,4815.0,10233.449999999997,266.0,39,VINTAGE DOILY JUMBO BAG RED ,562,458,0.052474734868497803
22855,4808.0,5995.490000000004,437.0,179,FINE WICKER HEART ,563,764,0.030743468542547257
22996,4808.0,2095.819999999999,417.0,190,TRAVEL CARD WALLET VINTAGE TICKET,563,1690,0.010746874107177446
23285,4806.0,4570.780000000007,191.0,105,PINK VINTAGE SPOT BEAKER,564,958,0.023437889337636165
23243,4792.0,23443.980000000007,472.0,149,SET OF TEA COFFEE SUGAR TINS PANTRY,565,168,0.1202152387281284
22594,4791.0,4374.990000000001,413.0,179,CHRISTMAS GINGHAM TREE,566,996,0.022433924072754477
71053,4785.0,18962.230000000018,754.0,388,WHITE MOROCCAN METAL LANTERN,567,226,0.097233874379166
22242,4779.0,7595.460000000005,381.0,217,5 HOOK HANGER MAGIC TOADSTOOL,568,604,0.038947739980581396
23005,4779.0,2144.229999999999,247.0,122,TRAVEL CARD WALLET I LOVE LONDON,568,1666,0.010995109249283382
22244,4776.0,9133.159999999987,437.0,264,3 HOOK HANGER MAGIC GARDEN,569,515,0.046832705442599404
22460,4772.0,6285.120000000005,379.0,251,EMBOSSED GLASS TEALIGHT HOLDER,570,737,0.032228623349573535
21067,4771.0,3840.670000000004,275.0,194,VINTAGE RED TEATIME MUG,571,1117,0.01969405625350138
82486,4770.0,38394.23000000001,1310.0,502,3 DRAWER ANTIQUE WHITE WOOD CABINET,572,74,0.19687661929555775
47590A,4756.0,24201.37999999998,693.0,353,BLUE HAPPY BIRTHDAY BUNTING,573,163,0.12409900854079169
22493,4750.0,7627.920000000014,438.0,260,PAINT YOUR OWN CANVAS SET,574,602,0.039114187258267014
23321,4737.0,8473.27,653.0,152,SMALL WHITE HEART OF WICKER,575,552,0.04344894407254606
48184,4722.0,31194.960000000057,856.0,419,DOORMAT ENGLISH ROSE ,576,101,0.159960448845052
22421,4721.0,2351.039999999998,417.0,251,LIPSTICK PEN FUSCHIA,577,1570,0.012055582493219101
84596F,4720.0,3236.1899999999996,629.0,349,SMALL MARSHMALLOWS PINK BOWL,578,1260,0.016594424386114547
20981,4715.0,4066.609999999995,520.0,322,12 PENCILS TALL TUBE WOODLAND,579,1065,0.02085262365708355
22985,4697.0,1884.74,135.0,110,WRAP BILLBOARD FONTS DESIGN,580,1810,0.009664505303299726
22336,4663.0,2235.3399999999997,223.0,136,DOVE DECORATION PAINTED ZINC ,581,1624,0.011462299990809345
85014A,4661.0,22243.449999999993,719.0,386,BLACK/BLUE POLKADOT UMBRELLA,582,179,0.11405920205900136
22245,4653.0,4005.8499999999967,425.0,257,"HOOK, 1 HANGER ,MAGIC GARDEN",583,1080,0.02054106060741703
37352,4643.0,504.55,8.0,7,BIRD IN TREE MUG ,584,3173,0.0025872142315544193
21484,4631.0,18310.370000000006,886.0,335,CHICK GREY HOT WATER BOTTLE,585,234,0.09389128896844141
21430,4628.0,18060.089999999986,823.0,351,SET/3 RED GINGHAM ROSE STORAGE BOX,586,235,0.09260791174542388
23288,4625.0,4444.230000000003,186.0,109,GREEN VINTAGE SPOT BEAKER,587,982,0.02278897057635736
16218,4624.0,446.0300000000005,97.0,83,CARTOON  PENCIL SHARPENERS,588,3255,0.0022871373772673054
22597,4608.0,2761.4500000000016,298.0,155,MUSICAL ZINC HEART DECORATION ,589,1401,0.014160068852890607
21033,4599.0,10157.789999999988,579.0,296,JUMBO BAG CHARLIE AND LOLA TOYS,590,465,0.05208676810849497
21934,4598.0,8275.290000000008,728.0,396,SKULL SHOULDER BAG,591,564,0.042433749000574755
22564,4576.0,5228.900000000001,350.0,223,ALPHABET STENCIL CRAFT,592,859,0.026812574562233484
37448,4570.0,6858.499999999996,561.0,308,CERAMIC CAKE DESIGN SPOTTED MUG,593,665,0.03516878170075508
22053,4553.0,4023.3899999999994,89.0,75,EMPIRE DESIGN ROSETTE,594,1076,0.02063100161945047
17109B,4542.0,896.34,17.0,15,FLOWER FAIRY INCENSE LAVENDER,595,2621,0.0045962215921345525
16169E,4538.0,1881.96,149.0,82,WRAP 50'S  CHRISTMAS,596,1813,0.00965025011439135
21803,4534.0,1968.7799999999993,325.0,184,CHRISTMAS TREE STAR DECORATION,597,1763,0.010095442740659415
22465,4531.0,7338.300000000006,482.0,272,HANGING METAL STAR LANTERN,598,622,0.037629083728898644
22533,4529.0,1787.5599999999984,240.0,171,MAGIC DRAWING SLATE BAKE A CAKE ,599,1864,0.00916618902340187
22637,4490.0,11523.420000000006,605.0,322,PIGGY BANK RETROSPOT ,600,403,0.059089398910274184
22738,4467.0,8039.719999999998,504.0,172,RIBBON REEL SNOWY VILLAGE,601,573,0.04122580121239262
22535,4462.0,1865.8499999999988,307.0,209,MAGIC DRAWING SLATE BUNNIES ,602,1824,0.00956764180744388
22772,4453.0,6009.92,322.0,205,PINK DRAWER KNOB ACRYLIC EDWARDIAN,603,762,0.030817462202960135
70006,4443.0,4147.809999999999,301.0,160,LOVE HEART POCKET WARMER,604,1049,0.021268998239587222
20828,4436.0,10973.629999999974,632.0,366,GLITTER BUTTERFLY CLIPS,605,426,0.05627020455418186
23294,4419.0,3628.5899999999992,364.0,117,SET OF 6 SNACK LOAF BAKING CASES,606,1164,0.018606559683829252
22456,4417.0,21568.11000000001,839.0,391,NATURAL SLATE CHALKBOARD LARGE ,607,187,0.11059621670742485
21642,4414.0,2572.3500000000004,264.0,179,ASSORTED TUTTI FRUTTI PEN,608,1485,0.013190408341173345
22670,4410.0,5483.070000000005,433.0,247,FRENCH WC SIGN BLUE METAL,609,828,0.028115898794191067
22766,4406.0,12979.300000000014,657.0,288,PHOTO FRAME CORNICE,610,357,0.06655481057499615
22088,4401.0,13082.780000000004,628.0,319,PAPER BUNTING COLOURED LACE,611,354,0.06708543177939855
47504E,4387.0,931.8600000000001,48.0,43,ENGLISH ROSE SCISSORS,612,2577,0.00477835983315093
21802,4381.0,1918.879999999999,327.0,188,CHRISTMAS TREE HEART DECORATION,613,1788,0.009839567227519852
22546,4378.0,1762.0600000000004,185.0,144,MINI JIGSAW PURDEY,614,1874,0.00903543099564519
22241,4377.0,5897.420000000006,484.0,201,GARLAND WOODEN HAPPY EASTER,615,773,0.030240588551092424
22962,4371.0,3642.839999999999,356.0,194,JAM JAR WITH PINK LID,616,1161,0.018679630346399165
22970,4367.0,10224.750000000005,325.0,174,LONDON BUS COFFEE MUG,617,459,0.05243012330608674
21215,4356.0,2537.73,301.0,232,IVORY PAPER CUP CAKE CASES ,618,1495,0.01301288508937191
21714,4319.0,6223.310000000003,532.0,278,CITRONELLA CANDLE GARDEN POT,619,740,0.031911676145822895
16053,4313.0,185.73000000000002,10.0,10,POPART COL BALLPOINT PEN ASST,620,3773,0.0009523799409901939
22142,4311.0,6457.659999999996,523.0,147,CHRISTMAS CRAFT WHITE FAIRY ,621,718,0.03311336805973581
23297,4303.0,6792.2300000000005,163.0,58,SET 40 HEART SHAPE PETIT FOUR CASES,622,673,0.03482896466156154
85172,4303.0,2288.0000000000036,154.0,130,HYACINTH BULB T-LIGHT CANDLES,622,1596,0.011732328137541414
21071,4294.0,5029.570000000009,483.0,288,VINTAGE BILLBOARD DRINK ME MUG,623,891,0.025790457006439765
21179,4294.0,3529.5400000000054,523.0,280,NO JUNK MAIL METAL SIGN,623,1189,0.018098654481895946
51014C,4293.0,2761.6899999999987,269.0,204,"FEATHER PEN,COAL BLACK",624,1400,0.014161299516681243
84990,4276.0,2077.59,204.0,135,60 GOLD AND SILVER FAIRY CAKE CASES,625,1700,0.010653394936745905
48111,4246.0,25959.620000000046,727.0,376,DOORMAT 3 SMILEY CATS,626,140,0.1331148514711027
22398,4242.0,3700.6899999999973,440.0,263,MAGNETS PACK OF 4 SWALLOWS,627,1150,0.018976271597604035
21818,4238.0,2584.6900000000014,316.0,169,GLITTER HEART DECORATION,628,1480,0.013253684971076
22617,4238.0,20482.640000000014,951.0,396,BAKING SET SPACEBOY DESIGN,628,202,0.10503018077059924
22436,4237.0,2701.3500000000004,298.0,207,12 COLOURED PARTY BALLOONS,629,1440,0.013851890128648365
10135,4228.0,4568.710000000004,329.0,228,COLOURING PENCILS BROWN TUBE,630,959,0.02342727486244178
21558,4222.0,10844.089999999991,788.0,376,SKULL LUNCH BOX WITH CUTLERY ,631,432,0.05560595377317796
22706,4222.0,1693.24,125.0,104,WRAP COWBOYS  ,631,1917,0.00868253815367596
85109,4211.0,475.42999999999995,20.0,18,PINK BOUDOIR T-LIGHT HOLDER,632,3215,0.002437893691622074
23240,4180.0,17012.620000000003,549.0,153,SET OF 4 KNICK KNACK TINS DOILY ,633,255,0.08723673090878477
21034,4159.0,3951.0499999999943,2140.0,547,REX CASH+CARRY JUMBO SHOPPER,634,1090,0.020260059041884992
22332,4159.0,6522.199999999987,386.0,279,SKULLS PARTY BAG + STICKER SET,634,711,0.033444314064105043
16216,4158.0,371.6400000000002,89.0,77,LETTER SHAPE PENCIL SHARPENER,635,3367,0.0019056828798233773
22748,4158.0,10192.970000000014,768.0,276,POPPY'S PLAYHOUSE KITCHEN,635,463,0.052267162909141386
22300,4153.0,9983.34,536.0,323,COFFEE MUG DOG + BALL DESIGN,636,474,0.05119222936566544
48173C,4152.0,24295.900000000005,543.0,323,DOORMAT BLACK FLOCK ,637,160,0.1245836849636766
22603,4145.0,3553.7900000000022,397.0,171,CHRISTMAS RETROSPOT TREE WOOD,638,1181,0.018223002802409644
20731,4142.0,1252.9199999999996,73.0,67,POSY CANDY BAG,639,2259,0.006424680319094564
20978,4128.0,5451.110000000006,572.0,329,36 PENCILS TUBE SKULLS,640,836,0.027952015399402688
21933,4128.0,9117.829999999989,640.0,317,PINK VINTAGE PAISLEY PICNIC BAG,640,517,0.046754096792971565
21937,4109.0,12065.369999999995,669.0,289,STRAWBERRY   PICNIC BAG,641,380,0.061868391582538367
21287,4107.0,1859.999999999998,93.0,79,SCENTED VELVET LOUNGE CANDLE ,642,1828,0.009537644377546754
22035,4095.0,1736.2799999999954,362.0,254,VINTAGE CARAVAN GREETING CARD ,643,1894,0.00890323719346605
22979,4095.0,6395.389999999997,389.0,188,PANTRY WASHING UP BRUSH,643,727,0.032794062083719766
21531,4085.0,10204.719999999992,795.0,413,RED RETROSPOT SUGAR JAM BOWL,644,461,0.052327414157225235
23103,4070.0,6839.579999999998,381.0,132,JINGLE BELL HEART DECORATION,645,667,0.03507176437192542
21068,4068.0,4227.130000000004,378.0,252,VINTAGE BILLBOARD LOVE/HATE MUG,646,1032,0.021675732622397467
22739,4056.0,7415.189999999999,617.0,189,RIBBON REEL CHRISTMAS SOCK BAUBLE,647,617,0.03802335764082849
22399,4044.0,4739.6,281.0,201,MAGNETS PACK OF 4 CHILDHOOD MEMORY,648,936,0.024303558759043362
22026,4037.0,1719.1899999999955,366.0,265,BANQUET BIRTHDAY  CARD  ,649,1903,0.008815603676040097
22212,4037.0,8667.570000000005,852.0,444,FOUR HOOK  WHITE LOVEBIRDS,649,534,0.044445268966394114
21718,4032.0,5251.590000000008,472.0,291,RED METAL BEACH SPADE ,650,857,0.026928923568108006
72756,4021.0,5472.889999999999,130.0,24,FAIRY CAKE CANDLES,651,831,0.028063698138404255
21591,4017.0,6051.830000000001,395.0,189,COSY HOUR CIGAR BOX MATCHES ,652,756,0.031032366867402607
22619,4016.0,15631.539999999964,724.0,325,SET OF 6 SOLDIER SKITTLES,653,283,0.08015487612548226
21394,4005.0,1864.6299999999999,150.0,111,RED POLKADOT BEAKER ,654,1825,0.009561385933174744
22078,4003.0,8489.840000000004,495.0,316,RIBBON REEL LACE DESIGN ,655,549,0.043533911151758954
23378,3994.0,1834.95,187.0,73,PACK OF 12 50'S CHRISTMAS TISSUES,656,1840,0.009409193844397546
22745,3993.0,9796.28000000001,728.0,261,POPPY'S PLAYHOUSE BEDROOM ,657,486,0.050233029496168764
22025,3991.0,1649.2299999999957,290.0,219,RING OF ROSES BIRTHDAY CARD,658,1948,0.008456865181065273
23353,3990.0,3485.54,331.0,93,6 GIFT TAGS VINTAGE CHRISTMAS ,659,1196,0.0178730327869432
23439,3990.0,8861.880000000001,423.0,85,HAND WARMER RED LOVE HEART,659,527,0.04544164513790007
22562,3987.0,4693.550000000001,403.0,243,MONSTERS STENCIL CRAFT,660,946,0.024067425144212166
85062,3964.0,6491.980000000004,359.0,257,PEARL CRYSTAL PUMPKIN T-LIGHT HLDR,661,716,0.03328935298179897
85049G,3953.0,5007.680000000008,584.0,333,CHOCOLATE BOX RIBBONS ,662,895,0.025678210213200783
22813,3949.0,7662.909999999991,385.0,203,PACK 3 BOXES BIRD PANETTONE ,663,597,0.03929360778341225
23493,3936.0,8438.019999999999,427.0,67,VINTAGE DOILY TRAVEL SEWING KIT,664,556,0.04326819032829416
22185,3930.0,6283.940000000005,469.0,292,SLATE TILE NATURAL HANGING,665,738,0.03222257258593616
22128,3929.0,4767.089999999999,198.0,157,PARTY CONES CANDY ASSORTED,666,927,0.02444452104073086
21955,3920.0,23796.75999999998,743.0,371,DOORMAT UNION JACK GUNS AND ROSES,667,165,0.12202421194506965
22754,3916.0,3044.9599999999964,500.0,235,SMALL RED BABUSHKA NOTEBOOK ,668,1323,0.01561384173325525
22080,3912.0,6553.689999999998,534.0,292,RIBBON REEL POLKADOTS ,669,709,0.03360578740897013
22439,3912.0,2612.659999999998,377.0,249,6 ROCKET BALLOONS ,669,1473,0.013397108580344791
23263,3893.0,5184.690000000003,487.0,136,SET OF 3 WOODEN HEART DECORATIONS,670,868,0.02658587603646396
21819,3889.0,2281.459999999999,263.0,129,GLITTER CHRISTMAS STAR ,671,1600,0.011698792549246146
22991,3876.0,7583.439999999998,279.0,158,GIRAFFE WOODEN RULER,672,605,0.03888610423573291
21932,3875.0,8505.69999999999,657.0,328,SCANDINAVIAN PAISLEY PICNIC BAG,673,547,0.04361523751725775
17091J,3874.0,2170.1500000000024,181.0,143,VANILLA INCENSE IN TIN,674,1652,0.011128020938673728
85198,3871.0,1479.7000000000005,54.0,44,ASSORTED FARMYARD ANIMALS IN BUCKET,675,2061,0.007587555045944061
35953,3868.0,2014.9000000000008,166.0,85,FOLKART STAR CHRISTMAS DECORATIONS,676,1729,0.010331935299096227
21216,3867.0,20089.970000000038,816.0,404,"SET 3 RETROSPOT TEA,COFFEE,SUGAR",677,210,0.10301666097612018
23172,3866.0,6344.460000000005,304.0,138,REGENCY TEA PLATE PINK,678,732,0.032532904971812035
22299,3865.0,4413.350000000005,202.0,146,PIG KEYRING WITH LIGHT & SOUND ,679,987,0.022630625168626912
16011,3860.0,809.4000000000001,114.0,105,ANIMAL STICKERS,680,2719,0.004150413633971157
10133,3848.0,2377.8800000000006,291.0,188,COLOURING PENCILS BROWN TUBE,681,1554,0.012193211727140272
17021,3834.0,1018.4399999999995,100.0,70,NAMASTE SWAGAT INCENSE,682,2478,0.005222321795628345
21494,3821.0,6388.910000000002,510.0,263,ROTATING LEAVES T-LIGHT HOLDER,683,729,0.03276083416137221
72008,3820.0,1531.8199999999974,221.0,138,FROSTED BOX 9 WHITE T-LIGHT CANDLES,684,2031,0.00785481419914713
84508A,3809.0,8091.480000000004,109.0,99,CAMOUFLAGE DESIGN TEDDY,685,569,0.041491214369909754
21584,3805.0,6129.449999999996,383.0,238,RETROSPOT SMALL TUBE MATCHES,686,750,0.031430384048362354
20977,3801.0,5081.240000000003,497.0,303,36 PENCILS TUBE WOODLAND,687,883,0.026055408665035352
23318,3797.0,9132.53,381.0,97,BOX OF 6 MINI VINTAGE CRACKERS,688,516,0.04682947495014901
22274,3788.0,10814.319999999994,676.0,355,FELTCRAFT DOLL EMILY,689,433,0.05545330018547929
72351A,3781.0,7557.170000000002,436.0,306,SET/6 TURQUOISE BUTTERFLY T-LIGHTS,690,608,0.03875139782831457
22775,3779.0,5372.530000000004,305.0,197,PURPLE DRAWERKNOB ACRYLIC EDWARDIAN,691,846,0.027549075563280304
22505,3777.0,18054.429999999997,757.0,380,MEMO BOARD COTTAGE DESIGN,692,236,0.09257888859102775
23182,3776.0,3717.2600000000016,445.0,188,TOILET SIGN OCCUPIED OR VACANT,693,1147,0.019061238676816937
22732,3775.0,5004.340000000005,344.0,158,3D VINTAGE CHRISTMAS STICKERS ,694,896,0.025661083475447537
22502,3774.0,60924.50000000004,939.0,307,PICNIC BASKET WICKER SMALL,695,20,0.31240656713970333
22749,3774.0,15406.889999999983,714.0,285,FELTCRAFT PRINCESS CHARLOTTE DOLL,695,287,0.07900292353977491
22755,3772.0,3001.9099999999967,514.0,241,SMALL PURPLE BABUSHKA NOTEBOOK ,696,1334,0.01539309141580719
22705,3758.0,1578.3600000000001,152.0,126,WRAP GREEN PEARS ,697,1997,0.008093460419217586
22378,3752.0,6823.030000000005,548.0,328,WALL TIDY RETROSPOT ,698,669,0.03498689984802847
21912,3742.0,14677.619999999948,837.0,411,VINTAGE SNAKES & LADDERS,699,304,0.07526339777890724
23354,3730.0,3410.7,330.0,94,6 GIFT TAGS 50'S CHRISTMAS ,700,1217,0.0174892707948918
21716,3724.0,9432.909999999982,500.0,300,BOYS VINTAGE TIN SEASIDE BUCKET,701,497,0.04836975323946477
23319,3723.0,9219.590000000004,416.0,103,BOX OF 6 MINI 50'S CRACKERS,702,510,0.047275898240207746
23275,3721.0,4520.550000000002,337.0,123,SET OF 3 HANGING OWLS OLLIE BEAK,703,969,0.023180321661784433
22615,3717.0,1143.4300000000007,190.0,153,PACK OF 12 CIRCUS PARADE TISSUES ,704,2346,0.005863241242267905
21622,3716.0,20021.090000000007,643.0,305,VINTAGE UNION JACK CUSHION COVER,705,211,0.10266346046820313
17039,3707.0,837.8799999999999,43.0,39,INLAID WOOD INCENSE HOLDER,706,2685,0.004296452403795097
37446,3704.0,5351.099999999997,425.0,240,MINI CAKE STAND WITH HANGING CAKES,707,848,0.0274391875423067
22963,3694.0,3075.3699999999985,322.0,183,JAM JAR WITH GREEN LID,708,1312,0.015769777091062354
20750,3690.0,26873.850000000028,916.0,447,RED RETROSPOT MINI CASES,709,134,0.1378028087932986
22730,3687.0,14784.61,750.0,293,ALARM CLOCK BAKELIKE IVORY,710,302,0.07581201744124821
22938,3687.0,6891.249999999991,275.0,183,CUPCAKE LACE PAPER SET 6,710,659,0.03533671603052099
21281,3680.0,1716.7999999999986,67.0,63,VINTAGE KITCHEN PRINT SEAFOOD,711,1907,0.008803348315791543
79164,3665.0,3208.250000000003,94.0,77,BLACK WINE GLASS,712,1271,0.01645115460981959
20777,3658.0,1259.4400000000014,169.0,130,CHRYSANTHEMUM NOTEBOOK,713,2250,0.0064581133520739305
22141,3652.0,8853.840000000002,585.0,144,CHRISTMAS CRAFT TREE TOP ANGEL,714,528,0.04540041790091326
22331,3652.0,5998.369999999989,440.0,301,WOODLAND PARTY BAG + STICKER SET,714,763,0.030758236508034994
23503,3634.0,4849.300000000001,344.0,67,PLAYING CARDS KEEP CALM & CARRY ON,715,916,0.024866074666686847
22377,3620.0,6924.310000000009,438.0,276,BOTTLE BAG RETROSPOT ,716,655,0.03550623996768329
20778,3612.0,946.0099999999991,92.0,75,GARDEN PATH NOTEBOOK ,717,2564,0.0048509177191414015
20775,3609.0,934.7899999999989,116.0,90,DAISY NOTEBOOK ,718,2574,0.0047933841869284574
21207,3602.0,5599.070000000011,284.0,222,SKULL AND CROSSBONES  GARLAND ,719,808,0.028710719626339174
22668,3598.0,10930.500000000024,582.0,302,PINK BABY BUNTING,720,427,0.0560490440154705
22499,3586.0,21838.420000000027,780.0,358,WOODEN UNION JACK BUNTING,721,183,0.1119823030793038
35957,3577.0,1259.940000000001,156.0,100,SMALLFOLKART BAUBLE CHRISTMAS DEC,722,2248,0.006460677234971119
22094,3563.0,2652.2499999999995,348.0,238,RED RETROSPOT TISSUE BOX,723,1455,0.013600116828144302
85221,3558.0,1685.46,48.0,38,ASSORTED COLOUR SILK COIN PURSE,724,1925,0.008642644135795683
23215,3555.0,7019.680000000001,215.0,92,JINGLE BELL HEART ANTIQUE SILVER,725,645,0.03599527499149327
21715,3553.0,8987.23999999998,491.0,304,GIRLS VINTAGE TIN SEASIDE BUCKET,726,524,0.04608446185788344
22049,3550.0,1025.25,117.0,72,WRAP CHRISTMAS SCREEN PRINT,727,2461,0.005257241880688076
20961,3541.0,4700.190000000007,528.0,309,STRAWBERRY BATH SPONGE ,728,942,0.02410147350908688
22837,3541.0,16487.729999999996,470.0,102,HOT WATER BOTTLE BABUSHKA ,728,262,0.08454521792097262
22432,3536.0,6738.2199999999875,523.0,300,WATERING CAN PINK BUNNY,729,686,0.03455201403100701
23192,3533.0,6142.290000000002,357.0,152,BUNDLE OF 3 ALPHABET EXERCISE BOOKS,730,748,0.031496224561162224
22548,3532.0,4411.810000000002,445.0,254,HEADS AND TAILS SPORTING FUN,731,988,0.022622728409303555
21279,3527.0,1621.8299999999988,101.0,90,VINTAGE KITCHEN PRINT FRUITS,732,1966,0.008316364398299279
21260,3526.0,11609.93,547.0,323,FIRST AID TIN,733,398,0.05953300192914597
22892,3526.0,4329.56,296.0,175,SET OF SALT AND PEPPER TOADSTOOLS,733,1008,0.022200969672715794
21888,3525.0,13880.919999999967,832.0,392,BINGO SET,734,326,0.0711781067705248
22052,3525.0,1460.5,128.0,107,VINTAGE CARAVAN GIFT WRAP,734,2083,0.007489101942691962
22792,3525.0,3271.7300000000014,265.0,165,FLUTED ANTIQUE CANDLE HOLDER,734,1249,0.01677666518244682
22339,3522.0,1386.1100000000006,152.0,95,CHRISTMAS TREE PAINTED ZINC ,735,2138,0.007107647445248038
22581,3517.0,2838.9299999999994,394.0,161,WOOD STOCKING CHRISTMAS SCANDISPOT,736,1377,0.014557368146639157
84536B,3512.0,1567.9700000000014,407.0,274,FAIRY CAKES NOTEBOOK A7 SIZE,737,2007,0.008040182932613986
22940,3509.0,15355.27000000001,608.0,193,FELTCRAFT CHRISTMAS FAIRY,738,290,0.07873822826946913
22089,3508.0,10309.249999999996,563.0,338,PAPER BUNTING VINTAGE PAISLEY,739,454,0.0528634195157118
21890,3498.0,10473.07000000001,562.0,320,S/6 WOODEN SKITTLES IN COTTON BAG,740,446,0.0537034501081472
47599B,3493.0,6664.6400000000085,290.0,230,BLUE PARTY BAGS ,741,697,0.03417471302385664
23351,3488.0,4784.23,357.0,89,ROLL WRAP 50'S CHRISTMAS,742,924,0.024532410946446533
20774,3485.0,964.1299999999987,121.0,96,GREEN FERN NOTEBOOK,743,2539,0.004943832835335564
22904,3483.0,10802.250000000007,478.0,227,CALENDAR PAPER CUT DESIGN,744,434,0.05539140805234118
22920,3482.0,2201.7900000000013,258.0,153,HERB MARKER BASIL,745,1644,0.011290263448407906
22127,3474.0,4160.61,160.0,116,PARTY CONES CARNIVAL ASSORTED,746,1047,0.02133463364175529
23188,3472.0,6447.780000000002,338.0,126,VINTAGE  2 METRE FOLDING RULER,747,723,0.03306270573368736
46000S,3471.0,5032.950000000001,380.0,265,POLYESTER FILLER PAD 40x40cm,748,890,0.025807788854824727
85227,3470.0,3109.6000000000004,467.0,272,SET OF 6 3D KIT CARDS FOR KIDS,749,1302,0.01594530051420399
22341,3469.0,5702.189999999999,244.0,190,LOVE GARLAND PAINTED ZINC ,750,798,0.029239494835055578
51014L,3468.0,2241.9200000000005,228.0,176,"FEATHER PEN,LIGHT PINK",751,1619,0.01149604068973637
22752,3467.0,28207.45000000001,707.0,289,SET 7 BABUSHKA NESTING BOXES,752,121,0.14464119725668365
16048,3462.0,537.18,107.0,88,TEATIME ROUND PENCIL SHARPENER ,753,3119,0.002754533229425038
20963,3462.0,4678.690000000005,517.0,302,APPLE BATH SPONGE,753,947,0.0239912265445077
22066,3458.0,2745.550000000001,290.0,206,LOVE HEART TRINKET POT,754,1414,0.014078537376759962
21355,3457.0,4224.300000000005,350.0,200,TOAST ITS - I LOVE YOU ,755,1033,0.021661221045199377
22572,3457.0,3102.4800000000005,380.0,163,ROCKING HORSE GREEN CHRISTMAS ,755,1304,0.015908790821748005
21590,3456.0,4151.28,302.0,169,KINGS CHOICE CIGAR BOX MATCHES ,756,1048,0.021286791586893727
85199L,3455.0,2285.019999999998,275.0,207,LARGE HANGING IVORY & RED WOOD BIRD,757,1598,0.011717047395474136
48116,3454.0,20728.069999999996,498.0,298,DOORMAT MULTICOLOUR STRIPE,758,200,0.10628868832951383
21903,3443.0,6923.569999999991,413.0,293,MAN FLU METAL SIGN,759,657,0.03550244542099536
22733,3443.0,4427.610000000004,346.0,146,3D TRADITIONAL CHRISTMAS STICKERS,759,985,0.02270374710885477
22815,3439.0,1471.0499999999988,341.0,215,CARD PSYCHEDELIC APPLES,760,2072,0.007543199871822665
20674,3437.0,4379.770000000005,470.0,330,GREEN POLKADOT BOWL,761,995,0.022458434793251637
23326,3437.0,2233.93,76.0,49,HANGING MINI COLOURED BOTTLES,761,1625,0.01145506984103927
22402,3436.0,3016.4499999999994,259.0,183,MAGNETS PACK OF 4 VINTAGE COLLAGE,762,1331,0.01546764913045749
21801,3434.0,1482.7799999999993,260.0,154,CHRISTMAS TREE DECORATION WITH BELL,763,2059,0.007603348564590745
22817,3399.0,1437.8399999999992,355.0,211,CARD SUKI BIRTHDAY,764,2101,0.007372906769791307
22906,3394.0,6254.429999999999,486.0,218,12 MESSAGE CARDS WITH ENVELOPES,765,739,0.03207125221734398
23583,3393.0,5505.569999999998,337.0,39,LUNCH BAG PAISLEY PARK  ,766,821,0.02823127352456458
22984,3384.0,1385.0199999999975,216.0,158,CARD GINGHAM ROSE ,767,2139,0.007102058180532148
21788,3380.0,2729.340000000001,216.0,173,KIDS RAIN MAC BLUE,768,1424,0.013995416293233063
21533,3373.0,16763.37000000002,997.0,466,RETROSPOT LARGE MILK JUG,769,259,0.08595863528453565
22431,3368.0,6777.369999999991,626.0,337,WATERING CAN BLUE ELEPHANT,770,678,0.034752766061857
21527,3360.0,25087.72,854.0,320,RED RETROSPOT TRADITIONAL TEAPOT ,771,152,0.12864395247498253
22545,3359.0,1404.5,187.0,145,MINI JIGSAW BUNNIES,772,2122,0.007201947058206684
21588,3358.0,7766.400000000005,296.0,199,RETROSPOT GIANT TUBE MATCHES,773,590,0.03982428026547271
16219,3357.0,499.54999999999984,128.0,107,HOUSE SHAPE PENCIL SHARPENER,774,3184,0.002561575402582519
22132,3349.0,2993.209999999999,393.0,262,RED LOVE HEART SHAPE CUP,775,1337,0.015348479853396097
22819,3348.0,1416.8599999999983,330.0,202,"BIRTHDAY CARD, RETRO SPOT",776,2118,0.0072653262434252104
21832,3345.0,5846.670000000002,471.0,263,CHOCOLATE CALCULATOR,777,782,0.029980354437027616
22109,3341.0,13753.939999999946,653.0,337,FULL ENGLISH BREAKFAST PLATE,778,330,0.07052698306995432
20773,3340.0,965.6299999999986,121.0,97,BLUE PAISLEY NOTEBOOK,779,2538,0.004951524484027134
21280,3333.0,1800.439999999998,70.0,68,VINTAGE KITCHEN PRINT VEGETABLES,780,1857,0.009232234646833483
21992,3333.0,6766.150000000013,674.0,347,VINTAGE PAISLEY STATIONERY SET,780,680,0.034695232529644175
22050,3300.0,1354.0,115.0,102,PINK PAISLEY ROSE GIFT WRAP,781,2168,0.006942994885590494
22343,3300.0,1986.3100000000009,189.0,147,PARTY PIZZA DISH RED RETROSPOT,781,1750,0.010185332475034904
22737,3299.0,5894.880000000003,513.0,174,RIBBON REEL CHRISTMAS PRESENT ,782,775,0.030227564025974676
23198,3294.0,4995.239999999999,486.0,139,PANTRY MAGNETIC  SHOPPING LIST,783,899,0.02561442080671865
17033,3280.0,867.8400000000004,69.0,56,"BROCADE PURSE,SMALL ARCH BUTTON",784,2650,0.004450080266994725
84032B,3279.0,7699.969999999987,605.0,273,CHARLIE + LOLA RED HOT WATER BOTTLE,785,594,0.03948364278375195
23546,3275.0,1375.5,121.0,81,WRAP PAISLEY PARK ,786,2147,0.007053241850169664
21807,3263.0,1438.409999999999,181.0,109,WHITE CHRISTMAS STAR DECORATION,787,2100,0.007375829596294102
20776,3259.0,834.3099999999993,86.0,57,ABSTRACT CIRCLES NOTEBOOK,788,2691,0.004278146279909158
23367,3251.0,2467.65,287.0,67,SET 12 COLOUR PENCILS SPACEBOY ,789,1517,0.01265353126250176
22129,3249.0,3092.840000000001,175.0,132,PARTY CONES CANDY DECORATION,790,1308,0.015859359159490185
22543,3249.0,1282.3300000000002,120.0,99,MINI JIGSAW BAKE A CAKE ,790,2232,0.006575487911107282
22148,3247.0,6499.790000000002,311.0,148,EASTER CRAFT 4 CHICKS ,791,714,0.03332940083265307
22915,3245.0,1464.9199999999998,193.0,132,ASSORTED BOTTLE TOP  MAGNETS ,792,2077,0.00751176666750312
20969,3241.0,12081.519999999986,619.0,344,RED FLORAL FELTCRAFT SHOULDER BAG,793,379,0.061951205000117554
23168,3241.0,4496.0199999999995,339.0,145,CLASSIC CAFE SUGAR DISPENSER,793,977,0.02305453756684828
21650,3240.0,1184.68,210.0,149,ASSORTED TUTTI FRUTTI BRACELET,794,2309,0.006074761581286076
84032A,3228.0,8614.479999999987,671.0,298,CHARLIE+LOLA PINK HOT WATER BOTTLE,795,538,0.044173035880370394
22291,3223.0,4456.430000000001,276.0,160,HANGING CHICK CREAM DECORATION,796,981,0.022851529319048783
22427,3219.0,19326.830000000016,810.0,313,ENAMEL FLOWER JUG CREAM,797,221,0.09910345778779693
23349,3217.0,4325.500000000002,344.0,90,ROLL WRAP VINTAGE CHRISTMAS,798,1010,0.022180150943590618
22051,3200.0,1328.0,117.0,107,BLUE SCANDINAVIAN PAISLEY WRAP,799,2184,0.006809672974936615
22091,3189.0,2490.2699999999977,331.0,227,EMPIRE TISSUE BOX,800,1508,0.012769521324770623
47503K,3179.0,1393.3400000000008,45.0,36,ASSORTED FLORAL SECATEURS,801,2130,0.007144721191941407
22651,3178.0,2722.6300000000015,274.0,177,GENTLEMAN SHIRT REPAIR KIT ,802,1426,0.013961008984752776
22898,3177.0,6613.510000000003,476.0,258,CHILDRENS APRON APPLES DESIGN,803,705,0.033912530358789966
22624,3171.0,27432.699999999986,1241.0,409,IVORY KITCHEN SCALES,804,129,0.14066846070748762
16049,3169.0,560.48,32.0,28,TEATIME GEL PENS ASST,805,3077,0.002874010172434092
21413,3165.0,1134.89,55.0,49,PERIWINKLE T-LIGHT HOLDER,806,2356,0.005819450122383898
23175,3163.0,9592.689999999986,331.0,134,REGENCY MILK JUG PINK ,807,489,0.04918906765809083
21422,3160.0,2619.169999999998,148.0,129,PORCELAIN ROSE SMALL,808,1470,0.013430490335666203
22171,3158.0,23843.75999999998,666.0,381,3 HOOK PHOTO SHELF ANTIQUE WHITE,809,164,0.12226521693740552
22750,3147.0,11780.099999999984,665.0,269,FELTCRAFT PRINCESS LOLA DOLL,810,391,0.06040559383437553
23000,3147.0,1359.0399999999995,280.0,165,TRAVEL CARD WALLET TRANSPORT,810,2163,0.006968838825194166
22575,3144.0,6760.1600000000035,351.0,153,METAL MERRY CHRISTMAS WREATH,811,683,0.03466451721253579
48129,3132.0,19646.080000000013,551.0,349,DOORMAT TOPIARY,812,214,0.10074049701765271
22576,3131.0,2831.89,347.0,156,SWALLOW WOODEN CHRISTMAS DECORATION,813,1379,0.014521268675446725
17109C,3124.0,661.2300000000001,15.0,12,FLOWER FAIRY INCENSE ROSE,814,2914,0.0033906325762178757
84929,3120.0,1020.7199999999991,94.0,82,ASSTD FRUIT+FLOWERS FRIDGE MAGNETS,815,2472,0.005234013101639529
21090,3115.0,1733.1299999999994,281.0,194,SET/6 COLLAGE PAPER PLATES,816,1896,0.008887084731213774
22599,3114.0,1972.7300000000005,190.0,109,CHRISTMAS MUSICAL ZINC STAR,817,1760,0.010115697415547223
85066,3106.0,38779.01999999998,947.0,455,CREAM SWEETHEART MINI CHEST,818,72,0.19884973229557706
22207,3104.0,13298.780000000033,481.0,295,FRYING PAN UNION FLAG,819,343,0.06819302919098477
85232B,3091.0,15611.750000000015,568.0,254,SET OF 3 BABUSHKA STACKING TINS,820,284,0.08005339764041174
23322,3084.0,8919.619999999997,582.0,147,LARGE WHITE HEART OF WICKER,821,525,0.04573772233486755
20682,3076.0,10197.310000000003,596.0,349,RED RETROSPOT CHILDRENS UMBRELLA,822,462,0.05228941741268894
22327,3072.0,9943.799999999997,668.0,374,ROUND SNACK BOXES SET OF 4 SKULLS,823,476,0.050989477506155644
23165,3068.0,5071.4800000000005,284.0,130,LARGE CERAMIC TOP STORAGE JAR,824,885,0.026005361670882188
35004C,3066.0,16239.900000000009,384.0,218,SET OF 3 COLOURED  FLYING DUCKS,825,268,0.0832744037241515
22057,3065.0,4019.180000000004,262.0,182,CERAMIC PLATE STRAWBERRY DESIGN,826,1077,0.020609413725456154
23174,3057.0,12350.730000000007,325.0,143,REGENCY SUGAR BOWL GREEN,827,372,0.0633316508296227
82001S,3049.0,11449.459999999994,260.0,188,SILVER RECORD COVER FRAME,828,407,0.05871014935212178
85006,3049.0,1289.3100000000004,37.0,37,SET 4 NURSERY DES ROUND BOXES,828,2224,0.006611279716352055
22075,3045.0,4642.550000000001,362.0,198,6 RIBBONS ELEGANT CHRISTMAS ,829,950,0.023805909088698788
22353,3045.0,7933.190000000004,504.0,225,LUNCH BOX WITH CUTLERY FAIRY CAKES ,829,578,0.04067954032231735
22613,3043.0,2412.9599999999978,281.0,202,PACK OF 20 SPACEBOY NAPKINS,830,1542,0.012373093751207107
23376,3024.0,1377.7400000000002,158.0,70,PACK OF 12 VINTAGE CHRISTMAS TISSUE,831,2144,0.007064728045549077
20966,3021.0,4282.740000000005,428.0,235,SANDWICH BATH SPONGE,832,1018,0.021960887678222945
21809,3017.0,2431.2499999999995,215.0,131,CHRISTMAS HANGING TREE WITH BELL,833,1533,0.012466880587586326
22653,3017.0,5596.030000000003,385.0,229,BUTTON BOX ,833,809,0.028695131218324222
22729,3004.0,11882.75,625.0,281,ALARM CLOCK BAKELIKE ORANGE,834,384,0.060931958993168715
79323W,3004.0,18048.719999999987,350.0,106,WHITE CHERRY LIGHTS,834,237,0.09254960904834178
85049C,3000.0,3770.0400000000013,516.0,338,ROMANTIC PINKS RIBBONS ,835,1135,0.01933188215544431
21770,2996.0,14832.049999999992,656.0,290,OPEN CLOSED METAL SIGN,836,301,0.07605527865053356
20749,2991.0,21667.559999999998,776.0,409,ASSORTED COLOUR MINI CASES,837,186,0.1111061730156759
22095,2986.0,3129.5900000000006,298.0,184,LADS ONLY TISSUE BOX,838,1293,0.016047804552433646
21395,2980.0,1415.6400000000006,117.0,95,BLUE POLKADOT BEAKER ,839,2120,0.007259070369156079
21561,2980.0,7331.960000000023,531.0,337,DINOSAUR LUNCH BOX WITH CUTLERY,839,624,0.03759657369376236
23313,2968.0,15666.4,410.0,103,VINTAGE CHRISTMAS BUNTING,840,281,0.08033363004107454
22731,2965.0,3974.370000000003,271.0,139,3D CHRISTMAS STAMPS STICKERS ,841,1088,0.02037963854020998
22999,2959.0,1279.4800000000002,229.0,145,TRAVEL CARD WALLET VINTAGE LEAF,842,2235,0.006560873778593299
22665,2958.0,9598.690000000002,710.0,302,RECIPE BOX BLUE SKETCHBOOK DESIGN,843,488,0.04921983425285719
79029,2958.0,5501.119999999995,362.0,149,GLASS HONEYPOT WASP CATCHER,843,824,0.028208454966779577
16012,2949.0,618.0899999999999,86.0,73,FOOD/DRINK SPONGE STICKERS,844,2982,0.003169420759848322
21648,2948.0,3964.060000000002,236.0,164,ASSORTED TUTTI FRUTTI SMALL PURSE,845,1089,0.02032677127486992
85230F,2946.0,725.7000000000004,62.0,54,JASMINE VOTIVE CANDLE,846,2820,0.0037212196369815543
22622,2940.0,29377.520000000077,574.0,299,BOX OF VINTAGE ALPHABET BLOCKS,847,113,0.15064104217971416
21084,2929.0,1008.8100000000001,227.0,157,SET/6 COLLAGE PAPER CUPS,848,2488,0.0051729414110284686
21789,2923.0,2439.620000000002,224.0,178,KIDS RAIN MAC PINK,849,1531,0.012509799987285299
22746,2921.0,6722.350000000015,582.0,247,POPPY'S PLAYHOUSE LIVINGROOM ,850,687,0.03447063638785034
85111,2919.0,957.6300000000007,80.0,67,SILVER GLITTER FLOWER VOTIVE HOLDER,851,2545,0.004910502357672105
85015,2910.0,2751.299999999997,256.0,197,SET OF 12  VINTAGE POSTCARD SET,852,1411,0.014108022030077627
20751,2903.0,6157.659999999998,542.0,314,FUNKY WASHING UP GLOVES ASSORTED,853,746,0.03157503832142182
16008,2901.0,394.15999999999985,84.0,70,SMALL FOLDING SCISSOR(POINTED EDGE),854,3332,0.0020211601655128124
21491,2897.0,5404.06,256.0,88,SET OF THREE VINTAGE GIFT WRAPS,855,843,0.02771075401877708
37447,2895.0,4546.810000000006,367.0,253,CERAMIC CAKE DESIGN SPOTTED PLATE,856,964,0.023314976791544872
22115,2892.0,5703.949999999983,506.0,318,METAL SIGN EMPIRE TEA,857,797,0.02924851970285361
22508,2890.0,11599.44999999999,713.0,366,DOORSTOP RETROSPOT HEART,858,399,0.059479262943620825
23210,2890.0,3602.7800000000016,206.0,86,WHITE ROCKING HORSE HAND PAINTED,858,1170,0.018474212048676317
21428,2887.0,11779.93000000003,470.0,292,SET3 BOOK BOX GREEN GINGHAM FLOWER ,859,392,0.06040472211419073
21217,2886.0,29581.620000000075,934.0,446,RED RETROSPOT ROUND CAKE TINS,860,109,0.1516876191783471
23507,2884.0,1156.5100000000002,129.0,56,MINI PLAYING CARDS BUFFALO BILL ,861,2333,0.005930312418858393
47503A,2878.0,1416.84,203.0,141,ASS FLORAL PRINT MULTI SCREWDRIVER,862,2119,0.007265223688109332
85217,2875.0,1985.7499999999989,166.0,117,ASSORTED ICE CREAM FRIDGE MAGNETS,863,1751,0.01018246092619004
22098,2871.0,1958.680000000001,324.0,225,BOUDOIR SQUARE TISSUE BOX,864,1771,0.010043652306136186
21680,2869.0,2492.250000000001,269.0,197,WOODLAND  STICKERS,865,1507,0.012779674301043513
85212,2868.0,1128.0100000000007,125.0,108,MINI PAINTED GARDEN DECORATION ,866,2363,0.005784171093718566
22532,2862.0,1101.1000000000001,180.0,136,MAGIC DRAWING SLATE LEAP FROG ,867,2384,0.005646182916191797
22588,2860.0,7805.230000000007,495.0,225,CARD HOLDER GINGHAM HEART,868,586,0.0400233914112685
22895,2857.0,8675.209999999997,423.0,235,SET OF 2 TEA TOWELS APPLE AND PEARS,869,533,0.04448444509706314
85216,2855.0,2158.12,189.0,140,ASSORTED CAKES FRIDGE MAGNETS,870,1657,0.011066333916167324
22672,2851.0,4737.760000000006,377.0,222,FRENCH BATHROOM SIGN BLUE METAL,871,937,0.024294123669981727
21993,2850.0,5213.55000000001,587.0,312,FLORAL FOLK STATIONERY SET,872,864,0.026733863357289802
23571,2845.0,6410.230000000002,266.0,42,TRADITIONAL NAUGHTS & CROSSES,873,726,0.032870158128108395
22319,2843.0,1687.2399999999973,176.0,140,HAIRCLIPS FORTIES FABRIC ASSORTED,874,1922,0.008651771558909666
22350,2841.0,7885.9900000000125,335.0,244,ILLUSTRATED CAT BOWL ,875,582,0.04043750977682265
22566,2839.0,2374.03,304.0,207,FELTCRAFT HAIRBAND PINK AND PURPLE,876,1557,0.012173469828831907
22774,2827.0,3636.0600000000018,188.0,130,RED DRAWER KNOB ACRYLIC EDWARDIAN,877,1162,0.018644864094313283
22040,2815.0,1144.3,94.0,86,BOTANICAL ROSE GIFT WRAP,878,2344,0.005867702398509012
22048,2815.0,1166.3,102.0,91,BIRTHDAY BANQUET GIFT WRAP,878,2321,0.005980513245985372
22989,2813.0,8999.01,378.0,190,SET 2 PANTRY DESIGN TEA TOWELS,879,522,0.046144815661283395
21163,2810.0,1769.2400000000011,274.0,189,DO NOT TOUCH MY STUFF DOOR HANGER ,880,1870,0.009072248354048844
23306,2808.0,4123.380000000001,279.0,123,SET OF 36 PANTRY PAPER DOILIES,881,1052,0.02114372692123053
22709,2799.0,1099.58,77.0,65,WRAP WEDDING DAY,882,2387,0.0056383887121843395
21077,2793.0,2060.649999999999,198.0,117,SET/20 WOODLAND PAPER NAPKINS ,883,1706,0.010566530584189103
22433,2793.0,5215.53,429.0,264,WATERING CAN GREEN DINOSAUR,883,862,0.02674401633356262
22292,2788.0,3786.7900000000004,235.0,159,HANGING CHICK  YELLOW DECORATION,884,1128,0.01941777223250017
21824,2785.0,2354.7499999999986,223.0,117,PAINTED METAL STAR WITH HOLLY BELLS,885,1565,0.012074606504316252
23328,2782.0,13024.710000000001,409.0,104,SET 6 SCHOOL MILK BOTTLES IN CRATE,886,356,0.06678766241971888
84509F,2781.0,2456.1,46.0,41,SET OF 4 NEW ENGLAND PLACEMATS,887,1524,0.012594305567576672
21447,2779.0,3846.380000000003,344.0,248,12 IVORY ROSE PEG PLACE SETTINGS,888,1114,0.019723335796187288
22478,2777.0,3853.450000000003,317.0,220,BIRDHOUSE GARDEN MARKER ,889,1110,0.019759589100353553
21278,2770.0,1685.049999999998,121.0,99,VINTAGE KITCHEN PRINT PUDDINGS,890,1926,0.008640541751819976
21713,2769.0,5221.040000000006,408.0,245,CITRONELLA CANDLE FLOWERPOT,891,860,0.026772270323089688
17084N,2767.0,639.8400000000003,186.0,155,FAIRY DREAMS INCENSE ,892,2951,0.0032809496658760887
22494,2766.0,3732.1700000000064,472.0,316,EMERGENCY FIRST AID TIN ,893,1143,0.019137693664811165
21563,2764.0,6862.649999999983,365.0,264,RED HEART SHAPE LOVE BUCKET ,894,664,0.03519006192880169
22964,2764.0,5773.099999999995,414.0,211,3 PIECE SPACEBOY COOKIE CUTTER SET,894,790,0.029603104707535043
23173,2763.0,24839.27,423.0,161,REGENCY TEAPOT ROSES ,895,154,0.12736995906336884
22899,2761.0,5740.499999999998,421.0,242,CHILDREN'S APRON DOLLY GIRL ,896,792,0.02943593954263827
21123,2754.0,3397.229999999999,259.0,193,SET/10 IVORY POLKADOT PARTY CANDLES,897,1222,0.017420199789641495
84691,2754.0,2231.45,240.0,139,PACK 20 DOLLY PEGS,897,1628,0.011442352981869207
23570,2751.0,4897.150000000001,290.0,42,TRADITIONAL PICK UP STICKS GAME ,898,908,0.025111438259947928
85176,2748.0,2293.0000000000036,306.0,228,SEWING SUSAN 21 NEEDLE SET,899,1592,0.011757966966513314
23506,2746.0,1138.3700000000001,155.0,57,MINI PLAYING CARDS SPACEBOY ,900,2351,0.005837294747348339
21539,2740.0,13635.790000000043,730.0,393,RED RETROSPOT BUTTER DISH,901,333,0.06992113754134882
22422,2740.0,1755.9899999999984,359.0,226,TOOTHPASTE TUBE PEN,901,1878,0.009004305457273295
21201,2739.0,6502.420000000005,242.0,192,TROPICAL  HONEYCOMB PAPER GARLAND ,902,713,0.0333428868566923
23154,2732.0,5907.360000000001,249.0,145,SET OF 4 JAM JAR MAGNETS,903,771,0.030291558543088525
22814,2731.0,1149.0299999999993,295.0,194,CARD PARTY GAMES ,904,2338,0.005891956730716426
22715,2729.0,1138.9699999999991,219.0,164,CARD WEDDING DAY,905,2350,0.005840371406824962
22285,2725.0,4281.010000000005,275.0,184,HANGING HEN ON NEST DECORATION,906,1019,0.021952016643398665
22347,2722.0,3126.6800000000003,116.0,75,PIZZA SLICE DISH,907,1294,0.016032882753971998
22893,2721.0,1306.0899999999995,183.0,129,MINI CAKE STAND T-LIGHT HOLDER,908,2208,0.006697323626381747
21806,2717.0,1183.6299999999999,133.0,82,WHITE CHRISTMAS HEART DECORATION,909,2310,0.006069377427201976
37444A,2711.0,564.21,45.0,42,YELLOW BREAKFAST CUP AND SAUCER,910,3073,0.002893136738847129
47587A,2706.0,1099.8799999999999,26.0,24,PINK FAIRY CAKE COASTER,911,2386,0.005639927041922652
21745,2704.0,9220.240000000003,497.0,323,GAOLERS KEYS DECORATIVE GARDEN ,912,509,0.047279231287974094
85038,2700.0,5656.720000000008,395.0,243,6 CHOCOLATE LOVE HEART T-LIGHTS,913,802,0.02900633532438517
22757,2696.0,3066.550000000001,315.0,172,LARGE RED BABUSHKA NOTEBOOK ,914,1316,0.015724550196755938
85048,2688.0,21198.93999999999,526.0,196,15CM CHRISTMAS GLASS BALL 20 LIGHTS,915,192,0.10870319940911351
84535B,2687.0,1748.4100000000017,334.0,248,FAIRY CAKES NOTEBOOK A6 SIZE,916,1881,0.00896543699255191
85042,2686.0,12239.510000000004,297.0,170,ANTIQUE LILY FAIRY LIGHTS,917,373,0.06276134071797175
21041,2674.0,9072.889999999992,537.0,276,RED RETROSPOT OVEN GLOVE DOUBLE,918,519,0.04652365499817215
23350,2672.0,3395.080000000003,312.0,94,ROLL WRAP VINTAGE SPOT ,919,1223,0.017409175093183602
23445,2668.0,2161.239999999999,102.0,63,ICE CREAM BUBBLES,920,1655,0.011082332545445784
23320,2667.0,7070.910000000002,343.0,97,GIANT 50'S CHRISTMAS CRACKER,921,640,0.03625797043313936
22358,2656.0,8402.679999999977,614.0,350,KINGS CHOICE TEA CADDY ,922,557,0.04308697508512066
47504K,2656.0,3098.8199999999997,319.0,224,ENGLISH ROSE GARDEN SECATEURS,922,1305,0.015890023198940572
16236,2652.0,593.29,265.0,197,KITTY PENCIL ERASERS,923,3025,0.003042252168147699
22441,2650.0,5740.140000000013,482.0,275,GROW YOUR OWN BASIL IN ENAMEL MUG,924,793,0.02943409354695237
22625,2649.0,23088.34999999998,962.0,378,RED KITCHEN SCALES,925,171,0.11839165137867294
21702,2636.0,918.6799999999998,8.0,6,SET 5 MINI GATEAUX  FRIDGE MAGNETS,926,2593,0.004710775879981
23158,2634.0,5513.860000000005,256.0,139,SET OF 5 LUCKY CAT MAGNETS ,927,819,0.028273782703000027
23346,2632.0,3117.3400000000015,188.0,96,SPACEBOY BEAKER,928,1296,0.0159849894214525
22718,2629.0,1151.439999999999,266.0,193,CARD CAT AND TREE ,929,2335,0.00590431464628088
23508,2629.0,1163.4700000000003,131.0,59,MINI PLAYING CARDS DOLLY GIRL ,929,2326,0.005966001668787278
22110,2621.0,8562.860000000004,527.0,265,BIRD HOUSE HOT WATER BOTTLE,930,541,0.043908340610064586
22501,2618.0,30399.06000000003,767.0,290,PICNIC BASKET WICKER LARGE,931,105,0.15587926004930486
22941,2612.0,21685.819999999985,485.0,134,CHRISTMAS LIGHTS 10 REINDEER,932,185,0.11119980601908121
51008,2604.0,8378.800000000003,80.0,65,AFGHAN SLIPPER SOCK PAIR,933,558,0.042964524037950994
22809,2597.0,7747.429999999993,391.0,144,SET OF 6 T-LIGHTS SANTA,934,592,0.03972700654835326
21949,2596.0,3159.260000000003,269.0,187,SET OF 6 STRAWBERRY CHOPSTICKS,935,1285,0.016199945363552914
22997,2594.0,1115.1000000000001,226.0,137,TRAVEL CARD WALLET UNION JACK,936,2372,0.005717971637313118
21586,2590.0,6036.600000000002,251.0,166,KINGS CHOICE GIANT TUBE MATCHES,937,758,0.030954270994354206
21245,2579.0,4288.640000000001,313.0,231,GREEN POLKADOT PLATE ,938,1015,0.021991141496409766
22349,2574.0,10562.919999999996,370.0,254,DOG BOWL CHASING BALL DESIGN,939,442,0.05416417986477216
47503F,2571.0,736.55,12.0,10,ASS FLORAL PRINT TORCH,940,2809,0.003776855895850575
23157,2570.0,5170.099999999999,171.0,83,SET OF 6 NATIVITY MAGNETS ,941,870,0.026511061933523938
21158,2569.0,1784.8600000000013,325.0,223,MOODY GIRL DOOR HANGER ,942,1865,0.009152344055757058
22268,2562.0,1278.0900000000008,252.0,168,DECORATION SITTING BUNNY,943,2237,0.006553746184139115
17038,2558.0,253.6800000000001,54.0,54,PORCELAIN BUDAH INCENSE HOLDER,944,3613,0.0013008116267183142
21577,2557.0,5718.77,467.0,299,SAVE THE PLANET COTTON TOTE BAG,945,795,0.029324513191926405
23497,2556.0,3643.9199999999996,200.0,36,CLASSIC CHROME BICYCLE BELL ,946,1160,0.018685168333457097
22434,2555.0,4749.089999999998,294.0,203,BALLOON PUMP WITH 10 BALLOONS,947,930,0.024352221256432015
22321,2552.0,2360.350000000005,306.0,234,BIRD DECORATION RED RETROSPOT,948,1561,0.012103321992764813
21911,2549.0,4085.8000000000065,348.0,205,GARDEN METAL SIGN ,949,1056,0.02095102548267776
21100,2547.0,3806.5500000000056,275.0,173,CHARLIE AND LOLA CHARLOTTE BAG,950,1123,0.019519096884597145
22266,2546.0,1042.7099999999998,174.0,124,EASTER DECORATION HANGING BUNNY,951,2448,0.005346772671457949
22607,2545.0,23015.790000000037,756.0,292,WOODEN ROUNDERS GARDEN SET ,952,172,0.11801958069263302
22366,2543.0,17264.76999999999,570.0,345,DOORMAT AIRMAIL ,953,252,0.08852969705383762
84937,2543.0,5396.64,125.0,77,KASHMIR FOLKART TUMBLERS,953,844,0.02767270599658278
22085,2538.0,6881.029999999989,231.0,189,PAPER CHAIN KIT SKULLS ,954,660,0.03528431026410242
22654,2536.0,16957.130000000005,605.0,274,DELUXE SEWING KIT ,955,256,0.08695219118485463
23177,2534.0,5523.459999999997,272.0,153,TREASURE ISLAND BOOK BOX,956,816,0.02832300925462604
22690,2533.0,15859.739999999983,441.0,254,DOORMAT HOME SWEET HOME BLUE ,957,276,0.08132503227975987
22736,2529.0,4534.140000000001,419.0,165,RIBBON REEL MAKING SNOWMEN ,958,967,0.023250007998930053
22582,2526.0,6334.970000000005,305.0,203,PACK OF 6 SWEETIE GIFT BOXES,959,733,0.03248424247442337
22725,2525.0,10333.839999999995,561.0,266,ALARM CLOCK BAKELIKE CHOCOLATE,960,453,0.05298951127659559
15056P,2522.0,12824.610000000006,386.0,274,EDWARDIAN PARASOL PINK,961,361,0.06576159648426348
21845,2522.0,3759.199999999998,159.0,131,DAIRY MAID STRIPE MUG,961,1137,0.019276297174233216
23510,2521.0,1118.39,125.0,58,MINI PLAYING CARDS GYMKHANA,962,2369,0.0057348419867766275
82599,2519.0,5508.840000000003,514.0,276,FANNY'S REST STOPMETAL SIGN,963,820,0.028248041318712225
46000M,2517.0,3901.3499999999985,354.0,239,POLYESTER FILLER PAD 45x45cm,964,1096,0.020005209081904334
22360,2514.0,7567.9499999999825,437.0,273,GLASS JAR ENGLISH CONFECTIONERY,965,607,0.038806675143577885
23236,2509.0,7106.209999999998,339.0,125,STORAGE TIN VINTAGE DOILY ,966,638,0.03643898056568095
23340,2509.0,4044.0099999999993,152.0,74,VINTAGE CHRISTMAS CAKE FRILL,966,1072,0.020736736150130584
84828,2507.0,3318.9700000000016,359.0,247,JUNGLE POPSICLES ICE LOLLY MOULDS,967,1238,0.017018900838573336
23121,2506.0,1002.5400000000001,120.0,75,PACK OF 6 COCKTAIL PARASOL STRAWS,968,2494,0.005140790319497707
22406,2503.0,3169.350000000003,224.0,165,MONEY BOX KINGS CHOICE DESIGN,969,1280,0.016251684520418207
22284,2495.0,4067.2400000000052,312.0,211,HEN HOUSE DECORATION,970,1063,0.020855854149534062
20970,2493.0,9394.829999999994,580.0,324,PINK FLORAL FELTCRAFT SHOULDER BAG,971,499,0.04817448791801485
40001,2484.0,1911.6500000000012,121.0,110,WHITE BAMBOO RIBS LAMPSHADE,972,1793,0.009802493480826497
21880,2483.0,1289.8299999999988,330.0,234,RED RETROSPOT TAPE,973,2223,0.0066139461545651245
23545,2480.0,1025.6,85.0,62,WRAP RED VINTAGE DOILY,974,2460,0.005259036598716108
21354,2478.0,2981.96,220.0,161,TOAST ITS - BEST MUM,975,1338,0.015290792488209328
22956,2478.0,4876.739999999999,271.0,155,36 FOIL HEART CAKE CASES,975,912,0.025006780560084624
21823,2473.0,2453.91,231.0,121,PAINTED METAL HEART WITH HOLLY BELL,976,1525,0.01258307576048698
22337,2473.0,1522.52,149.0,96,ANGEL DECORATION PAINTED ZINC ,976,2035,0.007807125977259409
85040B,2473.0,3862.0499999999997,269.0,189,SET/4 BLUE FLOWER CANDLES IN BOWL,976,1107,0.019803687886185205
37503,2469.0,25471.329999999994,526.0,180,TEA TIME CAKE STAND IN GIFT BOX,977,146,0.1306110147113646
22978,2465.0,9568.729999999985,239.0,146,PANTRY ROLLING PIN,978,490,0.04906620638965748
84510A,2465.0,3424.8400000000033,542.0,342,SET OF 4 ENGLISH ROSE COASTERS,978,1212,0.01756177740322435
22133,2464.0,2258.6100000000038,328.0,233,PINK LOVE HEART SHAPE CUP,979,1611,0.011581623100844589
22400,2461.0,2057.290000000002,246.0,174,MAGNETS PACK OF 4 HOME SWEET HOME,980,1709,0.01054930129112
23374,2456.0,1962.8300000000004,131.0,69,RED SPOT PAPER GIFT BAG,981,1767,0.01006493253418286
23345,2454.0,2888.790000000002,178.0,96, DOLLY GIRL BEAKER,982,1358,0.014813038549146954
37450,2452.0,7046.739999999988,406.0,259,CERAMIC CAKE BOWL + HANGING CAKES,983,643,0.03613403233388913
21990,2451.0,4520.060000000007,504.0,278,MODERN FLORAL STATIONERY SET,984,970,0.023177809056545214
22758,2451.0,2633.4300000000017,322.0,193,LARGE PURPLE BABUSHKA NOTEBOOK  ,984,1463,0.013503612275894082
16238,2449.0,559.9599999999997,239.0,181,PARTY TIME PENCIL ERASERS,985,3078,0.0028713437342210127
21292,2449.0,1427.1099999999994,91.0,79,SMALL STRIPES CHOCOLATE GIFT BAG ,985,2111,0.007317885842817611
21328,2447.0,4617.6100000000015,656.0,344,BALLOONS  WRITING SET ,986,952,0.023678022609786954
85230E,2445.0,628.4099999999999,66.0,61,STRAWBRY SCENTED VOTIVE CANDLE,987,2965,0.003222339302846323
21167,2440.0,587.5200000000001,114.0,97,WHITE SAGE INCENSE,988,3039,0.003012664959514127
21291,2439.0,2101.7299999999996,155.0,126,SMALL POLKADOT CHOCOLATE GIFT BAG ,989,1686,0.010777179203022234
22529,2439.0,984.8700000000009,157.0,123,MAGIC DRAWING SLATE GO TO THE FAIR ,989,2513,0.005050182697911017
23290,2436.0,2896.640000000001,214.0,117,SPACEBOY CHILDRENS BOWL,990,1356,0.01485329151063283
22971,2431.0,5849.2900000000045,274.0,169,QUEENS GUARD COFFEE MUG,991,781,0.029993789183408903
22477,2424.0,3369.2400000000025,278.0,204,WATERING CAN GARDEN MARKER,992,1232,0.017276673625056818
72818,2420.0,1305.23,137.0,80,CHRISTMAS DECOUPAGE CANDLE,993,2209,0.006692913747798583
22717,2416.0,1022.6299999999999,215.0,165,CARD DOG AND BALL ,994,2467,0.005243807134306799
22412,2410.0,5159.7199999999975,414.0,275,METAL SIGN NEIGHBOURHOOD WITCH ,995,871,0.026457835724578264
21211,2408.0,3369.9900000000007,241.0,181,SET OF 72 SKULL PAPER  DOILIES,996,1231,0.017280519449402596
21058,2405.0,2063.2400000000025,286.0,207,PARTY INVITES WOODLAND,997,1705,0.010579811497596566
21896,2404.0,4979.740000000002,298.0,219,POTTING SHED TWINE,998,903,0.025534940436905774
22773,2404.0,3186.110000000002,232.0,162,GREEN DRAWER KNOB ACRYLIC EDWARDIAN,998,1276,0.01633762587513201
21705,2402.0,3094.23,225.0,142,BAG 500g SWIRLY MARBLES,999,1306,0.015866486753944368
23109,2401.0,6878.370000000001,277.0,121,PACK OF SIX LED TEA LIGHTS,1000,661,0.035270670407089436
22072,2396.0,9254.75999999999,538.0,307,RED RETROSPOT TEA CUP AND SAUCER ,1001,507,0.047456241763196017
22170,2392.0,15685.980000000012,577.0,347,PICTURE FRAME WOOD TRIPLE PORTRAIT,1002,280,0.08043403169532855
22669,2391.0,7628.689999999991,442.0,245,RED BABY BUNTING ,1003,601,0.039118135637928576
21399,2390.0,1555.120000000001,119.0,94,BLUE POLKADOT COFFEE MUG,1004,2018,0.007974291142156201
21488,2389.0,9804.330000000002,369.0,149,RED WHITE SCARF  HOT WATER BOTTLE,1005,485,0.05027430801081349
47568,2389.0,4993.519999999996,416.0,167,ENGLISH ROSE DESIGN PEG BAG,1005,901,0.025605601049552302
22304,2385.0,4699.900000000003,167.0,143,COFFEE MUG BLUE PAISLEY DESIGN,1006,943,0.024099986457006492
22943,2385.0,11704.76000000001,358.0,130,CHRISTMAS LIGHTS 10 VINTAGE BAUBLES,1006,394,0.060019267959427074
22995,2385.0,1058.6800000000003,269.0,148,TRAVEL CARD WALLET SUKI,1006,2425,0.0054286630911942
37449,2385.0,22363.150000000056,481.0,281,CERAMIC CAKE STAND + HANGING CAKES,1006,177,0.11467299562458896
23311,2383.0,6453.48,345.0,98,VINTAGE CHRISTMAS STOCKING ,1007,721,0.03309193399871532
22674,2382.0,2962.5800000000013,302.0,203,FRENCH TOILET SIGN BLUE METAL,1008,1341,0.01519141638711425
21162,2380.0,1644.4000000000005,286.0,194,TOXIC AREA  DOOR HANGER ,1009,1951,0.008432098072278444
20985,2378.0,3056.780000000001,307.0,217,HEART CALCULATOR,1010,1317,0.015674451924944845
23368,2377.0,1675.25,237.0,65,SET 12 COLOUR PENCILS DOLLY GIRL ,1011,1933,0.008590289647035064
22480,2376.0,2873.0600000000004,273.0,180,RED TEA TOWEL CLASSIC DESIGN,1012,1366,0.014732378793201351
22208,2375.0,3046.879999999996,448.0,259,WOOD STAMP SET THANK YOU,1013,1322,0.015623687043580456
23356,2373.0,13411.109999999999,496.0,91,LOVE HOT WATER BOTTLE,1014,338,0.0687690311226673
22224,2370.0,7507.7299999999905,404.0,273,WHITE LOVEBIRD LANTERN,1015,612,0.038497881087440365
22217,2366.0,2815.1300000000006,217.0,163,T-LIGHT HOLDER HANGING LACE,1016,1384,0.014435327320732919
22980,2365.0,3911.670000000004,296.0,156,PANTRY SCRUBBING BRUSH,1017,1095,0.02005812762490236
21161,2362.0,1808.9500000000005,213.0,156,KEEP OUT BOYS DOOR HANGER ,1018,1853,0.009275871933743669
85204,2359.0,461.9199999999997,159.0,133,HANGING WOOD AND FELT FLOWER,1019,3234,0.0023686175757399995
21272,2356.0,3119.830000000005,351.0,248,SALLE DE BAIN HOOK,1020,1295,0.01599775755828052
22093,2355.0,1436.8199999999995,285.0,186,MOTORING TISSUE BOX,1021,2103,0.007367676448681041
22134,2354.0,1043.1700000000014,299.0,222,MINI LADLE LOVE HEART RED ,1022,2447,0.005349131443723372
20956,2353.0,3102.570000000001,244.0,169,PORCELAIN T-LIGHT HOLDERS ASSORTED,1023,1303,0.015909252320669504
85071B,2352.0,1323.7200000000003,173.0,124,RED CHARLIE+LOLA PERSONAL DOORSIGN,1024,2192,0.00678772613733667
23089,2351.0,4204.569999999999,228.0,126,GLASS BON BON JAR,1025,1038,0.02156005022607623
21883,2349.0,1200.1299999999987,227.0,162,STARS GIFT TAPE ,1026,2300,0.00615398556280924
47593B,2348.0,1327.2200000000007,363.0,259,SCOTTIE DOGS BABY BIB,1027,2188,0.006805673317617001
23032,2342.0,3876.780000000002,207.0,104,DRAWER KNOB CRACKLE GLAZE IVORY,1028,1102,0.01987921987633643
23380,2341.0,981.01,122.0,58,PACK OF 12 VINTAGE DOILY TISSUES,1029,2520,0.005030389521944705
23187,2338.0,695.0600000000001,75.0,54,FRENCH STYLE STORAGE JAR BONBONS,1030,2870,0.0035641048930417497
85049D,2338.0,2935.380000000001,415.0,258,BRIGHT BLUES RIBBONS ,1030,1345,0.015051941157507114
22580,2337.0,13246.71,501.0,185,ADVENT CALENDAR GINGHAM SACK,1031,347,0.06792602642607123
22753,2336.0,1925.5100000000011,413.0,216,SMALL YELLOW BABUSHKA NOTEBOOK ,1032,1785,0.009873564314736603
85206A,2334.0,3994.460000000001,326.0,120,CREAM FELT EASTER EGG BASKET,1033,1083,0.020482655355019065
22798,2333.0,7227.270000000001,356.0,203,ANTIQUE GLASS DRESSING TABLE POT,1034,631,0.03705974789274861
84847,2332.0,1157.23,51.0,46,FLORAL BATHROOM SET,1035,2332,0.005934004410230345
22365,2331.0,15304.789999999995,445.0,290,DOORMAT RESPECTABLE HOUSE,1036,292,0.07847937865216877
23211,2331.0,2933.0700000000015,164.0,82,RED ROCKING HORSE HAND PAINTED,1036,1346,0.0150400960185221
22076,2329.0,3482.4300000000044,381.0,250,6 RIBBONS EMPIRE  ,1037,1197,0.0178570854353227
21126,2328.0,2352.9700000000003,292.0,219,SET OF 6 GIRLS CELEBRATION CANDLES,1038,1569,0.012065479081202266
22482,2326.0,2748.1800000000003,222.0,153,BLUE TEA TOWEL CLASSIC DESIGN,1039,1413,0.014092023400799175
23082,2326.0,8547.55,305.0,134,SET 6 PAPER TABLE LANTERN HEARTS ,1039,543,0.0438298345157526
23159,2321.0,4771.76,230.0,137,SET OF 5 PANCAKE DAY MAGNETS,1040,926,0.02446846770699062
21403,2319.0,523.0700000000002,157.0,134,BLUE EGG  SPOON,1041,3143,0.002682180454066337
22649,2317.0,11616.030000000035,507.0,269,STRAWBERRY FAIRY CAKE TEAPOT,1042,397,0.05956428130049187
22623,2316.0,12454.080000000029,547.0,283,BOX OF VINTAGE JIGSAW BLOCKS ,1043,367,0.06386160542447197
22063,2315.0,6391.459999999984,375.0,254,CERAMIC BOWL WITH STRAWBERRY DESIGN,1044,728,0.032773909964147786
21107,2312.0,6654.269999999986,325.0,213,CREAM SLICE FLANNEL PINK SPOT ,1045,700,0.03412153809256881
21259,2310.0,13938.559999999985,663.0,370,VICTORIAN SEWING BOX SMALL ,1046,324,0.07147367119091295
72586,2305.0,1010.9400000000004,184.0,132,SET OF 6 HALLOWEEN GHOST T-LIGHTS,1047,2486,0.0051838635521705
21389,2302.0,2010.6400000000017,270.0,188,IVORY HANGING DECORATION  BIRD,1048,1734,0.010310091016812174
22521,2300.0,1998.1300000000008,384.0,186,CHILDS GARDEN TROWEL PINK,1049,1742,0.010245942666724475
84792,2299.0,10128.809999999989,523.0,342,ENCHANTED BIRD COATHANGER 5 HOOK,1050,468,0.05193816545577384
21012,2295.0,4288.420000000002,301.0,211,ANTIQUE ALL GLASS CANDLESTICK,1051,1017,0.021990013387935006
21398,2295.0,2231.8999999999983,126.0,100,RED POLKADOT COFFEE  MUG,1051,1627,0.011444660476476671
21948,2295.0,2923.860000000003,271.0,209,SET OF 6 CAKE CHOPSTICKS,1051,1348,0.014992869295555865
22429,2295.0,9903.750000000015,641.0,329,ENAMEL MEASURING JUG CREAM,1051,479,0.05078411048609081
22520,2295.0,2012.1299999999997,377.0,199,CHILDS GARDEN TROWEL BLUE ,1051,1732,0.01031773138784579
23212,2293.0,2848.6700000000005,194.0,88,HEART WREATH DECORATION WITH BELL,1052,1375,0.014607312585476423
21066,2291.0,1503.42,133.0,113,VINTAGE RED MUG,1053,2048,0.007709185650586751
85184C,2288.0,4947.709999999995,360.0,224,SET 4 VALENTINE DECOUPAGE HEART BOX,1054,906,0.025370698098511748
23119,2283.0,1402.320000000002,152.0,90,PACK OF 6 LARGE FRUIT STRAWS ,1055,2123,0.007190768528774945
79323P,2281.0,13787.929999999993,266.0,95,PINK CHERRY LIGHTS,1056,328,0.07070127582930553
22169,2278.0,19533.09999999998,704.0,402,FAMILY ALBUM WHITE PICTURE FRAME,1057,217,0.10016116203820351
22305,2269.0,4716.630000000007,145.0,128,COFFEE MUG PINK PAISLEY DESIGN,1058,939,0.024185773978746487
22751,2269.0,8457.3,475.0,232,FELTCRAFT PRINCESS OLIVIA DOLL,1058,554,0.04336705365280981
21640,2266.0,2084.2500000000014,221.0,163,ASSORTED TUTTI FRUTTI  FOB NOTEBOOK,1059,1698,0.010687545856936483
23334,2266.0,1487.9800000000007,134.0,72,IVORY WICKER HEART SMALL,1059,2058,0.007630012946721527
16016,2264.0,1828.2000000000003,104.0,97,LARGE CHINESE STYLE SCISSOR,1060,1841,0.009374581425285482
21439,2260.0,2838.790000000001,244.0,188,BASKET OF TOADSTOOLS,1061,1378,0.014556650259427952
85078,2258.0,1052.0199999999986,164.0,123,SCANDINAVIAN 3 HEARTS NAPKIN RING,1062,2437,0.00539451217100362
35471D,2256.0,1608.889999999999,360.0,229,SET OF 3 BIRD LIGHT PINK FEATHER ,1063,1974,0.008250011108920001
84030E,2256.0,10081.049999999997,551.0,237,ENGLISH ROSE HOT WATER BOTTLE,1063,469,0.051693263361434295
23122,2252.0,1726.9200000000005,137.0,83,PARTY CHARMS 50 PIECES,1064,1900,0.00885524130563068
10123G,2251.0,165.56,17.0,15,ARMY CAMO WRAPPING TAPE,1065,3833,0.0008489529049175497
21294,2250.0,1658.75,142.0,123,ETCHED GLASS COASTER,1066,1943,0.008505681511427794
23366,2248.0,1664.3,198.0,63,SET 12 COLOURING PENCILS DOILY,1067,1941,0.008534140611586602
22522,2246.0,1911.760000000001,345.0,206,CHILDS GARDEN FORK BLUE ,1068,1792,0.009803057535063877
35954,2243.0,865.49,118.0,83,SMALL FOLKART STAR CHRISTMAS DEC,1069,2653,0.00443803001737793
23090,2238.0,1870.8599999999997,153.0,83,VINTAGE GLASS T-LIGHT HOLDER,1070,1821,0.00959333191407373
23155,2233.0,1914.730000000001,137.0,91,KNICKERBOCKERGLORY MAGNET ASSORTED ,1071,1790,0.009818286999473185
84596G,2233.0,1453.9999999999989,356.0,246,SMALL CHOCOLATES PINK BOWL,1071,2090,0.007455771465028486
22334,2232.0,3555.6599999999967,269.0,212,DINOSAUR PARTY BAG + STICKER SET,1072,1180,0.018232591724445104
21658,2231.0,9295.589999999998,534.0,297,GLASS  BEURRE DISH,1073,503,0.0476656084405806
85017B,2231.0,1390.3899999999999,318.0,235,ENVELOPE 50 BLOSSOM IMAGES,1073,2133,0.0071295942828479815
22675,2230.0,2758.700000000001,276.0,174,FRENCH KITCHEN SIGN BLUE METAL,1074,1405,0.01414596749695606
22354,2229.0,8458.309999999994,282.0,207,RETROSPOT PADDED SEAT CUSHION,1075,553,0.04337223269626211
21112,2222.0,5484.259999999995,190.0,149,SWISS ROLL TOWEL PINK  SPOTS,1076,827,0.02812200083548633
21805,2221.0,957.6300000000003,105.0,66,WHITE CHRISTMAS TREE DECORATION ,1077,2546,0.004910502357672103
23108,2221.0,13303.019999999995,375.0,147,SET OF 10 LED DOLLY LIGHTS,1077,342,0.06821477091795275
22805,2220.0,3023.0300000000025,233.0,168,BLUE DRAWER KNOB ACRYLIC EDWARDIAN,1078,1330,0.015501389829384525
20730,2218.0,1011.6999999999999,102.0,61,STRAWBERRY CANDY BAG,1079,2485,0.0051877606541742265
23191,2217.0,3653.65,292.0,142,BUNDLE OF 3 RETRO NOTE BOOKS,1080,1157,0.018735061494636416
21241,2216.0,1871.6199999999992,263.0,162,GREEN POLKADOT CUP,1081,1820,0.009597229016077456
21383,2216.0,1597.6299999999999,340.0,196,PACK OF 12 STICKY BUNNIES,1081,1981,0.008192272466075288
21578,2213.0,5080.860000000001,390.0,257,WOODLAND DESIGN  COTTON TOTE BAG,1082,884,0.026053460114033474
22810,2210.0,6761.579999999998,338.0,141,SET OF 6 T-LIGHTS SNOWMEN,1083,682,0.03467179863996378
22043,2209.0,624.2899999999995,127.0,93,CHRISTMAS CARD SCREEN PRINT ,1084,2975,0.003201212907773476
23035,2209.0,3226.089999999997,195.0,110,DRAWER KNOB CERAMIC IVORY,1084,1265,0.016542633951591296
23247,2203.0,6698.559999999999,314.0,104,BISCUIT TIN 50'S CHRISTMAS,1085,690,0.03434864683960196
84989A,2197.0,1245.6400000000003,199.0,161,75 GREEN FAIRY CAKE CASES,1086,2265,0.006387350184111481
90167,2197.0,1801.170000000002,111.0,88,BEADED LOVE HEART JEWELLERY SET,1086,1856,0.009235977915863398
72349B,2195.0,4894.410000000006,405.0,253,SET/6 PURPLE BUTTERFLY T-LIGHTS,1087,910,0.025097388181671357
22523,2191.0,1889.0900000000017,364.0,206,CHILDS GARDEN FORK PINK,1088,1805,0.009686811084505286
72802C,2186.0,6060.0999999999985,273.0,197,VANILLA SCENT CANDLE JEWELLED BOX,1089,754,0.031074773490522116
21866,2185.0,3612.749999999999,472.0,309,UNION JACK FLAG LUGGAGE TAG,1090,1168,0.01852533587364627
21224,2183.0,2707.3299999999945,317.0,232,SET/4 SKULL BADGES,1091,1437,0.013882554168098724
23241,2181.0,4696.68,373.0,141,TREASURE TIN GYMKHANA DESIGN,1092,945,0.024083475051148568
23292,2181.0,2702.1200000000026,223.0,117,SPACEBOY CHILDRENS CUP,1092,1439,0.013855838508310046
35160,2180.0,1590.6399999999994,56.0,53,BUDDHA INCENSE HOLDER ASSORTED,1093,1988,0.00815642938317257
47567B,2180.0,11787.440000000015,366.0,241,TEA TIME KITCHEN APRON,1093,389,0.06044323163530643
21192,2169.0,3888.9399999999987,224.0,148,WHITE BELL HONEYCOMB PAPER ,1094,1098,0.019941573508396076
23100,2169.0,2743.1300000000006,266.0,107,SILVER BELLS TABLE DECORATION,1094,1415,0.01406612818353756
23176,2167.0,4697.579999999998,229.0,142,ABC TREASURE BOOK BOX ,1095,944,0.024088090040363504
35924,2167.0,4055.6999999999994,195.0,143,HANGING FAIRY CAKE DECORATION,1095,1069,0.020796679732266884
21206,2157.0,3071.200000000002,242.0,196,STRAWBERRY HONEYCOMB  GARLAND ,1096,1314,0.01574839430769981
21397,2157.0,2017.74,180.0,135,BLUE POLKADOT EGG CUP ,1096,1728,0.010346498153952263
22707,2157.0,905.94,83.0,77,WRAP MONSTER FUN ,1096,2606,0.0046454481437606
22948,2153.0,2159.7500000000023,187.0,137,METAL DECORATION NAUGHTY CHILDREN ,1097,1656,0.011074692174412176
22994,2149.0,938.0400000000006,220.0,134,TRAVEL CARD WALLET RETROSPOT,1098,2571,0.0048100494257602
22074,2147.0,2217.010000000001,293.0,194,6 RIBBONS SHIMMERING PINKS ,1099,1633,0.011368308043798368
16043,2145.0,180.29999999999998,13.0,13,POP ART PUSH DOWN RUBBER ,1100,3793,0.0009245361727267105
22315,2144.0,2759.510000000001,397.0,266,200 RED + WHITE BENDY STRAWS,1101,1404,0.014150120987249507
23148,2144.0,1820.4600000000016,257.0,130,MINIATURE ANTIQUE ROSE HOOK IVORY,1101,1846,0.00933489251803699
85230B,2144.0,568.0,69.0,60,CINNAMON SCENTED VOTIVE CANDLE,1101,3067,0.002912570971207829
22073,2140.0,8517.88999999998,500.0,280,RED RETROSPOT STORAGE JAR,1102,546,0.04367774498229119
22231,2140.0,2718.8700000000003,306.0,211,JIGSAW TREE WITH BIRDHOUSE,1102,1429,0.013941728585365902
85040A,2138.0,3844.300000000002,456.0,295,S/4 PINK FLOWER CANDLES IN BOWL,1103,1116,0.01971267004333497
22692,2137.0,15982.449999999988,608.0,308,DOORMAT WELCOME TO OUR HOME,1104,273,0.08195426042038827
85049B,2134.0,2668.240000000001,347.0,209,LUSH GREENS RIBBONS,1105,1448,0.013682109803196446
21125,2127.0,2212.75,258.0,191,SET 6 FOOTBALL CELEBRATION CANDLES,1106,1634,0.011346463761514302
22099,2126.0,1579.7199999999998,306.0,213,CARAVAN SQUARE TISSUE BOX,1107,1995,0.008100434180697943
22311,2125.0,6782.109999999992,311.0,199,OFFICE MUG WARMER BLACK+SILVER ,1108,676,0.03477707167172237
21677,2124.0,1857.7500000000002,278.0,208,HEARTS  STICKERS,1109,1829,0.009526106904509411
22587,2123.0,1850.5400000000016,325.0,206,FELTCRAFT HAIRBAND RED AND BLUE,1110,1833,0.009489135713131938
23002,2121.0,915.2100000000003,196.0,129,TRAVEL CARD WALLET SKULLS,1111,2597,0.0046929825326745035
22061,2119.0,18995.970000000034,523.0,325,LARGE CAKE STAND  HANGING STRAWBERY,1112,225,0.09740688519706847
85049F,2117.0,2642.75,322.0,225,BABY BOOM RIBBONS ,1113,1458,0.013551403053097695
22261,2111.0,2028.670000000001,260.0,163,FELT EGG COSY WHITE RABBIT ,1114,1723,0.01040254463408484
22420,2111.0,1014.3400000000001,240.0,167,LIPSTICK PEN BABY PINK,1114,2483,0.00520129795587139
23256,2111.0,8658.770000000004,373.0,171,CHILDRENS CUTLERY SPACEBOY ,1114,535,0.04440014462740357
23333,2110.0,2721.7000000000007,249.0,91,IVORY WICKER HEART MEDIUM,1115,1427,0.013956240162563997
21143,2109.0,4190.100000000002,195.0,116,ANTIQUE GLASS HEART DECORATION ,1116,1043,0.02148585145503157
21411,2101.0,8377.809999999998,634.0,355,GINGHAM HEART  DOORSTOP RED,1117,559,0.04295944754981454
22187,2099.0,6775.209999999994,366.0,162,GREEN CHRISTMAS TREE CARD HOLDER,1118,679,0.03474169008774116
23434,2096.0,1884.6000000000004,200.0,70,3 RAFFIA RIBBONS 50'S CHRISTMAS ,1119,1811,0.009663787416088514
17091A,2089.0,1290.0199999999998,119.0,97,LAVENDER INCENSE IN TIN,1120,2222,0.006614920430066062
22586,2089.0,1815.2800000000027,303.0,202,FELTCRAFT HAIRBAND PINK AND BLUE,1120,1849,0.009308330691222106
10125,2086.0,1701.3300000000002,175.0,123,MINI FUNKY DESIGN TAPES,1121,1915,0.008724021778952495
22565,2086.0,1899.0700000000036,285.0,201,FELTCRAFT HAIRBANDS PINK AND WHITE ,1121,1800,0.009737986187133209
84754,2085.0,2637.09,226.0,127,S/15 SILVER GLASS BAUBLES IN BAG,1122,1461,0.013522379898701503
21329,2084.0,3759.0400000000013,564.0,316,DINOSAURS  WRITING SET ,1123,1138,0.01927547673170613
22896,2083.0,5241.920000000013,372.0,236,PEG BAG APPLES DESIGN,1124,858,0.026879338072876374
21159,2082.0,1436.4000000000003,251.0,193,MOODY BOY  DOOR HANGER ,1125,2104,0.007365522787047406
22097,2082.0,1293.9299999999994,266.0,189,SWALLOW SQUARE TISSUE BOX,1125,2217,0.006634969994322086
85114B,2082.0,3819.6599999999994,246.0,190,IVORY ENCHANTED FOREST PLACEMAT,1125,1122,0.019586321894161436
21587,2081.0,5198.549999999999,279.0,113,COSY HOUR GIANT TUBE MATCHES,1126,867,0.026656946870374048
16169K,2075.0,658.75,60.0,52,WRAP FOLK ART,1127,2920,0.0033779157170478126
23332,2075.0,3567.4700000000003,300.0,93,IVORY WICKER HEART LARGE,1127,1177,0.01829315063847675
22357,2072.0,9344.359999999997,462.0,288,KINGS CHOICE BISCUIT TIN,1128,501,0.0479156895783725
23145,2072.0,1968.080000000001,169.0,111,ZINC T-LIGHT HOLDER STAR LARGE,1128,1765,0.01009185330460336
35015,2072.0,134.08,39.0,34,JACOBS LADDER SMALL,1128,3925,0.0006875308377104679
22922,2067.0,1778.4000000000017,112.0,88,FRIDGE MAGNETS US DINER ASSORTED,1129,1867,0.009119218688725367
85132C,2066.0,5865.039999999995,307.0,180,CHARLIE AND LOLA FIGURES TINS,1130,779,0.03007455149467034
85049H,2065.0,2066.7699999999986,338.0,239,URBAN BLACK RIBBONS ,1131,1703,0.010597912510850706
22293,2064.0,2903.700000000003,237.0,167,HANGING CHICK GREEN DECORATION,1132,1354,0.014889493537141165
22550,2064.0,7692.1399999999985,427.0,270,HOLIDAY FUN LUDO,1132,595,0.03944349237758202
23266,2062.0,2752.6500000000015,341.0,107,SET OF 3 WOODEN STOCKING DECORATION,1133,1408,0.01411494451390006
85118,2062.0,1143.68,83.0,69,HEART T-LIGHT HOLDER,1133,2345,0.005864523183716497
85231B,2061.0,1886.9700000000018,395.0,247,CINAMMON SET OF 9 T-LIGHTS,1134,1808,0.009675940221021202
16169M,2060.0,640.95,60.0,54,WRAP DAISY CARPET ,1135,2949,0.003286641485907849
22364,2060.0,6516.309999999983,347.0,240,GLASS JAR DIGESTIVE BISCUITS,1135,712,0.03341411152357613
21747,2050.0,2453.6000000000004,155.0,128,SMALL SKULL WINDMILL,1136,1526,0.012581486153090723
21070,2047.0,2099.710000000001,235.0,174,VINTAGE BILLBOARD MUG ,1137,1687,0.010766821116117594
72807C,2044.0,9005.399999999996,393.0,251,SET/3 VANILLA SCENTED CANDLE IN BOX,1138,520,0.04617758208470946
22262,2039.0,1958.870000000002,327.0,206,FELT EGG COSY CHICKEN,1139,1770,0.010044626581637123
85053,2038.0,4373.849999999998,391.0,234,FRENCH ENAMEL CANDLEHOLDER,1140,997,0.022428078419748868
23101,2037.0,1744.6100000000001,219.0,98,SILVER STARS TABLE DECORATION,1141,1885,0.008945951482533259
22747,2035.0,4487.199999999995,411.0,203,POPPY'S PLAYHOUSE BATHROOM,1142,979,0.023009310672541826
22604,2027.0,4983.1200000000035,260.0,171,SET OF 4 NAPKIN CHARMS CUTLERY,1143,902,0.02555227228529079
85131A,2026.0,1620.4800000000002,201.0,153,BEADED PEARL HEART WHITE ON STICK,1144,1967,0.008309441914476873
16169N,2025.0,626.25,56.0,49,WRAP BLUE RUSSIAN FOLKART,1145,2970,0.003211263328730463
21873,2024.0,2377.5099999999993,206.0,160,IF YOU CAN'T STAND THE HEAT MUG,1146,1555,0.012191314453796346
22264,2022.0,1158.2400000000005,178.0,112,FELT FARM ANIMAL WHITE BUNNY ,1147,2330,0.005939183453682671
22949,2022.0,2875.590000000004,178.0,128,SET OF 36 DOLLY GIRL PAPER DOILIES,1147,1364,0.014745352040661148
23280,2022.0,1610.0700000000015,158.0,107,FOLDING BUTTERFLY MIRROR HOT PINK ,1147,1973,0.008256061872557383
21785,2012.0,1520.5800000000002,108.0,81,RAIN PONCHO ,1148,2038,0.007797178111618313
37444B,2010.0,409.6,28.0,26,BLUE BREAKFAST CUP AND SAUCER ,1149,3311,0.0021003328693780404
84975,2010.0,3300.200000000002,219.0,139,HEART SHAPED MIRROR,1149,1242,0.016922652674612824
85224,2008.0,1129.3599999999997,67.0,54,ASSORTED COLOUR SILK GLASSES CASE,1150,2360,0.005791093577540974
21214,2007.0,2922.2700000000023,203.0,121,SET OF 72 IVORY PAPER DOILIES,1151,1349,0.014984716147942799
20653,2004.0,528.77,81.0,70,CHERRY BLOSSOM LUGGAGE TAG,1152,3133,0.0027114087190943026
22917,2003.0,1391.1999999999998,260.0,157,HERB MARKER ROSEMARY,1153,2132,0.007133747773141428
22186,2002.0,5416.979999999997,345.0,175,RED STAR CARD HOLDER,1154,840,0.02777700475284045
22179,1999.0,14269.270000000039,568.0,352,SET 10 NIGHT OWL LIGHTS,1155,310,0.07316947461677263
22136,1994.0,3330.4700000000025,274.0,198,LOVE HEART SOCK HANGER,1156,1236,0.017077870145208708
85218,1992.0,625.1999999999999,2.0,2,S/5 MINI ICE CREAM FRIDGE MAGNETS,1157,2973,0.003205879174646364
85230A,1992.0,497.03999999999974,48.0,46,OPIUM SCENTED VOTIVE CANDLE,1157,3190,0.0025487047104386243
22547,1989.0,850.6000000000012,194.0,150,MINI JIGSAW DINOSAUR ,1158,2667,0.004361677584699618
23186,1982.0,819.4599999999999,71.0,55,FRENCH STYLE STORAGE JAR CAFE ,1159,2705,0.004201998957862618
22592,1979.0,7941.960000000001,307.0,151,CARDHOLDER HOLLY WREATH METAL,1160,577,0.04072451082833404
23436,1979.0,2367.390000000001,114.0,68,VINTAGE CHRISTMAS GIFT BAG LARGE ,1160,1559,0.012139421463957228
22191,1975.0,16284.049999999988,631.0,347,IVORY DINER WALL CLOCK,1161,266,0.08350079458397328
22416,1971.0,2764.8100000000013,177.0,153,SET OF 36 SPACEBOY PAPER DOILIES,1162,1398,0.014177298145959721
35971,1969.0,1955.2400000000011,228.0,180,ROSE FOLKART HEART DECORATIONS,1163,1774,0.01002601279180352
22916,1965.0,1365.3300000000006,257.0,161,HERB MARKER THYME,1164,2154,0.007001092472040823
22286,1964.0,2245.2999999999984,199.0,140,DECORATION WOBBLY RABBIT METAL ,1165,1617,0.011513372538121363
23004,1963.0,886.7800000000003,226.0,140,TRAVEL CARD WALLET PANTRY,1166,2630,0.004547200151140281
23264,1963.0,2687.1800000000007,316.0,103,SET OF 3 WOODEN SLEIGH DECORATIONS,1166,1443,0.013779229687342
22897,1958.0,2897.650000000001,300.0,192,OVEN MITT APPLES DESIGN,1167,1355,0.014858470554085158
35095B,1958.0,768.7500000000002,178.0,146,RED VICTORIAN FABRIC OVAL BOX,1167,2761,0.003941969954429612
22479,1951.0,2706.190000000001,218.0,165,DAISY GARDEN MARKER,1168,1438,0.013876708515093166
22525,1949.0,2752.540000000001,332.0,178,CHILDRENS GARDEN GLOVES PINK,1169,1410,0.014114380459662679
22044,1940.0,550.28,89.0,60,CHRISTMAS CARD STACK OF PRESENTS,1170,3093,0.0028217069613314157
84849B,1936.0,3244.140000000005,294.0,216,FAIRY SOAP SOAP HOLDER,1171,1257,0.016635190124179897
23504,1934.0,2857.6400000000003,221.0,63,PLAYING CARDS JUBILEE UNION JACK,1172,1372,0.014653308644652011
23083,1932.0,7247.190000000002,249.0,101,SET 6 PAPER TABLE LANTERN STARS ,1173,629,0.037161892987372665
22918,1931.0,1326.7600000000004,258.0,156,HERB MARKER PARSLEY,1174,2189,0.006803314545351586
21327,1930.0,3384.300000000005,503.0,312,SKULLS WRITING SET ,1175,1227,0.017353897777920197
21564,1928.0,4508.4899999999925,295.0,230,PINK  HEART SHAPE LOVE BUCKET ,1176,974,0.023118480806304163
20733,1927.0,1452.259999999998,297.0,201,GOLD MINI TAPE MEASURE ,1177,2093,0.0074468491525462605
21007,1927.0,914.6700000000001,48.0,33,ETCHED GLASS DROPLET DECORATION,1177,2599,0.004690213539145538
72225C,1926.0,466.37999999999977,38.0,37,LAVENDER SCENT CAKE CANDLE,1178,3227,0.0023914874111829344
22524,1925.0,2713.2299999999987,295.0,175,CHILDRENS GARDEN GLOVES BLUE,1179,1433,0.013912807986285589
23437,1925.0,2353.7100000000005,128.0,65, 50'S CHRISTMAS GIFT BAG LARGE,1179,1568,0.012069273627890108
23193,1924.0,4083.779999999999,180.0,120,BUFFALO BILL TREASURE BOOK BOX,1180,1058,0.020940667395773074
21384,1923.0,1815.2900000000004,154.0,84,IVORY HANGING DECORATION  BUTTERFLY,1181,1848,0.009308381968880038
85014D,1919.0,6670.400000000001,91.0,48,PINK/BROWN DOTS RUFFLED UMBRELLA,1182,695,0.03420424895483223
23399,1918.0,1744.0299999999997,239.0,80,HOME SWEET HOME HANGING HEART,1183,1886,0.008942977378372517
22193,1915.0,16144.21999999998,622.0,325,RED DINER WALL CLOCK,1184,271,0.08278377909294507
22101,1909.0,2790.2699999999977,117.0,97,MIRROR MOSAIC VOTIVE HOLDER,1185,1391,0.014307851063084617
85071A,1908.0,1418.6399999999994,150.0,107,BLUE CHARLIE+LOLA PERSONAL DOORSIGN,1186,2117,0.007274453666539213
21541,1907.0,1636.240000000001,203.0,133,DINOSAURS WATER TRANSFER TATTOOS ,1187,1957,0.008390255503396305
22396,1901.0,1429.9300000000007,190.0,146,MAGNETS PACK OF 4 RETRO PHOTO,1188,2107,0.0073323461423577705
20960,1900.0,2550.8400000000024,218.0,150,WATERMELON BATH SPONGE,1189,1491,0.013080110098936242
22276,1895.0,4900.160000000013,380.0,245,WASH BAG VINTAGE ROSE PAISLEY,1190,907,0.025126872834989072
22972,1891.0,3234.5900000000015,248.0,155,CHILDREN'S SPACEBOY MUG,1191,1262,0.01658621996084355
23287,1890.0,1611.9599999999996,201.0,106,RED VINTAGE SPOT BEAKER,1192,1972,0.008265753349908752
22583,1889.0,4996.550000000007,370.0,223,PACK OF 6 HANDBAG GIFT BOXES,1193,898,0.025621138179909325
21452,1883.0,5754.929999999987,426.0,269,TOADSTOOL MONEY BOX,1194,791,0.02950993320305112
22483,1883.0,5458.209999999987,355.0,240,RED GINGHAM TEDDY BEAR ,1194,835,0.02798842253654269
21542,1882.0,1605.0000000000005,192.0,126,WOODLAND WATER TRANSFER TATTOOS ,1195,1978,0.008230064099979872
20657,1878.0,727.7200000000004,119.0,95,TROPICAL LUGGAGE TAG,1196,2817,0.003731577723886202
22251,1875.0,2322.640000000001,304.0,213,BIRDHOUSE DECORATION MAGIC GARDEN,1197,1578,0.011909953944658724
23196,1874.0,2841.459999999999,306.0,117,VINTAGE LEAF MAGNETIC NOTEPAD,1198,1376,0.014570341394098935
22067,1873.0,3049.020000000002,262.0,199,CHOC TRUFFLE GOLD TRINKET POT ,1199,1321,0.01563466046238046
21945,1872.0,1314.0400000000022,242.0,166,STRAWBERRIES  DESIGN FLANNEL ,1200,2200,0.006738089364447082
23147,1870.0,2755.100000000001,266.0,139,SINGLE ANTIQUE ROSE HOOK IVORY,1201,1407,0.014127507540096288
23229,1861.0,6702.290000000003,254.0,114,VINTAGE DONKEY TAIL GAME ,1202,689,0.03436777340601502
23382,1860.0,7247.9900000000025,218.0,47,BOX OF 6 CHRISTMAS CAKE DECORATIONS,1203,628,0.03716599520000817
23365,1858.0,1463.1299999999999,174.0,55,SET 12 COLOUR PENCILS LOVE LONDON,1204,2081,0.007502587966731182
84006,1858.0,1739.7700000000011,214.0,144,MAGIC TREE -PAPER FLOWERS,1204,1890,0.008921133096088465
85041,1858.0,2498.119999999999,100.0,62,SET/4 PINK ORCHID CANDLES IN BOWL,1204,1506,0.012809774286256513
21864,1856.0,4433.780000000003,420.0,273,UNION JACK FLAG PASSPORT COVER ,1205,984,0.02273538542380609
23238,1856.0,7800.659999999995,284.0,131,SET OF 4 KNICK KNACK TINS LONDON ,1205,587,0.039999957521588116
21014,1852.0,929.7899999999994,196.0,122,SWISS CHALET TREE DECORATION ,1206,2583,0.00476774535795656
21011,1851.0,1389.7499999999995,131.0,73,GLITTER SNOW PEAR TREE DECORATION,1207,2134,0.007126312512739576
22102,1851.0,1206.54,62.0,54,MIRROR MOSAIC T-LIGHT HOLDER ,1207,2292,0.006186854541551223
22265,1849.0,1211.7,180.0,122,EASTER DECORATION NATURAL CHICK,1208,2286,0.006213313813050223
22361,1848.0,6039.42999999998,502.0,303,GLASS JAR DAISY FRESH COTTON WOOL,1209,757,0.030968782571552188
21171,1847.0,2581.17,262.0,179,BATHROOM METAL SIGN ,1210,1482,0.013235635235479775
23552,1846.0,3821.9500000000003,122.0,12,BICYCLE PUNCTURE REPAIR KIT ,1211,1121,0.01959806447783057
22965,1843.0,3834.1099999999956,263.0,174,3 TRADITIONAl BISCUIT CUTTERS  SET,1212,1119,0.019660418109890204
23551,1842.0,840.1800000000003,140.0,69,PACK OF 12 PAISLEY PARK TISSUES ,1213,2683,0.004308246265122174
84012,1840.0,2633.569999999999,182.0,130,MAGIC SHEEP WOOL GROWING FROM PAPER,1214,1462,0.013504330163105281
22070,1837.0,5697.86,328.0,238,SMALL RED RETROSPOT MUG IN BOX ,1215,800,0.02921729160916592
23194,1837.0,4079.5399999999977,219.0,130,GYMKHANA TREASURE BOOK BOX,1215,1060,0.020918925668804895
22342,1835.0,2539.469999999997,232.0,195,HOME GARLAND PAINTED ZINC ,1216,1493,0.013021807401854116
79163,1833.0,1240.83,65.0,56,BLACK CHAMPAGNE GLASS,1217,2269,0.006362685630640512
23163,1832.0,4515.220000000004,209.0,132,REGENCY SUGAR TONGS,1218,973,0.023152990670100397
22676,1831.0,2465.0200000000023,308.0,200,FRENCH BLUE METAL DOOR SIGN 1,1219,1520,0.012640045238462553
23550,1830.0,752.6,63.0,47,WRAP ALPHABET POSTER  ,1220,2788,0.0038591565368503735
22605,1828.0,23439.570000000025,644.0,315,WOODEN CROQUET GARDEN SET,1221,169,0.1201926252809753
35649,1826.0,1362.9000000000005,54.0,48,VINTAGE BEAD COSMETIC BAG ,1222,2157,0.006988632001160479
21336,1823.0,527.5599999999998,43.0,42,GOLD WASHBAG,1223,3136,0.002705204122483102
22371,1823.0,8919.27,692.0,362,AIRLINE BAG VINTAGE TOKYO 78,1223,526,0.04573592761683953
22175,1822.0,5269.569999999991,368.0,258,PINK OWL SOFT TOY,1224,856,0.027021120797090868
85177,1820.0,1514.0000000000018,143.0,126,BASKET OF FLOWERS SEWING KIT,1225,2041,0.0077634374126913
85194L,1820.0,1562.3300000000004,149.0,100,HANGING SPRING FLOWER EGG LARGE,1225,2012,0.008011262333533678
23501,1819.0,2210.5300000000007,114.0,45,KEY RING BASEBALL BOOT UNION JACK,1226,1637,0.011335080121450783
72484,1818.0,991.3800000000001,66.0,41,ROSES IN WHITE HEART CANDLE ,1227,2505,0.005083564453232426
85116,1817.0,2206.2400000000007,182.0,139,BLACK CANDELABRA T-LIGHT HOLDER,1228,1642,0.011313082006192892
22199,1815.0,7461.310000000003,406.0,282,FRYING PAN RED RETROSPOT,1229,615,0.03825985019926531
23438,1811.0,2212.42,110.0,64, RED SPOT GIFT BAG LARGE,1230,1635,0.011344771598802157
21826,1808.0,2336.870000000001,256.0,167,EIGHT PIECE DINOSAUR SET,1231,1575,0.01198292205191275
35095A,1808.0,724.7300000000006,165.0,137,BLUE VICTORIAN FABRIC OVAL BOX,1231,2821,0.0037162457041610064
22340,1807.0,1521.8099999999997,186.0,105,NOEL GARLAND PAINTED ZINC ,1232,2037,0.007803485263545397
22919,1804.0,1258.0399999999995,255.0,152,HERB MARKER MINT,1233,2252,0.006450934479961789
23330,1804.0,2299.4700000000007,231.0,91,DECORATIVE WICKER HEART MEDIUM,1233,1589,0.011791143611202938
90057,1804.0,2675.8799999999997,37.0,33,DIAMANTE RING ASSORTED IN BOX.,1233,1446,0.0137212859338655
21503,1801.0,740.42,64.0,58,TOYBOX  WRAP ,1234,2803,0.0037967003494748255
22650,1797.0,2730.1499999999996,287.0,196,CERAMIC PIRATE CHEST MONEY BANK,1235,1422,0.013999569783526502
21421,1792.0,2144.48,108.0,84,PORCELAIN ROSE LARGE ,1236,1665,0.010996391190731982
21675,1792.0,1583.7800000000018,270.0,200,BUTTERFLIES STICKERS,1236,1991,0.008121252909823136
21906,1791.0,12906.670000000031,428.0,283,PHARMACIE FIRST AID TIN,1237,359,0.06618238094535042
21944,1790.0,1106.8600000000013,206.0,142,KITTENS DESIGN FLANNEL,1238,2380,0.005675718847167432
22598,1790.0,1129.69,147.0,91,CHRISTMAS MUSICAL ZINC TREE,1238,2359,0.005792785740253121
84818,1789.0,2383.0399999999986,215.0,167,DANISH ROSE PHOTO FRAME,1239,1553,0.012219670998639262
20886,1783.0,3551.9200000000023,319.0,231,BOX OF 9 PEBBLE CANDLES,1240,1183,0.018213413880374153
23352,1782.0,2425.810000000001,212.0,76,ROLL WRAP 50'S RED CHRISTMAS ,1241,1537,0.012438985541664905
23265,1781.0,2416.1600000000008,316.0,102,SET OF 3 WOODEN TREE DECORATIONS,1242,1541,0.012389502601749139
23480,1781.0,6644.260000000003,216.0,43,MINI LIGHTS WOODLAND MUSHROOMS,1242,703,0.03407020915696715
22957,1778.0,5023.5,219.0,80,SET 3 PAPER VINTAGE CHICK PAPER EGG,1243,892,0.025759331468067834
23329,1778.0,3056.3400000000015,261.0,93,DECORATIVE WICKER HEART LARGE,1243,1318,0.01567219570799532
22921,1776.0,1229.9699999999998,226.0,138,HERB MARKER CHIVES ,1244,2274,0.0063069980941135445
21624,1775.0,10664.950000000026,409.0,267,VINTAGE UNION JACK DOORSTOP,1245,438,0.05468736580877291
22042,1774.0,642.31,132.0,87,CHRISTMAS CARD SINGING ANGEL,1246,2946,0.003293615247388205
21340,1771.0,19337.479999999985,426.0,253,CLASSIC METAL BIRDCAGE PLANT HOLDER,1247,220,0.09915806849350692
21634,1771.0,1507.739999999999,69.0,64,ASSORTED MINI MADRAS NOTEBOOK,1247,2044,0.007731337598818468
18097C,1770.0,3942.7700000000004,219.0,162,WHITE TALL PORCELAIN T-LIGHT HOLDER,1248,1091,0.02021760114110756
21666,1766.0,1109.049999999999,87.0,78,RIDGED GLASS T-LIGHT HOLDER,1249,2376,0.005686948654257113
22117,1765.0,5207.73,230.0,178,METAL SIGN HER DINNER IS SERVED ,1250,866,0.026704019760366456
22103,1764.0,1790.34,74.0,64,MIRROR MOSAIC T-LIGHT HOLDER ROUND,1251,1862,0.009180444212310256
23006,1764.0,765.2700000000003,174.0,119,TRAVEL CARD WALLET FLOWER MEADOW,1251,2770,0.003924125329465169
79030G,1763.0,1475.1899999999994,123.0,90,TUMBLER NEW ENGLAND,1252,2066,0.007564428822211401
84341B,1762.0,926.4299999999994,129.0,90,SMALL PINK MAGIC CHRISTMAS TREE,1253,2587,0.004750516064887442
85194S,1760.0,889.4600000000003,133.0,105,HANGING SPRING FLOWER EGG SMALL,1254,2629,0.004560942563469219
84884A,1757.0,6659.169999999984,347.0,256,ANT WHITE WIRE HEART SPIRAL,1255,698,0.03414666414496125
16169P,1750.0,533.75,48.0,46,WRAP GREEN RUSSIAN FOLKART ,1256,3124,0.002736944992750315
22157,1748.0,1493.8999999999999,132.0,77,ANGEL DECORATION WITH LACE PADDED,1257,2054,0.007660369320224254
84826,1745.0,878.4300000000002,64.0,44,ASSTD DESIGN 3D PAPER STICKERS,1258,2638,0.004504383306757207
22310,1740.0,3115.5899999999997,227.0,171,IVORY KNITTED MUG COSY ,1259,1298,0.01597601583131232
37327,1740.0,1052.0800000000006,92.0,72,ASSTD MULTICOLOUR CIRCLES MUG,1259,2436,0.005394819836951293
22779,1739.0,6648.350000000001,200.0,141,WOODEN OWLS LIGHT GARLAND ,1260,701,0.03409118171906615
35832,1739.0,5347.750000000002,192.0,73,WOOLLY HAT SOCK GLOVE ADVENT STRING,1260,849,0.027422009526895556
22468,1737.0,11549.350000000017,414.0,258,BABUSHKA LIGHTS STRING OF 10,1261,402,0.059222361877322514
23271,1734.0,1499.3799999999999,107.0,59,CHRISTMAS TABLE SILVER CANDLE SPIKE,1262,2051,0.007688469476777456
23327,1734.0,1051.14,42.0,29,HANGING CLEAR MINI BOTTLE,1262,2438,0.005389999737104574
84880,1734.0,9927.840000000007,382.0,244,WHITE WIRE EGG HOLDER,1262,478,0.050907638364077384
22628,1732.0,8308.400000000001,354.0,223,PICNIC BOXES SET OF 3 RETROSPOT ,1263,562,0.04260352932602664
22228,1729.0,1458.3000000000018,280.0,182,BUNNY WOODEN PAINTED WITH BIRD ,1264,2086,0.007477820857944335
35598D,1727.0,1312.1999999999996,103.0,82,PINK/WHITE CHRISTMAS TREE 60CM,1265,2204,0.0067286542753854095
22902,1726.0,3527.5600000000004,205.0,141,TOTE BAG I LOVE LONDON,1266,1190,0.01808850150562305
85183B,1725.0,2731.7599999999998,172.0,139,CHARLIE & LOLA WASTEPAPER BIN FLORA,1267,1421,0.014007825486455457
72760B,1722.0,16614.510000000002,504.0,284,VINTAGE CREAM 3 BASKET CAKE STAND,1268,261,0.08519531606838415
22403,1721.0,1202.5300000000009,217.0,165,MAGNETS PACK OF 4 VINTAGE LABELS ,1269,2296,0.006166292200715763
23234,1721.0,5065.290000000002,279.0,108,BISCUIT TIN VINTAGE CHRISTMAS,1269,887,0.025973620800614983
85226A,1717.0,934.7200000000003,153.0,101,WHITE/BLUE PULL BACK RACING CAR,1270,2575,0.004793025243322857
23120,1716.0,695.4099999999999,113.0,71,PACK OF 6 SMALL FRUIT STRAWS,1271,2869,0.003565899611069782
23161,1715.0,2145.3000000000006,98.0,76,REGENCY CAKE FORK,1272,1664,0.011000595958683376
21774,1714.0,2132.350000000003,372.0,268,DECORATIVE CATS BATHROOM BOTTLE,1273,1675,0.010934191391646168
23371,1708.0,2304.9000000000005,190.0,64,SET 36 COLOUR PENCILS SPACEBOY ,1274,1586,0.011818987379466421
22776,1707.0,17500.49,691.0,274,SWEETHEART 3 TIER CAKE STAND ,1275,247,0.08973841400688892
23254,1706.0,6915.56,306.0,149,CHILDRENS CUTLERY DOLLY GIRL ,1276,658,0.03546137201698242
23190,1701.0,2760.2499999999995,202.0,119,BUNDLE OF 3 SCHOOL EXERCISE BOOKS  ,1277,1403,0.01415391553393734
21817,1699.0,1086.0099999999995,142.0,86,GLITTER CHRISTMAS TREE,1278,2402,0.005568804930354601
21402,1697.0,333.0000000000001,151.0,133,RED  EGG  SPOON,1279,3437,0.0017075460095285343
21684,1696.0,1357.610000000001,105.0,94,SMALL MEDINA STAMPED METAL BOWL ,1280,2164,0.006961506120108212
22634,1696.0,16016.139999999987,509.0,285,CHILDS BREAKFAST SET SPACEBOY ,1280,272,0.08212701485000092
21015,1694.0,765.6700000000003,188.0,115,DARK BIRD HOUSE TREE DECORATION,1281,2769,0.003926176435782922
21947,1694.0,2325.3500000000017,307.0,213,SET OF 6 HEART CHOPSTICKS,1281,1576,0.011923850189961498
22409,1694.0,2300.46,168.0,135,MONEY BOX BISCUITS DESIGN,1281,1588,0.011796220099339371
22671,1692.0,2817.940000000003,251.0,180,FRENCH LAUNDRY SIGN BLUE METAL,1282,1382,0.014449736342615139
16168M,1686.0,512.38,101.0,89,FUNKY MONKEY GIFT BAG MEDIUM,1283,3161,0.0026273646377244146
85230G,1680.0,425.7599999999998,46.0,44,ORANGE VOTIVE CANDLE,1284,3279,0.00218319756461522
85016,1679.0,2033.3299999999977,167.0,132,SET OF 6 VINTAGE NOTELETS KIT,1285,1718,0.010426440022686634
22096,1676.0,944.0899999999993,192.0,138,PINK PAISLEY SQUARE TISSUE BOX ,1286,2567,0.004841072408816194
23213,1676.0,2122.4500000000003,155.0,76,STAR WREATH DECORATION WITH BELL,1286,1679,0.010883426510281792
22036,1673.0,705.1899999999999,137.0,97,DINOSAUR BIRTHDAY CARD,1287,2856,0.003616049160538819
85197,1673.0,967.8600000000006,79.0,56,SET OF 12 MINI BUNNIES IN A BUCKET,1287,2536,0.004962959401748611
23156,1672.0,3437.8499999999995,212.0,128,SET OF 5 MINI GROCERY MAGNETS,1288,1207,0.017628489636209214
15044B,1670.0,4644.129999999994,189.0,150,BLUE PAPER PARASOL ,1289,949,0.023814010958653868
21973,1670.0,2420.030000000001,210.0,162,SET OF 36 MUSHROOM PAPER DOILIES,1289,1539,0.012409347055373391
21942,1669.0,1131.3900000000017,219.0,148,SKULLS DESIGN FLANNEL,1290,2357,0.005801502942103576
22821,1669.0,1052.7599999999989,186.0,135,GIFT BAG PSYCHEDELIC APPLES,1290,2433,0.005398306717691463
21249,1668.0,4791.179999999991,261.0,211,WOODLAND  HEIGHT CHART STICKERS ,1291,922,0.024568048918717434
21641,1666.0,946.3099999999997,111.0,98,ASSORTED TUTTI FRUTTI KEYRING BALL,1292,2561,0.004852456048879719
47580,1666.0,4308.800000000005,351.0,255,TEA TIME DES TEA COSY,1292,1012,0.022094517254824485
22635,1664.0,15834.809999999983,491.0,263,CHILDS BREAKFAST SET DOLLY GIRL ,1293,277,0.08119719707850598
22230,1659.0,1135.7800000000004,198.0,158,JIGSAW TREE WITH WATERING CAN,1294,2355,0.005824013833940897
22639,1657.0,4036.4200000000023,286.0,181,SET OF 4 NAPKIN CHARMS HEARTS,1295,1073,0.020697816407751254
37444C,1656.0,674.4999999999999,56.0,47,PINK BREAKFAST CUP AND SAUCER ,1296,2897,0.0034586780283092965
22249,1654.0,1449.9600000000012,258.0,154,DECORATION WHITE CHICK MAGIC GARDEN,1297,2095,0.007435055291219204
22034,1653.0,688.6100000000001,97.0,61,ROBIN CHRISTMAS CARD,1298,2877,0.0035310308036679994
85039B,1653.0,2185.4400000000037,268.0,192,S/4 IVORY MINI ROSE CANDLE IN BOWL,1298,1649,0.011206424477669804
22974,1645.0,2810.660000000002,216.0,150,CHILDRENS DOLLY GIRL MUG,1299,1386,0.01441240620763205
21773,1644.0,1901.9000000000015,312.0,233,DECORATIVE ROSE BATHROOM BOTTLE,1300,1797,0.009752497764331293
22405,1644.0,1995.8799999999999,223.0,160,MONEY BOX POCKET MONEY DESIGN,1300,1743,0.010234405193687117
23227,1642.0,2070.0600000000004,117.0,88,FILIGREE HEART BUTTERFLY WHITE ,1301,1701,0.010614782860314224
21110,1641.0,7736.120000000003,334.0,227,LARGE CAKE TOWEL PINK SPOTS,1302,593,0.03966901151721887
22306,1639.0,2340.620000000001,168.0,111,SILVER MUG BONE CHINA TREE OF LIFE,1303,1574,0.012002151173641675
21414,1637.0,870.8900000000004,37.0,34,SCALLOP SHELL SOAP DISH,1304,2649,0.004465719952667584
47480,1637.0,2707.41,151.0,125,HANGING PHOTO CLIP ROPE LADDER,1304,1436,0.013882964389362304
84509A,1636.0,6738.820000000001,479.0,314,SET OF 4 ENGLISH ROSE PLACEMATS,1305,685,0.03455509069048371
23291,1635.0,2060.2800000000007,197.0,108,DOLLY GIRL CHILDRENS CUP,1306,1708,0.01056463331084519
22487,1634.0,16393.600000000002,902.0,408,WHITE WOOD GARDEN PLANT LADDER,1307,264,0.08406254132674766
20832,1633.0,1080.1699999999998,159.0,124,RED FLOCK LOVE HEART PHOTO FRAME,1308,2407,0.0055388587781154235
23500,1631.0,2044.5800000000002,107.0,43,KEY RING BASEBALL BOOT ASSORTED ,1309,1715,0.010484127387873424
17164B,1630.0,650.7600000000001,91.0,67,ASS COL SMALL SAND GECKO P'WEIGHT,1310,2931,0.003336944868350717
23498,1630.0,2354.5000000000005,104.0,12,CLASSIC BICYCLE CLIPS ,1310,1567,0.012073324562867669
22322,1629.0,1538.4100000000035,273.0,199,BIRD DECORATION GREEN POLKADOT,1311,2025,0.007888606175732124
37342,1629.0,1731.4000000000005,132.0,99,POLKADOT COFFEE CUP & SAUCER PINK,1311,1898,0.008878213696389503
21614,1628.0,4541.119999999995,198.0,145,SET OF 12 ROSE BOTANICAL T-LIGHTS,1312,966,0.023285799804174796
21756,1628.0,10039.85,599.0,322,BATH BUILDING BLOCK WORD,1312,471,0.05148199941070585
21846,1625.0,3833.400000000003,266.0,187,PINK DIAMANTE PEN IN GIFT BOX,1313,1120,0.019656777396176234
22636,1625.0,13496.529999999993,499.0,278,CHILDS BREAKFAST SET CIRCUS PARADE,1313,337,0.0692070448768232
22780,1625.0,6176.090000000001,183.0,134,LIGHT GARLAND BUTTERFILES PINK,1313,744,0.03166954304501226
23289,1622.0,2013.7000000000012,192.0,107,DOLLY GIRL CHILDRENS BOWL,1314,1730,0.010325781980142973
79191C,1622.0,1296.3100000000015,159.0,130,RETRO PLASTIC ELEPHANT TRAY,1314,2213,0.0066471740769127215
22135,1619.0,801.5900000000008,317.0,222,MINI LADLE LOVE HEART PINK,1315,2730,0.004110365783117053
23251,1617.0,2007.16,120.0,83,VINTAGE RED ENAMEL TRIM MUG ,1316,1738,0.010292246391847722
79067,1616.0,6383.949999999999,399.0,209,CORONA MEXICAN TRAY,1317,730,0.032735400443032074
21905,1615.0,2141.54,263.0,207,MORE BUTTER METAL SIGN ,1318,1670,0.010981315559296505
22033,1615.0,686.9699999999999,129.0,108,BOTANICAL ROSE GREETING CARD,1318,2879,0.0035226212677652146
20707,1614.0,1244.9300000000003,201.0,150,CRAZY DAISY HEART DECORATION,1319,2267,0.006383709470397471
20738,1610.0,1301.72,74.0,63,GREEN MINI TAPE MEASURE ,1320,2211,0.0066749152898603085
21556,1609.0,4249.510000000006,299.0,209,CERAMIC STRAWBERRY MONEY BOX,1321,1029,0.021790492020875702
21204,1608.0,2682.990000000001,207.0,169,DAISIES  HONEYCOMB GARLAND ,1322,1444,0.013757744348663552
23373,1608.0,1313.3900000000003,100.0,59,VINTAGE CHRISTMAS PAPER GIFT BAG,1322,2202,0.006734756316680725
22627,1601.0,14025.299999999977,659.0,322,MINT KITCHEN SCALES,1323,318,0.07191845359591743
20748,1600.0,14266.979999999994,183.0,128,KENSINGTON COFFEE SET,1324,311,0.07315773203310326
22795,1600.0,11182.980000000018,505.0,213,SWEETHEART RECIPE BOOK STAND,1324,418,0.05734370232323553
85064,1599.0,7514.859999999999,281.0,151,CREAM SWEETHEART LETTER RACK,1325,611,0.03853444205755434
15044D,1597.0,4562.599999999991,230.0,181,RED PAPER PARASOL,1326,961,0.023395944213438057
21059,1597.0,1349.4100000000017,222.0,188,PARTY INVITES DINOSAURS,1326,2171,0.006919458440594299
23331,1596.0,1062.2799999999995,114.0,66,DECORATIVE WICKER HEART SMALL,1327,2421,0.005447123048053964
22923,1595.0,1325.0900000000004,91.0,71,FRIDGE MAGNETS LES ENFANTS ASSORTED,1328,2190,0.006794751176474971
20658,1594.0,2263.86,368.0,240,RED RETROSPOT LUGGAGE TAG,1329,1609,0.011608543871265064
20734,1592.0,1470.62,118.0,102,SILVER MINI TAPE MEASURE ,1330,2073,0.007540994932531088
22702,1591.0,3160.5199999999995,97.0,83,BLACK AND WHITE CAT BOWL,1331,1283,0.016206406348453814
22210,1589.0,1901.7299999999996,298.0,196,WOOD STAMP SET BEST WISHES,1332,1798,0.009751626044146238
22318,1589.0,5001.679999999985,398.0,275,FIVE HEART HANGING DECORATION,1332,897,0.025647443618434386
22344,1583.0,807.8900000000001,134.0,108,PARTY PIZZA DISH PINK POLKADOT,1333,2724,0.004142670707621644
22559,1583.0,1986.8700000000017,204.0,148,SEASIDE FLYING DISC,1333,1749,0.010188204023879762
22677,1583.0,2143.0300000000025,281.0,185,FRENCH BLUE METAL DOOR SIGN 2,1333,1667,0.010988955930330143
17129F,1580.0,1684.5800000000022,146.0,132,BLUE GLASS GEMS IN BAG,1334,1927,0.00863813170189664
20714,1580.0,649.82,28.0,14,POSY SHOPPER BAG,1334,2933,0.0033321247685039997
21356,1577.0,2002.1299999999997,354.0,244,TOAST ITS - FAIRY FLOWER,1335,1739,0.01026645372990199
23547,1575.0,661.5,62.0,48,WRAP FLOWER SHOP  ,1336,2913,0.0033920170729823573
16015,1572.0,711.38,65.0,60,MEDIUM CHINESE STYLE SCISSOR,1337,2845,0.003647790030806031
21879,1569.0,665.1599999999994,154.0,102,HEARTS GIFT TAPE,1338,2907,0.003410784695789785
23681,1567.0,2510.19,133.0,29,LUNCH BAG RED VINTAGE DOILY,1339,1502,0.012871666419394684
85196,1564.0,831.0400000000001,71.0,45,EASTER BUNNIES ON A STICK,1340,2695,0.00426137848576154
21717,1561.0,4057.4799999999996,179.0,111,EASTER TIN BUCKET,1341,1068,0.02080580715538088
22784,1561.0,7776.640000000001,380.0,209,LANTERN CREAM GAZEBO ,1341,588,0.03987678858720714
37495,1561.0,5736.349999999998,332.0,233,FAIRY CAKE BIRTHDAY CANDLE SET,1341,794,0.02941465931459159
22081,1560.0,2762.69,305.0,216,RIBBON REEL FLORA + FAUNA ,1342,1399,0.01416642728247563
22260,1560.0,1595.7600000000004,250.0,161,FELT EGG COSY BLUE RABBIT ,1342,1984,0.0081826835440398
72802B,1560.0,4263.220000000001,214.0,172,OCEAN SCENT CANDLE IN JEWELLED BOX,1342,1024,0.021860793689916627
84849D,1560.0,2621.650000000008,263.0,204,HOT BATHS SOAP HOLDER,1342,1466,0.013443207194836316
23169,1558.0,6671.14,317.0,147,CLASSIC GLASS COOKIE JAR,1343,694,0.03420804350152007
72817,1553.0,1671.2799999999997,216.0,113,SET OF 2 CHRISTMAS DECOUPAGE CANDLE,1344,1936,0.008569932416831374
21257,1551.0,13945.180000000004,535.0,319,VICTORIAN SEWING BOX MEDIUM,1345,323,0.07150761700047184
23370,1550.0,2149.1800000000007,156.0,61,SET 36 COLOURING PENCILS DOILY,1346,1661,0.011020491689965571
21284,1548.0,1670.4099999999992,141.0,114,RETROSPOT CANDLE  SMALL,1347,1940,0.00856547126059026
35923,1546.0,1025.0199999999995,114.0,93,CANDY HEART HANGING DECORATION,1348,2463,0.005256062494555366
85186A,1545.0,716.1100000000004,162.0,108,EASTER BUNNY GARLAND OF FLOWERS,1349,2838,0.0036720443630134498
85206B,1543.0,2485.549999999999,187.0,69,PINK FELT EASTER EGG BASKET,1350,1513,0.012745318270221156
21203,1541.0,2530.3000000000006,149.0,103,BUTTERFLIES  HONEYCOMB GARLAND,1351,1497,0.01297478578951967
23135,1541.0,5416.180000000001,45.0,38,SMALL ZINC HEART WALL ORGANISER,1351,841,0.02777290254020497
84596L,1540.0,1019.3400000000004,259.0,178,BISCUITS SMALL BOWL LIGHT BLUE,1352,2477,0.005226936784843292
22181,1538.0,1291.380000000001,140.0,121,SNOWSTORM PHOTO FRAME FRIDGE MAGNET,1353,2220,0.006621894191546425
84839,1538.0,8848.300000000003,407.0,187,SWEETHEART KEY CABINET,1353,529,0.0453720100784124
23221,1537.0,1363.8700000000001,150.0,77,REINDEER HEART DECORATION SILVER,1354,2156,0.006993605933981024
22071,1535.0,4370.92,265.0,199,SMALL WHITE RETROSPOT MUG IN BOX ,1355,998,0.022413054065971345
20716,1534.0,1926.29,250.0,185,PARTY FOOD SHOPPER BAG,1356,1784,0.009877563972056214
22211,1533.0,2025.6500000000003,299.0,200,WOOD STAMP SET FLOWERS,1357,1725,0.01038705878138581
22424,1531.0,20900.179999999942,742.0,363,ENAMEL BREAD BIN CREAM,1358,194,0.10717122810038429
18098C,1527.0,4746.139999999995,386.0,196,PORCELAIN BUTTERFLY OIL BURNER,1359,933,0.024337094347338575
22250,1526.0,1387.2100000000007,266.0,187,DECORATION  BUTTERFLY  MAGIC GARDEN,1360,2136,0.007113287987621856
22458,1525.0,3795.570000000001,175.0,126,CAST IRON HOOK GARDEN FORK,1361,1126,0.01946279401617483
21445,1523.0,1892.2299999999998,149.0,111,12 PINK ROSE PEG PLACE SETTINGS,1362,1803,0.009702912269099629
22269,1523.0,1360.2000000000014,208.0,166,EGG CUP NATURAL CHICKEN,1362,2160,0.006974787033515658
16225,1522.0,1272.1200000000001,168.0,126,RATTLE SNAKE EGGS,1363,2241,0.006523133422346662
20652,1521.0,1033.54,177.0,131,BLUE POLKADOT LUGGAGE TAG ,1364,2455,0.005299751059123486
21643,1521.0,2127.94,204.0,154,ASSORTED TUTTI FRUTTI MIRROR,1364,1677,0.010911577944492937
22744,1521.0,4260.709999999991,309.0,186,MAKE YOUR OWN MONSOON CARD KIT,1364,1025,0.02184792299777268
23302,1520.0,2175.6599999999994,235.0,118,KNEELING MAT HOUSEWORK  DESIGN,1365,1651,0.011156274928200746
84993A,1520.0,690.4800000000009,207.0,174,75 GREEN PETIT FOUR CASES,1365,2874,0.003540619725703494
84763,1517.0,1902.9999999999998,171.0,144,ZINC FINISH 15CM PLANTER POTS,1366,1796,0.009758138306705102
20735,1515.0,1540.2899999999997,202.0,152,BLACK MINI TAPE MEASURE ,1367,2023,0.007898246375425539
22924,1512.0,1327.920000000001,97.0,80,FRIDGE MAGNETS LA VIE EN ROSE,1368,2185,0.006809262753673069
85183A,1512.0,2275.75,143.0,116,CHARLIE & LOLA WASTEPAPER BIN BLUE,1368,1604,0.011669513006560241
20752,1509.0,2887.099999999994,361.0,247,BLUE POLKADOT WASHING UP GLOVES,1369,1359,0.014804372624954413
22743,1509.0,4563.149999999993,364.0,197,MAKE YOUR OWN FLOWERPOWER CARD KIT,1369,960,0.023398764484624975
85039A,1509.0,1868.970000000002,296.0,201,SET/4 RED MINI ROSE CANDLE IN BOWL,1369,1822,0.009583640436722364
23381,1508.0,567.12,82.0,50,PACK OF 12 VINTAGE LEAF TISSUES ,1370,3069,0.002908058537308775
84842,1506.0,747.9000000000001,36.0,34,HELLO SAILOR BATHROOM SET,1371,2797,0.0038350560376167885
21609,1502.0,4195.14,222.0,177,SET 12 LAVENDER  BOTANICAL T-LIGHTS,1372,1041,0.021511695394635235
21626,1500.0,3024.870000000005,210.0,153,VINTAGE UNION JACK PENNANT,1373,1329,0.015510824918446197
21258,1499.0,21312.249999999978,529.0,252,VICTORIAN SEWING BOX LARGE,1374,191,0.10928422655127464
23228,1492.0,1960.0000000000007,126.0,83,FILIGREE HEART BIRD WHITE ,1375,1769,0.010050420956984765
22222,1490.0,6165.789999999998,404.0,278,CAKE PLATE LOVEBIRD WHITE,1376,745,0.03161672705733013
22121,1489.0,9209.530000000004,452.0,185,NOEL WOODEN BLOCK LETTERS ,1377,511,0.04722431291631629
21431,1488.0,2519.6100000000006,283.0,163,GREEN GINGHAM FLOWER JEWELLERY BOX,1378,1500,0.012919969973177747
22438,1483.0,1958.4600000000016,183.0,128,BALLOON ART MAKE YOUR OWN FLOWERS,1379,1772,0.010042524197661426
85231G,1480.0,1291.0900000000017,263.0,191,ORANGE SCENTED SET/9 T-LIGHTS,1380,2221,0.0066204071394660585
21191,1479.0,3408.6099999999988,202.0,141,LARGE WHITE HONEYCOMB PAPER BELL  ,1381,1219,0.01747855376438154
21042,1477.0,8741.110000000011,407.0,262,RED RETROSPOT APRON ,1382,531,0.044822364862912856
23242,1476.0,3037.1100000000015,223.0,114,TREASURE TIN BUFFALO BILL ,1383,1325,0.015573588771769393
16156N,1475.0,619.5,56.0,47,"WRAP, FRIENDSHIP ON GREEN",1384,2980,0.003176650909618398
84459B,1475.0,2341.769999999998,217.0,144,YELLOW METAL CHICKEN HEART ,1384,1572,0.012008048104305198
22267,1473.0,1292.7199999999996,122.0,94,EASTER DECORATION EGG BUNNY ,1385,2218,0.006628765397710887
47421,1473.0,576.8999999999999,87.0,66,ASSORTED COLOUR LIZARD SUCTION HOOK,1385,3049,0.00295820808677781
21209,1471.0,1366.0900000000004,136.0,124,MULTICOLOUR HONEYCOMB FAN,1386,2153,0.007004989574044549
35004B,1471.0,6793.2999999999965,274.0,201,SET OF 3 BLACK FLYING DUCKS,1386,672,0.03483445137096151
79190B,1470.0,596.78,135.0,122,RETRO PLASTIC POLKA TRAY,1387,3021,0.003060148070770085
85174,1470.0,7242.0700000000015,375.0,246,S/4 CACTI CANDLES,1387,630,0.03713563882650543
22345,1469.0,711.1700000000001,131.0,102,PARTY PIZZA DISH BLUE POLKADOT,1388,2846,0.003646713199989211
22719,1467.0,1987.8300000000008,238.0,141,GUMBALL MONOCHROME COAT RACK,1389,1745,0.010193126679042363
23323,1467.0,3130.400000000001,305.0,114,WHITE WICKER STAR ,1389,1292,0.016051958042727098
85203,1465.0,666.7499999999998,233.0,168,HANGING WOOD AND FELT BUTTERFLY ,1390,2903,0.003418937843402851
23160,1462.0,1809.4800000000005,77.0,64,REGENCY TEA SPOON,1391,1852,0.00927858964961469
23197,1462.0,2276.6200000000003,249.0,113,SKETCHBOOK MAGNETIC SHOPPING LIST,1391,1602,0.011673974162801354
21063,1456.0,1256.2700000000013,238.0,192,PARTY INVITES JAZZ HEARTS,1392,2254,0.006441858334505745
21330,1456.0,2460.670000000001,207.0,121,WOODLAND ANIMAL  WRITING SET ,1392,1522,0.012617739457256992
20846,1454.0,1958.0600000000002,174.0,135,ZINC HEART LATTICE T-LIGHT HOLDER,1393,1773,0.010040473091343666
23431,1454.0,1175.38,77.0,48,NATURAL HANGING QUILTED HEARTS ,1393,2316,0.006027073359398343
21884,1449.0,664.2599999999995,162.0,130,CAKES AND BOWS GIFT  TAPE,1394,2908,0.003406169706574844
23268,1448.0,2019.5900000000001,90.0,52,SET OF 2 CERAMIC CHRISTMAS REINDEER,1395,1727,0.010355984520671865
85060,1448.0,1745.62,88.0,66,WOOD FAN WITH FLOWER DESIGN,1395,1884,0.008951130525985583
22735,1447.0,2551.130000000002,237.0,121,RIBBON REEL SOCKS AND MITTENS,1396,1490,0.013081597151016611
21922,1446.0,11223.029999999995,392.0,234,UNION STRIPE WITH FRINGE  HAMMOCK,1397,414,0.057549069343300334
22538,1444.0,610.8500000000003,87.0,80,MINI JIGSAW GO TO THE FAIR,1398,3001,0.0031322957354970125
35400,1443.0,14070.7,428.0,114,WOODEN BOX ADVENT CALENDAR ,1399,317,0.0721512541629824
85032A,1442.0,1324.16,162.0,120,ROMANTIC IMAGES GIFT WRAP SET,1400,2191,0.006789982354286196
85131D,1442.0,1092.3000000000006,267.0,178,BEADED CRYSTAL HEART PINK ON STICK,1400,2395,0.005601058577201256
22279,1440.0,2098.5700000000015,221.0,159,POCKET BAG BLUE PAISLEY RED SPOT,1401,1688,0.010760975463112004
84247G,1438.0,612.7500000000002,109.0,93,"DECOUPAGE,GREETING CARD,",1402,2993,0.0031420384905063345
21401,1437.0,315.70000000000005,122.0,101,BLUE PUDDING SPOON,1403,3470,0.0016188356612857602
21391,1436.0,1839.6400000000015,184.0,142,FRENCH LAVENDER SCENT HEART,1404,1837,0.009433243065973195
22955,1434.0,2885.2699999999977,195.0,119,36 FOIL STAR CAKE CASES ,1405,1361,0.014794988813550715
22695,1433.0,2056.850000000001,229.0,143,WICKER WREATH SMALL,1406,1710,0.010547045074170468
79323LP,1433.0,8481.190000000002,170.0,83,LIGHT PINK CHERRY LIGHTS,1406,550,0.04348955597763756
21289,1430.0,1570.56,104.0,92,LARGE STRIPES CHOCOLATE GIFT BAG,1407,2004,0.008053463846021423
22454,1430.0,4007.3799999999987,183.0,135,MEASURING TAPE BABUSHKA RED,1407,1079,0.02054890608908244
22192,1428.0,12121.79999999999,546.0,319,BLUE DINER WALL CLOCK,1408,378,0.06215775140631521
22519,1427.0,2972.9699999999993,262.0,148,CHILDS GARDEN BRUSH PINK,1409,1339,0.015244693873717848
15060B,1420.0,6490.539999999992,455.0,293,FAIRY CAKE DESIGN UMBRELLA,1410,717,0.033281968999055
22209,1420.0,1756.4499999999998,263.0,193,WOOD STAMP SET HAPPY BIRTHDAY,1410,1877,0.009006664229538715
22696,1418.0,2796.680000000002,298.0,175,WICKER WREATH LARGE,1411,1390,0.014340720041826616
22146,1417.0,2640.9300000000003,112.0,53,EASTER CRAFT IVY WREATH WITH CHICK,1412,1460,0.013542070519351922
21200,1416.0,2047.07,127.0,106,MULTICOLOUR HONEYCOMB PAPER GARLAND,1413,1713,0.010496895524701427
22021,1415.0,2433.6100000000006,240.0,107,BLUE FELT EASTER EGG BASKET,1414,1532,0.012478982114861068
23312,1415.0,5893.690000000003,217.0,91,VINTAGE CHRISTMAS GIFT SACK,1414,776,0.030221461984679367
79066K,1414.0,1252.3100000000006,257.0,205,RETRO MOD TRAY,1415,2260,0.006421552381959997
20681,1412.0,4779.900000000003,345.0,207,PINK POLKADOT CHILDRENS UMBRELLA,1416,925,0.024510207720556888
23162,1412.0,5143.690000000001,176.0,107,REGENCY TEA STRAINER,1416,874,0.026375637638894372
21471,1409.0,5107.799999999996,322.0,224,STRAWBERRY RAFFIA FOOD COVER,1417,880,0.026191602124534044
85222,1407.0,1581.7800000000009,53.0,41,ASSORTED COLOUR SILK COSMETIC PURSE,1418,1993,0.008110997378234371
22686,1406.0,1857.3900000000017,221.0,169,FRENCH BLUE METAL DOOR SIGN No,1419,1830,0.009524260908823442
22518,1405.0,2914.499999999997,269.0,156,CHILDS GARDEN BRUSH BLUE,1420,1352,0.01494487340772044
37471,1405.0,197.85,10.0,10,MULTICOLOUR POLKADOT PLATE,1420,3747,0.0010145284624180793
22203,1403.0,5473.259999999996,395.0,272,MILK PAN RED RETROSPOT,1421,830,0.02806559541174815
21655,1402.0,2287.6400000000003,90.0,68,HANGING RIDGE GLASS T-LIGHT HOLDER,1422,1597,0.011730482141855422
22430,1402.0,6786.1300000000065,362.0,230,ENAMEL WATERING CAN CREAM,1422,674,0.03479768529021585
22277,1401.0,2927.5600000000004,253.0,200,COSMETIC BAG VINTAGE ROSE PAISLEY,1423,1347,0.01501184202899506
22678,1401.0,1876.780000000001,249.0,180,FRENCH BLUE METAL DOOR SIGN 3,1423,1815,0.009623688287576466
85186C,1400.0,658.1900000000005,156.0,104,BUNNY EGG GARLAND,1424,2922,0.0033750441682029626
22254,1399.0,1793.4600000000003,151.0,121,FELT TOADSTOOL LARGE,1425,1861,0.009196442841588721
21061,1397.0,1047.4100000000008,166.0,146,PARTY INVITES FOOTBALL,1426,2442,0.00537087317069154
21357,1395.0,1836.5099999999998,223.0,139,TOAST ITS - DINOSAUR,1427,1838,0.009417193159036778
72800E,1395.0,2629.4499999999985,301.0,198,4 IVORY DINNER CANDLES SILVER FLOCK,1427,1464,0.013483203768032432
21593,1392.0,1630.56,97.0,66,SWALLOW CIGAR BOX MATCHES ,1428,1959,0.008361129793684221
21651,1392.0,2251.5099999999998,131.0,102,HANGING GLASS ETCHED TEALIGHT,1428,1613,0.01154521596370447
23372,1390.0,1750.33,152.0,60,SET 36 COLOUR PENCILS DOLLY GIRL,1429,1880,0.008975282302877112
85213,1390.0,832.4800000000004,81.0,71,MINI  ZINC GARDEN DECORATIONS ,1429,2693,0.004268762468505448
21532,1389.0,1423.9099999999992,94.0,74,DAIRY MAID SUGAR JAM BOWL,1430,2114,0.0073014769922755945
22459,1386.0,3410.1400000000017,175.0,129,CAST IRON HOOK GARDEN TROWEL,1431,1218,0.017486399246046957
22700,1386.0,3161.2999999999997,99.0,81,BLACK AND WHITE DOG BOWL,1431,1282,0.016210406005773434
23534,1382.0,8540.090000000002,261.0,57,WALL ART STOP FOR TEA ,1432,545,0.04379158138292654
84559A,1379.0,1285.1600000000008,272.0,201,3D SHEET OF DOG STICKERS,1433,2228,0.00658999948830538
23028,1375.0,2387.0300000000016,139.0,69,DRAWER KNOB CRACKLE GLAZE BLUE,1434,1551,0.012240130784158853
22190,1373.0,2574.930000000001,243.0,172,LOCAL CAFE MUG,1435,1484,0.01320363797692285
85035C,1373.0,2729.54,208.0,132,ROSE 3 WICK MORRIS BOX CANDLE,1435,1423,0.013996441846391934
22216,1372.0,1208.8700000000013,120.0,96,T-LIGHT HOLDER WHITE LACE,1436,2290,0.0061988022358521345
22272,1372.0,3851.2899999999977,305.0,197,FELTCRAFT DOLL MARIA,1436,1111,0.019748513126237665
22664,1370.0,2908.890000000003,264.0,184,TOY TIDY DOLLY GIRL DESIGN,1437,1353,0.014916106641613998
22973,1367.0,2324.229999999999,157.0,120,CHILDREN'S CIRCUS PARADE MUG,1438,1577,0.01191810709227178
22410,1366.0,1671.2100000000005,200.0,153,MONEY BOX HOUSEKEEPING DESIGN,1439,1939,0.008569573473225772
22807,1364.0,4058.6299999999924,300.0,183,SET OF 6 T-LIGHTS TOADSTOOLS,1440,1067,0.020811704086044384
85132A,1364.0,5330.899999999992,263.0,150,CHARLIE + LOLA BISCUITS TINS,1440,851,0.0273356066732602
85114C,1363.0,2872.4100000000008,207.0,154,RED ENCHANTED FOREST PLACEMAT,1441,1367,0.014729045745435003
85093,1362.0,1092.4600000000003,154.0,112,CANDY SPOT EGG WARMER HARE,1442,2394,0.005601879019728356
22680,1359.0,1824.2000000000014,234.0,167,FRENCH BLUE METAL DOOR SIGN 5,1443,1845,0.00935407036210797
21637,1358.0,1741.7199999999996,93.0,75,ASSORTED SANSKRIT MINI NOTEBOOK,1444,1887,0.008931132239387499
21111,1356.0,3158.4100000000003,216.0,162,"SWISS ROLL TOWEL, CHOCOLATE  SPOTS",1445,1286,0.016195586762627678
21116,1356.0,7904.959999999997,536.0,322,OWL DOORSTOP,1445,581,0.04053478349394196
23225,1356.0,1177.0,89.0,61,CHERUB HEART DECORATION SILVER ,1445,2313,0.006035380339985238
21463,1355.0,7520.509999999989,308.0,227,MIRRORED DISCO BALL ,1446,610,0.03856341393429254
22591,1354.0,3867.9200000000005,210.0,118,CARDHOLDER GINGHAM CHRISTMAS TREE,1447,1105,0.01983378787139822
22820,1353.0,845.1299999999993,111.0,84,GIFT BAG BIRTHDAY,1448,2674,0.00433362870580435
21706,1352.0,5046.010000000002,257.0,199,FOLDING UMBRELLA RED/WHITE POLKADOT,1449,889,0.02587475747609934
23029,1352.0,2303.9200000000014,156.0,93,DRAWER KNOB CRACKLE GLAZE GREEN,1449,1587,0.011813962168987934
35951,1352.0,717.9900000000002,46.0,36,FOLKART BAUBLE CHRISTMAS DECORATION,1449,2834,0.003681684562706884
23375,1351.0,1107.2600000000002,103.0,64,50'S CHRISTMAS PAPER GIFT BAG,1450,2379,0.005677769953485179
16169C,1350.0,567.0,43.0,32,WRAP BLUE REINDEER,1451,3070,0.0029074432054134493
84507B,1349.0,1764.029999999999,116.0,97,STRIPES DESIGN MONKEY DOLL,1452,1872,0.009045532694260113
21187,1348.0,2250.3799999999997,150.0,106,WHITE BELL HONEYCOMB PAPER GARLAND ,1453,1614,0.01153942158835682
23377,1348.0,588.6400000000001,136.0,64,PACK OF 12 DOLLY GIRL TISSUES,1453,3037,0.003018408057203832
22287,1347.0,1447.2999999999986,126.0,100,DECORATION WOBBLY CHICKEN,1454,2096,0.007421415434206139
72816,1346.0,1673.7199999999998,138.0,92,SET/3 CHRISTMAS DECOUPAGE CANDLES,1455,1935,0.00858244416536966
22258,1345.0,1294.8000000000004,136.0,90,FELT FARM ANIMAL RABBIT,1456,2215,0.006639431150563202
72801G,1345.0,836.2199999999999,69.0,63,4 BURGUNDY WINE DINNER CANDLES,1456,2688,0.004287940312576427
22451,1342.0,4507.039999999998,247.0,155,SILK PURSE BABUSHKA RED,1457,975,0.02311104554590234
23483,1340.0,1651.3600000000001,76.0,42,HANGING  BUTTERFLY T-LIGHT HOLDER,1458,1946,0.008467787322207326
20665,1335.0,4250.659999999993,350.0,250,RED RETROSPOT PURSE ,1459,1028,0.02179638895153917
22426,1334.0,5137.0499999999965,374.0,249,ENAMEL WASH BOWL CREAM,1460,877,0.026341589274019663
21881,1332.0,554.9499999999998,118.0,96,CUTE CATS TAPE,1461,3085,0.0028456536275911696
22309,1332.0,3456.8100000000027,269.0,201,TEA COSY RED  STRIPE,1461,1202,0.017725712075670676
84821,1330.0,752.7000000000004,76.0,66,DANISH ROSE DELUXE COASTER,1462,2787,0.003859669313429814
22840,1329.0,10071.349999999982,408.0,211,ROUND CAKE TIN VINTAGE RED,1463,470,0.05164352403322873
21894,1327.0,1844.8900000000015,254.0,194,POTTING SHED SEED ENVELOPES,1464,1835,0.009460163836393691
22449,1326.0,4384.499999999997,314.0,202,SILK PURSE BABUSHKA PINK,1465,994,0.02248268912545901
22476,1326.0,5212.909999999994,271.0,195,EMPIRE UNION JACK TV DINNER TRAY,1465,865,0.026730581587181317
85114A,1326.0,2296.54,120.0,104,BLACK ENCHANTED FOREST PLACEMAT,1465,1590,0.011776119257425402
21540,1325.0,2403.4499999999994,89.0,71,DAIRY MAID BUTTER DISH,1466,1546,0.012324328698502562
22673,1323.0,1671.2500000000002,198.0,144,FRENCH GARDEN SIGN BLUE METAL,1467,1938,0.008569778583857544
48189,1322.0,8477.029999999986,275.0,178,DOORMAT FRIENDSHIP ,1468,551,0.04346822447193286
85034C,1318.0,2609.1499999999996,208.0,113,3 ROSE MORRIS BOXED CANDLES,1469,1475,0.013379110122406526
22589,1315.0,3607.220000000001,244.0,132,CARDHOLDER GINGHAM STAR,1470,1169,0.01849697932880336
23499,1315.0,587.49,115.0,40,SET 12 VINTAGE DOILY CHALK ,1470,3040,0.003012511126540295
21039,1313.0,3423.6500000000037,228.0,179,RED RETROSPOT SHOPPING BAG,1471,1214,0.01755567536192904
23535,1313.0,8348.75,218.0,56,WALL ART BICYCLE SAFETY,1471,561,0.042810434675829866
22288,1312.0,1528.4900000000002,127.0,93,HANGING METAL RABBIT DECORATION,1472,2033,0.007837738739051858
22145,1310.0,2761.059999999999,205.0,89,CHRISTMAS CRAFT HEART STOCKING ,1473,1402,0.014158069024230785
70007,1310.0,1691.1800000000005,211.0,134,HI TEC ALPINE HAND WARMER,1473,1919,0.00867197495613954
21538,1309.0,1928.26,52.0,41,DAIRY MAID  PUDDING BOWL,1474,1781,0.009887665670671142
23217,1309.0,1613.8200000000004,99.0,66,LAUREL HEART ANTIQUE SILVER,1474,1971,0.008275290994286302
21199,1305.0,1495.6999999999996,150.0,130,PINK  HEART CONFETTI IN TUBE,1475,2053,0.007669599298654136
22801,1305.0,5296.700000000003,310.0,178,ANTIQUE GLASS PEDESTAL BOWL,1475,853,0.027160237083092457
23549,1305.0,548.1,52.0,41,WRAP BIRD GARDEN ,1475,3098,0.0028105284318996676
22346,1304.0,614.0300000000001,106.0,86,PARTY PIZZA DISH GREEN POLKADOT,1476,2990,0.00314860203072314
51020A,1304.0,464.56,51.0,47,SUMMER FUN DESIGN SHOWER CAP,1476,3228,0.0023821548774371638
21407,1297.0,5896.079999999995,458.0,292,BROWN CHECK CAT DOORSTOP ,1477,774,0.030233717344927896
22445,1296.0,3975.409999999996,291.0,197,PENCIL CASE LIFE IS BEAUTIFUL,1478,1087,0.020384971416636102
23031,1296.0,2182.000000000001,157.0,97,DRAWER KNOB CRACKLE GLAZE PINK,1478,1650,0.011188784963337122
22452,1295.0,3428.8999999999996,258.0,176,MEASURING TAPE BABUSHKA PINK,1479,1210,0.017582596132349512
22200,1294.0,5782.419999999996,357.0,247,FRYING PAN PINK POLKADOT,1480,789,0.029650895484738673
21743,1292.0,3778.880000000002,189.0,118,STAR PORTABLE TABLE LIGHT ,1481,1132,0.01937721160506663
84558A,1292.0,3785.839999999998,235.0,155,3D DOG PICTURE PLAYING CARDS,1481,1129,0.019412900854995495
23102,1288.0,1086.6500000000005,162.0,91,SILVER HEARTS TABLE DECORATION,1482,2401,0.005572086700463009
22359,1285.0,4072.829999999991,206.0,158,GLASS JAR KINGS CHOICE,1483,1062,0.02088451836032457
85071C,1284.0,836.8399999999999,141.0,115,"CHARLIE+LOLA""EXTREMELY BUSY"" SIGN",1484,2687,0.004291119527368942
16168S,1283.0,126.82999999999997,11.0,9,FUNKY MONKEY GIFT BAG SMALL,1485,3952,0.0006503545357012128
20866,1283.0,1372.66,194.0,135,BLUE ROSE FABRIC MIRROR,1485,2149,0.0070386789953136245
21198,1283.0,1473.9499999999994,120.0,107,WHITE HEART CONFETTI IN TUBE,1485,2068,0.00755807039262637
23281,1280.0,1000.8200000000006,104.0,80,FOLDING BUTTERFLY MIRROR RED  ,1486,2495,0.0051319705623313755
23432,1278.0,1090.0200000000002,76.0,45,PRETTY HANGING QUILTED HEARTS,1487,2398,0.005589367271190067
20871,1276.0,1984.3500000000006,131.0,79,OPULENT VELVET SET/3 CANDLES,1488,1752,0.010175282054077918
21060,1276.0,952.550000000001,151.0,135,PARTY INVITES BALLOON GIRL,1488,2554,0.004884453307436656
23426,1276.0,3444.4200000000005,209.0,75,METAL SIGN DROP YOUR PANTS,1488,1205,0.017662179057478297
22679,1270.0,1704.4300000000017,232.0,171,FRENCH BLUE METAL DOOR SIGN 4,1489,1913,0.00873991785291508
21446,1269.0,1683.5800000000004,248.0,186,12 RED ROSE PEG PLACE SETTINGS,1490,1928,0.00863300393610225
21869,1267.0,1473.33,113.0,64,POTTING SHED COFFEE MUG,1491,2069,0.007554891177833857
84459A,1266.0,2046.1600000000008,207.0,154,PINK METAL CHICKEN HEART ,1492,1714,0.010492229257828545
22481,1264.0,1308.4100000000003,225.0,164,BLACK TEA TOWEL CLASSIC DESIGN,1493,2206,0.006709220043024712
22789,1262.0,2466.339999999999,206.0,132,T-LIGHT HOLDER SWEETHEART HANGING,1494,1519,0.012646813889311116
22163,1261.0,2223.400000000003,202.0,139,HEART STRING MEMO HOLDER HANGING,1495,1631,0.011401074467224465
21927,1260.0,1728.2400000000002,193.0,153,BLUE/CREAM STRIPE CUSHION COVER ,1496,1899,0.00886200995647926
21419,1259.0,577.69,19.0,17,CONCH SHELL,1497,3048,0.0029622590217553714
22316,1259.0,1435.3200000000002,121.0,108,200 BENDY SKULL STRAWS,1497,2105,0.007359984799989476
84466,1259.0,1352.1099999999997,76.0,49,TOP SECRET PEN SET,1497,2169,0.006933303408239114
17109D,1258.0,600.0000000000002,40.0,36,FLOWER FAIRY INCENSE BOUQUET,1498,3015,0.0030766594766279895
23433,1258.0,1108.5800000000004,89.0,58,HANGING QUILTED PATCHWORK APPLES,1498,2377,0.005684538604333761
22859,1256.0,2095.650000000001,168.0,93,EASTER TIN BUNNY BOUQUET,1499,1691,0.010746002386992411
85169A,1255.0,1389.5700000000006,157.0,121,IVORY LOVE BIRD CANDLE,1500,2135,0.0071253895148965934
37479B,1253.0,1095.85,32.0,30,CUBIC MUG FLOCK BLUE ON BROWN,1501,2391,0.005619262145771301
37482B,1252.0,1145.26,10.0,10,CUBIC MUG BLUE POLKA DOT,1502,2343,0.005872625053671617
21653,1251.0,2576.169999999999,120.0,93,GLASS ETCHED T-LIGHT HOLDER LARGE,1503,1483,0.01320999640650787
23189,1249.0,3507.5099999999993,142.0,79,SET OF 12 FORK CANDLES,1504,1194,0.017985689801445725
23226,1247.0,1596.6700000000008,99.0,73,FILIGREE HEART DAISY WHITE,1505,1983,0.00818734981091269
22541,1246.0,504.34000000000003,68.0,58,MINI JIGSAW LEAP FROG,1506,3175,0.0025861374007375994
21382,1244.0,1681.1600000000012,156.0,116,SET/4 SPRING FLOWER DECORATION,1507,1929,0.008620594742879855
22857,1244.0,1060.1800000000003,69.0,50,ASSORTED EASTER GIFT TAGS,1507,2423,0.00543635473988577
72598,1244.0,1145.76,161.0,135,SET/12 TAPER CANDLES,1507,2342,0.005875188936568807
22975,1243.0,1674.7400000000005,194.0,134,SPACEBOY CHILDRENS EGG CUP,1508,1934,0.008587674486479933
22312,1241.0,4277.649999999996,280.0,197,OFFICE MUG WARMER POLKADOT,1509,1021,0.021934787350329506
44234,1238.0,265.6399999999999,67.0,53,ASSORTED CIRCULAR MOBILE,1510,3592,0.0013621397056190975
72799E,1238.0,2618.3399999999983,183.0,134,IVORY PILLAR CANDLE SILVER FLOCK,1510,1471,0.01342623429005687
23543,1237.0,7019.01,106.0,42,WALL ART KEEP CALM ,1511,646,0.03599183938841103
82597,1236.0,2624.26,221.0,152,BOMBS AWAY METAL SIGN,1512,1465,0.01345659066355961
21115,1235.0,7929.860000000005,434.0,290,ROSE CARAVAN DOORSTOP,1513,579,0.04066246486222206
22218,1235.0,5378.41,266.0,169,CAKE STAND LACE WHITE,1513,845,0.027579226826151233
22107,1233.0,4816.439999999991,375.0,224,PIZZA PLATE IN BOX,1514,920,0.02469757628268347
84559B,1231.0,1119.0900000000004,222.0,166,3D SHEET OF CAT STICKERS,1515,2367,0.0057384314228326955
22844,1229.0,11594.019999999993,504.0,253,VINTAGE CREAM DOG FOOD CONTAINER,1516,400,0.05945141917535735
23086,1228.0,1455.1800000000003,48.0,38,ZINC  STAR T-LIGHT HOLDER ,1517,2088,0.007461822228665862
47469,1225.0,597.53,40.0,28,ASSORTED SHAPES PHOTO CLIP SILVER ,1518,3018,0.00306399389511587
22162,1221.0,3746.7499999999973,268.0,175,HEART GARLAND RUSTIC PADDED,1519,1140,0.019212456490093177
20986,1219.0,1532.2400000000007,210.0,153,BLUE CALCULATOR RULER,1520,2029,0.007856967860780785
85107,1219.0,2315.5899999999997,77.0,62,CUT GLASS T-LIGHT HOLDER OCTAGON,1520,1580,0.011873803195808339
47422,1217.0,475.13999999999993,84.0,62,ASSORTED MONKEY SUCTION CUP HOOK,1521,3216,0.002436406639541704
75131,1217.0,1543.0300000000007,68.0,61,METAL TUBE CHIME ON BAMBOO,1521,2022,0.007912296453702145
23379,1216.0,462.04,76.0,52,PACK OF 12 RED APPLE TISSUES,1522,3233,0.0023692329076353265
85202,1216.0,573.45,225.0,163,HANGING WOOD AND FELT HEART,1522,3055,0.0029405172947872004
17001,1211.0,299.35,23.0,21,HEAVENS SCENT FRAGRANCE OILS ASSTD,1523,3511,0.0015349966905476476
22942,1211.0,9448.009999999995,248.0,109,CHRISTMAS LIGHTS 10 SANTAS ,1523,496,0.04844718250295998
16054,1210.0,158.99999999999994,39.0,35,POPART RECT PENCIL SHARPENER ASST,1524,3858,0.0008153147613064167
82567,1208.0,2502.0200000000045,491.0,329,"AIRLINE LOUNGE,METAL SIGN",1525,1505,0.012829772572854625
23505,1207.0,1660.0400000000002,122.0,56,PLAYING CARDS I LOVE LONDON ,1526,1942,0.008512296329302544
22756,1206.0,1395.950000000001,218.0,140,LARGE YELLOW BABUSHKA NOTEBOOK ,1527,2128,0.007158104660664739
35810A,1206.0,1605.5700000000024,173.0,139,ENAMEL PINK COFFEE CONTAINER,1527,1977,0.008232986926482678
21925,1205.0,1567.33,170.0,123,UNION STRIPE CUSHION COVER ,1528,2008,0.008036901162505576
22307,1204.0,1807.52,119.0,89,GOLD MUG BONE CHINA TREE OF LIFE,1529,1854,0.009268539228657703
23267,1202.0,1531.9500000000003,111.0,71,SET OF 4 SANTA PLACE SETTINGS,1530,2030,0.007855480808700414
84519A,1200.0,2790.1500000000015,203.0,159,TOMATO CHARLIE+LOLA COASTER SET,1531,1392,0.01430723573118931
21386,1196.0,705.7399999999996,112.0,85,IVORY HANGING DECORATION  EGG,1532,2853,0.0036188694317257257
21654,1195.0,824.8899999999993,85.0,75,RIDGED GLASS FINGER BOWL,1533,2700,0.004229842726126099
79337,1194.0,502.03000000000003,21.0,21,BLUE FLOCK GLASS CANDLEHOLDER,1534,3178,0.002574292261752582
85106,1194.0,2281.44,63.0,52,CUT GLASS HEXAGON T-LIGHT HOLDER,1534,1601,0.011698689993930264
21676,1193.0,893.7200000000006,159.0,134,FLOWERS  STICKERS,1535,2625,0.004582786845753279
22247,1190.0,1027.890000000001,192.0,129,BUNNY DECORATION MAGIC GARDEN,1536,2458,0.005270779182385244
22414,1188.0,7211.0599999999895,221.0,177,DOORMAT NEIGHBOURHOOD WITCH ,1537,632,0.036976626809221654
82613D,1188.0,1284.3600000000006,273.0,196,METAL SIGN CUPCAKE SINGLE HOOK,1537,2230,0.006585897275669875
84510B,1188.0,1503.1999999999996,163.0,85,SET OF 4 FAIRY CAKES COASTERS ,1537,2049,0.007708057542111986
85034B,1188.0,2619.9299999999994,157.0,99,3 WHITE CHOC MORRIS BOXED CANDLES,1537,1469,0.013434387437669941
22255,1187.0,1128.8100000000004,147.0,117,FELT TOADSTOOL  SMALL,1538,2362,0.005788273306354069
23360,1187.0,2296.150000000001,119.0,71,SET 8 CANDLES VINTAGE DOILY,1538,1591,0.011774119428765597
22176,1186.0,3548.629999999996,262.0,203,BLUE OWL SOFT TOY,1539,1185,0.01819654353091061
35964,1186.0,687.6099999999998,135.0,91,FOLKART CLIP ON STARS,1539,2878,0.003525903037873618
22104,1183.0,961.56,98.0,90,MIRROR MOSAIC CANDLE PLATE,1540,2541,0.004930654477244015
85189,1180.0,971.3499999999996,70.0,48,HANGING BUTTERFLY  EGG,1541,2530,0.004980855304370992
21615,1179.0,2348.3399999999997,173.0,112,4 LAVENDER BOTANICAL DINNER CANDLES,1542,1571,0.012041737525574282
23250,1179.0,1531.0299999999997,110.0,76,VINTAGE RED TRIM ENAMEL BOWL ,1542,2032,0.00785076326416958
23270,1179.0,1653.5700000000008,131.0,81,SET OF 2 CERAMIC PAINTED HEARTS ,1542,1944,0.00847911968461291
23691,1175.0,481.5,38.0,21,WRAP KEEP CALM BIRTHDAY,1543,3206,0.0024690192299939608
84748,1174.0,1796.1200000000001,97.0,69,FOLK FELT HANGING MULTICOL GARLAND,1544,1860,0.009210082698601772
22967,1173.0,3277.309999999999,139.0,69,SET 3 SONG BIRD PAPER EGGS ASSORTED,1545,1247,0.01680527811557945
21581,1172.0,1890.7400000000005,204.0,149,SKULLS  DESIGN  COTTON TOTE BAG,1546,1804,0.009695271898066009
23274,1172.0,1986.8799999999994,121.0,69,STAR T-LIGHT HOLDER WILLIE WINKIE,1546,1748,0.010188255301537694
22681,1169.0,1562.0200000000013,193.0,153,FRENCH BLUE METAL DOOR SIGN 6,1547,2014,0.008009672726137425
22682,1166.0,1521.8600000000006,183.0,140,FRENCH BLUE METAL DOOR SIGN 7,1548,2036,0.007803741651835121
21109,1165.0,4475.29,230.0,150,LARGE CAKE TOWEL CHOCOLATE SPOTS,1549,980,0.022948238981930786
21469,1165.0,3482.0099999999993,210.0,171,POLKA DOT RAFFIA FOOD COVER,1549,1198,0.017854931773689034
20803,1161.0,886.6999999999999,86.0,74,SMALL PINK GLASS SUNDAE DISH,1550,2632,0.004546789929876729
84247L,1161.0,508.2900000000004,112.0,91,FAWN AND MUSHROOM GREETING CARD,1550,3168,0.0026063920756254026
21867,1160.0,1582.8700000000013,315.0,220,PINK UNION JACK  LUGGAGE TAG,1551,1992,0.008116586642950247
22854,1160.0,5624.500000000001,246.0,155,CREAM SWEETHEART EGG HOLDER,1551,805,0.028841118710490207
17164D,1159.0,450.78000000000014,34.0,23,ASS COL SMALL SAND FROG P'WEIGHT,1552,3249,0.0023114942647906086
84596E,1158.0,1209.7799999999995,223.0,146,SMALL LICORICE DES PINK BOWL,1553,2289,0.006203468502725011
85017A,1158.0,793.0000000000008,176.0,124,ENVELOPE 50 ROMANTIC IMAGES,1553,2740,0.004066318274943329
22723,1157.0,4267.569999999999,302.0,176,SET OF 6 HERB TINS SKETCHBOOK,1554,1023,0.02188309947112217
22847,1157.0,18352.740000000005,482.0,214,BREAD BIN DINER STYLE IVORY,1554,233,0.09410855240514927
23113,1154.0,5868.500000000003,57.0,39,PANTRY CHOPPING BOARD,1555,777,0.03009229356431893
22982,1152.0,1537.640000000002,212.0,128,PANTRY PASTRY BRUSH,1556,2026,0.007884657796070444
85032D,1151.0,1333.9800000000002,135.0,101,YULETIDE IMAGES GIFT WRAP SET,1557,2179,0.006840337014387008
22038,1150.0,481.0,45.0,45,BOTANICAL LAVENDER GIFT WRAP ,1558,3207,0.002466455347096771
40003,1150.0,1257.02,60.0,57,WHITE BAMBOO RIBS LAMPSHADE,1558,2253,0.006445704158851524
84279P,1149.0,4491.6699999999955,304.0,230,CHERRY BLOSSOM  DECORATIVE FLASK,1559,978,0.023032231785642704
84944,1149.0,3210.78,200.0,122,SET OF 6 KASHMIR FOLKART BAUBLES,1559,1269,0.016464127857279354
35809A,1148.0,1709.1500000000015,189.0,140,ENAMEL PINK TEA CONTAINER,1560,1909,0.008764120907464552
21616,1147.0,2442.589999999999,196.0,120,4 PEAR BOTANICAL DINNER CANDLES,1561,1530,0.012525029451694591
22768,1146.0,10925.299999999981,356.0,214,FAMILY PHOTO FRAME CORNICE,1562,428,0.05602237963333951
84493,1142.0,111.11999999999999,5.0,5,BLUE/PINK NEST STRIPE BOX,1563,4008,0.0005697973350715033
22498,1139.0,6955.199999999999,387.0,260,WOODEN REGATTA BUNTING,1564,653,0.03566463665307164
22976,1139.0,1479.0500000000002,151.0,118,CIRCUS PARADE CHILDRENS EGG CUP ,1564,2062,0.007584221998177713
21619,1138.0,2085.2699999999995,219.0,128,4 VANILLA BOTANICAL CANDLES,1565,1695,0.01069277617804674
22858,1138.0,1882.2900000000002,142.0,76,EASTER TIN KEEPSAKE,1565,1812,0.009651942277103497
21725,1137.0,1038.1300000000012,176.0,140,SWEETIES  STICKERS,1566,2453,0.005323287504119696
21777,1135.0,9147.059999999989,373.0,201,RECIPE BOX WITH METAL HEART,1567,514,0.04690398138714129
35958,1133.0,986.3299999999998,85.0,64,FOLKART ZINC STAR CHRISTMAS DEC,1568,2511,0.005057669235970806
22968,1132.0,11234.569999999996,311.0,144,ROSE COTTAGE KEEPSAKE BOX ,1569,413,0.05760824376056748
21913,1131.0,4309.979999999998,301.0,230,VINTAGE SEASIDE JIGSAW PUZZLES,1570,1011,0.02210056801846182
22683,1131.0,1501.6600000000008,192.0,152,FRENCH BLUE METAL DOOR SIGN 8,1570,2050,0.007700160782788647
21358,1130.0,1399.9599999999996,223.0,178,TOAST ITS - HAPPY BIRTHDAY,1571,2126,0.007178667001500196
22800,1129.0,4582.770000000002,269.0,176,ANTIQUE TALL SWIRLGLASS TRINKET POT,1572,956,0.023499371249510757
84912B,1129.0,3087.6399999999917,263.0,199,GREEN ROSE WASHBAG,1572,1310,0.015832694777359362
22236,1128.0,13978.26999999999,422.0,255,CAKE STAND 3 TIER MAGIC GARDEN,1573,321,0.0716772947706078
84078A,1128.0,43844.95999999996,328.0,242,SET/4 WHITE RETRO STORAGE CUBES ,1573,60,0.2248266861439583
72799F,1126.0,2085.690000000002,107.0,84,IVORY PILLAR CANDLE GOLD FLOCK,1574,1694,0.010694929839680392
17129D,1125.0,1351.1799999999998,39.0,30,CLEAR COLOUR GLASS GEMS IN BAG,1575,2170,0.006928534586050341
21730,1124.0,5578.7199999999975,305.0,182,GLASS STAR FROSTED T-LIGHT HOLDER,1576,810,0.028606369592423474
22031,1124.0,493.16000000000025,141.0,117,BOTANICAL LAVENDER BIRTHDAY CARD,1576,3191,0.0025288089791564326
37379B,1122.0,181.5,3.0,3,BLUE CHERRY BLOSSOM CUP & SAUCER,1577,3790,0.0009306894916799665
21518,1119.0,474.3200000000004,110.0,96,BANK ACCOUNT  GREETING  CARD ,1578,3218,0.0024322018715903144
21589,1119.0,2583.449999999998,89.0,64,SWALLOW GIANT TUBE MATCHES,1578,1481,0.013247326541490951
21486,1118.0,3646.1700000000033,299.0,148,PINK HEART DOTS HOT WATER BOTTLE,1579,1159,0.018696705806494473
90058B,1118.0,547.24,30.0,29,CRYSTAL STUD EARRINGS ASSORTED COL ,1579,3102,0.002806118553316501
37343,1116.0,1768.9400000000003,105.0,93,POLKADOT MUG PINK ,1580,1871,0.009070710024310525
23389,1114.0,4747.339999999999,242.0,73,SPACEBOY MINI BACKPACK,1581,932,0.024343247666291857
22863,1113.0,3184.309999999997,173.0,133,SOAP DISH BROCANTE,1582,1277,0.016328395896702104
22068,1110.0,1993.7799999999995,282.0,205,BLACK PIRATE TREASURE CHEST,1583,1744,0.010223636885518915
21828,1109.0,1400.4100000000003,186.0,148,EIGHT PIECE SNAKE  SET,1584,2125,0.00718097449610767
22232,1109.0,1318.9900000000005,158.0,128,JIGSAW TOADSTOOLS 3 PIECE,1584,2195,0.006763471805129254
22930,1109.0,2849.3500000000035,192.0,124,BAKING MOULD HEART MILK CHOCOLATE,1584,1374,0.014610799466216616
23126,1109.0,5532.039999999999,296.0,149,FELTCRAFT GIRL AMELIE KIT,1584,812,0.028367005485141823
84926E,1108.0,482.27999999999986,54.0,46,FLOWERS TILE COASTER,1585,3205,0.0024730188873135764
21470,1105.0,4202.179999999998,324.0,243,FLOWER VINE RAFFIA FOOD COVER,1586,1039,0.021547794865827658
21644,1104.0,1482.7199999999998,149.0,117,ASSORTED TUTTI FRUTTI HEART BOX,1587,2060,0.007603040898643084
21991,1103.0,1927.5400000000027,292.0,196,BOHEMIAN COLLAGE STATIONERY SET,1588,1782,0.009883973679299203
22472,1102.0,5175.169999999997,253.0,179,TV DINNER TRAY DOLLY GIRL,1589,869,0.026537059706101433
23369,1102.0,1574.8900000000003,127.0,57,SET 36 COLOUR PENCILS LOVE LONDON,1589,2000,0.00807566707191109
84510F,1101.0,435.25,40.0,35,SET OF 4 NEW ENGLAND COASTERS ,1590,3266,0.002231860062003887
20867,1099.0,1094.3899999999999,156.0,115,PINK ROSE FABRIC MIRROR,1591,2393,0.005611775607711506
21351,1098.0,3696.000000000001,178.0,96,CINAMMON & ORANGE WREATH,1592,1152,0.018952222376028414
22122,1097.0,3295.98,198.0,124,SET OF 2 FANCY FONT TEA TOWELS,1593,1244,0.01690101350296053
84912A,1096.0,3011.9999999999964,233.0,181,PINK ROSE WASHBAG,1594,1332,0.015444830572672485
20801,1094.0,1427.1000000000006,117.0,82,LARGE PINK GLASS SUNDAE DISH,1595,2112,0.007317834565159674
40018F,1093.0,2102.280000000001,120.0,81,CHERRY DESIGN PAPERLANTERNS,1596,1685,0.010779999474209153
22689,1092.0,8366.720000000005,265.0,140,DOORMAT MERRY CHRISTMAS RED ,1597,560,0.0429025806271549
85017C,1092.0,723.9200000000003,124.0,93,ENVELOPE 50 CURIOUS IMAGES,1597,2823,0.0037120922138675575
21721,1091.0,991.3500000000007,147.0,119,CANDY SHOP  STICKER SHEET,1598,2506,0.005083410620258598
22485,1089.0,14546.439999999979,419.0,281,SET OF 2 WOODEN MARKET CRATES,1599,307,0.07459073746200062
72807B,1088.0,4879.559999999999,251.0,186,SET/3 OCEAN SCENT CANDLE JEWEL BOX,1600,911,0.025021240859624774
21620,1087.0,2201.5299999999997,231.0,138,SET OF 4 ROSE BOTANICAL CANDLES,1601,1645,0.011288930229301358
22314,1087.0,3861.4299999999953,254.0,180,OFFICE MUG WARMER CHOC+BLUE,1601,1108,0.019800508671392665
84031A,1087.0,4397.530000000007,317.0,189,CHARLIE+LOLA RED HOT WATER BOTTLE ,1601,991,0.022549503913759834
21726,1086.0,938.6400000000007,162.0,128,MULTI HEARTS  STICKERS,1602,2570,0.004813126085236829
47585A,1086.0,2620.3800000000015,150.0,118,PINK FAIRY CAKE CUSHION COVER,1602,1467,0.013436694932277423
22215,1085.0,8843.229999999998,361.0,242,CAKE STAND WHITE TWO TIER LACE,1603,530,0.04534601230583487
22514,1084.0,2207.119999999997,235.0,165,CHILDS GARDEN SPADE BLUE,1604,1641,0.011317594440091928
51020B,1084.0,488.12,60.0,57,STRIPY DESIGN SHOWER CAP,1604,3200,0.0025029650395527563
77101A,1084.0,1258.47,91.0,80,UNION FLAG WINDSOCK,1604,2251,0.006453139419253374
22246,1082.0,2289.9000000000024,190.0,148,MAGIC GARDEN FELT GARLAND ,1605,1595,0.01174207089255073
22685,1082.0,1395.8400000000006,161.0,128,FRENCH BLUE METAL DOOR SIGN 0,1605,2129,0.007157540606427356
21400,1078.0,213.06999999999988,91.0,81,RED PUDDING SPOON,1606,3716,0.001092573057808542
22202,1078.0,4351.2499999999945,269.0,179,MILK PAN PINK POLKADOT,1606,1001,0.022312190912795866
21208,1077.0,976.5199999999992,121.0,105,PASTEL COLOUR HONEYCOMB FAN,1607,2527,0.005007365853527935
22905,1077.0,2957.6600000000026,195.0,133,CALENDAR IN SEASON DESIGN,1607,1342,0.015166187779405907
21822,1076.0,1434.4799999999998,156.0,91,GLITTER CHRISTMAS TREE WITH BELLS,1608,2106,0.0073556774767221935
16258A,1075.0,380.9700000000001,104.0,87,SWIRLY CIRCULAR RUBBERS IN BAG,1609,3355,0.0019535249346849417
22606,1075.0,14977.640000000049,383.0,226,WOODEN SKITTLES GARDEN SET,1609,300,0.07680183007253763
23548,1075.0,451.5,43.0,33,WRAP MAGIC FOREST ,1609,3245,0.0023151862561625615
20663,1074.0,369.40999999999974,44.0,40,QUEEN OF THE SKIES HOLIDAY PURSE ,1610,3373,0.0018942479621019072
23080,1074.0,9075.720000000001,263.0,129,RED METAL BOX TOP SECRET,1610,518,0.046538166575370285
23012,1072.0,4192.379999999998,249.0,121,GLASS APOTHECARY BOTTLE PERFUME,1611,1042,0.021497542761042737
35920,1070.0,296.34,24.0,22,FOUR RABBIT EASTER DECORATIONS,1612,3520,0.0015195621155065634
21720,1069.0,930.6600000000003,113.0,93,CAKE SHOP  STICKER SHEET,1613,2580,0.004772206514197674
17013D,1068.0,572.4,31.0,31,ORIGAMI ROSE INCENSE IN TUBE,1614,3056,0.002935133140703101
47591B,1067.0,1737.900000000001,289.0,187,SCOTTIES CHILDRENS APRON,1615,1892,0.008911544174052974
21910,1066.0,1398.1799999999994,111.0,92,WAY OUT METAL SIGN ,1616,2127,0.007169539578386199
22647,1066.0,931.2299999999994,84.0,73,CERAMIC LOVE HEART MONEY BANK,1616,2578,0.0047751293407004665
23134,1065.0,6431.11,38.0,35,LARGE ZINC HEART WALL ORGANISER,1617,724,0.03297722587789504
23509,1065.0,452.71999999999997,68.0,45,MINI PLAYING CARDS FUN FAIR ,1617,3244,0.002321442130431705
84580,1061.0,4066.940000000006,453.0,278,MOUSE TOY WITH PINK T-SHIRT,1618,1064,0.02085431581979575
20967,1059.0,4012.3399999999992,303.0,186,GREY FLORAL FELTCRAFT SHOULDER BAG,1619,1078,0.02057433980742257
21009,1059.0,1509.9899999999998,107.0,55,ETCHED GLASS STAR TREE DECORATION,1619,2042,0.007742875071855826
21333,1059.0,3197.990000000001,223.0,160,CLASSIC WHITE FRAME,1619,1274,0.016398543732769243
84817,1059.0,937.440000000001,80.0,70,DANISH ROSE DECORATIVE PLATE,1619,2572,0.004806972766283574
21472,1057.0,4081.569999999997,288.0,191,LADYBIRD + BEE RAFFIA FOOD COVER,1620,1059,0.020929335033367483
21972,1056.0,1562.2700000000023,172.0,138,SET OF 36 DINOSAUR PAPER DOILIES,1621,2013,0.008010954667586025
47591C,1055.0,2029.2700000000002,162.0,108,BLUE FAIRY CAKE CHILDRENS APRON,1622,1721,0.010405621293561465
21062,1054.0,876.7200000000007,138.0,123,PARTY INVITES SPACEMAN,1623,2642,0.004495614827248821
21882,1054.0,500.74,123.0,99,SKULLS TAPE,1623,3181,0.0025676774438778316
85047,1054.0,6683.380000000002,243.0,141,WHITE BEADED GARLAND STRING 20LIGHT,1623,692,0.03427080735484329
20802,1051.0,1596.810000000001,116.0,103,SMALL GLASS SUNDAE DISH CLEAR,1624,1982,0.008188067698123903
16161M,1050.0,439.0,39.0,37,WRAP  PINK FLOCK,1625,3262,0.0022510891837328115
72038P,1050.0,116.5,9.0,9,PRICE'S CANDLE PEACH,1625,3990,0.0005973847150452677
23237,1048.0,4253.640000000004,177.0,102,SET OF 4 KNICK KNACK TINS LEAF,1626,1027,0.021811669693606484
23530,1048.0,4384.989999999999,86.0,44,WALL ART ONLY ONE PERSON ,1626,993,0.022485201730698266
22515,1047.0,2131.839999999997,211.0,152,CHILDS GARDEN SPADE PINK,1627,1676,0.010931576231091004
23096,1047.0,1759.7899999999986,148.0,92,PETIT TRAY CHIC,1627,1876,0.00902379096729194
85200,1047.0,1321.59,107.0,68,BUNNY EGG BOX,1627,2194,0.0067768039961946394
20770,1046.0,2193.1400000000012,203.0,161,ABSTRACT CIRCLE JOURNAL ,1628,1647,0.011245908274286518
85231L,1043.0,841.7499999999999,120.0,67,LAVENDER SCENTED SET/9 T-LIGHTS,1629,2678,0.004316296857419348
35648,1041.0,1269.3300000000002,146.0,120,VINTAGE BEAD PINK PURSE ,1630,2244,0.006508826955780342
22283,1040.0,8596.689999999986,386.0,277,6 EGG HOUSE PAINTED WOOD,1631,539,0.04408181292688837
16202B,1039.0,528.5600000000001,22.0,22,PASTEL BLUE PHOTO ALBUM ,1632,3134,0.002710331888277483
21248,1038.0,1292.3000000000018,162.0,139,DOOR HANGER  MUM + DADS ROOM,1633,2219,0.006626611736077258
84569D,1037.0,1303.8300000000006,183.0,142,PACK 6 HEART/ICE-CREAM PATCHES,1634,2210,0.0066857348756864535
23132,1034.0,5219.100000000001,155.0,105,SMALL IVORY HEART WALL ORGANISER,1635,861,0.026762322457448563
21579,1033.0,1569.8500000000001,141.0,113,LOLITA  DESIGN  COTTON TOTE BAG,1636,2006,0.008049823132307413
23061,1033.0,1355.1800000000007,120.0,88,VINTAGE EMBOSSED HEART,1636,2167,0.006949045649227867
21636,1032.0,1020.8400000000001,107.0,84,MADRAS NOTEBOOK MEDIUM,1637,2471,0.005234628433534861
21638,1029.0,2239.84,148.0,122,ASSORTED TUTTI FRUTTI NOTEBOOK,1638,1621,0.011485374936884056
84827,1029.0,491.08999999999986,33.0,26,ASS DES PHONE SPONGE CRAFT STICKER,1638,3195,0.002518194503962064
21426,1028.0,1647.070000000001,101.0,94,WOODLAND STORAGE BOX SMALL,1639,1950,0.00844578920694944
21467,1026.0,3263.7899999999986,257.0,194,CHERRY CROCHET FOOD COVER,1640,1252,0.01673595072203943
22374,1025.0,5104.420000000001,433.0,283,AIRLINE BAG VINTAGE JET SET RED,1641,881,0.02617427027614907
21219,1023.0,1315.7700000000002,179.0,147,SET/4 BADGES BALLOON GIRL,1642,2198,0.006746960399271349
21324,1022.0,2869.3099999999995,184.0,132,HANGING MEDINA LANTERN SMALL,1643,1368,0.01471314967147242
22120,1022.0,10353.990000000014,371.0,258,WELCOME  WOODEN BLOCK LETTERS,1643,451,0.05309283575735245
84989B,1020.0,523.4999999999999,64.0,51,75 BLACK FAIRY CAKE CASES,1644,3139,0.0026843853933579192
16258B,1017.0,221.48000000000002,17.0,10,DAISY ERASERS IN BAG,1645,3686,0.0011356975681392782
22278,1016.0,5947.849999999993,389.0,261,OVERNIGHT BAG VINTAGE ROSE PAISLEY,1646,770,0.030499181780102934
17084P,1015.0,227.9999999999999,71.0,63,DRAGONS BLOOD INCENSE,1647,3668,0.0011691306011186351
22248,1015.0,903.2000000000006,181.0,133,DECORATION  PINK CHICK MAGIC GARDEN,1647,2609,0.004631398065484002
79030D,1015.0,713.9800000000001,62.0,56,TUMBLER BAROQUE,1647,2840,0.0036611222218714194
23299,1014.0,3776.670000000001,147.0,92,FOOD COVER WITH BEADS SET 2 ,1648,1133,0.01936587924266105
22684,1013.0,1342.480000000001,165.0,130,FRENCH BLUE METAL DOOR SIGN 9,1649,2175,0.006883923023639242
21926,1011.0,1327.77,148.0,115,RED/CREAM STRIPE CUSHION COVER ,1650,2186,0.006808493588803907
22947,1011.0,12704.15,210.0,110,WOODEN ADVENT CALENDAR RED,1650,365,0.06514390581667244
21537,1010.0,4359.959999999999,268.0,189,RED RETROSPOT PUDDING BOWL,1651,999,0.022356853752864937
21707,1010.0,4209.699999999997,175.0,143,FOLDING UMBRELLA BLACKBLUE POLKADOT,1651,1035,0.02158635566460139
22100,1009.0,713.6399999999998,132.0,109,SKULLS SQUARE TISSUE BOX,1652,2842,0.003659378781501328
22811,1008.0,2863.339999999999,139.0,102,SET OF 6 T-LIGHTS CACTI ,1653,1370,0.014682536909679968
23526,1008.0,5971.56,143.0,52,WALL ART DOG LICENCE ,1653,768,0.03062076110708772
21285,1007.0,1362.6200000000017,99.0,75,RETROSPOT CANDLE  MEDIUM,1654,2158,0.006987196226738058
22229,1007.0,845.2999999999998,189.0,140,BUNNY WOODEN PAINTED WITH FLOWER ,1654,2673,0.004334500425989397
21286,1006.0,1623.0099999999995,101.0,80,RETROSPOT CANDLE  LARGE,1655,1963,0.00832241516193665
22742,1006.0,2484.940000000001,185.0,141,MAKE YOUR OWN PLAYTIME CARD KIT,1655,1514,0.012742190333086593
20800,1005.0,303.96000000000004,5.0,5,LARGE GLASS SUNDAE DISH CLEAR,1656,3498,0.0015586356908597393
85173,1005.0,1811.6299999999992,149.0,123,SET/6 FROG PRINCE T-LIGHT CANDLES,1656,1851,0.009289614346072601
22767,1004.0,9478.229999999989,297.0,185,TRIPLE PHOTO FRAME CORNICE ,1657,495,0.04860214358526611
84016,1004.0,3791.6699999999987,62.0,45,FLAG OF ST GEORGE CAR FLAG,1657,1127,0.019442795729576738
22612,1001.0,3984.99,111.0,74,TEA COSY VINTAGE UNION JACK,1658,1086,0.02043409541294628
21808,1000.0,2713.159999999998,147.0,98,"CHRISTMAS GARLAND STARS,TREES",1659,1434,0.01391244904267998
22845,1000.0,6764.839999999998,397.0,226,VINTAGE CREAM CAT FOOD CONTAINER,1659,681,0.034688515156453464
21645,999.0,1692.1499999999987,142.0,96,ASSORTED TUTTI FRUTTI ROUND BOX,1660,1918,0.00867694888896008
22977,999.0,1312.6500000000008,141.0,108,DOLLY GIRL CHILDRENS EGG CUP,1660,2203,0.006730961769992887
23255,999.0,4034.969999999998,157.0,104,CHILDRENS CUTLERY CIRCUS PARADE,1660,1074,0.020690381147349383
20941,998.0,896.2799999999995,125.0,97,FROG CANDLE,1661,2622,0.004595913926186887
21195,997.0,2122.6600000000008,151.0,116,PINK  HONEYCOMB PAPER BALL ,1662,1678,0.010884503341098615
21724,995.0,886.7100000000008,178.0,143,PANDA AND BUNNIES STICKER SHEET,1663,2631,0.004546841207534677
85035B,995.0,2602.8599999999997,140.0,110,CHOCOLATE 3 WICK MORRIS BOX CANDLE,1663,1478,0.013346856475559875
21363,994.0,5345.9799999999905,414.0,260,HOME SMALL WOOD LETTERS,1664,850,0.027412933381439443
23283,994.0,7003.380000000002,233.0,109,DOORMAT VINTAGE LEAF,1664,648,0.03591169240904488
85032B,994.0,961.1399999999983,153.0,116,BLOSSOM IMAGES GIFT WRAP SET,1664,2542,0.004928500815610366
22642,993.0,2358.6699999999996,149.0,101,SET OF 4 NAPKIN CHARMS STARS   ,1665,1562,0.012094707346230228
23359,993.0,1872.3100000000013,80.0,60,SET OF 12 T-LIGHTS VINTAGE DOILY,1665,1819,0.009600767174475588
23220,992.0,866.7199999999998,104.0,59,REINDEER HEART DECORATION GOLD,1666,2652,0.004444337169305017
21625,991.0,7086.2699999999995,343.0,251,VINTAGE UNION JACK APRON,1667,639,0.03633673291574103
21656,991.0,1623.240000000001,141.0,116,RIDGED GLASS POSY VASE ,1667,1962,0.008323594548069364
47504H,991.0,1081.34,138.0,110,ENGLISH ROSE SPIRIT LEVEL ,1667,2405,0.005544858264094848
85226C,991.0,523.4100000000003,85.0,67,BLUE PULL BACK RACING CAR,1667,3141,0.0026839238944364272
23034,990.0,1464.6200000000006,91.0,68,DRAWER KNOB CERAMIC BLACK,1668,2078,0.007510228337764811
72800B,988.0,1284.4299999999987,97.0,80, 4 PURPLE FLOCK DINNER CANDLES,1669,2229,0.006586256219275472
21288,985.0,2566.32,226.0,174,STRIPEY CHOCOLATE NESTING BOXES,1670,1487,0.013159487913433235
47570B,983.0,9812.969999999998,236.0,169,TEA TIME TABLE CLOTH,1671,484,0.05031861190727691
22721,981.0,4598.759999999997,295.0,173,SET OF 3 CAKE TINS SKETCHBOOK,1672,953,0.023581364224562862
22032,980.0,418.12000000000035,111.0,91,BOTANICAL LILY GREETING CARD,1673,3297,0.0021440214339461597
22180,979.0,10143.179999999997,411.0,286,RETROSPOT LAMP,1674,466,0.052011851450239115
23531,979.0,5559.109999999998,114.0,49,WALL ART BIG LOVE ,1674,811,0.028505814105195683
22946,978.0,15094.470000000005,278.0,146,WOODEN ADVENT CALENDAR CREAM,1675,298,0.07740090695029482
21442,977.0,708.3700000000003,138.0,119,GREEN BIRDHOUSE DECORATION,1676,2849,0.0036323554557649487
85162B,977.0,1905.1499999999996,13.0,13,BLACK RETRODISC LAMPSHADE,1676,1795,0.00976916300316302
16161G,975.0,97.5,33.0,32,WRAP BAD HAIR DAY,1677,4054,0.0004999571649520481
16169F,975.0,409.5,34.0,26,WRAP BLIZZARD,1677,3312,0.002099820092798602
84924F,975.0,274.54999999999995,10.0,10,PSYCHEDELIC METAL SIGN CALENDAR,1677,3568,0.0014078280988470235
21318,974.0,903.7199999999998,95.0,73,GLASS CHALICE BLUE SMALL ,1678,2608,0.004634064503697076
22313,974.0,3136.0199999999986,139.0,112,OFFICE MUG WARMER PINK,1678,1290,0.016080776086491503
22474,974.0,4750.589999999995,258.0,177,SPACEBOY TV DINNER TRAY,1678,929,0.024359912905123567
22937,974.0,2568.3400000000006,166.0,103,BAKING MOULD CHOCOLATE CUPCAKES,1678,1486,0.013169846000337883
22778,972.0,3844.46,201.0,138,GLASS CLOCHE SMALL,1679,1115,0.019713490485862063
20772,971.0,1851.279999999998,163.0,126,GARDEN PATH JOURNAL,1680,1831,0.009492930259819761
84969,971.0,4288.429999999996,343.0,244,BOX OF 6 ASSORTED COLOUR TEASPOONS,1680,1016,0.02199006466559292
15044C,970.0,3036.1099999999956,235.0,181,PURPLE PAPER PARASOL,1681,1326,0.01556846100597498
22253,969.0,1164.5299999999997,94.0,59,6 CROCHET STRAWBERRIES,1682,2323,0.005971437100529318
23273,969.0,1649.0499999999995,113.0,74,HEART T-LIGHT HOLDER WILLIE WINKIE,1682,1949,0.008455942183222305
23056,966.0,2916.87,43.0,34,FLOWERS CHANDELIER T-LIGHT HOLDER,1683,1350,0.014957026212653135
22165,963.0,7615.540000000001,273.0,195,"DIAMANTE HEART SHAPED WALL MIRROR, ",1684,603,0.03905070551773253
21530,962.0,1370.4099999999999,168.0,137,DAIRY MAID TOASTRACK,1685,2150,0.00702714152227627
23130,962.0,3988.98,184.0,95,MISTLETOE HEART WREATH GREEN,1685,1084,0.020454555198465858
72225D,962.0,219.45999999999998,11.0,11,VANILLA SCENT CAKE CANDLE ,1685,3695,0.0011253394812346304
21448,961.0,1650.0699999999993,219.0,171,12 DAISY PEGS IN WOOD BOX,1686,1947,0.00846117250433257
84327A,961.0,1824.47,125.0,87,PINK JUMPER LARRY THE LAMB,1686,1844,0.009355454858872445
85068,961.0,6655.1900000000005,200.0,119,CREAM SWEETHEART SHELF + HOOKS,1686,699,0.03412625563709971
23569,959.0,4730.7300000000005,201.0,40,TRADTIONAL ALPHABET STAMP SET,1687,938,0.024258075476447212
21520,957.0,411.6300000000001,108.0,99,BOOZE & WOMEN GREETING CARD ,1688,3308,0.002110742233940632
22252,957.0,1176.8100000000002,118.0,99,BIRDCAGE DECORATION TEALIGHT HOLDER,1688,2314,0.006034406064484306
21424,955.0,2861.640000000001,142.0,120,WOODLAND STORAGE BOX LARGE ,1689,1371,0.014673819707829532
21534,955.0,4852.789999999995,362.0,262,DAIRY MAID LARGE MILK JUG,1689,915,0.024883970569309202
84927D,954.0,211.67999999999995,29.0,27,LA PALMIERA TILE HOOK,1690,3721,0.0010854454633543542
79160,951.0,1987.7699999999982,222.0,154,HEART SHAPE WIRELESS DOORBELL,1691,1746,0.010192819013094686
16156L,950.0,399.0,36.0,34,WRAP CAROUSEL,1692,3325,0.0020459785519576124
22233,950.0,1210.699999999999,168.0,133,JIGSAW RABBIT AND BIRDHOUSE,1692,2287,0.006208186047255837
22275,950.0,7909.329999999998,322.0,172,WEEKEND BAG VINTAGE ROSE PAISLEY,1692,580,0.040557191830463406
23129,950.0,3999.5000000000005,172.0,83,HEART SHAPED HOLLY WREATH,1692,1082,0.020508499294622735
21396,948.0,1205.2500000000002,78.0,55,RED SPOTTY EGG CUP ,1693,2294,0.0061802397236764735
85131B,948.0,731.16,216.0,159,BEADED CRYSTAL HEART GREEN ON STICK,1693,2816,0.003749217238218867
22069,947.0,2147.740000000001,268.0,182,BROWN  PIRATE TREASURE CHEST ,1694,1663,0.011013107707221666
79051A,947.0,390.1399999999999,61.0,52,SMOKEY GREY COLOUR GLASS,1694,3340,0.002000546547019405
85188A,945.0,825.82,106.0,75,GREEN METAL SWINGING BUNNY,1695,2697,0.004234611548314876
21432,943.0,5441.859999999998,240.0,155,SET OF 3 CASES WOODLAND DESIGN,1696,839,0.027904583565804632
23131,943.0,3840.1300000000006,117.0,84,MISTLETOE HEART WREATH CREAM,1696,1118,0.0196912872599724
16051,941.0,84.69,4.0,4,TEATIME PENCIL W STAMP ASST,1697,4108,0.0004342704851260406
16254,941.0,305.66,41.0,32,TRANSPARENT ACRYLIC TAPE DISPENSER,1697,3494,0.0015673528927101852
22933,940.0,2585.919999999998,123.0,76,BAKING MOULD EASTER EGG MILK CHOC,1698,1479,0.013259992123003068
21454,939.0,809.300000000001,199.0,134,PAINTED PINK RABBIT ,1699,2720,0.004149900857391724
22256,939.0,1207.5700000000002,128.0,90,FELT FARM ANIMAL CHICKEN,1699,2291,0.006192136140319434
22092,938.0,597.4399999999991,144.0,110,BLUE PAISLEY TISSUE BOX,1700,3019,0.0030635323961943715
23093,938.0,2229.3400000000015,143.0,97,SMALL PARISIENNE HEART PHOTO FRAME ,1700,1630,0.011431533396043074
21683,936.0,2757.4700000000007,153.0,137,MEDIUM MEDINA STAMPED METAL BOWL ,1701,1406,0.014139660345028969
23123,936.0,760.4000000000003,96.0,65,COCKTAIL SWORDS 50 PIECES,1701,2777,0.003899153110046539
23244,936.0,1733.9800000000014,112.0,81,ROUND STORAGE TIN VINTAGE LEAF,1701,1895,0.008891443332139006
35967,936.0,488.51000000000005,112.0,95,FOLK ART METAL STAR T-LIGHT HOLDER,1701,3198,0.002504964868212565
21557,934.0,3172.61,305.0,222,SET OF 6 FUNKY BEAKERS,1702,1279,0.01626840103690787
35598B,934.0,883.4999999999999,60.0,49,BLACK CHRISTMAS TREE 60CM,1702,2634,0.004530381079334712
72807A,934.0,4292.579999999999,225.0,168,SET/3 ROSE CANDLE IN JEWELLED BOX,1702,1014,0.022011344893639612
21732,933.0,3244.5699999999997,62.0,48,RED HANGING METAL STAR TLIGHT HLDR,1703,1256,0.016637395063471457
22497,930.0,4243.319999999998,281.0,206,SET OF 2 TINS VINTAGE BATHROOM ,1704,1030,0.02175875115060845
84815,930.0,1200.8200000000002,57.0,48,SET OF 3 DANISH ROSE PLANTERS,1704,2298,0.00615752372120737
85132B,929.0,2863.370000000001,133.0,84,CHARLIE AND LOLA TABLE TINS,1705,1369,0.014682690742653808
21441,928.0,655.4600000000003,134.0,119,BLUE BIRDHOUSE DECORATION,1706,2924,0.0033610453675843037
21466,927.0,3479.789999999998,276.0,220,RED FLOWER CROCHET FOOD COVER,1707,1199,0.017843548133625504
72802A,927.0,3881.869999999998,190.0,153,ROSE SCENT CANDLE IN JEWELLED BOX,1707,1101,0.019905320204229807
22838,925.0,13251.490000000016,274.0,160,3 TIER CAKE TIN RED AND CREAM,1708,346,0.06795053714656846
21688,924.0,2881.0499999999975,144.0,131,SILVER PLATE CANDLE BOWL SMALL,1709,1362,0.014773349641898432
23013,922.0,3653.24,223.0,117,GLASS APOTHECARY BOTTLE TONIC,1710,1158,0.01873295911066072
85054,920.0,2506.8199999999993,212.0,172,FRENCH ENAMEL POT W LID,1711,1504,0.01285438584866762
22495,917.0,2663.469999999997,238.0,174,SET OF 2 ROUND TINS CAMEMBERT ,1712,1451,0.013657650360357232
20692,912.0,3699.7599999999998,144.0,92,FLORAL ELEPHANT SOFT TOY,1713,1151,0.01897150277541528
21188,912.0,2771.3400000000006,132.0,114,3D HEARTS  HONEYCOMB PAPER GARLAND,1713,1396,0.014210782456597019
47518F,912.0,190.88999999999993,43.0,42,ICON PLACEMAT POP ART ELVIS,1713,3761,0.0009788392124891942
20666,911.0,412.4499999999999,46.0,42,ECONOMY HOLIDAY PURSE,1714,3306,0.0021149470018920224
82613B,911.0,1021.8600000000002,235.0,186,"METAL SIGN,CUPCAKE SINGLE HOOK",1714,2469,0.0052398587546451285
85130B,911.0,918.3300000000004,83.0,75,BEADED CRYSTAL HEART GREEN LARGE,1714,2595,0.00470898116195297
21719,910.0,816.540000000001,145.0,117,LOVELY BONBON STICKER SHEET,1715,2708,0.004187025881743035
22611,908.0,4343.579999999996,201.0,135,VINTAGE UNION JACK SHOPPING BAG,1716,1005,0.02227286094915298
23489,907.0,2691.8900000000012,164.0,41,VINTAGE BELLS GARLAND,1717,1442,0.013803381464233534
21744,906.0,2720.7600000000016,230.0,124,SNOWFLAKE PORTABLE TABLE LIGHT ,1718,1428,0.013951420062717285
22221,906.0,6712.27999999999,158.0,131,CAKE STAND LOVEBIRD 2 TIER PINK,1718,688,0.03441899978630081
21528,904.0,5708.559999999985,262.0,214,DAIRY MAID TRADITIONAL TEAPOT ,1719,796,0.029272158703165706
79320,904.0,4357.380000000002,150.0,105,FLAMINGO LIGHTS,1719,1000,0.02234362411711545
85162C,904.0,1841.6999999999996,46.0,27,WHITE RETRODISC LAMPSHADE,1719,1836,0.009443806263509609
21652,903.0,1761.5900000000013,81.0,66,GLASS ETCHED T-LIGHT HOLDER MEDIUM,1720,1875,0.009033020945721837
21693,903.0,2743.0199999999977,126.0,106,SMALL HAMMERED SILVER CANDLEPOT ,1720,1416,0.014065564129300163
21865,902.0,2098.2399999999993,306.0,231,PINK UNION JACK  PASSPORT COVER ,1721,1689,0.010759283300399849
21455,901.0,797.2700000000003,171.0,122,PAINTED YELLOW WOODEN DAISY,1722,2735,0.004088213834885329
20661,899.0,983.0099999999994,125.0,112,BLUE POLKADOT PURSE ,1723,2517,0.005040645053533462
22119,898.0,5607.769999999998,359.0,200,PEACE WOODEN BLOCK LETTERS,1724,806,0.028755331188750215
48197,898.0,5905.639999999996,225.0,127,DOORMAT BIRD ON THE WIRE,1724,772,0.030282738785922168
20990,895.0,1706.1400000000003,106.0,74,SPRING FLOWER CHOPSTICKS SET/5,1725,1911,0.008748686332423462
22687,895.0,5784.670000000002,149.0,83,DOORMAT CHRISTMAS VILLAGE,1725,787,0.029662432957776055
85036C,895.0,1671.2700000000002,137.0,100,ROSE 1 WICK MORRIS BOXED CANDLE,1725,1937,0.008569881139173433
21040,894.0,1125.849999999999,69.0,52,MODERN VINTAGE COTTON SHOPPING BAG,1726,2364,0.0057730951196026965
84819,893.0,1359.8700000000006,95.0,70,DANISH ROSE ROUND SEWING BOX,1727,2162,0.006973094870803507
35001W,887.0,2820.6500000000005,196.0,135,HAND OPEN SHAPE DECO.WHITE,1728,1381,0.014463632587917895
85032C,887.0,946.2599999999989,163.0,117,CURIOUS IMAGES GIFT WRAP SET,1728,2562,0.004852199660589995
20840,885.0,1419.0899999999997,94.0,77,FRENCH FLORAL CUSHION COVER ,1729,2116,0.007276761161146686
21064,885.0,4436.750000000001,177.0,124,BOOM BOX SPEAKER BOYS,1729,983,0.022750614888215386
22660,884.0,5862.799999999997,197.0,143,DOORMAT I LOVE LONDON,1730,780,0.03006306529929094
22932,884.0,2000.8799999999985,72.0,59,BAKING MOULD TOFFEE CUP CHOCOLATE,1730,1740,0.01026004402265901
23138,884.0,1238.7600000000002,87.0,61,SINGLE WIRE HOOK IVORY HEART,1730,2270,0.006352071155446146
85071D,884.0,548.86,114.0,92,CHARLIE+LOLA MY ROOM DOOR SIGN,1730,3096,0.0028144255339033965
22856,883.0,1067.35,33.0,27,ASSORTED EASTER DECORATIONS  BELLS,1731,2417,0.005473120820631472
23566,883.0,1159.4299999999998,84.0,39,EGG CUP MILKMAID HEIDI,1731,2329,0.00594528549497798
20868,882.0,518.0699999999998,71.0,58,SILVER FABRIC MIRROR,1732,3152,0.002656541625094436
21352,880.0,3110.2800000000007,159.0,103,EUCALYPTUS & PINECONE  WREATH,1733,1301,0.01594878739494417
37500,880.0,6782.509999999988,263.0,212,TEA TIME TEAPOT IN GIFT BOX,1733,675,0.03477912277804011
21665,879.0,638.8000000000002,78.0,54,TRIANGULAR RIDGED GLASS POSY HOLDER,1734,2952,0.0032756167894499324
21647,877.0,1960.18,160.0,103,ASSORTED TUTTI FRUTTI LARGE PURSE,1735,1768,0.01005134395482775
22280,877.0,1244.7500000000014,164.0,127,POCKET BAG PINK PAISELY BROWN SPOT,1735,2268,0.006382786472554488
21775,875.0,1327.540000000001,279.0,215,DECORATIVE FLORE BATHROOM BOTTLE,1736,2187,0.006807314202671206
21897,872.0,2659.060000000001,114.0,89,POTTING SHED CANDLE CITRONELLA,1737,1452,0.013635036913204035
23541,872.0,6823.910000000002,152.0,50,WALL ART CLASSIC PUDDINGS ,1737,668,0.0349914122819275
37502,872.0,2611.59,176.0,104,TEA TIME MUG IN GIFT BOX,1737,1474,0.013391621870944814
21723,870.0,772.5300000000002,138.0,121,ALPHABET HEARTS STICKER SHEET,1738,2759,0.003961352909132367
21145,869.0,1256.21,49.0,45,ANTIQUE GLASS PLACE SETTING,1739,2255,0.006441550668558076
22781,868.0,7068.230000000005,309.0,192,GUMBALL MAGAZINE RACK,1740,642,0.03624422802081044
23087,868.0,1090.66,69.0,53,ZINC  HEART T-LIGHT HOLDER,1740,2396,0.005592649041298471
23404,867.0,4092.3199999999993,168.0,74,HOME SWEET HOME BLACKBOARD,1741,1055,0.02098445851565708
84519B,867.0,1892.53,215.0,168,CARROT CHARLIE+LOLA COASTER SET,1741,1802,0.009704450598837946
84660A,867.0,907.9599999999999,56.0,52,WHITE STITCHED WALL CLOCK,1741,2605,0.004655806230665247
22688,865.0,4756.700000000001,93.0,72,DOORMAT PEACE ON EARTH BLUE,1742,928,0.024391243554127258
23184,864.0,4703.319999999998,264.0,152,BULL DOG BOTTLE OPENER,1743,941,0.02411752341602324
23347,859.0,1074.8400000000004,97.0,77,I LOVE LONDON BEAKER,1744,2412,0.005511527786431381
17012C,857.0,952.9500000000006,114.0,95,ORIGAMI LAVENDER INCENSE/CANDL SET ,1745,2553,0.004886504413754406
23461,857.0,3082.71,107.0,48,SWEETHEART BIRD HOUSE,1745,1311,0.01580741489199311
21010,856.0,1122.2599999999998,86.0,56,ETCHED GLASS BIRD TREE DECORATION,1746,2366,0.005754686440400876
22911,856.0,2463.199999999999,168.0,124,PAPER CHAIN KIT LONDON,1746,1521,0.012630712704716763
21202,855.0,1105.1299999999997,67.0,63,DOLLY HONEYCOMB GARLAND,1747,2381,0.005666847812343147
22425,855.0,4326.469999999994,303.0,207,ENAMEL COLANDER CREAM,1747,1009,0.022185124876411125
23014,855.0,3402.61,211.0,112,GLASS APOTHECARY BOTTLE ELIXIR,1747,1220,0.017447787169615266
23249,854.0,1445.8999999999996,82.0,58,VINTAGE RED ENAMEL TRIM PLATE,1748,2097,0.007414236562094013
21735,853.0,11112.849999999999,262.0,187,TWO DOOR CURIO CABINET,1749,420,0.05698409210807556
85034A,852.0,2393.4400000000005,148.0,105,3 GARDENIA MORRIS BOXED CANDLES,1750,1547,0.012272999762900824
22516,851.0,1725.7999999999977,171.0,123,CHILDS GARDEN RAKE BLUE,1751,1901,0.008849498207940959
22039,850.0,353.0,30.0,28,BOTANICAL LILY GIFT WRAP,1752,3405,0.0018101013254161332
16052,848.0,281.3200000000001,35.0,33,TEATIME PUSH DOWN RUBBER,1753,3548,0.0014425430732749767
84676,848.0,2102.4600000000005,110.0,77,BATH DUCK WATERING CAN,1753,1684,0.010780922472052137
85170A,848.0,1585.0600000000004,84.0,72,SET/6 IVORY BIRD T-LIGHT CANDLES,1753,1989,0.008127816450039934
23239,847.0,3389.5900000000033,185.0,98,SET OF 4 KNICK KNACK TINS POPPIES,1754,1225,0.01738102365897246
21348,845.0,2039.6900000000023,137.0,103,PINK SPOTS CHOCOLATE NESTING BOXES ,1755,1716,0.010459052613138915
21076,844.0,715.4000000000001,95.0,58,SET/20 COLLAGE PAPER NAPKIN ,1756,2839,0.003668403649299439
85215,843.0,651.6900000000003,69.0,59,ASSORTED CHEESE FRIDGE MAGNETS,1757,2929,0.003341713690539491
22263,842.0,632.4800000000004,111.0,91,FELT EGG COSY LADYBIRD ,1758,2959,0.0032432093096294522
22626,842.0,7209.980000000002,344.0,231,BLACK KITCHEN SCALES,1758,633,0.03697108882216379
79336,840.0,369.78,21.0,20,LIGHT PINK FLOCK GLASS CANDLEHOLDER,1759,3372,0.0018961452354458294
21617,838.0,2142.51,175.0,135,4 LILY  BOTANICAL DINNER CANDLES,1760,1668,0.010986289492117055
21827,838.0,1072.6399999999999,146.0,102,EIGHT PIECE CREEPY CRAWLIE SET,1760,2413,0.005500246701683742
22450,838.0,2811.679999999997,187.0,138,SILK PURSE BABUSHKA BLUE,1760,1385,0.01441763652874229
84625A,838.0,1193.0000000000005,81.0,74,PINK NEW BAROQUECANDLESTICK CANDLE,1760,2305,0.00611742459269532
85231E,837.0,697.7400000000002,109.0,68,STRAWBERRY SCENTED SET/9 T-LIGHTS,1761,2866,0.0035778473053706896
21016,836.0,584.5499999999998,89.0,53,LIGHT BIRD HOUSE TREE DECORATION,1762,3044,0.002997435495104817
22393,836.0,1464.4699999999996,121.0,94,PAPERWEIGHT VINTAGE COLLAGE,1762,2079,0.00750945917289565
84249D,835.0,352.34000000000003,65.0,52,FAIRY CAKE GREETINGS CARD,1763,3408,0.0018067169999918425
22442,832.0,4711.019999999998,172.0,123,GROW YOUR OWN FLOWERS SET OF 3,1764,940,0.024157007212639966
21898,829.0,2544.710000000001,119.0,92,POTTING SHED ROSE CANDLE,1765,1492,0.013048676894616687
72487,827.0,355.05,14.0,7,ROSES WHITE ROUND CANDLE,1766,3397,0.0018206132452946123
84031B,827.0,3266.8100000000077,276.0,176,CHARLIE LOLA BLUE HOT WATER BOTTLE ,1766,1251,0.016751436574738505
22846,826.0,13281.770000000004,347.0,193,BREAD BIN DINER STYLE RED ,1767,345,0.06810580589482222
72800F,825.0,1067.839999999999,72.0,51,4 IVORY DINNER CANDLES GOLD FLOCK,1768,2416,0.005475633425870713
23435,824.0,732.2999999999997,99.0,51,3 RAFFIA RIBBONS VINTAGE CHRISTMAS,1769,2813,0.0037550628912244584
84534B,824.0,783.8600000000002,192.0,146,FAIRY CAKE NOTEBOOK A5 SIZE,1769,2747,0.004019450495582694
22116,821.0,1100.6200000000001,197.0,157,METAL SIGN HIS DINNER IS SERVED,1770,2385,0.005643721588610495
20850,820.0,713.8000000000001,23.0,21,ZINC HEART LATTICE PLANTER BOWL,1771,2841,0.0036601992240284306
23388,820.0,3423.7999999999993,155.0,62,WOODLAND MINI BACKPACK,1771,1213,0.017556444526798175
22842,819.0,5315.329999999998,239.0,153,BISCUIT TIN VINTAGE RED,1772,852,0.027255767359841733
44235,819.0,305.0999999999999,27.0,22,ASSORTED COLOURED CIRCLE MOBILE ,1772,3496,0.0015644813438653318
21813,818.0,3781.239999999997,186.0,123,GARLAND WITH STARS AND BELLS,1773,1131,0.019389313132341345
20767,817.0,1754.3599999999974,184.0,156,BLUE PAISLEY JOURNAL ,1774,1879,0.00899594719902845
84467,816.0,17477.66000000001,83.0,44,ENGLISH ROSE DESIGN QUILTED THROW,1775,248,0.08962134711380328
22390,815.0,1453.6200000000001,84.0,75,PAPERWEIGHT CHILDHOOD MEMORIES,1776,2091,0.0074538229140266275
22931,815.0,1968.399999999999,132.0,91,BAKING MOULD HEART WHITE CHOCOLATE,1776,1764,0.010093494189657548
17165B,813.0,754.8299999999999,64.0,47,ASS COL LARGE SAND GECKO P'WEIGHT,1777,2784,0.003870591454571841
22517,813.0,1604.1099999999972,156.0,120,CHILDS GARDEN RAKE PINK,1777,1979,0.008225500388422857
23068,813.0,1976.8900000000021,139.0,96,ALUMINIUM STAMPED HEART,1777,1758,0.01013702892125185
84596J,813.0,628.01,141.0,111,MIXED NUTS LIGHT GREEN BOWL,1777,2966,0.003220288196528572
23282,812.0,757.8600000000006,137.0,91,FOLDING BUTTERFLY MIRROR IVORY ,1778,2781,0.0038861285849288154
22473,811.0,3070.9199999999987,209.0,157,TV DINNER TRAY VINTAGE PAISLEY,1779,1315,0.015746958533277365
23494,811.0,5352.89,206.0,58,VINTAGE DOILY DELUXE SEWING KIT ,1779,847,0.027448366243078656
84279B,811.0,3088.1699999999996,218.0,149,CHERRY BLOSSOM DECORATIVE FLASK,1779,1309,0.015835412493230422
22796,810.0,8060.249999999993,320.0,197,PHOTO FRAME 3 CLASSIC HANGING,1780,572,0.04133107424415121
23393,807.0,3230.409999999999,236.0,76,HOME SWEET HOME CUSHION COVER ,1781,1263,0.016564785899823027
21190,806.0,1337.59,115.0,86,PINK HEARTS PAPER GARLAND,1782,2177,0.006858848248904719
21812,806.0,3934.059999999997,208.0,144,GARLAND WITH HEARTS AND BELLS,1782,1093,0.020172938301038494
22890,805.0,7861.699999999992,265.0,161,NOVELTY BISCUITS CAKE STAND 3 TIER,1783,583,0.04031295634567705
84509G,804.0,2060.37,161.0,128,SET OF 4 FAIRY CAKE PLACEMATS ,1784,1707,0.010565094809766681
21820,803.0,3162.390000000001,191.0,133,GLITTER HEART GARLAND WITH BELLS ,1785,1281,0.016215995270489312
22453,803.0,2218.820000000002,147.0,112,MEASURING TAPE BABUSHKA BLUE,1785,1632,0.0113775892998862
23223,803.0,751.8499999999997,91.0,57,CHRISTMAS TREE HANGING SILVER ,1785,2790,0.0038553107125045873
21146,801.0,1537.0699999999997,59.0,42,ANTIQUE GLASS RIDGED HANGING BALL,1786,2027,0.007881734969567636
23146,801.0,2655.1299999999983,234.0,124,TRIPLE HOOK ANTIQUE IVORY ROSE,1786,1453,0.01361488479363211
20669,800.0,1112.0100000000004,224.0,176,RED HEART LUGGAGE TAG,1787,2375,0.005702126841008485
23222,799.0,718.5299999999999,77.0,51,CHRISTMAS TREE HANGING GOLD,1788,2833,0.003684453556235847
21189,798.0,1700.5299999999993,125.0,96,WHITE HONEYCOMB PAPER GARLAND ,1789,1916,0.008719919566316986
23118,796.0,5980.820000000001,256.0,123,PARISIENNE JEWELLERY DRAWER ,1790,767,0.030668244218343684
85129D,796.0,1197.3100000000006,171.0,141,BEADED CRYSTAL HEART PINK SMALL,1790,2302,0.006139525263269098
17136A,795.0,65.94000000000001,37.0,33,BLUE STONES ON WIRE FOR CANDLE,1791,4206,0.000338124876481416
21160,795.0,558.9399999999998,59.0,51,KEEP OUT GIRLS DOOR HANGER ,1791,3080,0.0028661134131107457
21465,794.0,2879.389999999999,188.0,153,PINK FLOWER CROCHET FOOD COVER,1792,1363,0.014764837550679767
23088,794.0,1030.8200000000002,78.0,57,ZINC HEART FLOWER T-LIGHT HOLDER,1792,2456,0.0052858035361627725
23214,794.0,1705.4400000000012,109.0,66,JINGLE BELL HEART ANTIQUE GOLD,1792,1912,0.008745096896367401
20702,790.0,3330.7000000000003,255.0,188,PINK PADDED MOBILE,1793,1235,0.017079049531341404
21106,790.0,2419.6800000000007,170.0,144,CREAM SLICE FLANNEL CHOCOLATE SPOT ,1793,1540,0.012407552337345357
85018D,790.0,977.5499999999994,82.0,50,YULETIDE IMAGES S/6 PAPER BOXES,1793,2523,0.005012647452296147
85130D,790.0,962.1499999999999,111.0,97,BEADED CRYSTAL HEART PINK LARGE,1793,2540,0.0049336798590626976
22118,788.0,3850.5199999999973,282.0,174,JOY WOODEN BLOCK LETTERS,1794,1112,0.019744564746575988
20671,787.0,1039.9699999999998,144.0,123,BLUE TEATIME PRINT BOWL ,1795,2452,0.0053327225931813485
23269,786.0,1163.1300000000006,97.0,59,SET OF 2 CERAMIC CHRISTMAS TREES,1796,2327,0.005964258228417191
82613C,784.0,853.7400000000002,200.0,154,"METAL SIGN,CUPCAKE SINGLE HOOK",1797,2665,0.004377778769293967
22363,782.0,2306.339999999999,173.0,150,GLASS JAR MARMALADE ,1798,1585,0.01182637136221032
23133,782.0,5525.400000000002,155.0,107,LARGE IVORY HEART WALL ORGANISER,1798,815,0.02833295712026716
84422,782.0,427.94999999999993,38.0,36,PINK/BLUE DISC/MIRROR STRING,1798,3277,0.0021944273717049126
71101E,779.0,627.8299999999999,49.0,47,STANDING FAIRY POLE SUPPORT ,1799,2968,0.0032193651986855833
22831,778.0,2292.1800000000007,141.0,105,WHITE BROCANTE SOAP DISH,1800,1593,0.01175376219856191
35096A,777.0,277.49,51.0,35,BLUE VICTORIAN FABRIC HEART BOX,1801,3560,0.001422903730282501
23057,776.0,1783.52,48.0,38,BEADED CHANDELIER T-LIGHT HOLDER,1802,1866,0.009145472849592584
72801E,776.0,422.32,28.0,25,4 FESTIVE GREEN DINNER CANDLES,1802,3287,0.0021655580502825534
79190A,775.0,357.9500000000002,118.0,110,RETRO PLASTIC 70'S TRAY,1803,3390,0.0018354837660983154
21696,773.0,2321.9400000000014,111.0,95,SMALL SILVER TRELLIS CANDLEPOT,1804,1579,0.01190636450860266
22841,773.0,6010.469999999987,307.0,187,ROUND CAKE TIN VINTAGE GREEN,1804,760,0.030820282474146973
84926D,773.0,365.3499999999998,48.0,45,LA PALMIERA TILE COASTER,1804,3380,0.001873429232976725
22475,772.0,3871.6499999999937,261.0,193,SKULL DESIGN TV DINNER TRAY,1805,1104,0.01985291443781122
72801C,770.0,685.03,92.0,77,4 ROSE PINK DINNER CANDLES,1806,2882,0.0035126734021241183
84625C,770.0,1024.1499999999999,71.0,63,BLUE NEW BAROQUE CANDLESTICK CANDLE,1806,2466,0.005251601338314257
22062,769.0,1261.1500000000015,139.0,112,CERAMIC BOWL WITH LOVE HEART DESIGN,1807,2246,0.00646688183158232
20768,768.0,1536.7399999999986,150.0,123,GREEN FERN JOURNAL ,1808,2028,0.007880042806855484
21458,768.0,849.2399999999999,88.0,67,2 PICTURE BOOK EGGS EASTER BUNNY,1808,2668,0.004354703823219255
22289,768.0,822.4800000000001,80.0,70,HANGING METAL CHICKEN DECORATION,1808,2702,0.004217484810561648
23695,765.0,323.32000000000005,59.0,22,DOILY THANK YOU CARD,1809,3459,0.0016579092366389356
84924D,764.0,272.61,15.0,15,LA PALMIERA METAL SIGN CALENDAR,1810,3571,0.0013978802332059266
22862,763.0,3394.469999999999,228.0,88,LOVE HEART NAPKIN BOX ,1811,1224,0.017406047156049008
22953,761.0,949.8000000000002,121.0,99,BIRTHDAY PARTY CORDON BARRIER TAPE,1812,2555,0.0048703519515021065
23395,761.0,3305.829999999999,220.0,76,BELLE JARDINIERE CUSHION COVER,1812,1239,0.016951521996035168
35968,761.0,363.3399999999999,76.0,68,FOLK ART METAL HEART T-LIGHT HOLDER,1812,3381,0.0018631224237300218
22691,760.0,5214.04,220.0,164,DOORMAT WELCOME SUNRISE,1813,863,0.026736375962528997
85094,760.0,360.7699999999998,109.0,81,CANDY SPOT EGG WARMER RABBIT,1813,3384,0.0018499440656384646
21904,759.0,1205.720000000001,148.0,123,HOUSE WRECKING METAL SIGN ,1814,2293,0.006182649773599835
84051,757.0,617.33,63.0,54,ASS COLOUR GLOWING TIARAS,1815,2984,0.003165523657844594
21051,756.0,1490.3600000000006,131.0,104,RIBBONS PURSE ,1816,2057,0.007642217029312151
84660C,756.0,1221.96,113.0,99,PINK STITCHED WALL CLOCK,1816,2281,0.006265924690100562
21611,754.0,2193.990000000001,155.0,111,SET OF 12 LILY BOTANICAL T-LIGHTS,1817,1646,0.01125026687521174
84660B,754.0,954.24,68.0,61,BLACK STITCHED WALL CLOCK,1817,2552,0.004893119231629153
22448,753.0,2426.7299999999973,122.0,105,PIN CUSHION BABUSHKA RED,1818,1536,0.012443703086195718
72130,753.0,306.3500000000001,59.0,53,COLUMBIAN CANDLE ROUND,1818,3493,0.0015708910511083075
21416,752.0,606.8100000000001,24.0,21,CLAM SHELL LARGE,1819,3004,0.0031115795616877165
21307,751.0,654.2700000000006,74.0,60,SET/4 BUTTERFLY MIRROR MAGNETS,1820,2925,0.003354943326288993
16161E,750.0,75.0,9.0,7,WRAP BOUDOIR ,1821,4155,0.0003845824345784986
23348,750.0,1642.1300000000006,173.0,80,CHILDRENS TOY COOKING UTENSIL SET,1821,1955,0.0084204580439252
72131,750.0,696.1799999999998,60.0,49,COLUMBIAN CANDLE RECTANGLE,1821,2868,0.0035698479907314545
21246,749.0,3685.629999999999,209.0,163,RED RETROSPOT BIG BOWL,1822,1153,0.018899047444740687
22362,749.0,2410.7499999999986,256.0,188,GLASS JAR PEACOCK BATH SALTS,1822,1543,0.012361761388801532
85188B,749.0,661.7300000000001,77.0,51,PINK METAL SWINGING BUNNY,1822,2912,0.0033931964591150656
23390,747.0,3025.5899999999983,169.0,68,DOLLY GIRL MINI BACKPACK,1823,1328,0.015514516909818117
22903,745.0,2053.9600000000014,82.0,70,CALENDAR FAMILY FAVOURITES,1824,1712,0.010532225831024714
47310M,745.0,1003.3099999999995,172.0,138,SMALL POP BOX FUNKY MONKEY,1824,2493,0.005144738699159376
21323,744.0,2523.890000000001,84.0,61,HANGING MEDINA LANTERN LARGE,1825,1498,0.012941916810777694
21482,744.0,2308.5600000000013,189.0,97,MUSHROOM BLUE HOT WATER BOTTLE,1825,1583,0.011837755002273855
37461,742.0,778.6399999999996,96.0,86,FUNKY MONKEY MUG,1826,2754,0.0039926835581360265
22220,740.0,6877.689999999985,270.0,203,CAKE STAND LOVEBIRD 2 TIER WHITE,1827,662,0.03526718352634917
20878,739.0,955.0099999999998,89.0,55,SET/9 CHRISTMAS T-LIGHTS SCENTED ,1828,2551,0.004897067611290824
21456,738.0,776.05,66.0,53,2 PICTURE BOOK EGGS EASTER CHICKS,1829,2756,0.003979402644728584
47505,738.0,3532.3699999999994,181.0,84,MINATURE COLOURED GARDENING SET,1829,1188,0.01811316605909401
84356,738.0,3747.6400000000012,132.0,112,POMPOM CURTAIN,1829,1139,0.019217020201650198
21825,737.0,1058.9899999999998,83.0,55,PAINTED METAL TREE WITH HOLLY BELLS,1830,2424,0.005430252698590455
23224,737.0,647.3899999999999,70.0,47,CHERUB HEART DECORATION GOLD,1830,2937,0.0033196642976236553
22060,735.0,5699.309999999997,163.0,129,LARGE CAKE STAND HANGING HEARTS,1831,799,0.02922472686956775
21576,733.0,1688.4400000000012,208.0,156,LETS GO SHOPPING COTTON TOTE BAG,1832,1921,0.008657924877862941
23127,733.0,3744.150000000001,196.0,124,FELTCRAFT GIRL NICOLE KIT,1832,1141,0.01919912429902781
78124,731.0,970.86,32.0,29,MAGAZINE RACK GEBRA ASSORTED ,1833,2532,0.004978342699131748
20662,728.0,471.32999999999976,49.0,45,FIRST CLASS HOLIDAY PURSE ,1834,3221,0.002416869851865115
72803A,728.0,1570.5,100.0,91,ROSE SCENT CANDLE JEWELLED DRAWER,1834,2005,0.00805315618007376
21311,727.0,547.21,98.0,86,SET/4 BIRD MIRROR MAGNETS ,1835,3103,0.0028059647203426694
21710,727.0,2239.959999999999,112.0,96,FOLDING UMBRELLA PINKWHITE POLKADOT,1835,1620,0.011485990268779377
22223,727.0,3364.6099999999988,178.0,148,CAKE PLATE LOVEBIRD PINK,1835,1233,0.017252932069428822
23235,727.0,1942.6899999999996,107.0,70,STORAGE TIN VINTAGE LEAF,1835,1778,0.009961659331084043
17012A,726.0,806.1600000000001,96.0,82,ORIGAMI VANILLA INCENSE/CANDLE SET ,1836,2728,0.004133799672797366
21821,726.0,2915.35,159.0,103,GLITTER STAR GARLAND WITH BELLS ,1836,1351,0.014949232008645678
79341,725.0,4423.6900000000005,80.0,51,WILLOW BRANCH LIGHTS.,1837,986,0.02268364626694078
17165D,723.0,689.6700000000003,98.0,68,ASS COL LARGE SAND FROG P'WEIGHT,1838,2876,0.003536466235410043
22496,723.0,1998.4100000000037,197.0,150,SET OF 2 ROUND TINS DUTCH CHEESE,1838,1741,0.010247378441146917
71038,723.0,3821.9500000000003,148.0,126,WHITE HANGING BEADS CANDLE HOLDER,1838,1121,0.01959806447783057
85170D,723.0,1296.3600000000008,151.0,128,SET/6 PINK BIRD T-LIGHT CANDLES,1838,2212,0.006647430465202437
21130,722.0,1204.3800000000006,50.0,37,COLOURFUL STANDING GNOME,1839,2295,0.006175778567435364
17012B,721.0,867.4499999999998,126.0,110,ORIGAMI JASMINE INCENSE/CANDLE SET,1840,2651,0.004448080438334914
85025C,721.0,1287.5599999999997,127.0,108,PINK HEART SHAPE PHOTO FRAME,1840,2227,0.006602306126211887
22618,720.0,7004.249999999997,245.0,149,COOKING SET RETROSPOT,1841,647,0.03591615356528597
72128,720.0,447.3399999999999,96.0,78,COLUMBIAN CANDLE ROUND,1841,3253,0.0022938547504579403
21547,719.0,1848.4700000000023,121.0,98,CERAMIC BIRDHOUSE CRESTED TIT SMALL,1842,1834,0.009478521237937576
23033,719.0,1066.1499999999999,74.0,62,DRAWER KNOB CERAMIC RED,1842,2418,0.005466967501678216
85019B,718.0,982.47,47.0,45,BLOSSOM  IMAGES NOTEBOOK SET,1843,2519,0.0050378760600045
35001G,717.0,2267.9700000000003,107.0,86,HAND OPEN SHAPE GOLD,1844,1607,0.011629618988679967
85232D,716.0,3716.1299999999937,233.0,177,SET/3 DECOUPAGE STACKING TINS,1845,1148,0.019055444301469247
84925F,715.0,875.6599999999994,35.0,34,PSYCHEDELIC WALL THERMOMETER,1846,2644,0.004490179395506771
23502,714.0,896.41,95.0,49,PLAYING CARDS VINTAGE DOILY ,1847,2620,0.004596580535740159
21794,713.0,3552.089999999996,178.0,151,CLASSIC FRENCH STYLE BASKET NATURAL,1848,1182,0.018214285600559165
47021G,713.0,541.96,71.0,62,SET/6 BEAD COASTERS GAUZE BAG GOLD,1848,3113,0.0027790439499221745
85130A,710.0,1217.54,90.0,75,BEADED PEARL HEART WHITE LARGE,1849,2283,0.006243259965289402
17109A,709.0,333.61,13.0,13,FLOWER FAIRY INCENSE LILY,1850,3435,0.0017106739466631053
21741,707.0,2311.4499999999994,197.0,137,COSY SLIPPER SHOES LARGE GREEN,1851,1582,0.011852574245419604
37441,706.0,1652.3999999999999,55.0,47,ASSORTED WHITE EMBOSSED CHINA MUGS,1852,1945,0.00847312019863348
21408,705.0,3041.1299999999997,242.0,186,SPOTTY PINK DUCK DOORSTOP,1853,1324,0.015594202390262789
22939,703.0,3517.390000000002,184.0,142,ADULT APRON APPLE DELIGHT,1854,1191,0.01803635212749421
37413,703.0,284.4899999999999,83.0,59,ICON MUG REVOLUTIONARY,1854,3543,0.0014587980908431601
22325,701.0,3149.8899999999967,227.0,159,MOBILE VINTAGE HEARTS ,1855,1289,0.01615189819805954
84520D,701.0,641.1699999999998,96.0,41,PACK OF 20 FAIRY CAKE PAPER NAPKINS,1855,2948,0.0032877695943826116
21618,700.0,1826.2399999999998,147.0,110,4 WILDFLOWER BOTANICAL CANDLES,1856,1842,0.009364531004328495
85059,700.0,2392.4300000000003,212.0,166,FRENCH ENAMEL WATER BASIN,1856,1548,0.0122678207194485
23110,699.0,4134.720000000001,255.0,126,PARISIENNE KEY CABINET ,1857,1051,0.0212018757853388
21545,698.0,1643.0700000000015,84.0,68,CERAMIC BIRDHOUSE BUTTERFLY SMALL,1858,1953,0.008425278143771923
21612,698.0,2025.7700000000004,114.0,88,SET 12 WILDFLOWER BOTANICAL T-LIGHT,1858,1724,0.010387674113281137
21709,698.0,2886.6200000000003,118.0,103,FOLDING UMBRELLA CHOCOLATE POLKADOT,1858,1360,0.014801911297373144
72819,695.0,1176.5599999999995,95.0,81,CUPID DESIGN SCENTED CANDLES,1859,2315,0.0060331241230357074
20670,694.0,378.8499999999998,48.0,44,VIP HOLIDAY PURSE,1860,3358,0.0019426540712008547
21316,694.0,1149.06,48.0,42,SMALL CHUNKY GLASS ROMAN  BOWL,1860,2337,0.005892110563690261
21815,693.0,1080.54,97.0,71,STAR  T-LIGHT HOLDER ,1861,2406,0.005540756051459345
22105,692.0,1294.7,56.0,49,MIRROR MOSAIC GOBLET CANDLE HOLDER,1862,2216,0.006638918373983761
22270,692.0,2664.9199999999996,165.0,113,HAPPY EASTER HANGING DECORATION,1862,1450,0.013665085620759096
85167B,692.0,1426.3400000000001,60.0,54,BLACK GRAND BAROQUE PHOTO FRAME,1862,2113,0.007313937463155942
21548,691.0,1802.6700000000014,115.0,82,CERAMIC BIRDHOUSE FINCH BLUE ROOF,1863,1855,0.009243669564554968
21000,690.0,1745.9399999999976,94.0,83,ROSE DU SUD COSMETICS BAG,1864,1882,0.008952771411039772
21157,690.0,1619.0500000000015,178.0,126,RED RETROSPOT WASHBAG,1864,1969,0.008302109209390916
22167,690.0,6057.98999999999,304.0,227, OVAL WALL MIRROR DIAMANTE ,1864,755,0.031063953904695928
22443,690.0,5449.079999999989,272.0,181,GROW YOUR OWN HERBS SET OF 3,1864,838,0.027941606034840014
22935,690.0,2066.82,65.0,54,BAKING MOULD ROSE MILK CHOCOLATE,1864,1702,0.010598168899140434
22290,688.0,1260.8200000000002,82.0,48,STANDING METAL RABBIT WITH EGG,1865,2247,0.006465189668870168
20764,687.0,2142.2599999999998,195.0,146,ABSTRACT CIRCLES SKETCHBOOK ,1866,1669,0.010985007550668457
20950,687.0,353.3899999999999,84.0,63,SET/6  ANGEL T-LIGHTS WHITE/GOLD,1866,3402,0.0018121011540759408
84934,687.0,586.5,13.0,12,ASSTD DESIGN POP ART SLIM PEN,1866,3041,0.0030074346384038587
21457,686.0,717.2500000000002,66.0,53,2 PICTURE BOOK EGGS EASTER DUCKS,1867,2835,0.003677890016019043
20747,684.0,9239.869999999997,109.0,65,PICCADILLY TEA SET,1868,508,0.04737988933051774
20891,684.0,236.32999999999998,3.0,3,LARGE GLASS ROSE SCENTED CANDLE ,1868,3650,0.001211844890185821
22926,684.0,4174.110000000001,221.0,102,IVORY GIANT GARDEN THERMOMETER,1868,1045,0.021403858479979426
85084,684.0,683.1,88.0,51,HOLLY TOP CHRISTMAS STOCKING,1868,2884,0.003502776814140965
85130C,684.0,779.1400000000004,71.0,63,BEADED CRYSTAL HEART BLUE  LARGE,1868,2753,0.003995247441033221
21306,682.0,343.09000000000003,69.0,65,SET/4 DAISY MIRROR MAGNETS,1869,3420,0.0017592851663938277
37482P,681.0,945.6899999999999,88.0,70,CUBIC MUG PINK POLKADOT,1870,2565,0.004849276834087204
21043,679.0,1924.9300000000005,142.0,99,APRON MODERN VINTAGE COTTON,1871,1786,0.009870590210575859
23473,679.0,552.85,52.0,33,WOODLAND SMALL RED FELT HEART,1871,3089,0.0028348853194229725
84799,679.0,530.0300000000002,32.0,29,SPRIG LAVENDER ARTIFICIAL FLOWER,1871,3130,0.0027178697039952223
21437,678.0,2354.6699999999996,115.0,55,24 HANGING EASTER EGGS FLORAL TUB,1872,1566,0.012074196283052709
21562,678.0,970.2800000000002,74.0,69,HAWAIIAN GRASS SKIRT ,1872,2535,0.004975368594971009
21220,677.0,908.7599999999999,161.0,132,SET/4 BADGES DOGS,1873,2604,0.004659908443300751
21276,677.0,1558.9399999999998,29.0,20,TWO EMBOSSED HEART MINI DRAWERS,1873,2016,0.007993879207490727
72800A,677.0,750.9099999999995,49.0,40,S/4 BLACK DINNER CANDLE SILVER FLOC,1873,2792,0.003850490612657869
21814,676.0,1025.23,103.0,74,HEART T-LIGHT HOLDER ,1874,2462,0.005257139325372188
21205,675.0,1762.2699999999984,155.0,124,MULTICOLOUR 3D BALLS GARLAND,1875,1873,0.009036507826462
20849,674.0,593.03,24.0,21,ZINC HEART LATTICE DOUBLE PLANTER,1876,3027,0.00304091894904116
84976,674.0,722.7600000000002,56.0,51,RECTANGULAR SHAPED MIRROR,1876,2828,0.0037061440055460764
22308,673.0,2065.2099999999987,212.0,161,TEA COSY BLUE STRIPE,1877,1704,0.010589913196211474
20931,672.0,2230.610000000001,157.0,127,BLUE POT PLANT CANDLE ,1878,1629,0.011438045658601936
21468,670.0,2365.1399999999994,146.0,124,BUTTERFLY CROCHET FOOD COVER,1879,1560,0.012127883990919866
22701,670.0,1308.2700000000016,158.0,120,PINK DOG BOWL,1879,2207,0.006708502155813506
82607A,670.0,932.4699999999996,161.0,104,GLASS BONBON JAR PARFUME AUX FLEURE,1879,2576,0.004781487770285499
10120,665.0,142.95,74.0,64,DOGGY RUBBER,1880,3896,0.0007330141203066182
21781,665.0,10275.219999999987,377.0,240,MA CAMPAGNE CUTLERY BOX,1880,455,0.052688921645729
22763,665.0,5450.429999999992,137.0,106,KEY CABINET MA CAMPAGNE,1880,837,0.027948528518662436
23392,665.0,1477.1699999999998,117.0,58,SPACEBOY ROCKET LOLLY MAKERS,1880,2065,0.007574581798484275
84469,664.0,2249.4100000000003,44.0,28,ROSE DES PADDED FLOOR CUSHION,1881,1616,0.011534447655536274
84926A,664.0,293.08,51.0,49,WAKE UP COCKEREL TILE COASTER,1881,3526,0.0015028455990168848
16202A,663.0,296.0,22.0,21,PASTEL PINK PHOTO ALBUM ,1882,3521,0.0015178186751364743
21017,662.0,538.4399999999997,90.0,58,RED BIRD HOUSE TREE DECORATION,1883,3117,0.0027609942143259555
22168,662.0,5501.43,314.0,207,ORGANISER WOOD ANTIQUE WHITE ,1883,823,0.02821004457417586
22324,662.0,1788.8000000000047,152.0,129,BLUE POLKADOT KIDS BAG,1883,1863,0.009172547452986934
23396,662.0,2780.5299999999993,208.0,75,LE JARDIN BOTANIQUE CUSHION COVER,1883,1395,0.014257906624247365
35915C,662.0,793.3199999999999,82.0,58,PEACH KNITTED HEN ,1883,2739,0.004067959159997527
72800C,662.0,929.9399999999998,82.0,74,4 PINK DINNER CANDLE SILVER FLOCK,1883,2582,0.004768514522825719
85159B,660.0,1516.5000000000014,89.0,84,"WHITE TEA,COFFEE,SUGAR JARS",1884,2040,0.007776256827177248
22125,658.0,4118.839999999998,194.0,62,UNION JACK HOT WATER BOTTLE ,1885,1053,0.021120446864524033
23055,658.0,1401.43,41.0,33,IVORY CHANDELIER T-LIGHT HOLDER,1885,2124,0.007186204817217936
20889,657.0,398.0400000000001,13.0,11,JARDIN DE FEMME SCENTED CANDLE,1886,3326,0.002041055896795008
72801D,657.0,702.3999999999999,123.0,97,4 SKY BLUE DINNER CANDLES,1886,2863,0.0036017426939724977
84985A,656.0,1050.8300000000004,165.0,127,SET OF 72 GREEN PAPER DOILIES,1887,2439,0.005388410129708318
84509B,654.0,2489.9699999999984,202.0,161,SET OF 4 FAIRY CAKE PLACEMATS,1888,1509,0.012767982995032314
10123C,653.0,256.3600000000002,66.0,56,HEARTS WRAPPING TAPE ,1889,3609,0.001314554039047253
85035A,653.0,2387.310000000001,189.0,141,GARDENIA 3 WICK MORRIS BOXED CANDLE,1889,1550,0.012241566558581277
22408,652.0,801.1700000000001,98.0,79,MONEY BOX CONFECTIONERY DESIGN,1890,2731,0.004108212121483409
84625D,651.0,796.2899999999997,53.0,42,WHITE NEWBAROQUE CANDLESTICK CANDLE,1891,2737,0.004083188624406833
84800L,650.0,970.7900000000002,38.0,38,LARGE WHITE/PINK ROSE ART FLOWER,1892,2533,0.004977983755526143
23052,649.0,5866.190000000004,277.0,135,RECYCLED ACAPULCO MAT TURQUOISE,1893,778,0.030080448425333924
22891,648.0,3116.6599999999985,234.0,141,TEA FOR ONE POLKADOT,1894,1297,0.015981502540712303
22389,647.0,1245.52,92.0,80,PAPERWEIGHT SAVE THE PLANET,1895,2266,0.006386734852216154
23559,647.0,1468.0000000000007,126.0,65,WOODLAND BUNNIES LOLLY MAKERS,1895,2074,0.007527560186149815
85019A,647.0,915.0400000000002,49.0,48,ROMANTIC IMAGES NOTEBOOK SET,1895,2598,0.004692110812489459
21379,646.0,710.5000000000001,125.0,109,CAMPHOR WOOD PORTOBELLO MUSHROOM,1896,2847,0.0036432775969069773
22853,645.0,2205.5700000000006,146.0,110,CAT BOWL VINTAGE CREAM,1897,1643,0.011309646403110657
72728,643.0,523.1499999999996,55.0,45,ROSE SCENT CANDLES IN GLASS,1898,3142,0.0026825906753298852
21695,642.0,1987.5800000000013,104.0,90,SMALL SILVER FLOWER CANDLE POT,1899,1747,0.01019184473759377
23564,641.0,833.9300000000001,74.0,35,EGG CUP MILKMAID INGRID,1900,2692,0.004276197728907297
35646,641.0,1040.98,105.0,80,VINTAGE BEAD PINK EVENING BAG,1900,2450,0.005337901636633673
79190D,641.0,296.5800000000001,112.0,105,RETRO PLASTIC DAISY TRAY,1900,3518,0.0015207927792972153
47502,640.0,6855.749999999996,79.0,65,POLKADOT CUTLERY 24 PCS IN TRAY,1901,666,0.035154680344820534
72023F,640.0,669.62,51.0,38,RED ORGANIC CANDLE IN GLASS,1901,2900,0.0034336545312327227
21490,639.0,1214.4999999999998,57.0,12,SET OF THREE 50'S GIFT WRAPS ,1902,2284,0.006227671557274485
72800D,639.0,1040.6099999999997,91.0,78,4 BLUE DINNER CANDLES SILVER FLOCK,1902,2451,0.005336004363289751
22990,638.0,2942.1800000000007,168.0,120,COTTON APRON PANTRY DESIGN,1903,1344,0.015086809964908895
20615,637.0,1077.8100000000015,196.0,144,BLUE POLKADOT PASSPORT COVER,1904,2409,0.005526757250840696
22323,637.0,1687.2100000000016,119.0,96,PINK POLKADOT KIDS BAG,1904,1923,0.008651617725935857
23529,637.0,2011.9900000000005,37.0,28,WALL ART DOLLY GIRL ,1904,1733,0.01031701350063458
84968C,637.0,7629.249999999997,192.0,147,SET OF 16 VINTAGE PISTACHIO CUTLERY,1904,600,0.03912100718677346
85036A,637.0,2467.79,182.0,141,GARDENIA 1 WICK MORRIS BOXED CANDLE,1904,1516,0.012654249149712974
21373,636.0,548.89,61.0,52,MIRRORED WALL ART SNOWFLAKES,1905,3095,0.0028145793668772276
21849,635.0,1493.4100000000017,137.0,108,SILVER DIAMANTE PEN IN GIFT BOX,1906,2055,0.007657856714985017
82616C,634.0,1030.0000000000005,144.0,110,MIDNIGHT GLAMOUR SCARF KNITTING KIT,1907,2457,0.005281598768211383
20839,633.0,1018.1100000000007,118.0,91,FRENCH PAISLEY CUSHION COVER ,1908,2479,0.0052206296329162065
21613,632.0,1861.4500000000028,148.0,133,S/12 VANILLA  BOTANICAL T-LIGHTS,1909,1827,0.009545079637948631
22123,631.0,1677.8400000000026,166.0,134,PING MICROWAVE APRON,1910,1931,0.00860357056044252
35965,631.0,1429.5299999999997,176.0,138,FOLKART HEART NAPKIN RINGS,1910,2108,0.007330295036040013
23568,630.0,787.5200000000002,48.0,28,EGG CUP HENRIETTA HEN CREAM ,1911,2745,0.004038218118390124
21851,629.0,1478.5100000000027,150.0,112,LILAC DIAMANTE PEN IN GIFT BOX,1912,2063,0.007581453004648759
85180A,629.0,1636.4200000000008,100.0,65,RED HEARTS LIGHT CHAIN ,1912,1956,0.008391178501239292
79302M,628.0,1797.9500000000007,112.0,97,"ART LIGHTS,FUNK MONKEY",1913,1859,0.00921946651000549
10134,627.0,723.6299999999999,56.0,45,COLOURING PENCILS BROWN TUBE,1914,2826,0.003710605161787185
22471,627.0,2562.919999999998,176.0,136,TV DINNER TRAY AIR HOSTESS ,1914,1489,0.013142053509732328
20771,626.0,1222.079999999999,143.0,116,CHRYSANTHEMUM  JOURNAL,1915,2280,0.006266540021995882
21222,626.0,810.9000000000002,137.0,109,SET/4 BADGES BEETLES,1915,2716,0.004158105282662727
23403,626.0,2207.860000000001,136.0,69,LETTER HOLDER HOME SWEET HOME,1915,1640,0.011321388986779791
21946,625.0,358.96999999999986,67.0,58,PARTY TIME DESIGN FLANNEL,1916,3385,0.001840714087208581
23536,625.0,3429.6699999999996,84.0,41,WALL ART VILLAGE SHOW ,1916,1209,0.017586544512011186
84951A,624.0,852.1000000000006,137.0,101,SET OF 4 PISTACHIO LOVEBIRD COASTER,1917,2666,0.0043693692333911845
85065,624.0,7575.439999999999,260.0,158,CREAM SWEETHEART TRAYS,1917,606,0.03884508210937788
22860,621.0,1075.7000000000003,115.0,62,EASTER TIN CHICKS PINK DAISY,1918,2411,0.005515937665014547
21708,612.0,2341.429999999998,131.0,109,FOLDING UMBRELLA CREAM POLKADOT,1919,1573,0.012006304663935109
22446,612.0,1738.060000000002,189.0,139,PIN CUSHION BABUSHKA PINK,1919,1891,0.00891236461658008
72799A,612.0,877.8000000000001,18.0,17,BLACK PILLAR CANDLE SILVER FLOCK,1919,2640,0.0045011528143067475
22056,611.0,662.83,35.0,30,CERAMIC PLATE LOVE HEART DESIGN,1920,2909,0.003398837001488883
23398,610.0,538.75,78.0,47,HANGING HEART BONHEUR,1921,3115,0.002762583821722215
21065,609.0,1464.9500000000025,124.0,94,BOOM BOX SPEAKER GIRLS,1922,2076,0.007511920500476966
21262,609.0,2374.870000000001,134.0,103,WHITE GOOSE FEATHER CHRISTMAS TREE ,1922,1556,0.01217777715209919
84684,609.0,720.6999999999998,40.0,33,BEACH HUT PHOTO FRAME,1922,2831,0.0036955808080096513
84750B,609.0,1142.0199999999998,78.0,67,BLACK SMALL GLASS CAKE STAND,1922,2347,0.005856011092497824
82616B,608.0,983.4500000000004,130.0,105,FRAPPUCINO SCARF KNITTING KIT,1923,2515,0.005042901270482994
84913A,608.0,2211.5399999999972,266.0,195,SOFT PINK ROSE TOWEL ,1923,1636,0.011340259164903088
85036B,608.0,1575.0999999999995,92.0,73,CHOCOLATE 1 WICK MORRIS BOX CANDLE,1923,1999,0.008076743902727905
85185B,608.0,1887.710000000002,197.0,153,PINK HORSE SOCK PUPPET KIT,1923,1807,0.009679734767709045
23252,607.0,2276.61,141.0,90,VINTAGE RED ENAMEL TRIM JUG ,1924,1603,0.011673922885143408
84535A,607.0,346.93,65.0,42,ENGLISH ROSE NOTEBOOK A6 SIZE,1924,3413,0.0017789757870442467
85162A,607.0,1234.2699999999995,20.0,20,SILVER RETRODISC LAMPSHADE,1924,2271,0.006329047487029377
22137,606.0,1508.2800000000013,43.0,40,BATHROOM SET LOVE HEART DESIGN,1925,2043,0.0077341065923474455
20890,605.0,202.62,4.0,4,SMALL GLASS ROSE SCENTED CANDLE,1926,3735,0.0010389879052572718
21804,605.0,2270.989999999999,146.0,94,WHITE CHRISTMAS GARLAND STARS TREES,1926,1605,0.011645104841378987
22372,605.0,3073.6400000000012,288.0,216,AIRLINE BAG VINTAGE WORLD CHAMPION ,1926,1313,0.015760906056238092
84796B,602.0,5016.909999999993,184.0,128,BLUE SAVANNAH PICNIC HAMPER FOR 2,1927,893,0.025725539491482832
22320,599.0,3550.9699999999925,181.0,151,BIRDS MOBILE VINTAGE DESIGN,1928,1184,0.01820854250286944
22843,597.0,3872.0099999999998,181.0,129,BISCUIT TIN VINTAGE GREEN,1929,1103,0.01985476043349723
21251,596.0,1686.8800000000024,133.0,116,DINOSAUR HEIGHT CHART STICKER SET,1930,1924,0.008649925563223713
22375,595.0,2994.7400000000016,290.0,221,AIRLINE BAG VINTAGE JET SET BROWN,1931,1336,0.015356325335061514
79328,594.0,260.76000000000005,17.0,17,BLUE FLOCK GLASS CANDLEHOLDER,1932,3601,0.001337116208542524
20686,593.0,2012.5900000000008,187.0,154,DOLLY MIXTURE CHILDREN'S UMBRELLA,1933,1731,0.01032009016011121
35962,593.0,1376.9800000000012,97.0,61,SET/12 ZINC CHRISTMAS DECORATIONS,1933,2145,0.007060830943545352
22259,592.0,485.44999999999993,76.0,54,FELT FARM ANIMAL HEN,1934,3201,0.0024892739048817613
72755C,592.0,767.0,14.0,13,FLOWER FAIRY OIL BURNER SET ROSE,1934,2764,0.003932996364289445
21943,591.0,529.1600000000001,149.0,118,CAKES AND RABBITS DESIGN FLANNEL ,1935,3132,0.0027134085477541112
23091,591.0,3725.0700000000006,217.0,105,ZINC HERB GARDEN CONTAINER,1935,1145,0.019101286527671037
22317,590.0,1836.490000000001,171.0,141,FIVE CATS HANGING DECORATION,1936,1839,0.009417090603720896
35981C,590.0,298.0,73.0,47,WHITE SNOW SCANDINAVIAN STOCKING ,1936,3513,0.0015280742067252343
84659A,590.0,1474.6099999999988,227.0,160,WHITE TRAVEL ALARM CLOCK,1936,2067,0.007561454718050658
84971L,590.0,732.18,63.0,42,LARGE HEART FLOWERS HOOK   ,1936,2814,0.0037544475593291344
22934,589.0,1707.4700000000012,78.0,60,BAKING MOULD EASTER EGG WHITE CHOC,1937,1910,0.008755506260929993
72122,587.0,594.2799999999999,125.0,103,COFFEE SCENT PILLAR CANDLE,1938,3024,0.0030473286562841344
85086A,587.0,568.7300000000005,153.0,121,CANDY SPOT HEART DECORATION,1938,3063,0.0029163142402377287
17012F,586.0,680.65,107.0,85,ORIGAMI SANDLEWOOD INCENSE/CAND SET,1939,2890,0.003490213787944734
20622,586.0,1135.9900000000005,131.0,108,VIP PASSPORT COVER ,1939,2354,0.0058250906647577165
22183,586.0,3297.2499999999977,209.0,148,CAKE STAND VICTORIAN FILIGREE MED,1939,1243,0.01690752576551938
84637,585.0,1454.4900000000025,114.0,94,KITCHEN FLOWER POTS WALL PLAQUE,1940,2089,0.007458284070267752
22822,583.0,3379.2500000000036,186.0,127,CREAM WALL PLANTER HEART SHAPED,1941,1229,0.01732800256065857
82615,583.0,1606.9200000000005,91.0,67,PINK MARSHMALLOW SCARF KNITTING KIT,1941,1976,0.008239909410305082
23525,582.0,1863.8200000000004,53.0,34,WALL ART BUFFALO BILL ,1942,1826,0.009557232442881298
20684,581.0,1913.31,178.0,143,STRAWBERRY DREAM CHILDS UMBRELLA,1943,1791,0.00981100557204516
22839,581.0,9001.06999999999,263.0,185,3 TIER CAKE TIN GREEN AND CREAM,1943,521,0.04615537885881977
23048,581.0,2384.9699999999993,106.0,71,SET OF 10 LANTERNS FAIRY LIGHT STAR,1943,1552,0.012229567586622421
22513,580.0,1899.6299999999997,172.0,138,DOORSTOP FOOTBALL DESIGN,1944,1799,0.009740857735978041
20619,579.0,1016.5200000000004,195.0,157,TROPICAL PASSPORT COVER ,1945,2481,0.00521247648530314
21194,578.0,755.8499999999995,97.0,85,PINK  HONEYCOMB PAPER FAN,1946,2782,0.0038758217756821056
23164,578.0,2718.650000000001,92.0,72,REGENCY CAKE SLICE,1946,1430,0.01394060047689114
90058A,576.0,218.88000000000005,13.0,13,CRYSTAL STUD EARRINGS CLEAR DISPLAY,1947,3697,0.0011223653770738905
47574A,575.0,797.73,132.0,96,ENGLISH ROSE SCENTED HANGING FLOWER,1948,2734,0.004090572607150742
84951B,575.0,853.9900000000004,126.0,91,SET OF 4 BLACK LOVEBIRD COASTERS,1948,2664,0.004379060710742562
23358,574.0,1970.5900000000001,87.0,55,HOT STUFF HOT WATER BOTTLE,1949,1762,0.010104723996747247
85025B,574.0,991.9999999999999,101.0,87,EAU DE NILE HEART SHAPE PHOTO FRAME,1949,2504,0.00508674366802494
23511,573.0,1256.1700000000003,101.0,52,EMBROIDERED RIBBON REEL EMILY ,1950,2256,0.006441345557926302
23515,573.0,1152.5000000000002,71.0,45,EMBROIDERED RIBBON REEL DAISY ,1950,2334,0.005909750078022929
21678,572.0,421.44000000000017,80.0,72,PAISLEY PATTERN  STICKERS,1951,3288,0.0021610456163835
84993B,572.0,261.0699999999999,100.0,81,75 BLACK PETIT FOUR CASES,1951,3600,0.001338705815938781
22914,570.0,2714.8199999999965,171.0,132,BLUE COAT RACK PARIS FASHION,1952,1432,0.013920961133898641
22500,569.0,2640.9599999999996,202.0,155,SET OF 2 TINS JARDIN DE PROVENCE,1953,1459,0.013542224352325752
23553,569.0,6457.150000000001,69.0,35,LANDMARK FRAME CAMDEN TOWN ,1953,719,0.033110752899180695
84678,568.0,1115.9299999999994,87.0,73,CLASSICAL ROSE SMALL VASE,1954,2371,0.005722227682922449
20893,567.0,1328.9899999999998,85.0,72,HANGING BAUBLE T-LIGHT HOLDER SMALL,1955,2183,0.00681474946307305
23124,567.0,751.3800000000001,43.0,35,18PC WOODEN CUTLERY SET DISPOSABLE,1955,2791,0.003852900662581231
23513,566.0,1114.2600000000002,70.0,42,EMBROIDERED RIBBON REEL SUSIE ,1956,2373,0.005713664314045839
22852,565.0,2467.1099999999997,160.0,122,DOG BOWL VINTAGE CREAM,1957,1518,0.012650762268972793
35915B,565.0,717.0299999999997,70.0,46,BLUE KNITTED HEN ,1957,2836,0.0036767619075442765
21361,563.0,7450.989999999998,295.0,194,LOVE LARGE WOOD LETTERS ,1958,616,0.03820693165626728
35647,563.0,748.2399999999999,75.0,53,VINTAGE BEAD PINK SHADE ,1958,2796,0.0038367994779868763
35818P,562.0,243.29000000000005,26.0,23,"ACRYLIC JEWEL ICICLE, PINK",1959,3636,0.0012475341401147057
84569A,562.0,702.4200000000002,114.0,97,PACK 3 IRON ON DOG PATCHES,1959,2862,0.003601845249288387
22282,561.0,7304.689999999997,216.0,175,12 EGG HOUSE PAINTED WOOD,1960,626,0.03745673952054949
22894,560.0,5149.379999999998,194.0,134,TABLECLOTH RED APPLES DESIGN ,1961,873,0.026404814626264376
84760L,560.0,896.0,1.0,1,LARGE HANGING GLASS+ZINC LANTERN,1961,2623,0.004594478151764463
21378,559.0,724.039999999999,88.0,79,SMALL TALL CAMPHOR WOOD TOADSTOOL,1962,2822,0.0037127075457628767
21682,559.0,2767.5900000000033,152.0,135,LARGE MEDINA STAMPED METAL BOWL ,1962,1397,0.01419155333486811
23152,558.0,2095.6500000000005,162.0,111,IVORY SWEETHEART WIRE LETTER RACK ,1963,1692,0.01074600238699241
84199,558.0,121.92,76.0,60,GLOW IN DARK DOLPHINS,1963,3970,0.0006251772056508072
23026,557.0,1201.0400000000004,65.0,52,DRAWER KNOB VINTAGE GLASS STAR,1964,2297,0.006158651829682135
23418,557.0,1163.9500000000005,79.0,47,LAVENDER TOILETTE BOTTLE,1964,2325,0.005968462996368581
21694,556.0,1593.1600000000003,70.0,63,SMALL REGAL  SILVER CANDLEPOT ,1965,1987,0.008169351352974412
35607A,556.0,118.81000000000003,32.0,29,PINK FLUFFY CHRISTMAS DECORATION,1965,3982,0.0006092298540302857
20798,555.0,1316.5500000000002,86.0,76,CLEAR MILKSHAKE GLASS,1966,2197,0.006750960056590966
21349,555.0,4024.230000000002,174.0,90,IVY HEART WREATH,1966,1075,0.02063530894271776
21895,555.0,1718.63,86.0,65,POTTING SHED SOW 'N' GROW SET,1966,1905,0.008812732127195267
79338,553.0,252.29000000000005,13.0,13,DARK PINK FLOCK GLASS CANDLEHOLDER,1967,3616,0.0012936840322641256
21026,552.0,719.2699999999999,128.0,98,SPACE OWL,1968,2832,0.003688248102923688
84396,552.0,1380.5200000000002,50.0,34,6 HOOK JEWELLERY STAND BLACK DRESS,1968,2142,0.007078983234457453
21842,551.0,1308.7400000000002,47.0,27,PINK HEART CANDY BUTTON CALCULATOR,1969,2205,0.0067109122057368575
35637A,551.0,1445.050000000001,53.0,50,IVORY STRING CURTAIN WITH POLE ,1969,2098,0.007409877961168798
20976,550.0,376.98999999999984,77.0,66,12 PENCILS SMALL TUBE POSY,1970,3361,0.0019331164268233084
72132,550.0,464.09999999999985,29.0,25,COLUMBIAN CUBE CANDLE,1970,3230,0.0023797961051717485
21610,549.0,1564.3200000000018,104.0,78,SET 12 PEAR BOTANICAL T-LIGHTS,1971,2011,0.0080214665874645
22214,549.0,1279.79,92.0,75,CANDLE PLATE LACE WHITE,1971,2234,0.006562463385989556
23490,548.0,2055.2700000000004,102.0,44,T-LIGHT HOLDER HANGING LOVE BIRD,1972,1711,0.010538943204215346
84313C,548.0,1442.3900000000003,73.0,65,ORANGE TV TRAY TABLE ,1972,2099,0.0073962381041557425
21549,547.0,1270.3900000000003,52.0,38,CERAMIC BIRDHOUSE RED ROOF SMALL,1973,2243,0.0065142623875223855
85014C,547.0,2270.7299999999996,72.0,45,BLUE/BROWN DOTS RUFFLED UMBRELLA,1973,1606,0.011643771622272451
21056,546.0,4970.279999999995,196.0,160,DOCTOR'S BAG SOFT TOY,1974,905,0.02548643177249091
23112,546.0,4499.620000000003,241.0,128,PARISIENNE CURIO CABINET,1974,976,0.02307299752370806
21221,545.0,722.1600000000002,108.0,95,SET/4 BADGES CUTE CREATURES,1975,2829,0.003703067346069448
22526,544.0,6677.46,208.0,147,WHEELBARROW FOR CHILDREN ,1976,693,0.03424045098134055
84750A,544.0,1189.2300000000002,105.0,68,PINK SMALL GLASS CAKE STAND,1976,2306,0.006098092915650506
21144,543.0,287.47,61.0,42,PINK POODLE HANGING DECORATION ,1977,3538,0.0014740788329104134
21580,543.0,1331.8800000000012,173.0,132,RABBIT  DESIGN  COTTON TOTE BAG,1977,2180,0.006829568706218815
23003,542.0,226.2,54.0,43,TRAVEL CARD WALLET VINTAGE ROSE ,1978,3674,0.0011599006226887516
85170C,542.0,988.9000000000004,106.0,92,SET/6 EAU DE NIL BIRD T-LIGHTS,1978,2509,0.005070847594062365
21464,540.0,2291.0,218.0,179,DISCO BALL ROTATOR BATTERY OPERATED,1979,1594,0.011747711434924537
22182,539.0,2136.3500000000013,173.0,137,CAKE STAND VICTORIAN FILIGREE SMALL,1980,1674,0.010954702454823679
72045D,539.0,918.65,6.0,3,ROSES ON BLUE TEACUP CANDLE ,1980,2594,0.004710622047007169
84683,539.0,519.35,50.0,43,CLASSICAL ROSE CANDLESTAND,1980,3148,0.0026631051653112432
22204,538.0,1978.0399999999993,171.0,133,MILK PAN BLUE POLKADOT,1981,1756,0.010142925851915374
84526,538.0,1503.6400000000006,34.0,32,GIANT BLACK SUNGLASSES,1981,2047,0.0077103137590615175
21283,537.0,1710.4499999999998,85.0,73,NATURAL BARK CANDLE SMALL,1982,1908,0.008770787002997237
85039C,537.0,517.96,115.0,100,S/4 BLACK MINI ROSE CANDLE IN BOWL,1982,3153,0.002655977570857055
82613A,536.0,726.2,122.0,90,"METAL SIGN,CUPCAKE SINGLE HOOK",1983,2819,0.003723783519878742
84968A,535.0,6688.899999999997,209.0,156,SET OF 16 VINTAGE ROSE CUTLERY,1984,691,0.034299112622028234
21698,533.0,401.5599999999998,113.0,99,MOCK LOBSTER FRIDGE MAGNET,1985,3319,0.002059105632391224
72755D,533.0,693.25,13.0,12,FLOWER FAIRY OIL BURNER SET SUMMER,1985,2872,0.003554823636953922
22376,532.0,2647.0300000000016,251.0,196,AIRLINE BAG VINTAGE JET SET WHITE,1986,1457,0.01357334989069765
79323GR,532.0,3209.3599999999997,83.0,56,GREEN CHERRY LIGHTS,1986,1270,0.016456846429851332
20869,530.0,296.36999999999995,55.0,47,GOLD FABRIC MIRROR,1987,3519,0.0015197159484803947
22058,528.0,807.640000000001,117.0,76,CERAMIC LOVE HEARTS DESIGN MUG,1988,2725,0.004141388766173053
35824B,528.0,203.24,6.0,6,"HANGING FLOWERS+MIRROR,BLUE",1988,3734,0.0010421671200497873
47504F,528.0,198.11,15.0,8,ENGLISH ROSE TORCH,1988,3744,0.001015861681524618
23092,525.0,3773.58,136.0,84,LARGE ANTIQUE WHITE PHOTO FRAME,1989,1134,0.01935003444635641
23216,525.0,630.7300000000001,45.0,39,LAUREL HEART ANTIQUE GOLD,1989,2962,0.003234235719489286
35969,525.0,545.7700000000003,78.0,63,FOLKART CROWN TABLE DECORATIONS,1989,3105,0.0027985807375987635
16256B,524.0,232.35000000000008,36.0,34,FLOWER PENCIL/RUBBER+5 MINI PENCILS,1990,3658,0.001191436382324189
17012D,522.0,662.12,118.0,94,ORIGAMI ROSE INCENSE/CANDLE SET ,1991,2910,0.003395196287774873
85169D,521.0,603.98,88.0,80,PINK LOVE BIRD CANDLE,1992,3010,0.0030970679844896207
20766,520.0,1555.9700000000003,159.0,123,GARDEN PATH SKETCHBOOK,1993,2017,0.00797864974308142
21377,518.0,742.5599999999995,98.0,92,SMALL CAMPHOR WOOD FIELD  MUSHROOM,1994,2801,0.0038076737682747955
23452,518.0,1021.7599999999998,87.0,40,HEART MINI PORTRAIT FRAME,1994,2470,0.005239345978065688
37330,517.0,927.46,28.0,27,BIG POLKADOT MUG,1995,2586,0.004755797663655657
85214,516.0,889.5299999999986,173.0,133,TUB 24 PINK FLOWER PEGS,1996,2628,0.004561301507074817
22281,514.0,3303.7100000000037,151.0,104,EASTER TREE YELLOW BIRDS,1997,1240,0.016940651132551107
72780,514.0,418.1799999999999,44.0,41,BLACK SILOUETTE CANDLE PLATE,1997,3296,0.00214432909989382
21529,513.0,1824.9400000000019,156.0,104,RED RETROSPOT TOASTRACK,1998,1843,0.009357864908795812
21692,511.0,1940.3700000000003,127.0,92,SILVER LATTICE VANILLA CANDLE POT,1999,1779,0.009949762914441085
21768,510.0,6924.039999999996,166.0,108,WALL MOUNTED VINTAGE ORGANISER,2000,656,0.03550485547091874
22201,510.0,2038.65,167.0,140,FRYING PAN BLUE POLKADOT,2000,1717,0.010453719736712748
85166B,510.0,864.1,38.0,34,BLACK METAL BAROQUE PHOTO FRAME,2000,2655,0.004430902422923742
15059A,509.0,1567.0,4.0,3,ENGLISH ROSE EDWARDIAN PARASOL,2001,2009,0.00803520899979343
21319,508.0,743.61,65.0,60,GLASS CHALICE GREEN  SMALL ,2002,2799,0.0038130579223588975
22106,508.0,1585.0200000000004,78.0,68,MIRROR MOSAIC HURRICANE LAMP ,2002,1990,0.008127611339408161
22703,508.0,914.1299999999997,165.0,121,PINK CAT BOWL,2002,2600,0.004687444545616571
84581,508.0,1927.520000000002,237.0,194,DOG TOY WITH PINK CROCHET SKIRT,2002,1783,0.009883871123983312
21427,507.0,999.0600000000005,120.0,102,SKULLS STORAGE BOX SMALL,2003,2497,0.005122945694533267
23542,506.0,3800.1600000000003,89.0,42,WALL ART 70'S ALPHABET ,2004,1124,0.01948633046117103
84673B,506.0,393.25999999999965,136.0,114,BLUE FLY SWAT,2004,3334,0.0020165451762978693
20933,505.0,1329.49,53.0,45,YELLOW POT PLANT CANDLE,2005,2182,0.0068173133459702405
21425,505.0,1274.9300000000012,95.0,89,SKULLS STORAGE BOX LARGE,2005,2238,0.006537542444228875
85169C,504.0,564.36,70.0,61,EAU DE NIL LOVE BIRD CANDLE,2006,3072,0.0028939059037162863
84673A,502.0,316.14000000000004,103.0,86,PINK FLY SWAT,2007,3469,0.0016210918782352873
23512,501.0,977.3200000000003,58.0,41,EMBROIDERED RIBBON REEL ROSIE,2008,2525,0.005011468066163444
75178,499.0,276.43,27.0,25,ASSTD COL BUTTERFLY/CRYSTAL W/CHIME,2009,3562,0.001417468298540458
84797A,499.0,3560.09,61.0,28,PINK HAWAIIAN PICNIC HAMPER FOR 4,2009,1179,0.018255307726914225
20617,498.0,992.9900000000006,105.0,95,FIRST CLASS PASSPORT COVER ,2010,2503,0.00509182015616138
23007,498.0,7747.909999999987,184.0,128, SPACEBOY BABY GIFT SET,2010,591,0.03972946787593453
85067,498.0,8239.88999999999,178.0,132,CREAM SWEETHEART WALL CABINET,2010,565,0.04225222609145361
21792,497.0,2538.1299999999997,144.0,113,CLASSIC FRENCH STYLE BASKET GREEN ,2011,1494,0.01301493619568966
85031B,497.0,901.0400000000008,86.0,67,BLOSSOM IMAGES SCRAP BOOK SET,2011,2613,0.004620322091368142
21223,496.0,592.08,47.0,34,SET/4 BADGES WOODLAND ANIMAL,2012,3030,0.0030360475715364996
23050,496.0,4269.920000000002,204.0,117,RECYCLED ACAPULCO MAT GREEN,2012,1022,0.021895149720738978
72750B,496.0,1047.2000000000003,39.0,37,FLOWER FAIRY SET 3 CANDLES LAVENDER,2012,2443,0.005369796339874717
21739,494.0,1452.8300000000022,179.0,119,COSY SLIPPER SHOES SMALL GREEN,2013,2092,0.00744977197904908
71028B,494.0,227.48000000000002,13.0,11,SILVER BLUE EGG T-LIGHT HOLDER,2013,3671,0.001166464162905558
84927E,494.0,224.30999999999997,30.0,29,FLOWERS TILE HOOK,2013,3680,0.0011502091453373733
85159A,492.0,1248.9800000000007,82.0,72,"BLACK TEA,COFFEE,SUGAR JARS",2014,2263,0.006404476921864712
23058,490.0,430.85999999999996,48.0,31,CHRISTMAS HANGING SNOWFLAKE,2015,3271,0.002209349170166558
22925,489.0,2995.470000000002,193.0,136,BLUE GIANT GARDEN THERMOMETER,2016,1335,0.015360068604091413
23397,489.0,5097.6500000000015,217.0,73,FOOT STOOL HOME SWEET HOME ,2016,882,0.026139555301721115
37492B,489.0,946.7199999999993,44.0,41,BLUE YELLOW FLOWER PIGGY BANK,2016,2559,0.004854558432855412
46776F,488.0,1679.8600000000026,157.0,117,WOVEN ROSE GARDEN CUSHION COVER ,2017,1930,0.008613928647347169
84926F,485.0,279.15000000000003,43.0,40,PSYCHEDELIC TILE COASTER,2018,3554,0.001431415821501172
23081,484.0,4046.5000000000014,140.0,93,GREEN METAL BOX ARMY SUPPLIES,2019,1071,0.020749504286958598
37501,484.0,3421.999999999997,180.0,138,TEA TIME TEA SET IN GIFT BOX,2019,1215,0.01754721454836828
21147,483.0,883.08,120.0,87,JINGLE BELLS TREE DECORATION,2020,2636,0.0045282274177010735
22783,482.0,6316.299999999999,45.0,35,SET 3 WICKER OVAL BASKETS W LIDS,2021,736,0.032388507087042266
21440,481.0,608.81,103.0,67,12 MINI TOADSTOOL PEGS,2022,3003,0.003121835093276476
21687,481.0,1886.2300000000002,110.0,77,SILVER PLATE CANDLE BOWL LARGE,2022,1809,0.009672145674333353
85031C,481.0,1017.4800000000012,107.0,82,CURIOUS IMAGES SCRAP BOOK SET,2022,2480,0.005217399140465749
23524,480.0,1553.8800000000006,62.0,39,WALL ART HORSE & PONY ,2023,2020,0.007967932712571167
85187,480.0,818.1299999999997,113.0,83,S/12 MINI RABBIT EASTER,2023,2707,0.0041951790293560925
17014D,479.0,204.36,9.0,8,ORIGAMI ROSE INCENSE CONES,2024,3733,0.0010479102177394929
23528,479.0,1504.4900000000005,50.0,35,WALL ART SPACEBOY,2024,2046,0.007714672359986741
23514,478.0,977.3900000000001,74.0,49,EMBROIDERED RIBBON REEL SALLY ,2025,2524,0.00501182700976905
23075,477.0,1981.0499999999988,83.0,66,PARLOUR CERAMIC WALL HOOK,2026,1755,0.010158360426956455
85031A,477.0,943.4400000000011,102.0,82,ROMANTIC IMAGES SCRAP BOOK SET,2026,2568,0.004837739361049855
15058A,476.0,3153.7299999999996,149.0,108,BLUE POLKADOT GARDEN PARASOL,2027,1288,0.016171588818709975
21255,476.0,860.0799999999998,96.0,58,"FRENCH BOTTLE , LAVENDER",2027,2657,0.004410288804430333
22788,476.0,3942.6200000000003,84.0,65,BROCANTE COAT RACK,2027,1092,0.020216831976238404
84968D,476.0,5494.079999999996,110.0,88,SET OF 16 VINTAGE RED CUTLERY,2027,825,0.028172355495587147
20703,475.0,2010.47,172.0,130,BLUE PADDED SOFT MOBILE,2028,1736,0.01030921929662712
23419,474.0,1045.8000000000004,87.0,57,HOME SWEET HOME BOTTLE ,2029,2444,0.0053626174677625866
84251G,473.0,127.75000000000006,92.0,78,"GREETING CARD, OVERCROWDED POOL.",2030,3948,0.0006550720802320428
22981,472.0,705.58,109.0,82,PANTRY APPLE CORER,2031,2855,0.003618048989198627
21364,471.0,3427.970000000001,170.0,117,PEACE SMALL WOOD LETTERS,2032,1211,0.01757782731016075
72799C,471.0,783.1000000000003,48.0,41,PINK PILLAR CANDLE SILVER FLOCK,2032,2748,0.004015553393578964
84849A,471.0,835.2599999999996,105.0,95,HELLO SAILOR BLUE SOAP HOLDER,2032,2689,0.004283017657413821
85045,471.0,2239.3399999999997,85.0,63,GREEN CHRISTMAS TREE STRING 20LIGHT,2032,1622,0.011482811053986864
21374,470.0,809.6700000000001,71.0,65,MIRRORED WALL ART SKULLS,2033,2718,0.004151798130735639
22643,470.0,1019.78,102.0,78,SET OF 4 NAPKIN CHARMS LEAVES   ,2033,2475,0.005229193001792817
84986B,470.0,703.3400000000004,85.0,58,SET OF 36 SILVER PAPER DOILIES,2033,2860,0.003606562793819218
15058C,469.0,2742.9299999999994,121.0,100,ICE CREAM DESIGN GARDEN PARASOL,2034,1417,0.014065102630378678
21365,469.0,707.92,79.0,70,MIRRORED WALL ART STARS,2034,2850,0.003630047961157476
20831,468.0,931.0800000000004,80.0,72,GOLD PHOTO FRAME,2035,2579,0.004774360175831315
22927,468.0,2948.570000000001,162.0,115,GREEN GIANT GARDEN THERMOMETER,2035,1343,0.015119576388334987
84856S,467.0,1877.2100000000003,33.0,29,SMALL TAHITI BEACH BAG,2036,1814,0.009625893226868045
79191B,466.0,386.31999999999994,68.0,64,RETRO PLASTIC POLKA TRAY,2037,3349,0.001980958481684874
81952V,466.0,160.24999999999997,49.0,46,ROUND PURPLE CLOCK WITH SUCKER,2037,3853,0.0008217244685493918
85112,466.0,414.0199999999999,35.0,18,S/3 TEAR DROP CUT GLASS DECORATION,2037,3303,0.0021229975941891993
72529W,465.0,923.0500000000003,48.0,29,WHITE ADVENT CANDLE,2038,2589,0.004733184216502443
20688,464.0,332.9,11.0,10,BEAUTY SPEED EXPRESSO CUPS,2039,3439,0.0017070332329490957
20761,462.0,1437.4600000000005,151.0,128,BLUE PAISLEY SKETCHBOOK,2040,2102,0.0073709582187894505
23325,462.0,740.9399999999999,35.0,30,RUSTIC STRAWBERRY JAM POT SMALL,2040,2802,0.003799366787687903
23400,461.0,2409.34,108.0,56,SHELF WITH 4 HOOKS HOME SWEET HOME,2041,1545,0.012354531239031463
84674,461.0,1178.8800000000008,108.0,95,FLYING PIG WATERING CAN,2041,2312,0.006045020539678676
22428,460.0,3386.6199999999976,193.0,151,ENAMEL FIRE BUCKET CREAM,2042,1226,0.01736579419456312
23125,459.0,574.8800000000001,38.0,28,6PC WOOD PLATE SET DISPOSABLE,2043,3053,0.002947849999873164
23401,459.0,2354.870000000001,83.0,48,RUSTIC MIRROR WITH LACE HEART,2043,1563,0.01207522183621159
35651,459.0,1057.6199999999994,64.0,48,VINTAGE BEAD PINK SCARF ,2043,2427,0.005423227659452153
20762,458.0,1343.79,136.0,114,GREEN FERN SKETCHBOOK ,2044,2174,0.0068906403968298745
23424,458.0,2489.8199999999993,135.0,68,GINGHAM RECIPE BOOK BOX,2044,1510,0.01276721383016316
22777,457.0,3855.82,102.0,61,GLASS CLOCHE LARGE,2045,1109,0.019771741905286216
23406,457.0,2428.9100000000003,112.0,62,HOME SWEET HOME KEY HOLDER,2045,1534,0.01245488161562748
72772,457.0,615.84,9.0,8,SET/4 SCENTED CANDLES IN RAMEKINS,2045,2986,0.0031578832868109676
17084J,456.0,95.75999999999999,20.0,20,LOVE POTION MASALA INCENSE,2046,4058,0.0004910348524698269
23049,456.0,3896.8400000000015,186.0,113,RECYCLED ACAPULCO MAT RED,2046,1097,0.019982082858171695
23697,456.0,194.58,36.0,20,A PRETTY THANK YOU CARD,2046,3750,0.0009977606682704566
21197,453.0,661.81,46.0,43,MULTICOLOUR  CONFETTI IN TUBE,2047,2911,0.0033936066803786154
23128,453.0,2283.4100000000003,142.0,100,FELTCRAFT BOY JEAN-PAUL KIT,2047,1599,0.011708791692545194
84925D,452.0,677.4499999999996,26.0,26,LA PALMIERA WALL THERMOMETER,2048,2892,0.003473804937402716
16161C,450.0,45.0,2.0,2,WRAP SPEED DEMONS ,2049,4305,0.00023074946074709915
22913,450.0,2107.8500000000004,122.0,98,RED COAT RACK PARIS FASHION,2049,1682,0.010808561129683845
23357,450.0,1971.2299999999993,103.0,59,HOT WATER BOTTLE SEX BOMB,2049,1761,0.010108005766855646
84806B,450.0,568.0200000000001,32.0,32,WHITE CANDYSTUFT ARTIFICIAL FLOWER,2049,3066,0.002912673526523717
21850,448.0,1077.93,107.0,81,BLUE  DIAMANTE PEN IN GIFT BOX,2050,2408,0.005527372582736013
22143,448.0,947.0800000000004,73.0,48,CHRISTMAS CRAFT HEART DECORATIONS,2050,2557,0.004856404428541395
35609A,447.0,133.23000000000002,24.0,23,PINK FEATHER CHRISTMAS DECORATION,2051,3927,0.000683172236785245
84789,447.0,1565.8900000000003,126.0,103,ENCHANTED BIRD PLANT CAGE,2051,2010,0.00802951717976167
20765,446.0,1280.0600000000004,151.0,118,CHRYSANTHEMUM SKETCHBOOK ,2052,2233,0.00656384788275404
20838,446.0,565.8000000000002,63.0,55,FRENCH LATTICE CUSHION COVER ,2052,3071,0.002901289886460194
72753B,445.0,957.7299999999998,14.0,13,S/3 FLWR FAIRY LAVENDER CANDLES,2053,2544,0.004911015134251538
72811,445.0,340.45000000000005,22.0,22,SMALL ZINC/GLASS CANDLEHOLDER,2053,3423,0.001745747864696665
85129A,445.0,570.41,81.0,63,"WHITE PEARL BEADED HEART, SMALL",2053,3061,0.0029249288867722848
20854,444.0,716.3199999999998,110.0,92,BLUE PATCH PURSE PINK HEART,2054,2837,0.003673121193830267
17084A,442.0,92.82,18.0,18,TRANQUILITY MASALA INCENSE,2055,4067,0.0004759592210343498
21360,442.0,2800.359999999999,101.0,84,JOY LARGE WOOD LETTERS,2055,1387,0.014359590219949921
21795,441.0,3734.9400000000005,80.0,69,SET OF 3 BLUE STRIPE BASKET,2056,1142,0.019151897576061568
21841,441.0,1874.4700000000003,138.0,107,BABY MOUSE RED GINGHAM DRESS,2056,1816,0.009611843148591445
22166,441.0,3536.699999999998,160.0,129,WALL MIRROR RECTANGLE DIAMANTE PINK,2056,1186,0.01813536928498367
21742,440.0,2665.130000000003,198.0,155,LARGE ROUND WICKER PLATTER ,2057,1449,0.013666162451575934
35972,440.0,611.3799999999999,88.0,71,DAISY FOLKART HEART DECORATION,2057,2998,0.0031350134513680322
85131C,440.0,321.40000000000003,74.0,64,BEADED CRYSTAL HEART BLUE ON STICK,2057,3463,0.001648063926313726
22407,439.0,522.3699999999998,76.0,68,MONEY BOX FIRST AID DESIGN,2058,3145,0.0026785910180102696
23556,439.0,4974.51,56.0,29,LANDMARK FRAME COVENT GARDEN ,2058,904,0.02550812222180116
15058B,438.0,3327.6699999999983,156.0,113,PINK POLKADOT GARDEN PARASOL,2059,1237,0.017063512400984422
20769,438.0,808.8099999999998,80.0,69,DAISY JOURNAL ,2059,2721,0.004147388252152472
23394,438.0,1888.8999999999994,155.0,68,POSTE FRANCE CUSHION COVER,2059,1806,0.009685836809004342
84569B,437.0,562.18,80.0,68,PACK 3 FIRE ENGINE/CAR PATCHES,2060,3074,0.0028827273742845373
84685,436.0,1369.9199999999987,126.0,108,BEACH HUT KEY CABINET,2061,2151,0.007024628917037017
23008,435.0,6753.509999999989,135.0,99,DOLLY GIRL BABY GIFT SET,2062,684,0.03463041757000309
84802B,435.0,430.34999999999997,18.0,17,PURPLE ANEMONE ARTIFICIAL FLOWER,2062,3272,0.0022067340096114246
84908B,435.0,1052.2900000000002,35.0,32,BLUE 5 PATCH FLOWER CUSHION COVER,2062,2434,0.005395896667768111
35811A,434.0,762.97,84.0,68,ENAMEL PINK SUGAR CONTAINER,2063,2773,0.003912331468138094
37422,434.0,292.07999999999987,73.0,53,WHITE WITH BLACK CATS BOWL,2063,3529,0.001497717833222504
84968B,434.0,5783.389999999996,140.0,94,SET OF 16 VINTAGE IVORY CUTLERY,2063,788,0.029655869417559214
18094C,433.0,600.6599999999996,98.0,84,WHITE AND BLUE CERAMIC OIL BURNER,2064,3014,0.0030800438020522776
84507C,433.0,634.64,71.0,67,BLUE CIRCLES DESIGN MONKEY DOLL,2064,2957,0.003254285283745311
84908A,433.0,1052.1100000000001,37.0,34,PINK 5 PATCH FLOWER CUSHION COVER ,2064,2435,0.005394973669925122
84910A,432.0,1230.3899999999999,53.0,51,PINK PAISLEY CUSHION COVER ,2065,2273,0.006309151755747184
47471,431.0,297.66999999999985,66.0,60,RAINBOW PEGS PHOTO CLIP STRING,2066,3514,0.0015263820440130883
20689,430.0,620.0500000000002,42.0,34,RETRO SISTERS EXPRESSO CUPS,2067,2979,0.003179471180805308
21738,430.0,1346.2300000000005,144.0,88,COSY SLIPPER SHOES SMALL  RED ,2067,2172,0.006903152145368165
22806,430.0,1149.0200000000002,58.0,52,SET OF 6 T-LIGHTS WEDDING CAKE ,2067,2339,0.005891905453058487
23219,430.0,568.5999999999998,64.0,44,LAUREL STAR ANTIQUE SILVER ,2067,3065,0.002915647630684456
85028S,430.0,656.82,34.0,29,FRENCH CHATEAU SMALL FRUITBOWL,2067,2923,0.003368019129064659
85169B,430.0,505.4099999999999,96.0,79,BLACK LOVE BIRD CANDLE,2067,3171,0.002591624110137586
85124C,429.0,1139.0699999999986,123.0,105,GREEN JUICY FRUIT PHOTO FRAME,2068,2349,0.005840884183404398
84596K,428.0,543.41,93.0,71,JELLY BABIES YELLOW SMALL BOWL,2069,3110,0.0027864792103240252
46776B,426.0,1360.970000000002,153.0,121,WOVEN BERRIES CUSHION COVER ,2070,2159,0.006978735413177333
21555,425.0,1131.37,134.0,111,CERAMIC STRAWBERRY TRINKET TRAY,2071,2358,0.005801400386787678
21133,424.0,736.5700000000002,44.0,26,PAINTED BIRD ASSORTED CHRISTMAS,2072,2808,0.0037769584511664635
21816,424.0,640.2399999999998,53.0,38,CHRISTMAS TREE T-LIGHT HOLDER,2072,2950,0.003283000772193838
23554,424.0,4830.530000000001,59.0,34,LANDMARK FRAME OXFORD STREET,2072,919,0.02476982650272633
85208,424.0,845.3400000000004,90.0,76,SET/12 FUNKY FELT FLOWER PEG IN BAG,2072,2672,0.004334705536621175
21247,423.0,666.2200000000003,82.0,64,SET OF RED SALAD SERVERS ,2073,2904,0.0034162201275318325
23555,423.0,4793.110000000001,53.0,27,LANDMARK FRAME NOTTING HILL ,2073,921,0.024577945506700633
85019C,423.0,651.19,25.0,25,CURIOUS  IMAGES NOTEBOOK SET,2073,2930,0.0033391498076423003
23022,422.0,808.16,24.0,21,SMALL BONNE JAM JAR  T-LIGHT HOLDER,2074,2723,0.004144055204386125
23598,422.0,1200.78,47.0,22,PAPER BUNTING VINTAGE PARTY,2074,2299,0.006157318610575594
84688,422.0,1313.52,81.0,68,BEACH HUT DESIGN BLACKBOARD,2074,2201,0.006735422926233993
84813,422.0,3300.7599999999998,99.0,82,SET OF 4 DIAMOND NAPKIN RINGS,2074,1241,0.016925524223457666
21649,421.0,1162.89,29.0,16,ASSORTED TUTTI FRUTTI PHOTO FRAME,2075,2328,0.005963027564626537
35471A,421.0,499.30999999999995,85.0,67,SET OF 3 BIRD L.BLUE FEATHER,2075,3185,0.002560344738791868
20700,420.0,1125.0500000000004,103.0,78,GREEN CAT FLORAL CUSHION COVER ,2076,2365,0.0057689929069672
22257,420.0,346.7299999999999,60.0,49,FELT FARM ANIMAL SHEEP,2076,3414,0.0017779502338853704
23527,420.0,1428.5600000000002,48.0,29,WALL ART ANIMALS AND NATURE ,2076,2109,0.007325321103219467
35271S,420.0,85.97000000000001,20.0,18,GOLD PRINT PAPER BAG,2076,4099,0.00044083402534284704
35817P,420.0,216.70000000000005,11.0,10,PINK ACRYLIC JEWEL SNOWFLAKE,2076,3701,0.0011111868476421421
84913B,420.0,1593.2899999999986,200.0,154,MINT GREEN ROSE TOWEL,2076,1986,0.008170017962527672
85087,420.0,1392.6399999999987,146.0,109,CANDY SPOT CUSHION COVER,2076,2131,0.007141131755885331
21417,419.0,959.6400000000002,118.0,105,COCKLE SHELL DISH,2077,2543,0.004920809166918806
23482,418.0,661.0200000000001,39.0,23,PEARLISED IVORY HEART LARGE ,2078,2915,0.003389555745401056
23558,418.0,4741.37,55.0,31,LANDMARK FRAME LONDON BRIDGE ,2078,935,0.02431263490449941
21002,417.0,1507.2200000000003,184.0,137,ROSE DU SUD DRAWSTRING BAG,2079,2045,0.0077286711606053965
20655,415.0,609.73,193.0,148,QUEEN OF SKIES LUGGAGE TAG,2080,3002,0.003126552637807306
23139,415.0,530.15,29.0,26,SINGLE WIRE HOOK PINK HEART,2080,3129,0.0027184850358905467
84569C,415.0,584.9299999999996,89.0,78,PACK 4 FLOWER/BUTTERFLY PATCHES,2080,3043,0.0029993840461066804
20830,413.0,977.2100000000007,84.0,74,SILVER PHOTO FRAME,2081,2526,0.005010904011926065
85119,413.0,567.48,40.0,37,WATERING CAN SINGLE HOOK PISTACHIO,2081,3068,0.0029099045329947517
23521,412.0,787.5800000000002,43.0,29,WALL ART CAT AND BIRD ,2082,2744,0.004038525784337786
22461,411.0,3620.5599999999986,147.0,118,SAVOY ART DECO CLOCK,2083,1167,0.018565383724500378
21462,410.0,2443.56,175.0,146,"NURSERY A,B,C PAINTED LETTERS",2084,1529,0.012530003384515147
47594B,410.0,812.2900000000002,124.0,99,SCOTTIES DESIGN WASHBAG,2084,2714,0.004165232877116915
46776A,409.0,1295.6200000000006,121.0,98,WOVEN BUBBLE GUM CUSHION COVER,2085,2214,0.0066436359185145935
20856,408.0,674.0899999999993,124.0,105,DENIM PATCH PURSE PINK BUTTERFLY,2086,2898,0.0034565756443335986
22808,408.0,1228.88,82.0,61,SET OF 6 T-LIGHTS EASTER CHICKS,2086,2275,0.006301408829397672
23314,408.0,5013.000000000001,118.0,72,VINTAGE CHRISTMAS TABLECLOTH,2086,894,0.02570548992722685
23565,408.0,581.39,62.0,33,EGG CUP MILKMAID HELGA ,2086,3045,0.002981231755194577
35818B,408.0,180.05000000000004,11.0,11,"ACRYLIC JEWEL ICICLE, BLUE",2086,3794,0.0009232542312781158
20989,407.0,782.1800000000002,57.0,39,URBAN CHIC CHOPSTICKS SET/5,2087,2749,0.004010835849048135
22638,406.0,737.7799999999999,75.0,59,SET OF 4 NAPKIN CHARMS CROWNS ,2088,2806,0.0037831630477776616
35599D,406.0,1366.4800000000002,103.0,73,PINK AND WHITE CHRISTMAS TREE 120CM,2088,2152,0.007006989402704358
22849,405.0,6321.629999999997,164.0,105,BREAD BIN DINER STYLE MINT,2089,734,0.032415838078726306
21371,404.0,556.0100000000001,64.0,59,MIRRORED WALL ART POPPIES,2090,3083,0.0028510890593332135
35991,403.0,232.49999999999997,57.0,48,SET/6 BLACK SNOWFLAKE T-LIGHTS ,2091,3657,0.0011922055471933453
21250,402.0,997.5500000000003,60.0,55,SET OF SKULL WALL STICKERS,2092,2498,0.005115202768183751
84968E,402.0,4869.649999999998,110.0,89,SET OF 16 VINTAGE BLACK CUTLERY,2092,913,0.024970424700602463
20654,400.0,507.9099999999999,122.0,107,FIRST CLASS LUGGAGE TAG ,2093,3169,0.0026044435246235357
20715,400.0,424.0,1.0,1,LITTLE FLOWER SHOPPER BAG,2093,3281,0.002174172696817112
21737,400.0,7402.559999999993,166.0,112,SET 3 WICKER LOG BASKETS,2093,619,0.03795859395884544
84638,400.0,1101.5500000000002,69.0,56,SMALL KITCHEN FLOWER POTS PLAQUE,2093,2383,0.005648490410799269
22511,399.0,1054.16,114.0,93,RETROSPOT BABUSHKA DOORSTOP,2094,2431,0.005405485589803602
23324,399.0,816.04,44.0,37,RUSTIC STRAWBERRY JAM POT LARGE ,2094,2709,0.00418446199884584
90209C,399.0,754.4600000000002,66.0,61,PINK ENAMEL+GLASS HAIR COMB,2094,2785,0.0038686941812279213
21320,398.0,913.3400000000001,57.0,51,GLASS CHALICE GREEN  LARGE ,2095,2601,0.0046833936106390125
21635,398.0,855.24,43.0,40,MADRAS NOTEBOOK LARGE ,2095,2662,0.004385470417985535
21268,397.0,261.65999999999997,52.0,40,VINTAGE BLUE TINSEL REEL,2096,3599,0.0013417311977574657
72739B,394.0,328.39,28.0,17,WHITE CHOCOLATE SCENT CANDLE,2097,3450,0.001683907009216442
84800S,394.0,299.54,20.0,18,SMALL WHITE/PINK ROSE ART FLOWER,2097,3509,0.0015359709660485797
21153,393.0,4294.690000000001,139.0,98,RED SPOTTY TABLECLOTH ,2098,1013,0.022022164479465766
21264,393.0,921.7499999999999,69.0,58,WHITE GOOSE FEATHER TREE 60CM ,2098,2590,0.004726518120969747
84033,393.0,737.0299999999999,51.0,43,FLAG OF ST GEORGE ,2098,2807,0.0037793172234318767
85129C,393.0,513.9799999999998,67.0,61,BEADED CRYSTAL HEART BLUE SMALL,2098,3160,0.0026355690629954213
84907,391.0,999.1699999999994,36.0,33,PINK YELLOW PATCH CUSHION COVER,2099,2496,0.005123509748770643
85092,391.0,622.5699999999999,24.0,23,CANDY SPOT TEA COSY,2099,2977,0.0031923931506071443
22184,390.0,2895.569999999997,147.0,110,CAKE STAND VICTORIAN FILIGREE LARGE,2100,1357,0.014847804801232826
75013B,390.0,669.62,80.0,69,"STRING OF 8 BUTTERFLIES,PINK",2100,2900,0.0034336545312327227
21055,389.0,3865.9400000000005,226.0,173,TOOL BOX SOFT TOY ,2101,1106,0.019823634895125345
22509,389.0,5138.259999999992,190.0,138,SEWING BOX RETROSPOT DESIGN ,2101,875,0.02634779387063084
35911A,389.0,468.7899999999999,98.0,76,MULTICOLOUR RABBIT EGG WARMER,2101,3225,0.002403845326747391
84686,389.0,1027.7900000000006,76.0,67,BEACH HUT MIRROR,2101,2459,0.005270266405805804
22512,388.0,971.1700000000002,74.0,62,DOORSTOP RACING CAR DESIGN,2102,2531,0.004979932306528007
22794,388.0,3263.4,208.0,160,SWEETHEART WIRE MAGAZINE RACK,2102,1253,0.016733950893379628
23391,388.0,1615.74,88.0,52, I LOVE LONDON MINI BACKPACK,2102,1970,0.00828513630461151
35819B,387.0,193.05999999999995,37.0,27,"ACRYLIC HANGING JEWEL,BLUE",2103,3752,0.0009899664642629988
85124A,387.0,1087.729999999999,104.0,78,PINK JUICY FRUIT PHOTO FRAME,2103,2400,0.005577624687520932
21054,386.0,3573.7999999999975,187.0,144,NURSE'S BAG SOFT TOY,2104,1175,0.018325609395955164
40018E,386.0,840.92,83.0,61,TEA TIME PAPER LANTERNS,2104,2681,0.004312040811810014
17011F,385.0,336.2000000000001,20.0,20,ORIGAMI SANDLEWOOD INCENSE+FLOWER,2105,3431,0.00172395486007055
20943,384.0,543.9599999999999,73.0,45,SET/6 GINGERBREAD STAR T-LIGHTS,2106,3108,0.0027892994815109343
35980C,384.0,150.30000000000004,32.0,24,REDWHITE STRIPE SCANDINAVIAN HEART ,2106,3881,0.0007707031988953113
21711,383.0,1560.6100000000004,72.0,63,FOLDING UMBRELLA WHITE/RED POLKADOT,2107,2015,0.008002442576367343
62096A,383.0,592.7900000000004,91.0,75,PINK/YELLOW FLOWERS HANDBAG,2107,3028,0.003039688285250511
72750A,383.0,766.85,16.0,15,FLOWER FAIRY SET OF 3 LILY CANDLES,2107,2765,0.003932227199420288
22848,382.0,6145.549999999996,152.0,117,BREAD BIN DINER STYLE PINK,2108,747,0.03151294107765187
23338,382.0,824.5200000000002,107.0,68,EGG FRYING PAN RED ,2108,2701,0.004227945452782183
84247E,382.0,1081.7500000000005,102.0,70,PACK OF 12 CHRISTMAS FUN CARDS,2108,2404,0.005546960648070547
84854,382.0,2084.420000000001,112.0,77,GIRLY PINK TOOL SET,2108,1696,0.010688417577121525
21765,381.0,3155.8900000000003,154.0,105,HANGING METAL BIRD BATH,2109,1287,0.016182664792825843
23085,381.0,3635.2300000000014,87.0,58,ANTIQUE SILVER BAUBLE LAMP  ,2109,1163,0.018640608048703943
90209B,381.0,732.7600000000007,99.0,81,GREEN ENAMEL+GLASS HAIR COMB,2109,2812,0.0037574216634898784
21134,379.0,649.7399999999998,49.0,33,VICTORIAN METAL POSTCARD CHRISTMAS,2110,2935,0.0033317145472404478
23218,379.0,483.0299999999998,40.0,33,LAUREL STAR ANTIQUE GOLD,2110,3203,0.0024768647116593613
21438,378.0,1248.5700000000002,38.0,23,TUB 24 HANGING EASTER EGGS SPOTTY,2111,2264,0.0064023745378890135
22172,378.0,3451.82,186.0,117,METAL SHELF WITH RAIL ,2111,1204,0.017700124524356705
22864,378.0,158.76,2.0,2,MUG AND COASTER SET RED CIRCLES,2111,3861,0.0008140840975157658
23335,378.0,792.8600000000002,98.0,70,EGG FRYING PAN IVORY ,2111,2741,0.004065600387732113
85232A,378.0,1915.17,142.0,121,SET/3 POLKADOT STACKING TINS,2111,1789,0.009820543216422709
22785,376.0,2162.1100000000006,119.0,88,SQUARECUSHION COVER PINK UNION JACK,2112,1654,0.011086793701686904
23694,376.0,165.08,41.0,20,PAISLEY PARK CARD,2112,3835,0.0008464915773362473
16212,375.0,292.85999999999996,44.0,35,FUNKY GIRLZ ASST MAGNETIC MEMO PAD,2113,3527,0.001501717490542121
23342,375.0,3193.4100000000008,165.0,100,MINT DINER WALL CLOCK,2113,1275,0.016375058565430978
84663A,375.0,758.2900000000002,66.0,61,GRASS HOPPER WOODEN WALL CLOCK ,2113,2779,0.0038883335242203966
84952C,374.0,705.01,43.0,34,MIRROR LOVE BIRD T-LIGHT HOLDER,2114,2857,0.0036151261626958305
22194,373.0,3212.100000000001,160.0,139,BLACK DINER WALL CLOCK,2115,1268,0.01647089650812794
84402D,373.0,358.92999999999995,13.0,13,PINK DRESS JEWELLERY STAND ,2115,3386,0.0018405089765768062
84875B,373.0,511.00999999999993,40.0,24,GREEN SQUARE COMPACT MIRROR,2115,3163,0.0026203395985861136
21697,372.0,295.08000000000004,7.0,6,SET 5 MINI DOUGHNUT FRIDGE MAGNET ,2116,3523,0.001513101130605645
46118,372.0,509.44999999999993,72.0,61,FUNKY MONKEY CUSHION COVER,2116,3166,0.002612340283946881
71270,372.0,526.6899999999999,84.0,76,PHOTO CLIP LINE,2116,3137,0.0027007429662419917
84875D,371.0,483.75,37.0,21,BLUE SQUARE COMPACT MIRROR,2117,3202,0.002480556703031316
21282,369.0,1577.5300000000002,71.0,60,NATURAL BARK CANDLE LARGE,2118,1998,0.008089204373608253
47420,369.0,70.10999999999999,38.0,30,ASSORTED COLOUR SUCTION CUP HOOK,2118,4184,0.00035950765984398036
72127,369.0,449.69000000000005,69.0,59,COLUMBIAN CANDLE ROUND ,2118,3250,0.002305905000074734
20888,367.0,547.74,19.0,17,SET 3 JARDIN DE FEMME SCENT CANDLES,2119,3099,0.002808682436213691
84595E,367.0,723.5699999999994,43.0,43,LARGE TORTILLA DESIGN RED BOWL,2119,2827,0.00371029749583952
84804B,367.0,537.37,21.0,19,BLUE DELPHINIUM ARTIFICIAL FLOWER,2119,3118,0.0027555075049259703
20659,366.0,521.2899999999998,143.0,109,ECONOMY LUGGAGE TAG,2120,3146,0.0026730530309523395
22504,366.0,7985.029999999998,115.0,88,CABIN BAG VINTAGE RETROSPOT,2120,575,0.04094536370109797
85098B,366.0,1456.94,115.0,82,BLUE FLYING SINGING CANARY,2120,2087,0.00747084709646397
23051,364.0,3206.8600000000015,161.0,103,RECYCLED ACAPULCO MAT BLUE,2121,1272,0.016444027015365396
23053,364.0,3245.9400000000023,164.0,97,RECYCLED ACAPULCO MAT PINK,2121,1255,0.016644420102609768
84597C,364.0,450.9799999999999,44.0,42,RETRO PINK BALL ASHTRAY ,2121,3248,0.0023125198179494836
84952B,364.0,615.4900000000002,44.0,36,BLACK LOVE BIRD T-LIGHT HOLDER,2121,2987,0.0031560885687829357
85180B,364.0,1022.1599999999996,69.0,51,PINK HEARTS LIGHT CHAIN ,2121,2468,0.005241397084383439
22054,363.0,658.3100000000002,80.0,46,MINI CAKE STAND HANGING HEARTS,2122,2921,0.003375659500098286
23518,362.0,983.3,45.0,32,EMBROIDERED RIBBON REEL RACHEL ,2123,2516,0.005042132105613835
20825,361.0,1255.08,7.0,6,GOLD WINE GLASS,2124,2258,0.006435756293210426
21027,361.0,441.1099999999999,84.0,62,NINJA RABBIT PINK,2124,3260,0.002261908769558953
37492D,361.0,682.9899999999999,26.0,22,PURPLE GREEN FLOWER PIGGY BANK,2124,2885,0.0035022127599035825
85055,361.0,1450.4399999999994,110.0,93,FRENCH ENAMEL UTENSIL HOLDER,2124,2094,0.007437516618800497
23523,360.0,1173.8100000000002,41.0,28,WALL ART TREASURE AHOY ,2125,2317,0.006019022767101166
21317,359.0,1464.2999999999997,78.0,70,GLASS SPHERE CANDLE STAND MEDIUM,2126,2080,0.007508587452710605
23107,359.0,1009.5099999999998,73.0,54,WHITE HEARTS WIRE PLANT POT HOLDER,2126,2487,0.005176530847084533
35004G,359.0,1419.5100000000002,77.0,72,SET OF 3 GOLD FLYING DUCKS,2126,2115,0.007278914822780328
22640,358.0,767.9399999999997,89.0,76,SET OF 4 NAPKIN CHARMS 3 KEYS ,2127,2762,0.003937816464136161
23412,358.0,2354.8,77.0,28,HEART MIRROR ANTIQUE WHITE,2127,1564,0.012074862892605981
22760,357.0,4519.64,121.0,96,"TRAY, BREAKFAST IN BED",2128,971,0.02317565539491154
17108D,355.0,149.1,23.0,22,FLOWER FAIRY SUMMER BOUQUET SACHET,2129,3885,0.0007645498799420552
20826,355.0,290.7200000000001,14.0,14,SILVER APERITIF GLASS,2129,3531,0.0014907440717421485
40046A,355.0,472.06999999999994,62.0,56,RED DAISY PAPER LAMPSHADE,2129,3220,0.0024206643985529575
85124B,355.0,948.6999999999998,104.0,98,BLUE JUICY FRUIT PHOTO FRAME,2129,2556,0.0048647114091282875
17181,354.0,645.21,68.0,47,CIRCLE OF FRIENDS CANDLE HOLDER,2130,2942,0.0033084857681919076
21415,354.0,738.7600000000004,85.0,80,CLAM SHELL SMALL ,2130,2804,0.003788188258256157
21667,354.0,6126.249999999989,163.0,119,GLASS CAKE COVER AND PLATE,2130,751,0.031413975197820306
23522,354.0,727.4399999999999,32.0,27,WALL ART DOG AND BALL ,2130,2818,0.0037301419494637734
84228,354.0,156.07000000000002,46.0,41,HEN HOUSE WITH CHICK STANDING,2130,3870,0.0008002904075288837
20701,353.0,721.4899999999999,50.0,34,PINK CAT FLORAL CUSHION COVER ,2131,2830,0.003699631742987212
20704,353.0,1355.8200000000006,79.0,63,MR ROBOT SOFT TOY,2131,2166,0.006952327419336269
21793,353.0,1627.3600000000008,103.0,85,CLASSIC FRENCH STYLE BASKET BROWN,2131,1961,0.00834472094314221
23272,352.0,557.54,43.0,32,TREE T-LIGHT HOLDER WILLIE WINKIE,2132,3081,0.0028589345409986144
79144B,352.0,181.87000000000012,94.0,79,PAINTED LIGHTBULB STAR+ MOON,2132,3788,0.0009325867650238877
20897,351.0,848.7000000000003,75.0,65,VINTAGE NOTEBOOK PARIS DAYS,2133,2669,0.004351934829690291
85104,351.0,1024.4900000000002,59.0,50,SILVER GLASS T-LIGHT SET,2133,2465,0.005253344778684348
85117,351.0,600.9200000000001,62.0,45,NIGHTINGALE COATHOOK WHITE,2133,3013,0.0030813770211588183
23025,350.0,760.8000000000003,54.0,41,DRAWER KNOB VINTAGE GLASS BALL,2134,2776,0.003901204216364291
23557,350.0,3930.27,32.0,23,LANDMARK FRAME BAKER STREET ,2134,1094,0.02015350406867781
23046,349.0,2111.4900000000002,36.0,30,PAPER LANTERN 9 POINT DELUXE STAR,2135,1681,0.010827226197175388
71143,349.0,514.4499999999998,99.0,77,ANTIQUE SILVER BOOK MARK WITH BEADS,2135,3158,0.0026379791129187806
16239,347.0,492.17,21.0,16,BALLERINA HEART DECORATION.,2136,3193,0.0025237324910199954
21722,347.0,327.74999999999983,79.0,70,SWEET PUDDING STICKER SHEET,2136,3451,0.001680625239108038
21847,347.0,675.37,72.0,58,GREEN  DIAMANTE PEN IN GIFT BOX,2136,2896,0.0034631391845504076
44230,347.0,3381.62,53.0,44,SQUARE MIRROR CURTAIN,2136,1228,0.01734015536559123
84858C,347.0,611.0699999999999,30.0,28,PINK RIVIERA HANDBAG,2136,3000,0.0031334238439717746
85088,347.0,723.85,79.0,70,CANDY SPOT HAND BAG,2136,2824,0.003711733270261949
84876B,346.0,490.8099999999999,43.0,37,GREEN HEART COMPACT MIRROR,2137,3197,0.002516758729539638
16244B,345.0,765.02,29.0,26,MAXWELL 2 TONE BLUE 60 PAGE PHOTO A,2138,2771,0.003922843388016573
47503J,345.0,2735.5100000000016,76.0,64,SET/3 FLORAL GARDEN TOOLS IN BAG,2138,1419,0.01402705460818439
47594A,345.0,682.5100000000002,106.0,89,CAROUSEL DESIGN WASHBAG,2138,2887,0.0034997514323222823
84509C,345.0,1594.970000000001,141.0,118,SET OF 4 POLKADOT PLACEMATS ,2138,1985,0.008178632609062243
84797B,344.0,2077.82,52.0,23,BLUE SAVANNAH PICNIC HAMPER FOR 4,2139,1699,0.010654574322878613
21293,343.0,872.3400000000003,86.0,67,MIRRORED DOVE WALL DECORATION,2140,2648,0.004473155213069434
21689,343.0,1271.87,63.0,55,SILVER VANILLA  FLOWER CANDLE POT,2140,2242,0.006521851480898066
85091,343.0,548.81,20.0,17,CANDY SPOT BREAD BASKETS,2140,3097,0.002814169145613677
21173,342.0,611.26,79.0,52,LOO ROLL  METAL SIGN ,2141,2999,0.003134398119472707
47563A,342.0,831.29,151.0,125,RETRO LONGBOARD IRONING BOARD COVER,2141,2694,0.004262660427210134
84922,342.0,808.22,17.0,17,PINK BUTTERFLY WASHBAG,2141,2722,0.004144362870333788
84251F,341.0,83.97000000000001,50.0,47,"GREETING CARD, RITA",2142,4111,0.0004305784937540871
84805B,340.0,551.4000000000001,9.0,9,BLUE CLIMBING HYDRANGA ART FLOWER,2143,3092,0.0028274500590211218
21923,339.0,2678.5400000000004,120.0,75,RED/CREAM STRIPE FRINGE HAMMOCK,2144,1445,0.013734925790878557
72134,339.0,134.85000000000002,30.0,27,COLUMBIAN  CUBE CANDLE ,2144,3922,0.0006914792173721405
84791,337.0,1094.9800000000002,108.0,77,GINGHAM HEART DECORATION,2145,2392,0.005614800989530193
22394,336.0,544.7099999999999,55.0,49,PAPERWEIGHT KINGS CHOICE ,2146,3106,0.002793145305856719
17011C,335.0,221.4,2.0,2,ORIGAMI LAVENDER INCENSE+FLOWER,2147,3687,0.0011352873468757278
20851,335.0,429.5699999999998,29.0,28,ZINC HEART LATTICE TRAY OVAL ,2147,3273,0.0022027343522918077
84927F,335.0,273.3199999999999,64.0,60,PSYCHEDELIC TILE HOOK,2147,3570,0.0014015209469199358
20932,334.0,1147.7200000000003,82.0,75,PINK POT PLANT CANDLE,2148,2340,0.005885239357525793
20936,334.0,848.0400000000003,77.0,69,FORKED CACTUS CANDLE,2148,2671,0.004348550504266
21117,334.0,509.58,29.0,26,BLOND DOLL DOORSTOP,2148,3165,0.002613006893500151
21253,334.0,1231.0699999999997,124.0,108,SET OF PICTURE FRAME  STICKERS,2148,2272,0.006312638636487362
23072,334.0,1273.76,30.0,28,MARIE ANTOINETTE TRINKET BOX SILVER,2148,2240,0.006531542958249445
23517,334.0,996.3799999999999,63.0,40,EMBROIDERED RIBBON REEL REBECCA ,2148,2499,0.005109203282204325
79323S,334.0,2084.3199999999997,56.0,36,SILVER CHERRY LIGHTS,2148,1697,0.01068790480054208
20804,333.0,592.5100000000001,63.0,32,GLASS CHICKEN BUTTER DISH,2149,3029,0.003038252510828083
84510C,332.0,542.9499999999997,137.0,116,SET OF 4 POLKADOT COASTERS,2150,3111,0.002784120438058609
84876D,332.0,604.2700000000001,36.0,32,BLUE HEART COMPACT MIRROR,2150,3009,0.0030985550365699916
23538,331.0,1323.700000000001,32.0,24,WALL ART VINTAGE HEART,2151,2193,0.006787623582020785
47592A,331.0,637.3700000000001,101.0,76,CAROUSEL CHILDRENS OVERALL,2151,2954,0.003268284084363969
20952,330.0,151.14000000000001,25.0,22,PORCELAIN CHERUB BELL SMALL,2152,3879,0.0007750105221625904
90200D,330.0,1385.010000000001,152.0,122,PINK SWEETHEART BRACELET,2152,2140,0.007102006902874222
23469,329.0,1330.3699999999997,71.0,40,CARD HOLDER LOVE BIRD SMALL,2153,2181,0.006821825779869293
23415,328.0,412.17999999999984,47.0,33,HOME SWEET HOME HOOK,2154,3307,0.00211356250512754
20898,327.0,693.9200000000004,55.0,48,VINTAGE NOTEBOOK TRAVELOGUE,2155,2871,0.0035582592400361587
22391,327.0,645.3900000000002,68.0,60,PAPERWEIGHT HOME SWEET HOME,2155,2940,0.003309408766034897
47481,327.0,266.25,45.0,44,50CM METAL STRING WITH  7 CLIPS,2155,3589,0.00136526764275367
21256,326.0,588.6400000000001,65.0,39,"FRENCH BOTTLE, BRASSERIE DES ARTIST",2156,3037,0.003018408057203832
22177,326.0,3111.4099999999994,126.0,73,5 HOOK BLACKBOARD ORGANISER ,2156,1300,0.015954581770291812
72739C,326.0,279.08,23.0,16,DARK CHOCOLATE SCENTCANDLE,2156,3555,0.001431056877895565
84499,326.0,272.1699999999999,41.0,37,BLACK FLOWER CANDLE PLATE,2156,3574,0.0013956240162563988
84798B,326.0,492.9000000000001,10.0,10,PURPLE FOXGLOVE ARTIIFCIAL FLOWER,2156,3192,0.002527475760049893
84858B,326.0,431.0,9.0,7,BLUE RIVIERA HANDBAG,2156,3270,0.002210067057377772
20862,325.0,691.1400000000002,37.0,31,PINK PATCH PENCIL CASE BLUE HEART,2157,2873,0.0035440040511277807
35810B,325.0,517.7100000000002,68.0,59,ENAMEL BLUE RIM COFFEE CONTAINER,2157,3154,0.0026546956294084606
84795C,325.0,2752.5899999999992,132.0,83,OCEAN STRIPE HAMMOCK ,2157,1409,0.014114636847952389
84820,325.0,900.9499999999997,55.0,50,DANISH ROSE TRINKET TRAYS,2157,2615,0.004619860592446642
20998,324.0,942.2600000000003,127.0,113,ROSE DU SUD OVEN GLOVE,2158,2569,0.004831688597412482
21796,324.0,2782.19,67.0,59,SET OF 3 RED STRIPE BASKETS,2158,1394,0.01426641871546604
23179,324.0,930.4799999999999,53.0,45,CLOCK MAGNET MUM'S KITCHEN,2158,2581,0.004771283516354684
23453,324.0,631.5800000000002,51.0,29,OVAL  MINI PORTRAIT FRAME,2158,2960,0.003238594320414509
35824P,324.0,136.44,3.0,3,"HANGING FLOWERS+MIRROR,PINK",2158,3914,0.0006996323649852045
21028,323.0,423.8999999999998,92.0,80,NINJA RABBIT BLACK,2159,3282,0.0021736599202376726
21089,323.0,112.54000000000002,40.0,37,SET/6 GREEN SPRING PAPER CUPS,2159,3999,0.0005770787624995231
23185,323.0,116.59,32.0,28,FRENCH STYLE STORAGE JAR JAM,2159,3989,0.000597846213966762
47597,322.0,644.8799999999998,126.0,87,NEW ENGLAND TEATOWELS,2160,2943,0.003306793605479761
72799B,322.0,467.71000000000004,16.0,9,PURPLE PILLAR CANDLE BLACK FLOCK,2160,3226,0.0023983073396894607
84984B,322.0,541.3,16.0,16,RED PEONY CUSHION COVER ,2160,3114,0.0027756596244978833
17107D,321.0,818.5499999999996,91.0,76,FLOWER FAIRY 5 DRAWER LINERS,2161,2706,0.004197332690989731
21265,321.0,705.5899999999997,34.0,34,PINK GOOSE FEATHER TREE 60CM,2161,2854,0.0036181002668565694
37345,321.0,561.05,9.0,8,ASSTD HEARTS DESIGN MUGS,2161,3075,0.002876932998936888
23071,319.0,1255.1,24.0,18,MARIE ANTOINETTE TRINKET BOX GOLD,2162,2257,0.0064358588485263135
35933,319.0,131.38000000000002,28.0,24,PINK STOCKING CHRISTMAS DECORATION,2162,3935,0.000673685870065642
84251B,319.0,84.84000000000002,61.0,49,"GREETING CARD, STICKY GORDON",2162,4105,0.00043503964999519766
84806A,319.0,261.90999999999997,20.0,18,PINK CANDYSTUFT ARTIFICIAL FLOWER,2162,3598,0.0013430131392060606
85103,319.0,2166.9300000000003,88.0,74,SILVER T-LIGHT SETTING,2162,1653,0.011111509532815814
23178,318.0,928.9199999999998,69.0,58,JAM CLOCK MAGNET,2163,2585,0.004763284201715451
22415,317.0,2520.1499999999996,204.0,139,WHITE TISSUE REAM,2164,1499,0.012922738966706707
22510,317.0,825.32,91.0,78,GINGHAM BABUSHKA DOORSTOP,2164,2698,0.004232047665417686
46126A,317.0,419.9899999999999,48.0,44,ELVIS WALLHANGING / CURTAIN,2164,3291,0.0021536103559816476
84795B,317.0,2696.810000000002,113.0,96,SUNSET CHECK HAMMOCK,2164,1441,0.013828610071941888
23010,316.0,4896.549999999995,112.0,85,CIRCUS PARADE BABY GIFT SET,2165,909,0.02510836160047127
37464,316.0,431.1799999999999,83.0,66,ROBOT MUG IN DISPLAY BOX,2165,3269,0.0022109900552207597
47578A,316.0,287.53,80.0,63,ENGLISH ROSE SMALL SCENTED FLOWER,2165,3537,0.0014743864988580758
82616A,316.0,624.21,52.0,44,BUBBLE GUM SCARF KNITTING KIT,2165,2976,0.003200802686509928
10080,315.0,129.29000000000002,28.0,26,GROOVY CACTUS INFLATABLE,2166,3944,0.0006629688395553879
21388,315.0,293.56999999999994,30.0,24,IVORY HANGING DECORATION  CHICKEN,2166,3524,0.0015053582042561307
21924,315.0,2486.6599999999994,124.0,83,BLUE/CREAM STRIPE FRINGE HAMMOCK,2166,1512,0.01275101009025292
22164,315.0,883.2200000000003,49.0,45,STRING OF STARS CARD HOLDER,2166,2635,0.0045289453049122885
72753A,315.0,690.24,14.0,13,S/3 FLWR FAIRY LILLY CANDLES,2166,2875,0.003539389061912838
84687,315.0,1214.0100000000004,74.0,64,BEACH HUT SHELF W 3 DRAWERS,2166,2285,0.006225158952035243
20913,314.0,898.7200000000001,43.0,20,SET/5 BLUE SPOTTY LID GLASS BOWLS,2167,2617,0.004608425674725177
21410,314.0,1466.7800000000009,152.0,110,COUNTRY COTTAGE  DOORSTOP GREEN,2167,2075,0.007521304311880673
79323G,314.0,2007.8799999999999,61.0,44,GOLD  CHERRY LIGHTS,2167,1737,0.010295938383219676
22912,313.0,1471.0900000000006,109.0,91,YELLOW COAT RACK PARIS FASHION,2168,2071,0.0075434049824544495
85125,313.0,1499.3100000000006,64.0,55,SMALL ROUND CUT GLASS CANDLESTICK,2168,2052,0.007688110533171852
23474,312.0,270.96,38.0,27,WOODLAND SMALL BLUE FELT HEART,2169,3579,0.0013894194196451995
35607B,312.0,62.300000000000004,17.0,17,BLACK FEATHER CHRISTMAS DECORATION,2169,4222,0.00031945980898987283
84689,312.0,742.9000000000002,40.0,36,S/2 BEACH HUT TREASURE CHESTS,2169,2800,0.0038094172086448885
84796A,312.0,2307.23,131.0,109,PINK HAWAIIAN PICNIC HAMPER FOR 2,2169,1584,0.011830935073767323
22108,311.0,972.1600000000008,127.0,104,PING! MICROWAVE PLATE,2170,2529,0.004985008794664446
22765,311.0,3508.2999999999993,53.0,37,NEWSPAPER STAND,2170,1193,0.017989740736423284
35653,311.0,982.5300000000008,113.0,93,VINTAGE BEAD NOTEBOOK,2170,2518,0.005038183725952166
90085,311.0,275.52999999999986,29.0,26,CRYSTAL STILETTO PHONE CHARM,2170,3566,0.0014128533093255154
90087,311.0,249.5599999999998,53.0,50,CRYSTAL SEA HORSE PHONE CHARM,2170,3625,0.0012796852316454672
21750,310.0,665.9500000000002,63.0,57,LARGE SKULL WINDMILL,2171,2906,0.003414835630767349
23408,310.0,644.8000000000003,59.0,45,PHOTO FRAME LINEN AND LACE SMALL,2171,2944,0.003306383384216213
85063,310.0,5460.639999999994,182.0,122,CREAM SWEETHEART MAGAZINE RACK,2171,833,0.02800088300742307
35241,309.0,1631.4200000000008,130.0,108,ENAMEL BLUE RIM BISCUIT BIN,2172,1958,0.008365539672267393
23341,308.0,2749.850000000001,122.0,79,PINK DINER WALL CLOCK,2173,1412,0.014100586769675794
79144C,308.0,180.98000000000016,99.0,88,PAINTED LIGHTBULB RAINBOW DESIGN,2173,3792,0.0009280230534668897
85211,307.0,469.05000000000007,79.0,69,S/4 GROOVY CAT MAGNETS,2174,3224,0.0024051785458539306
22861,305.0,522.9299999999998,50.0,39,EASTER TIN CHICKS IN GARDEN,2175,3144,0.0026814625668551226
23660,305.0,530.5300000000001,41.0,21,HENRIETTA HEN MUG ,2175,3128,0.002720433586892412
62094B,305.0,677.9899999999997,67.0,62,TURQ ICE CREAM BUM BAG ,2175,2891,0.0034765739309316817
47593A,304.0,309.17999999999995,100.0,79,CAROUSEL PONIES BABY BIB,2176,3485,0.0015854026283064024
84859C,304.0,552.7199999999999,40.0,35,PINK DISCO HANDBAG,2176,3090,0.002834218709869703
21263,303.0,666.09,59.0,49,GREEN GOOSE FEATHER TREE 60CM,2177,2905,0.0034155535179785615
85026B,303.0,370.1,32.0,29,EAU DE NILE JEWELLED T-LIGHT HOLDER,2177,3370,0.001897786120500031
20935,302.0,580.3800000000002,49.0,43,ROUND CACTUS CANDLE,2178,3046,0.0029760527117422544
72051S,302.0,191.73000000000008,57.0,50,BAG OF SILVER STONES,2178,3759,0.0009831465357564742
84869,302.0,703.5399999999998,26.0,24,CANDY BUTTON PHOTO ALBUM,2178,2859,0.003607588346978091
21025,301.0,397.3699999999998,82.0,67,SPACE FROG,2179,3327,0.002037620293712772
21322,301.0,590.4499999999999,14.0,12,GLASS SPHERE CANDLE STAND LARGE ,2179,3036,0.003027689313291659
21550,301.0,1601.210000000001,73.0,50,CERAMIC BIRDHOUSE CRESTED TIT LARGE,2179,1980,0.008210629867619173
21779,301.0,1097.8000000000002,22.0,15,MA CAMPAGNE MINI WOODEN CHEST,2179,2389,0.005629261289070344
84086C,301.0,896.5500000000002,90.0,73,PINK/PURPLE RETRO RADIO,2179,2619,0.004597298422951372
21312,300.0,1185.9200000000005,27.0,26,LARGE CHUNKY GLASS ROMAN BOWL,2180,2308,0.00608112001087111
21728,300.0,2798.6099999999997,42.0,36,METAL MEDINA LANTERN ,2180,1388,0.014350616629809755
22641,300.0,704.8999999999999,69.0,63,SET OF 4 NAPKIN CHARMS INSTRUMENT,2180,2858,0.003614562108458448
84968F,300.0,3622.75,133.0,98,SET OF 16 VINTAGE SKY BLUE CUTLERY,2180,1166,0.018576613531590076
20618,298.0,650.6400000000003,138.0,117,QUEEN OF THE SKIES PASSPORT COVER ,2181,2932,0.003336329536455392
21127,298.0,1003.9800000000002,51.0,42,COLOURFUL FISHING GNOME,2181,2492,0.005148174302241615
22124,298.0,752.4199999999998,132.0,114,SET OF 2 TEA TOWELS PING MICROWAVE,2181,2789,0.0038582335390073847
23067,297.0,1249.1100000000001,85.0,64,HANGING ENGRAVED METAL HEART,2182,2262,0.0064051435314179785
23402,297.0,1151.0300000000007,69.0,47,HOME SWEET HOME 3 PEG HANGER ,2182,2336,0.005902212262305193
23516,297.0,1062.35,45.0,29,EMBROIDERED RIBBON REEL SOPHIE  ,2182,2420,0.005447481991659572
35816P,297.0,137.43,9.0,9,"ACRYLIC JEWEL ANGEL,PINK",2182,3911,0.0007047088531216408
71279,297.0,983.9100000000005,83.0,76,PINK GLASS CANDLEHOLDER,2182,2514,0.00504526004274841
23054,296.0,2604.8000000000006,130.0,90,RECYCLED ACAPULCO MAT LAVENDER,2183,1476,0.013356804341200977
84809B,296.0,351.6,8.0,7,PINK CHRYSANTHEMUMS ART FLOWER,2183,3409,0.0018029224533040013
20699,295.0,800.5099999999992,90.0,73,MOUSEY LONG LEGS SOFT TOY,2184,2732,0.004104827796059114
20863,295.0,605.7300000000002,52.0,46,BLUE PATCH PENCIL CASE PINK HEART,2184,3005,0.003106041574629787
21095,295.0,274.56999999999994,41.0,38,SET/6 POSIES PAPER PLATES,2184,3567,0.001407930654162911
22928,295.0,2028.8900000000017,117.0,92,YELLOW GIANT GARDEN THERMOMETER,2184,1722,0.010403672742559609
23027,295.0,627.95,30.0,26,DRAWER KNOB VINTAGE GLASS HEXAGON,2184,2967,0.0032199805305809094
35096B,295.0,107.33000000000001,27.0,21,RED VICTORIAN FABRIC HEART BOX,2184,4019,0.0005503631027108034
84682,295.0,596.94,51.0,46,CLASSICAL ROSE DISH,2184,3020,0.0030609685132971863
21784,294.0,3578.079999999997,181.0,143,SHOE SHINE BOX ,2185,1174,0.018347556233555107
71495B,294.0,111.57000000000001,18.0,17,CD WALL TIDY RED FLOWERS,2185,4005,0.0005721048296789744
23111,293.0,3622.8799999999997,136.0,90,PARISIENNE SEWING BOX,2186,1165,0.01857728014114334
84457,293.0,280.4299999999998,67.0,57,SET/3 RABBITS FLOWER SKIPPPING ROPE,2186,3550,0.001437979361717977
84859A,293.0,613.5299999999999,60.0,54,SILVER DISCO HANDBAG,2186,2991,0.003146038147825949
85023B,293.0,682.35,38.0,37,EAU DE NILE JEWELLED PHOTOFRAME,2186,2888,0.00349893098979518
62095B,292.0,310.83,21.0,19,TURQOISE ICE CREAM SUNHAT,2187,3483,0.0015938634418671295
72754A,292.0,201.24,5.0,4,FLOWER FAIRY POTPOURRI CUSHION LILY,2187,3739,0.0010319115884610275
20736,291.0,234.34999999999997,20.0,14,PINK MINI TAPE MEASURE ,2188,3653,0.0012016919139129483
21444,291.0,902.0300000000001,36.0,31,BLUE CHALET BIRDFEEDER,2188,2611,0.004625398579504575
23106,291.0,815.5899999999997,53.0,46,ZINC HEARTS PLANT POT HOLDER,2188,2710,0.004182154504238367
84877B,291.0,504.43,43.0,40,GREEN ROUND COMPACT MIRROR,2188,3174,0.0025865988996590936
84919,291.0,1619.84,43.0,39,BLUE CUSHION COVER WITH FLOWER,2188,1968,0.008306160144368469
35912B,290.0,358.08,31.0,29,WHITE/PINK CHICK DECORATION,2189,3389,0.0018361503756515836
82076,290.0,403.64000000000004,19.0,15,BEECH WOOD PHOTO FRAME ,2189,3317,0.002069771385243536
85144,290.0,1057.9999999999998,75.0,60,JARDIN ETCHED GLASS CHEESE DISH,2189,2426,0.005425176210454018
84631,289.0,1114.1100000000001,51.0,43,FRUIT TREE AND BIRDS WALL PLAQUE,2190,2374,0.005712895149176681
35915A,288.0,365.76,1.0,1,CREAM KNITTED HEN,2191,3378,0.0018755316169524218
17012E,287.0,308.78999999999996,30.0,25,ORIGAMI OPIUM INCENSE/CANDLE SET ,2192,3487,0.0015834027996465942
21480,286.0,902.4699999999999,59.0,17,PINK STRIPE HOT WATER BOTTLE,2193,2610,0.004627654796454101
23023,286.0,457.6199999999999,27.0,24,RIDGED BONNE JAM JAR T-LIGHT HOLDER,2193,3239,0.0023465681828241662
23475,286.0,242.17999999999998,31.0,21,WOODLAND SMALL PINK FELT HEART,2193,3638,0.0012418423200829436
46115B,286.0,54.34000000000002,22.0,21,GREEN POP ART MAO CUSHION COVER ,2193,4261,0.0002786427932666083
23478,285.0,324.40000000000003,13.0,10,WOODLAND LARGE PINK FELT HEART,2194,3458,0.001663447223696866
79072,285.0,3093.1500000000005,108.0,55,TEATIME CAKE TIN WITH HANDLE,2194,1307,0.01586094876688644
85113,285.0,591.66,49.0,38,POLKA DOT PISTACHIO PAIL,2194,3031,0.0030338939099028594
21543,284.0,215.0,24.0,11,BUTTERFLY WATER TRANSFER TATTOOS ,2195,3709,0.001102469645791696
47503G,284.0,367.35999999999996,36.0,28,ASS FLORAL PRINT TAPE MEASURE,2195,3377,0.0018837360422234294
84840,284.0,2447.8199999999997,141.0,97,SWEETHEART CARRY-ALL BASKET,2195,1527,0.012551847666799204
20616,283.0,449.25999999999993,121.0,99,CHERRY BLOSSOM PASSPORT COVER,2196,3252,0.00230370006078315
21261,283.0,1146.1200000000006,77.0,66,GREEN GOOSE FEATHER CHRISTMAS TREE ,2196,2341,0.005877034932254787
84859B,283.0,435.40999999999997,19.0,18,BLUE DISCO HANDBAG,2196,3265,0.0022326805045309876
85170B,283.0,475.9100000000001,58.0,55,SET/6 BLACK BIRD T-LIGHT CANDLES,2196,3214,0.002440355019203377
17091B,282.0,324.48,53.0,45,JASMINE TEA INCENSE IN TIN,2197,3457,0.0016638574449604163
72815,282.0,1083.3600000000001,71.0,48,3 WICK CHRISTMAS BRIAR CANDLE ,2197,2403,0.005555216350999497
84584,282.0,696.7499999999999,75.0,70,PINK GINGHAM CAT WITH SCARF,2197,2867,0.003572770817234251
84932C,282.0,615.4000000000002,34.0,30,SMALL ORIENTAL BLUE FOLDING STOOL,2197,2988,0.0031556270698614415
20793,281.0,518.5,22.0,22,BLUE TILED TRAY,2198,3150,0.00265874656438602
84843,281.0,1737.0100000000014,112.0,97,WHITE SOAP RACK WITH 2 BOTTLES,2198,1893,0.008906980462495977
22936,279.0,895.9699999999999,52.0,46,BAKING MOULD ROSE WHITE CHOCOLATE,2199,2624,0.0045943243187906305
84761,279.0,776.4999999999999,64.0,53,IVORY HANGING BIRD PLANTER ,2199,2755,0.003981710139336054
84931B,279.0,701.4800000000001,87.0,73,BLUE SCOTTIE DOG W FLOWER PATTERN,2199,2864,0.0035970251494416698
84948,279.0,469.10999999999984,38.0,28,SILVER HANGING T-LIGHT HOLDER DOME,2199,3222,0.002405486211801592
85127,279.0,1725.5200000000004,84.0,72,SMALL SQUARE CUT GLASS CANDLESTICK,2199,1902,0.008848062433518548
20894,278.0,859.7500000000002,90.0,72,HANGING BAUBLE T-LIGHT HOLDER LARGE,2200,2658,0.00440859664171819
21412,277.0,279.8400000000001,76.0,46,VINTAGE GOLD TINSEL REEL,2201,3553,0.0014349539798992942
23451,277.0,553.9899999999998,53.0,37,SQUARE MINI PORTRAIT FRAME,2201,3088,0.0028407309724285644
17014A,276.0,170.12999999999997,16.0,15,ORIGAMI VANILLA INCENSE CONES,2202,3817,0.000872386794597866
21131,276.0,1098.8599999999997,50.0,48,GOLD STANDING GNOME,2202,2388,0.005634696720812384
84809A,276.0,474.84000000000003,21.0,19,WHITE CHRYSANTHEMUMS ART FLOWER,2202,3217,0.00243486830980339
23486,275.0,4145.47,74.0,37,ANTIQUE HEART SHELF UNIT,2203,1050,0.02125699926762838
23065,274.0,3439.94,100.0,68,LARGE DECO JEWELLERY STAND,2204,1206,0.017639206666719472
16119,273.0,130.71,8.0,6,FUNKY GIRL ADDRESS BOOK,2205,3938,0.0006702502669834073
20705,273.0,996.1900000000003,53.0,50,MRS ROBOT SOFT TOY,2205,2500,0.0051082290067033945
21477,273.0,3248.94,45.0,22,STRING OF 20 ROSE LIGHTS,2205,1254,0.016659803399992894
37467,273.0,328.51,64.0,56,PIG MUG IN TWO COLOUR DESIGNS,2205,3449,0.0016845223411117675
72267,273.0,546.9599999999999,48.0,24,PREMIUM CHURCH CANDLE,2205,3104,0.002804682778894074
21493,272.0,252.44999999999996,30.0,7,VINTAGE DESIGN GIFT TAGS,2206,3615,0.001294504474791226
75149N,272.0,340.0,25.0,22,STRING CRYSTALS NATURAL,2206,3424,0.0017434403700891936
84801A,272.0,427.44,15.0,15,PINK HYDRANGEA ART FLOWER,2206,3278,0.002191812211149779
48195,271.0,1642.9700000000005,88.0,65,DOORMAT GREEN PAISLEY ,2207,1954,0.00842476536719248
85028L,271.0,654.0100000000002,27.0,24,FRENCH CHATEAU LARGE FRUIT BOWL ,2207,2926,0.0033536101071824525
21332,270.0,1644.17,50.0,45,MOROCCAN BEATEN METAL MIRROR,2208,1952,0.008430918686145733
21662,270.0,1741.0000000000011,108.0,88,VINTAGE GLASS COFFEE CADDY,2208,1888,0.008927440248015553
82605,270.0,599.2700000000001,128.0,105,OLD DOC RUSSEL METAL SIGN,2208,3017,0.0030729162075980917
85008,270.0,1063.6700000000003,101.0,86,SET OF 3 CONEY ISLAND OVAL BOXES,2208,2419,0.005454250642508156
23041,269.0,1166.03,53.0,45,PAPER LANTERN 9 POINT SNOW STAR,2209,2322,0.0059791287492208895
72814,269.0,979.17,57.0,39,SET OF 3 CHRISTMAS BRIAR CANDLES,2209,2522,0.005020954432883046
84905,269.0,1007.9099999999995,105.0,83,PINK BUTTERFLY CUSHION COVER ,2209,2489,0.005168326421813524
35599B,268.0,974.8100000000006,51.0,47,BLACK CHRISTMAS TREE 120CM,2210,2528,0.004998597374019552
20763,267.0,702.8600000000001,74.0,65,DAISY SKETCHBOOK ,2211,2861,0.0036041014662379143
21690,267.0,1024.5900000000001,96.0,66,SILVER  CANDLEPOT JARDIN ,2211,2464,0.005253857555263785
23407,267.0,2729.3300000000013,134.0,66,SET OF 2 TRAYS HOME SWEET HOME,2211,1425,0.01399536501557512
47504G,267.0,368.06,58.0,41,ENGLISH ROSE TAPE MEASURE,2211,3375,0.001887325478279496
84984A,266.0,462.12,17.0,16,GREEN PEONY CUSHION COVER,2212,3232,0.0023696431288988767
16207B,265.0,457.6499999999998,46.0,30,PINK HEART RED HANDBAG,2213,3238,0.0023467220157979973
21459,263.0,520.5499999999997,44.0,41,YELLOW EASTER EGG HUNT START POST,2214,3147,0.0026692584842644977
23153,263.0,1020.6900000000002,90.0,71,ZINC SWEETHEART WIRE LETTER RACK,2214,2473,0.005233859268665704
23425,263.0,611.9599999999998,55.0,38,STORAGE TIN HOME SWEET HOME,2214,2996,0.003137987555528772
84218,263.0,507.4099999999997,99.0,65,BOX/12 CHICK & EGG IN BASKET,2214,3170,0.0026018796417263445
90090,263.0,227.71999999999994,25.0,18,PINK CRYSTAL HEART PHONE CHARM,2214,3669,0.0011676948266962088
23485,262.0,5843.919999999997,83.0,33,BOTANICAL GARDENS WALL CLOCK ,2215,783,0.029966253081093047
84932A,262.0,602.6,24.0,23,SMALL GREEN PEONY FOLDING STOOL,2215,3011,0.0030899916676933765
10138,261.0,111.22000000000004,21.0,18,ASSORTED COLOUR JUMBO PEN,2216,4007,0.0005703101116509416
17011A,261.0,179.56,12.0,12,ORIGAMI VANILLA INCENSE+FLOWER ,2216,3799,0.0009207416260388694
20823,261.0,555.4700000000001,21.0,17,GOLD WINE GOBLET,2216,3084,0.002848320065804249
23009,261.0,4060.94,102.0,78,I LOVE LONDON BABY GIFT SET,2216,1066,0.02082354922502944
84916,261.0,646.4299999999998,58.0,51,HAND TOWEL PALE BLUE W FLOWERS,2216,2938,0.0033147416424610505
21087,260.0,168.07999999999996,33.0,30,SET/6 POSIES PAPER CUPS,2217,3825,0.000861874874719387
84601A,260.0,638.34,15.0,15,NEW BAROQUE IVORY CUSHION COVER ,2217,2953,0.003273258017184517
85033S,260.0,319.94999999999993,52.0,29,SET/6 SILVER REINDEER T-LIGHTS,2217,3465,0.0016406286659118746
21639,259.0,228.65,15.0,8,ASSORTED TUTTI FRUTTI KEYRING,2218,3666,0.0011724636488849827
21657,259.0,1981.2800000000007,120.0,102,MILK BOTTLE WITH GLASS STOPPER ,2218,1754,0.010159539813089171
21664,259.0,1034.8200000000002,69.0,62,RIDGED GLASS STORAGE JAR CREAM LID,2218,2454,0.005306314599340293
23066,259.0,2137.8100000000004,85.0,63,SMALL DECO JEWELLERY STAND,2218,1673,0.01096218899288347
79406,259.0,65.61999999999999,21.0,21,FROSTED WHITE BASE ,2218,4209,0.0003364839914272143
84251C,259.0,78.95999999999998,54.0,40,"GREETING CARD, TWO SISTERS.",2218,4136,0.0004048883871242432
21443,258.0,731.6800000000001,27.0,20,OLIVE CHALET BIRDFEEDER,2219,2815,0.0037518836764319444
23253,258.0,3848.8600000000015,70.0,56,16 PIECE CUTLERY SET PANTRY DESIGN,2219,1113,0.019736052655357342
46776C,257.0,900.9699999999992,96.0,81,WOVEN FROST CUSHION COVER,2220,2614,0.004619963147762527
62096B,257.0,441.99000000000024,83.0,68,PURPLE/TURQ FLOWERS HANDBAG,2220,3258,0.002266421203458009
17013B,256.0,221.03,3.0,3,ORIGAMI JASMINE INCENSE IN TUBE,2221,3689,0.0011333900735318071
23024,255.0,667.85,11.0,10,LARGE BONNE JAM JAR  T-LIGHT HOLDER,2222,2902,0.0034245783857766703
35966,255.0,111.34000000000003,26.0,23,FOLKART CHRISTMAS TREE T-LIGHT HOLD,2222,4006,0.0005709254435462672
15030,254.0,73.66,27.0,26,FAN BLACK FRAME ,2223,4161,0.0003777112284140294
21691,254.0,979.74,84.0,58,SILVER VANILLA FLOWER CANDLE POT,2223,2521,0.005023877259385842
22782,254.0,3712.299999999995,84.0,66,SET 3 WICKER STORAGE BASKETS ,2223,1149,0.01903580495847678
22799,254.0,2029.3400000000006,109.0,86,SWEETHEART WIRE FRUIT BOWL,2223,1720,0.010405980237167073
81952B,254.0,84.56,20.0,20,ROUND BLUE CLOCK WITH SUCKER,2223,4109,0.0004336038755727712
23079,253.0,2243.3500000000013,109.0,77,TOADSTOOL BEDSIDE LIGHT ,2224,1618,0.011503373394822337
84837,253.0,3235.5399999999995,146.0,106,WHITE SWEETHEARTS CABINET 4 DRAWERS,2224,1261,0.0165910913383482
84846A,253.0,571.7500000000003,56.0,51,SCENTED CANDLE IN DIGITALIS TIN,2224,3057,0.002931800092936756
20857,252.0,415.7999999999999,80.0,68,BLUE ROSE PATCH PURSE PINK BUTTERFL,2225,3300,0.0021321250173031957
20864,252.0,498.14000000000004,30.0,27,DENIM PATCH PENCIL CASE BUTTERFLY,2225,3186,0.002554345252812444
22987,252.0,105.84,11.0,11,WRAP SUMMER ROSE DESIGN,2225,4025,0.0005427227316771772
20865,251.0,500.49000000000007,33.0,30,PATCHWORK PENCIL CASE BUTTERFLY ,2226,3182,0.002566395502429237
23316,251.0,2511.5900000000006,111.0,80,RED REFECTORY CLOCK ,2226,1501,0.012878845291506819
23405,251.0,1289.0099999999995,72.0,46,HOME SWEET HOME 2 DRAWER CABINET,2226,2226,0.006609741386613737
23597,251.0,684.97,33.0,20,PAPER BUNTING PAISLEY PARK,2226,2883,0.0035123657361764557
46000U,251.0,313.75,51.0,48,POLYESTER FILLER PAD 30CMx30CM,2226,3474,0.001608836517986719
84249A,251.0,112.39,33.0,33,"GREETING CARD,SQUARE, DOUGHNUTS",2226,4001,0.0005763095976303661
16169D,250.0,105.0,9.0,5,WRAP WINTER FOREST,2227,4031,0.000538415408409898
21275,250.0,1731.4300000000012,56.0,47,ZINC TOP  2 DOOR WOODEN SHELF ,2227,1897,0.008878367529363336
21836,250.0,1007.6400000000001,102.0,82,GINGHAM OVEN GLOVE RED HEART ,2227,2490,0.005166941925049045
23040,250.0,1376.7800000000004,41.0,37,PAPER LANTERN 9 POINT SNOW STAR ,2227,2146,0.007059805390386472
84800M,250.0,357.22,27.0,26,MEDIUM WHITE/PINK ROSE ART FLOWER,2227,3392,0.0018317404970684167
21030,249.0,303.40000000000003,53.0,50,SPACE CADET RED,2228,3501,0.0015557641420148865
22786,249.0,1555.0500000000004,95.0,67,CUSHION COVER PINK UNION JACK,2228,2019,0.00797393219855059
23060,249.0,528.1699999999998,44.0,39,HEART BEADED TRELLIS DECORATION,2228,3135,0.002708332059617674
23074,249.0,551.4599999999999,48.0,39,EMBOSSED HEART TRINKET BOX,2228,3091,0.002827757724968784
23539,247.0,1227.9500000000003,42.0,27,WALL ART LOVES' SECRET ,2229,2276,0.006296640007208899
23562,247.0,713.03,44.0,11,SET OF 6 RIBBONS PERFECTLY PRETTY  ,2229,2843,0.0036562508443667577
84657,247.0,523.4300000000001,21.0,17,GREEN ROSE CUSHION COVER,2229,3140,0.002684026449752314
85179B,247.0,1061.2500000000005,46.0,38,WHITE BITTY LIGHT CHAIN ,2229,2422,0.005441841449285757
21837,245.0,1628.5900000000006,92.0,64,CROSS STITCH ALPHABET CUSHION COVER,2230,1960,0.008351028095069296
35914,244.0,337.43,59.0,42,PINK CHICK EGG WARMER + EGG CUP,2231,3429,0.001730262011997637
71496A,244.0,148.01000000000002,17.0,17,A4 WALL TIDY BLUE OFFICE,2231,3888,0.0007589606152261811
84661B,244.0,535.1799999999997,52.0,46,BLACK SQUARE TABLE CLOCK,2231,3122,0.002744277697836277
22829,243.0,2488.4699999999993,120.0,90,SWEETHEART WIRE WALL TIDY,2232,1511,0.012760291346340748
22954,243.0,300.14000000000004,51.0,48,HEN PARTY CORDON BARRIER TAPE,2232,3508,0.0015390476255252076
46000R,243.0,352.3499999999998,61.0,58,POLYESTER FILLER PAD 45x30cm,2232,3407,0.0018067682776497852
79323B,243.0,1572.45,59.0,43,BLACK CHERRY LIGHTS,2232,2001,0.008063155323372801
22797,242.0,4205.559999999995,140.0,102,CHEST OF DRAWERS GINGHAM HEART ,2233,1037,0.021565126714212644
37492C,242.0,477.2999999999998,25.0,24,GREEN BLUE FLOWER PIGGY BANK,2233,3212,0.002447482613657564
37494A,242.0,820.55,55.0,33,FAIRY CAKE CERAMIC BUTTER DISH,2233,2703,0.004207588222578494
47367B,242.0,834.95,96.0,87,PAIR PADDED HANGERS PINK CHECK,2233,2690,0.004281428050017565
77081,242.0,308.38,33.0,29,FLOWER WINDMILL,2233,3490,0.0015813004156708984
84715,241.0,734.8900000000002,47.0,42,SET OF 6 ICE CREAM SKITTLES,2234,2810,0.003768343804631905
85205B,241.0,669.3800000000001,62.0,52,PINK FELT EASTER RABBIT GARLAND,2234,2901,0.0034324238674420726
21661,240.0,1517.260000000001,100.0,80,VINTAGE GLASS TEA CADDY,2235,2039,0.007780153929180974
47347B,240.0,179.88,11.0,11,BLUE FLOWER T-LIGHT HOLDER,2235,3795,0.000922382511093071
84615,240.0,748.4799999999999,21.0,17,PINK ROUND BUTTERFLY MIRROR ,2235,2795,0.0038380301417775273
85020,240.0,533.4800000000001,58.0,56,ROUND PINK HEART MIRROR,2235,3125,0.002735560495985833
84932D,239.0,574.7100000000002,21.0,18,SMALL ORIENTAL RED FOLDING STOOL,2236,3054,0.0029469782796881197
21366,238.0,1139.9999999999995,78.0,67,MIRRORED WALL ART PHOTO FRAMES,2237,2348,0.005845653005593176
23427,238.0,2873.08,116.0,52,STOOL HOME SWEET HOME ,2237,1365,0.014732481348517236
84856L,238.0,1492.28,81.0,66,LARGE TAHITI BEACH BAG,2237,2056,0.007652062339637358
22447,236.0,781.3400000000004,81.0,68,PIN CUSHION BABUSHKA BLUE,2238,2751,0.004006528525780857
85033G,236.0,376.05,33.0,14,SET/6 GOLD REINDEER T-LIGHT CANDLES,2238,3362,0.0019282963269765918
21681,235.0,2254.710000000002,81.0,68,GIANT MEDINA STAMPED METAL BOWL ,2239,1612,0.011561624814246496
35824C,235.0,117.04999999999998,8.0,8,"HANGING FLOWERS+MIRROR,CLEAR",2239,3988,0.0006002049862321767
79063C,235.0,43.64999999999999,14.0,14,"RETRO PILL BOX KEY CHAIN,THE KING",2239,4318,0.00022382697692468613
84872A,235.0,2620.0099999999966,147.0,90,TEATIME FUNKY FLOWER BACKPACK FOR 2,2239,1468,0.013434797658933476
22395,234.0,413.75999999999976,53.0,45,PAPERWEIGHT VINTAGE PAISLEY,2240,3304,0.00212166437508266
72801F,234.0,292.5,25.0,15,S/4 FESTIVE RED DINNER CANDLES,2240,3528,0.0014998714948561444
84915,234.0,459.5599999999999,37.0,34,HAND TOWEL PINK FLOWER AND DAISY,2240,3236,0.0023565160484652634
20780,233.0,1344.9400000000003,103.0,74,BLACK EAR MUFF HEADPHONES,2241,2173,0.006896537327493413
20980,233.0,282.31,59.0,53,36 PENCILS TUBE POSY,2241,3547,0.0014476195614114124
84192,233.0,279.85,44.0,36,ASSORTED COLOUR METAL CAT ,2241,3552,0.001435005257557238
84726,233.0,394.84999999999997,5.0,4,LILLIES CANVAS PICTURE,2241,3331,0.0020246983239109355
84807,233.0,215.93,7.0,7,RED POPPY ARTIFICIAL FLOWER,2241,3705,0.0011072384679804692
85129B,233.0,315.10999999999984,56.0,52,BEADED CRYSTAL HEART GREEN SMALL,2241,3471,0.001615810279467075
23470,232.0,1460.5000000000005,84.0,42,CARD HOLDER LOVE BIRD LARGE ,2242,2082,0.007489101942691965
72750C,232.0,476.4,15.0,13,"F.FAIRY S/3 CANDLE/GLASS, ROSE",2242,3213,0.002442867624442623
84923,232.0,1013.7499999999992,150.0,114,PINK BUTTERFLY HANDBAG W BOBBLES,2242,2484,0.005198272574052702
84984C,232.0,401.15999999999997,16.0,16,ORIENTAL BLUE CUSHION COVER ,2242,3321,0.002057054526073473
84231,230.0,166.21000000000004,51.0,41,EASTER BUNNY WITH BASKET ON BACK,2243,3830,0.0008522859526838969
84595B,230.0,408.9,16.0,16,LARGE TRIFLE DESIGN L BLUE BOWL,2243,3313,0.002096743433321974
35822B,229.0,87.02,1.0,1,"ACRYLIC BEAD CHAIN, BLUE",2244,4092,0.0004462181794269459
84917,229.0,686.03,53.0,45,WHITE HAND TOWEL WITH BUTTERFLY,2244,2880,0.003517801167918498
17027A,228.0,84.84,2.0,2,INCENSE BAZAAR CANNABIS,2245,4106,0.0004350396499951976
20819,228.0,631.49,65.0,56,SILVER TEDDY BEAR,2245,2961,0.003238132821493014
23481,228.0,281.17,32.0,20,PEARLISED IVORY HEART SMALL ,2245,3549,0.0014417739084058192
23491,228.0,1897.7600000000002,79.0,38,VINTAGE JINGLE BELLS HEART,2245,1801,0.009731268813942553
84760S,228.0,368.90999999999985,38.0,35,SMALL HANGING GLASS+ZINC LANTERN,2245,3374,0.0018916840792047181
21350,227.0,653.6499999999999,45.0,32,GINGHAM HEART WREATH,2246,2927,0.0033517641114964736
23411,227.0,1118.6100000000004,57.0,42, TRELLIS COAT RACK,2246,2368,0.005735970095251392
84313B,227.0,1164.0400000000004,83.0,69,BLUE TV TRAY TABLE ,2246,2324,0.005968924495290075
72606A,226.0,94.92000000000003,18.0,16,BROWN ANTIQUE CUBE CANDLE,2247,4062,0.000486727529202548
84665,226.0,1364.6999999999996,47.0,35,SQUARE CHERRY BLOSSOM CABINET,2247,2155,0.006997861979590359
84666,226.0,892.7000000000003,33.0,18,SQUARE CHERRY BLOSSOM CABINET,2247,2626,0.0045775565246430104
84927A,226.0,157.6099999999999,33.0,33,WAKE UP COCKEREL TILE HOOK,2247,3863,0.0008081871668522282
23336,225.0,517.1999999999999,86.0,60,EGG FRYING PAN PINK ,2248,3157,0.0026520804688533258
71495A,225.0,87.96000000000002,20.0,20,CD WALL TIDY BLUE OFFICE,2248,4087,0.00045103827927366324
20836,224.0,250.00000000000003,22.0,21,FRENCH PAISLEY CUSHION COVER,2249,3623,0.0012819414485949953
23495,224.0,304.2,40.0,26,SET OF 3 PANTRY WOODEN SPOONS,2249,3497,0.0015598663546503902
23519,224.0,792.3100000000002,24.0,20,EMBROIDERED RIBBON REEL CLAIRE,2249,2742,0.004062780116545203
84661A,224.0,319.01000000000005,45.0,39,WHITE SQUARE TABLE CLOCK,2249,3466,0.001635808566065158
84804A,224.0,414.0800000000001,19.0,17,CREAM DELPHINIUM ARTIFICIAL FLOWER,2249,3302,0.002123305260136863
84977,224.0,282.58,45.0,40,WIRE FLOWER T-LIGHT HOLDER,2249,3545,0.001449004058175895
21536,223.0,478.9400000000001,64.0,45,DAIRY MAID  SMALL  MILK JUG,2250,3210,0.002455892149560349
23183,223.0,944.7900000000003,84.0,66,MOTHER'S KITCHEN SPOON REST ,2250,2566,0.004844661844872263
84578,223.0,858.6599999999999,115.0,64,ELEPHANT TOY WITH BLUE T-SHIRT,2250,2660,0.0044030073770023135
21631,221.0,1571.7500000000002,54.0,49,HIPPY CHIC DECORATIVE PARASOL,2251,2002,0.008059565887316737
23064,221.0,3717.5600000000004,23.0,19,CINDERELLA CHANDELIER ,2251,1146,0.019062777006555245
47570,220.0,2373.0100000000007,79.0,62,ENGLISH ROSE TABLE CLOTH,2252,1558,0.012168239507721642
72024U,220.0,46.199999999999996,11.0,11,LILAC VOTIVE CANDLE,2252,4301,0.00023690277970035513
23423,219.0,876.9000000000002,66.0,43,PANTRY 3 HOOK ROLLING PIN HANGER,2253,2641,0.004496537825091806
72140E,219.0,157.56999999999994,30.0,28,BEST DAD CANDLE LETTERS,2253,3865,0.0008079820562204533
84706D,219.0,500.1899999999998,16.0,16,CHERRY BLOSSOM TABLE CLOCK ,2253,3183,0.002564857172690922
20753,218.0,509.0000000000001,56.0,21,RETRO PINK SPOT WASHING UP GLOVES,2254,3167,0.002610032789339411
23661,218.0,389.4599999999999,33.0,22,MILK MAIDS MUG ,2254,3342,0.001997059666279227
84658,218.0,1227.4599999999996,67.0,62,WHITE STITCHED CUSHION COVER,2254,2277,0.0062941274019696495
85024B,218.0,330.9,21.0,20,EAU DE NILE JEWELLED PHOTOFRAME,2254,3443,0.0016967777013603357
81950B,217.0,127.02999999999996,36.0,32,FLOWER BLUE CLOCK WITH SUCKER,2255,3951,0.0006513800888600888
79403,216.0,199.01999999999987,36.0,33,FROSTED WHITE BASE ,2256,3742,0.0010205279483975031
85179A,216.0,517.6599999999997,72.0,53,GREEN BITTY LIGHT CHAIN,2256,3155,0.0026544392411187393
23409,215.0,801.6800000000001,43.0,28,PHOTO FRAME LINEN AND LACE LARGE,2257,2729,0.004110827282038543
90086,215.0,181.15999999999988,45.0,44,CRYSTAL FROG PHONE CHARM,2257,3791,0.0009289460513098768
21018,214.0,183.55999999999997,45.0,36,BIRD BOX CHRISTMAS TREE DECORATION,2258,3783,0.0009412526892163891
21032,214.0,265.9100000000001,52.0,50,SPACE CADET WHITE,2258,3590,0.001363524202383581
21226,214.0,231.8,39.0,34,POCKET MIRROR WOODLAND,2258,3660,0.0011886161111372795
84801B,214.0,345.0,18.0,17,WHITE HYDRANGEA ART FLOWER,2258,3417,0.0017690791990610934
17013C,213.0,89.46000000000001,2.0,2,ORIGAMI LAVENDER INCENSE IN TUBE,2259,4082,0.0004587299279652331
23315,213.0,2094.2400000000002,86.0,64,IVORY REFECTORY CLOCK,2259,1693,0.010738772237222333
23422,213.0,477.89,47.0,34,PANTRY HOOK BALLOON WHISK ,2259,3211,0.002450507995476249
46000P,213.0,905.25,49.0,42,POLYESTER FILLER PAD 65CMx65CM,2259,2607,0.004641909985362478
85030,213.0,547.3499999999998,31.0,24,FRENCH CHATEAU OVAL PLATTER,2259,3101,0.0028066826075538813
90214A,213.0,213.6500000000001,104.0,90,"LETTER ""A"" BLING KEY RING",2259,3713,0.0010955471619692834
16243B,212.0,441.77,8.0,6,BROWN COZY SQUARE PHOTO ALBUM,2260,3259,0.002265293094983244
20794,212.0,591.02,49.0,48,BLUE  TILE HOOK,2260,3035,0.003030612139794456
21367,211.0,278.4799999999999,60.0,53,MIRRORED WALL ART GENTS,2261,3559,0.0014279802184189365
21950,211.0,263.63,18.0,15,SET OF 6 DOTS CHOPSTICKS,2261,3594,0.0013518328963723944
21359,210.0,2148.380000000001,77.0,65,RELAX LARGE WOOD LETTERS,2262,1662,0.01101638947733007
21474,210.0,4189.5,94.0,70,SWEETHEART CREAM STEEL FOLDIN BENCH,2262,1044,0.02148277479555493
23532,210.0,901.5800000000004,31.0,22,WALL ART WORK REST AND PLAY  ,2262,2612,0.004623091084897105
23567,210.0,289.12,37.0,24,EGG CUP HENRIETTA HEN PINK,2262,3534,0.00148253964647114
71406C,210.0,89.92,35.0,35,BLACK ORANGE SQUEEZER,2262,4081,0.0004610887002306479
90200E,210.0,878.2199999999996,92.0,79,GREEN SWEETHEART BRACELET,2262,2639,0.004503306475940385
17011D,209.0,135.70000000000002,4.0,4,ORIGAMI ROSE INCENSE+FLOWER,2263,3920,0.0006958378182973635
23533,209.0,986.9400000000005,35.0,27,WALL ART GARDEN HAVEN ,2263,2510,0.005060797173105381
37476,209.0,2010.6000000000001,78.0,68,CONDIMENT TRAY 4 BOWLS AND 4 SPOONS,2263,1735,0.010309885906180389
84795A,209.0,1703.97,72.0,50,PASTEL STRIPE HAMMOCK ,2263,1914,0.008737559080649656
84802A,209.0,353.2099999999999,25.0,24,WHITE ANEMONE ARTIFICIAL FLOWER,2263,3404,0.0018111781562329527
84909A,209.0,2797.55,30.0,14,PINK PAISLEY QUILT ,2263,1389,0.014345181198067715
84931A,209.0,526.4399999999999,86.0,73,PINK SCOTTIE DOG W FLOWER PATTERN,2263,3138,0.0026994610247933967
90093,209.0,165.33999999999995,25.0,22,CLEAR CRYSTAL STAR PHONE CHARM,2263,3834,0.0008478247964427859
20621,208.0,453.7699999999999,34.0,31,ECONOMY PASSPORT COVER ,2264,3242,0.0023268262845158034
84918,208.0,995.12,63.0,51,CREAM CUSHION COVER WITH FLOWERS,2264,2502,0.005102742297303406
21478,207.0,865.4800000000001,96.0,60,SILVER SKULL HOT WATER BOTTLE ,2265,2654,0.004437978739719987
23455,207.0,569.4299999999998,36.0,23,SMALL PARLOUR PICTURE FRAME,2265,3062,0.002919903676293792
20902,206.0,1525.2200000000025,116.0,99,VINTAGE KEEPSAKE BOX PARIS DAYS,2266,2034,0.007820970944904249
84352,206.0,3505.5799999999986,126.0,84,SILVER CHRISTMAS TREE BAUBLE STAND ,2266,1195,0.017975793213462567
84675,206.0,571.71,62.0,51,FROG KING WATERING CAN,2266,3058,0.0029315949823049787
90200C,206.0,874.6300000000001,99.0,82,BLUE SWEETHEART BRACELET,2266,2645,0.004484897796738564
21736,205.0,418.89,30.0,26,GOLD SCROLL GLASS T-LIGHT HOLDER,2267,3294,0.0021479698136078304
23476,205.0,264.71999999999997,22.0,15,WOODLAND LARGE RED FELT HEART,2267,3593,0.0013574221610882684
84029C,205.0,773.97,49.0,20,BROWN FURRY HOT WATER BOTTLE,2267,2757,0.003968736891876274
84597B,205.0,259.37,27.0,26,RETRO BROWN BALL ASHTRAY ,2267,3603,0.0013299886140883356
90062,205.0,2604.17,111.0,86,CARNIVAL BRACELET,2267,1477,0.013353573848750515
90114,205.0,514.18,111.0,89,SUMMER DAISIES BAG CHARM,2267,3159,0.002636594616154298
21740,204.0,706.8600000000002,70.0,22,COSY SLIPPER SHOES LARGE RED,2268,2851,0.003624612529415435
21839,204.0,1101.9400000000005,86.0,74,MUMMY MOUSE RED GINGHAM RIBBON,2268,2382,0.0056504902394590795
22762,204.0,3276.619999999999,133.0,107,CUPBOARD 3 DRAWER MA CAMPAGNE,2268,1248,0.016801739957181327
21368,203.0,215.33999999999995,49.0,43,MIRRORED WALL ART LADIES,2269,3708,0.001104213086161785
21780,203.0,1745.8500000000001,32.0,14,MA CAMPAGNE 4 DRAWER WALL SHELF,2269,1883,0.00895230991211829
47343A,203.0,210.73,26.0,22,FUSCHIA FLOWER PURSE WITH BEADS,2269,3722,0.0010805740858496934
84920,203.0,812.8800000000002,89.0,75,PINK FLOWER FABRIC PONY,2269,2713,0.004168258258935601
47586A,202.0,275.53000000000003,31.0,26,PINK FAIRY CAKE CUSHION COVER,2270,3565,0.0014128533093255163
46776E,201.0,645.5799999999992,77.0,68,WOVEN CANDY CUSHION COVER ,2271,2939,0.0033103830415358243
84766,201.0,643.9499999999998,28.0,24,SILVER ROCOCO CANDLE STICK,2271,2945,0.003302024783290988
20799,200.0,355.3299999999999,26.0,25,PINK MILKSHAKE GLASS,2272,3395,0.0018220490197170382
22790,200.0,3884.0000000000005,1.0,1,"MIRROR, ARCHED GEORGIAN",2272,1100,0.01991624234537185
22889,200.0,335.5199999999999,42.0,33,NUMBER TILE VINTAGE FONT No ,2272,3432,0.0017204679793303708
23181,200.0,1716.9400000000005,81.0,67,BULL DOG BOTTLE TOP WALL CLOCK,2272,1906,0.008804066203002767
20934,199.0,1195.9700000000003,76.0,63,SET/3 POT PLANT CANDLES,2273,2303,0.006132654057104627
21338,199.0,873.2500000000001,14.0,12,MARAKESH LANTERN SMALL ,2273,2646,0.004477821479942319
23039,199.0,399.7099999999998,29.0,27,T-LIGHT HOLDER SILVER HEART HANDLE,2273,3323,0.002049619265671621
79315W,199.0,611.5100000000001,13.0,11,FLYING SAUCER TABLE LIGHT IN WHITE,2273,2997,0.0031356800609213024
23576,198.0,400.03999999999996,38.0,10,SNACK TRAY RED VINTAGE DOILY,2274,3322,0.0020513114283837674
84452,198.0,186.1599999999999,45.0,40,METAL RABBIT LADDER EASTER ,2274,3772,0.0009545848802817769
84857C,197.0,445.0299999999999,17.0,15,PINK MONTE CARLO HANDBAG,2275,3256,0.0022820096114729224
85185D,197.0,642.0100000000001,68.0,58,FROG SOCK PUPPET,2275,2947,0.003292076917649892
21627,196.0,3781.2999999999984,116.0,107,ELEPHANT CARNIVAL POUFFE,2276,1130,0.019389620798289015
84531B,196.0,167.91000000000003,44.0,34,BLUE KNITTED EGG COSY,2276,3826,0.0008610031545343428
21418,195.0,536.39,68.0,63,STARFISH SOAP DISH,2277,3120,0.002750482294447478
84767,195.0,806.22,6.0,6,ZINC POLICE BOX LANTERN,2277,2727,0.004134107338745028
84798A,195.0,432.45000000000005,10.0,10,PINK FOXGLOVE ARTIIFCIAL FLOWER,2277,3268,0.002217502317779623
84664,193.0,955.3499999999998,51.0,23,CHERRY BLOSSOM BATHROOM CABINET,2278,2550,0.004898811051660914
84531A,191.0,169.36,47.0,33,PINK KNITTED EGG COSY,2279,3818,0.0008684384149361936
85141,191.0,1355.9900000000002,82.0,58,JARDIN ETCHED GLASS FRUITBOWL,2279,2165,0.006953199139521312
79063D,190.0,35.33,12.0,10,"RETRO PILL BOX , REVOLUTIONARY",2280,4361,0.00018116396551544472
84773,190.0,560.4999999999998,49.0,43,RED ROSE AND LACE C/COVER,2280,3076,0.002874112727749978
85027L,190.0,538.4999999999998,40.0,36,FRENCH CHATEAU LARGE PLATTER ,2280,3116,0.0027613018802736186
20814,189.0,208.89000000000001,13.0,10,SILVER FINCH DECORATION,2281,3724,0.0010711389967880342
84795D,189.0,1538.7899999999997,83.0,57,SEASIDE STRIPE HAMMOCK,2281,2024,0.00789055472673397
84932B,189.0,401.3000000000001,17.0,16,SMALL PINK PEONY FOLDING STOOL,2281,3320,0.002057772413284687
35937,188.0,71.44,17.0,15,CERISE+GOLD CHRISTMAS STOCKING DEC,2282,4169,0.00036632758835050585
20903,187.0,919.8000000000005,86.0,75,VINTAGE KEEPSAKE BOX TRAVELOGUE,2283,2591,0.004716518977670709
21376,187.0,854.9099999999996,48.0,44,LARGE  TALL CAMPHOR WOOD TOADSTOOL ,2283,2663,0.004383778255273387
16244A,186.0,479.4100000000001,28.0,24,MAXWELL 2 TONE PINK 60 PAGE PHOTO A,2284,3209,0.002458302199483707
35833P,186.0,343.4200000000002,65.0,55,4 PINK FLOCK CHRISTMAS BALLS,2284,3419,0.0017609773291059742
84522,186.0,311.8599999999999,26.0,26,PINK PARTY SUNGLASSES,2284,3478,0.0015991450406353403
84741C,186.0,374.09,53.0,44,CITRUS GARLAND FELT FLOWERS ,2284,3364,0.001918245906019607
22832,185.0,2033.1499999999999,85.0,72,BROCANTE SHELF WITH HOOKS,2285,1719,0.010425517024843659
23036,185.0,233.67,17.0,16,T-LIGHT HOLDER SILVER PETIT FOUR ,2285,3655,0.0011982050331727702
23484,185.0,547.35,36.0,28,HEART TRELLIS TRIPLE T-LIGHT HOLDER,2285,3100,0.0028066826075538827
47579,185.0,420.8700000000003,56.0,46,TEA TIME BREAKFAST BASKET,2285,3290,0.002158122789880704
47589,185.0,1019.63,79.0,63,CONGRATULATIONS BUNTING,2285,2476,0.00522842383692366
90214S,185.0,182.59000000000012,87.0,72,"LETTER ""S"" BLING KEY RING",2285,3786,0.0009362787563958413
23037,184.0,305.36,19.0,18,CANDLE HOLDER SILVER MADELINE,2286,3495,0.001565814562971871
90200B,184.0,779.6999999999997,85.0,82,BLACK SWEETHEART BRACELET,2286,2752,0.003998118989878069
22764,183.0,3462.49,25.0,17,"RUSTIC WOODEN CABINET, GLASS DOORS",2287,1201,0.01775483778538274
35921,183.0,330.31999999999994,50.0,40,EASTER BUNNY HANGING GARLAND,2287,3446,0.001693803597199595
23140,182.0,766.0999999999998,52.0,44,TRIPLE WIRE HOOK IVORY HEART,2288,2767,0.003928381375074503
37479P,182.0,164.76000000000005,37.0,31,CUBIC MUG FLOCK PINK ON BROWN,2288,3836,0.0008448506922820459
22830,181.0,3760.71,18.0,16,UTILTY CABINET WITH HOOKS,2289,1136,0.01928404010058274
35838A,181.0,185.25,21.0,16,S/6 MULTICOLOUR ORNAMENETAL CANDLE,2289,3775,0.0009499186134088915
75011,181.0,172.50999999999996,15.0,15,BLUE DAISY MOBILE,2289,3810,0.0008845908771884903
23020,180.0,2191.84,76.0,57,GLASS  SONGBIRD STORAGE JAR,2290,1648,0.011239242178753817
23337,180.0,388.75,69.0,51,EGG FRYING PAN MINT ,2290,3345,0.0019934189525652175
84625B,180.0,279.0000000000001,17.0,16,BLCK NEW BAROQUE CANDLESTICK CANDLE,2290,3556,0.0014306466566320153
85136C,180.0,1459.640000000001,123.0,94,RED SHARK HELICOPTER,2290,2085,0.0074846920641088
21196,179.0,308.53999999999996,24.0,21,ROUND WHITE CONFETTI IN TUBE,2291,3489,0.0015821208581979992
21629,179.0,1977.270000000001,107.0,96,SQUARE FLOOR CUSHION VINTAGE RED,2291,1757,0.010138977472253709
23454,179.0,753.9499999999999,59.0,33,THREE MINI HANGING FRAMES,2291,2786,0.0038660790206727865
35610B,179.0,144.07,14.0,13,BLACK CHRISTMAS FLOCK DROPLET ,2291,3893,0.0007387572179963238
84360,179.0,956.89,41.0,39,TABLE LAMP WHITE SHADE WOOD BASE,2291,2548,0.00490670781098426
84925A,179.0,339.2900000000002,17.0,17,WAKE UP COCKEREL WALL THERMOMETER,2291,3426,0.0017397996563751849
90200A,179.0,758.2899999999996,99.0,87,PURPLE SWEETHEART BRACELET,2291,2780,0.0038883335242203936
21274,177.0,2446.189999999999,108.0,83,EMBOSSED HEART 3 DRAWER SHELF,2292,1528,0.012543489408554362
23413,177.0,929.1100000000005,60.0,35,DECORATIVE VINTAGE COFFEE  BOX,2292,2584,0.004764258477216387
71215,177.0,68.1,12.0,11,METAL BASE FOR CANDLES,2292,4191,0.00034920085059727667
71403,177.0,659.0000000000003,70.0,64,"PINK/WHITE ""KEEP CLEAN"" BULLET BIN",2292,2919,0.003379197658496409
71510,177.0,112.05,17.0,16,SQUARE METAL CANDLEHOLDER BASE,2292,4003,0.0005745661572602768
84709B,177.0,1020.4300000000003,88.0,72,PINK OVAL JEWELLED MIRROR,2292,2474,0.005232526049559165
21633,176.0,1675.8599999999997,73.0,64,SUNFLOWER DECORATIVE PARASOL,2293,1932,0.008593417584169634
23575,176.0,354.96,33.0,9,SNACK TRAY PAISLEY PARK,2293,3398,0.0018201517463731181
85167A,176.0,396.8,14.0,11,WHITE GRAND BAROQUE PHOTO FRAME,2293,3328,0.0020346974672099762
90214L,176.0,166.05999999999997,68.0,64,"LETTER ""L"" BLING KEY RING",2293,3831,0.0008515167878147394
23339,175.0,404.9999999999999,77.0,51,EGG FRYING PAN BLUE ,2294,3315,0.0020767451467238913
72140F,175.0,69.18,15.0,13,HAPPY ANNIVERSARY CANDLE LETTERS,2294,4187,0.00035473883765520714
84592,175.0,542.2999999999998,48.0,47,CROCHET ROSE PURSE WITH SUEDE BACK,2294,3112,0.0027807873902922628
22769,174.0,3656.8599999999983,45.0,31,CHALKBOARD KITCHEN ORGANISER,2295,1155,0.01875152162283637
82081,174.0,451.35,23.0,19,PINK HEARTS PHOTO ALBUM,2295,3247,0.0023144170912934043
85095,174.0,259.09,49.0,40,THREE CANVAS LUGGAGE TAGS,2295,3604,0.001328552839665909
17090A,173.0,182.65,26.0,26,LAVENDER INCENSE 40 CONES IN TIN,2296,3785,0.0009365864223435035
20827,173.0,209.36000000000004,8.0,8,GOLD APERITIF GLASS,2296,3723,0.001073549046711393
23317,173.0,1777.4600000000007,82.0,58,BLUE REFECTORY CLOCK ,2296,1869,0.009114398588878645
23560,173.0,502.07000000000005,27.0,9,SET OF 6 RIBBONS COUNTRY STYLE,2296,3177,0.0025744973723843575
90209A,173.0,325.5,10.0,10,PURPLE ENAMEL+GLASS HAIR COMB,2296,3455,0.0016690877660706838
21893,172.0,587.8,20.0,15,POTTING SHED SEED TIN,2297,3038,0.0030141007339365526
35594,171.0,105.58000000000003,40.0,35,WOODEN CHRISTMAS TREE 3 HANGING,2298,4027,0.0005413895125706385
51012C,171.0,213.75,28.0,19,"FEATHER DUSTER, COAL BLACK",2298,3712,0.0010960599385487209
79030A,171.0,438.25000000000006,33.0,26,"TUMBLER, ENGLISH ROSE",2298,3263,0.002247243359387027
20997,170.0,796.7399999999999,83.0,73,ROSE DU SUD CUSHION COVER ,2299,2736,0.0040854961190143054
23579,170.0,358.52,36.0,15,SNACK TRAY I LOVE LONDON,2299,3388,0.0018384065926011109
37462B,170.0,87.28000000000004,32.0,29,"PET MUG, BUDGIE",2299,4091,0.00044755139853348494
72754B,170.0,137.54000000000002,8.0,7,F FAIRY POTPOURRI CUSHIONS LAVENDER,2299,3910,0.0007052729073590227
84508B,170.0,456.31000000000046,75.0,68,STRIPES DESIGN TEDDY,2299,3240,0.0023398508096335313
84562A,170.0,1386.2100000000007,80.0,68,PINK/WHITE RIBBED MELAMINE JUG,2299,2137,0.007108160221827476
16256C,169.0,70.98,10.0,10,HEARTS PENCIL/RUBBER+5 MINI PENCILS,2300,4176,0.00036396881608509105
21551,169.0,824.95,22.0,16,CERAMIC BIRDHOUSE BUTTERFLY LARGE,2300,2699,0.004230150392073765
90161C,169.0,843.9100000000003,100.0,93,ANT COPPER LIME BOUDICCA BRACELET,2300,2675,0.004327372831535211
21252,168.0,408.65999999999997,22.0,15,SET OF MEADOW  FLOWER STICKERS,2301,3314,0.002095512769531323
21554,168.0,773.7,23.0,16,CERAMIC BIRDHOUSE RED ROOF LARGE,2301,2758,0.003967352395111791
23520,168.0,604.3000000000001,33.0,25,EMBROIDERED RIBBON REEL RUBY ,2301,3008,0.0030987088695438227
35815P,168.0,75.88000000000001,7.0,7,"ACRYLIC JEWEL SNOWFLAKE, PINK",2301,4150,0.000389094868477553
20694,167.0,626.0800000000002,56.0,46,FLORAL PINK MONSTER,2302,2971,0.0032103916085454193
22869,167.0,393.62999999999965,57.0,51,NUMBER TILE COTTAGE GARDEN 1,2302,3333,0.00201844244964179
85128,167.0,188.95000000000002,4.0,4,PLANTPOT SINGLE HOOK PISTACHIO,2302,3766,0.0009688913468480974
20783,166.0,1056.8899999999999,56.0,40,HEART EAR MUFF HEADPHONES,2303,2428,0.0054194843904222575
21038,166.0,355.4800000000001,52.0,46,SET/4 MODERN VINTAGE COTTON NAPKINS,2303,3394,0.001822818184586196
21299,166.0,966.3500000000001,34.0,23,EDWARDIAN TOILET ROLL UNIT ,2303,2537,0.004955216475399095
21344,166.0,749.8199999999999,26.0,25,MOROCCAN BEATEN METAL DISH,2303,2794,0.0038449013479419972
21552,166.0,843.5500000000004,37.0,24,CERAMIC BIRDHOUSE BLACK ROSE  LARGE,2303,2677,0.004325526835849235
20837,165.0,188.07000000000002,18.0,16,FRENCH FLORAL CUSHION COVER ,2304,3769,0.0009643789129490432
21628,165.0,3200.23,88.0,80,TRIANGULAR POUFFE VINTAGE ,2304,1273,0.016410029928148648
23420,165.0,353.45000000000005,33.0,25,PANTRY HOOK TEA STRAINER ,2304,3401,0.0018124088200236047
82585,165.0,237.15,50.0,33,SWEET VALENCIA CANDLE+CUP,2304,3645,0.0012160496581372126
84898F,165.0,352.75,52.0,44,YELLOW FLOWERS FELT HANDBAG KIT,2304,3406,0.0018088193839675382
85096,165.0,680.6700000000001,68.0,64,HILDA CANDY SPOT RABBIT,2304,2889,0.0034903163432606216
90214C,165.0,162.52999999999994,69.0,60,"LETTER ""C"" BLING KEY RING",2304,3842,0.000833415774560578
23440,164.0,299.36,5.0,5,PAINT YOUR OWN EGGS IN CRATE,2305,3510,0.0015350479682055911
23544,164.0,1015.7800000000001,20.0,16,WALL ART MID CENTURY MODERN ,2305,2482,0.005208681938615298
23561,163.0,452.87,14.0,7,SET OF 6 RIBBONS PARTY,2306,3243,0.002322211295300862
47591A,163.0,269.5399999999999,70.0,62,CAROUSEL CHILDRENS APRON,2306,3581,0.0013821379922171796
84509E,163.0,338.6000000000001,33.0,32,SET OF 4 CAROUSEL PLACEMATS ,2306,3428,0.001736261497977062
21630,162.0,1973.3900000000012,95.0,90,FLOOR CUSHION ELEPHANT CARNIVAL,2307,1759,0.010119081740971517
23421,162.0,353.36,34.0,27,PANTRY HOOK SPATULA,2307,3403,0.0018119473211021101
47503H,162.0,250.0199999999999,65.0,55,ASS FLORAL PRINT SPIRIT LEVEL ,2307,3622,0.0012820440039108822
84510E,162.0,152.85999999999996,34.0,34,SET OF 4 GREEN CAROUSEL COASTERS,2307,3875,0.0007838302793289237
84705C,162.0,227.33000000000004,8.0,8,PINK FLOCK PHOTO FRAME ,2307,3672,0.0011656949980364012
85135C,162.0,1317.9200000000012,112.0,88,RED DRAGONFLY HELICOPTER,2307,2196,0.00675798509572927
84877D,161.0,373.1000000000002,44.0,38,BLUE ROUND COMPACT MIRROR,2308,3365,0.001913169417883172
16020C,160.0,134.50000000000003,40.0,34,CLEAR STATIONERY BOX SET ,2309,3923,0.0006896844993441076
23070,160.0,709.54,44.0,43,EDWARDIAN HEART PHOTO FRAME,2309,2848,0.0036383549417443716
35911B,159.0,184.76,24.0,19,PINK/FLOWER RABBIT EGG WARMER ,2310,3778,0.0009474060081696453
84007,159.0,418.2200000000002,41.0,33,MAGIC GARDEN MOUNT FUJI,2310,3295,0.0021445342105255965
84984D,159.0,404.90999999999997,21.0,20,ORIENTAL RED CUSHION COVER ,2310,3316,0.002076283647802398
23447,158.0,231.89999999999998,4.0,4,PINK BUNNY EASTER EGG BASKET,2311,3659,0.0011891288877167174
23456,158.0,634.1,36.0,23,MEDIUM PARLOUR PICTURE FRAME ,2311,2958,0.003251516290216346
90208,158.0,384.3500000000004,67.0,61,PAIR OF PINK FLOWER CLUSTER SLIDE,2311,3352,0.001970856783069948
21473,157.0,3212.1599999999976,90.0,74,SWEETHEART CREAM STEEL TABLE RECT,2312,1267,0.016471204174075587
23446,157.0,230.24999999999997,3.0,3,BLUE BUNNY EASTER EGG BASKET,2312,3663,0.0011806680741559903
35916C,157.0,167.5499999999999,42.0,38,PINK FELT HANGING HEART W FLOWER,2312,3827,0.0008591571588483653
85126,157.0,1075.91,36.0,34,LARGE ROUND CUTGLASS CANDLESTICK,2312,2410,0.005517014495831366
90214J,157.0,161.4700000000001,88.0,73,"LETTER ""J"" BLING KEY RING",2312,3847,0.0008279803428185361
20782,156.0,995.6700000000003,88.0,65,CAMOUFLAGE EAR MUFF HEADPHONES,2313,2501,0.0051055625684903174
21372,156.0,267.01000000000005,51.0,45,MIRRORED WALL ART TABLE LAMP,2313,3588,0.001369164744757399
22870,156.0,369.91999999999973,48.0,44,NUMBER TILE COTTAGE GARDEN 2,2313,3371,0.0018968631226570411
35931,156.0,78.11999999999999,15.0,14,PINK STAR CHRISTMAS DECORATION,2313,4140,0.00040058106385696405
23115,155.0,785.17,47.0,34,RED APPLES CHOPPING BOARD   ,2314,2746,0.00402616786877333
90214K,155.0,159.65000000000003,84.0,75,"LETTER ""K"" BLING KEY RING",2314,3856,0.0008186478090727641
79071B,154.0,469.09999999999974,67.0,62,ENGLISH ROSE METAL WASTE BIN,2315,3223,0.0024054349341436475
46775D,153.0,1938.1899999999996,95.0,73,SUNSET COLOUR CHUNKY KNITTED THROW,2316,1780,0.009938584385009334
90201B,153.0,451.41,53.0,52,BLACK ENAMEL FLOWER RING,2316,3246,0.0023147247572410674
23094,152.0,1924.92,79.0,68,LE GRAND TRAY CHIC SET,2317,1787,0.009870538932917913
84661C,152.0,189.86999999999998,27.0,24,PINK SQUARE TABLE CLOCK,2317,3764,0.0009736088913789268
16050,151.0,46.45,8.0,7,TEATIME PENCIL WITH RUBBER,2318,4299,0.0002381847211489501
20696,151.0,617.9400000000003,60.0,57,FLORAL SOFT CAR TOY,2318,2983,0.003168651594979167
46776D,151.0,649.8099999999997,75.0,62,WOVEN SUNSET CUSHION COVER ,2318,2934,0.003332073490846054
84559D,151.0,131.78999999999996,33.0,31,3D SHEET OF SEA WORLD STICKERS,2318,3933,0.0006757882540413375
85135B,151.0,1226.510000000001,116.0,83,BLUE DRAGONFLY HELICOPTER,2318,2279,0.006289256024464995
90129A,151.0,295.3799999999998,74.0,63,PINK GLASS TASSLE BAG CHARM ,2318,3522,0.0015146394603439577
23540,150.0,947.06,14.0,12,WALL ART THE MAGIC FOREST ,2319,2558,0.004856301873225504
35821B,150.0,57.0,3.0,3,"JEWELLED DECORATION,BLUE",2319,4244,0.0002922826502796589
84744,150.0,190.02,34.0,29,S/6 SEW ON CROCHET FLOWERS,2319,3763,0.000974378056248084
85044,150.0,806.3499999999999,41.0,32,RED REINDEER STRING OF 20 LIGHTS,2319,2726,0.004134773948298297
23114,149.0,737.9500000000002,45.0,28,VINTAGE LEAF CHOPPING BOARD  ,2320,2805,0.0037840347679627077
90125A,149.0,183.97,18.0,17,PINK BERTIE GLASS BEAD BAG CHARM,2320,3782,0.0009433550731920851
90161B,149.0,744.0600000000002,78.0,70,ANT COPPER TURQ BOUDICCA BRACELET,2320,2798,0.0038153654169663692
90170,149.0,247.93000000000015,72.0,63,DAISY HAIR BAND,2320,3627,0.0012713269734006293
23150,148.0,390.75,49.0,43,IVORY SWEETHEART SOAP DISH,2321,3339,0.0020036744841539778
84952A,148.0,392.52999999999986,39.0,35,CLEAR LOVE BIRD T-LIGHT HOLDER,2321,3335,0.0020128019072679732
47013C,147.0,40.519999999999996,28.0,26,WINE BOTTLE DRESSING DARK BLUE,2322,4335,0.0002077770699882768
84805A,147.0,212.85,8.0,8,CREAM CLIMBING HYDRANGA ART FLOWER,2322,3718,0.001091444949333779
23417,146.0,157.5,28.0,21,BATHROOM HOOK,2323,3866,0.000807623112614847
35004S,146.0,518.4,25.0,13,SET OF 3 SILVER FLYING DUCKS,2323,3151,0.002658233787806582
37333,146.0,810.0500000000001,59.0,48,"RETRO ""TEA FOR ONE"" ",2323,2717,0.004153746681737504
85195,146.0,269.44000000000005,17.0,17,HANGING HEART BASKET,2323,3582,0.0013816252156377425
90129B,146.0,329.9499999999999,62.0,55,TURQUOISE GLASS TASSLE BAG CHARM ,2323,3448,0.001691906323855674
20855,145.0,239.24999999999997,49.0,44,PINK PATCH PURSE BLUE HEART,2324,3640,0.0012268179663054103
21031,145.0,177.95000000000005,40.0,38,SPACE CADET BLACK,2324,3802,0.0009124859231099178
21476,144.0,2249.410000000001,87.0,72,STEEL SWEETHEART ROUND TABLE CREAM,2325,1615,0.01153444765553628
23073,144.0,1718.9999999999998,62.0,51,GEORGIAN TRINKET BOX,2325,1904,0.008814629400539186
37483,144.0,235.44,13.0,8,ENGLISH ROSE MUG IN GIFT BOX,2325,3651,0.0012072811786288228
72753D,144.0,302.4,9.0,8,S/3 FLWR FAIRY SUMMER CANDLES,2325,3502,0.0015506363762205061
79308B,144.0,122.39999999999999,2.0,2,MOSAIC CANDLE DISH BLUE PURPLE,2325,3968,0.0006276385332321096
16207A,143.0,423.53,76.0,67,PINK STRAWBERRY HANDBAG ,2326,3284,0.0021717626468937532
35610A,143.0,105.43,12.0,12,PINK CHRISTMAS FLOCK DROPLET ,2326,4028,0.0005406203477014814
35817B,143.0,61.3,3.0,2,"ACRYLIC JEWEL SNOWFLAKE,BLUE",2326,4226,0.0003143320431954928
37399,143.0,75.0,6.0,5,"ASS RETROSPOOF MUGS,SPORTS",2326,4155,0.0003845824345784986
84609,143.0,1289.24,38.0,37,TALL ROCOCO CANDLE HOLDER,2326,2225,0.006610920772746447
85007,143.0,399.62,22.0,15,SET OF 3 VINTAGE TEA TIME BOXES,2326,3324,0.002049157766750128
90198A,143.0,605.3799999999998,84.0,75,VINTAGE ROSE BEAD BRACELET RASPBERR,2326,3006,0.003104246856601752
90210D,143.0,238.68000000000004,24.0,20,PURPLE ACRYLIC FACETED BANGLE,2326,3641,0.001223895139802614
20695,142.0,604.5800000000002,61.0,44,FLORAL BLUE MONSTER,2327,3007,0.0031001446439662497
21001,142.0,723.75,91.0,78,ROSE DU SUD WASHBAG ,2327,2825,0.0037112204936825114
84708B,142.0,732.7899999999998,54.0,51,PINK JEWELLED PHOTO FRAME ,2327,2811,0.0037575754964637056
90214E,142.0,139.27999999999992,67.0,58,"LETTER ""E"" BLING KEY RING",2327,3907,0.0007141952198412432
22503,141.0,3178.0200000000004,54.0,51,CABIN BAG VINTAGE PAISLEY,2328,1278,0.01629614224985547
23414,141.0,1378.75,64.0,41,ZINC BOX SIGN HOME,2328,2143,0.0070699070890013985
35600D,141.0,497.70000000000005,13.0,12,PINK AND WHITE CHRISTMAS TREE 180CM,2328,3189,0.002552089035862917
47013A,141.0,39.86999999999999,25.0,25,WINE BOTTLE DRESSING LT.BLUE,2328,4340,0.0002044440222219298
85164B,141.0,1851.22,66.0,55,BLACK BAROQUE CUCKOO CLOCK,2328,1832,0.009492622593872109
90098,141.0,311.48,57.0,40,NECKLACE+BRACELET PINK BUTTERFLY,2328,3480,0.0015971964896334765
84219,140.0,311.5100000000001,31.0,21,BOX/12 MOTHER & CHICK IN BASKET/BOW,2329,3479,0.0015973503226073085
84926C,140.0,192.1,32.0,22,FAIRY CAKES TILE COASTER,2329,3758,0.0009850438091003944
85190,140.0,124.16000000000001,18.0,12,PINK FLOWER HANGING HEART ,2329,3961,0.0006366634010302186
35816B,139.0,58.07,3.0,3,"ACRYLIC JEWEL ANGEL,BLUE",2330,4243,0.00029776935967964547
82093,139.0,283.49,28.0,17,HEART SHAPE BUTTON FRAME ,2330,3544,0.0014536703250487809
84450B,139.0,84.55000000000001,35.0,31,PINK/YELLOW RABBIT SAT EASTER,2330,4110,0.0004335525979148275
84563A,139.0,685.1499999999999,62.0,56,PINK & WHITE BREAKFAST TRAY,2330,2881,0.003513288734019443
85136A,139.0,1129.2300000000016,108.0,87,YELLOW SHARK HELICOPTER,2330,2361,0.005790426967987714
90214M,139.0,141.06999999999994,65.0,57,"LETTER ""M"" BLING KEY RING",2330,3899,0.0007233739206131836
20672,138.0,201.0,36.0,30,PINK TEATIME PRINT BOWL,2331,3740,0.0010306809246703763
47598,138.0,89.12,32.0,27,NEW ENGLAND EGG WARMER,2331,4083,0.0004569864875951439
90030B,138.0,286.26,35.0,32,RED KUKUI COCONUT SEED NECKLACE,2331,3540,0.0014678742362992134
21004,137.0,625.0699999999999,71.0,60,ROSE DU SUD CHILDRENS APRON,2332,2974,0.0032052125650930945
23099,137.0,925.3499999999997,59.0,49,FRENCH CARRIAGE LANTERN,2332,2588,0.004744978077829514
79191D,137.0,143.01999999999987,55.0,51,RETRO PLASTIC DAISY TRAY,2332,3895,0.0007333730639122242
84706A,137.0,325.87999999999994,7.0,7,ENGLISH ROSE TABLE CLOCK,2332,3453,0.0016710363170725478
90161D,137.0,682.5400000000003,74.0,71,ANT COPPER PINK BOUDICCA BRACELET,2332,2886,0.003499905265296114
21375,136.0,820.0999999999992,63.0,57,LARGE CAMPHOR WOOD FIELD MUSHROOM ,2333,2704,0.004205280727971019
22872,136.0,311.29999999999984,39.0,38,NUMBER TILE COTTAGE GARDEN 4,2333,3481,0.0015962734917904873
84933B,136.0,309.1500000000001,6.0,5,LARGE PINK PEONY FOLDING STOOL,2333,3486,0.0015852487953325715
84933C,136.0,317.0,6.0,5,LARGE BLUE ORIENTAL FOLDING STOOL,2333,3468,0.001625501756818454
90125D,136.0,223.73999999999987,36.0,32,PURPLE BERTIE GLASS BEAD BAG CHARM,2333,3683,0.0011472863188345761
20795,135.0,308.7,29.0,28,LARGE BLUE PROVENCAL CERAMIC BALL,2334,3488,0.0015829413007251
21758,135.0,1069.7600000000007,79.0,74,VINTAGE SHELLS PRINT,2334,2415,0.005485478736195933
23136,135.0,511.88999999999993,49.0,42,IVORY WIRE SWEETHEART LETTER TRAY,2334,3162,0.002624852032485168
35955,135.0,34.620000000000005,5.0,3,SMALL FOLKART CHRISTMAS TREE DEC,2334,4366,0.00017752325180143497
84770,135.0,419.25000000000006,16.0,9,ROUND GEORGIAN SILVER MIRROR,2334,3293,0.0021498158092938075
35833G,134.0,220.66000000000003,34.0,28,4 GOLD FLOCK CHRISTMAS BALLS,2335,3691,0.0011314928001878869
84725,134.0,216.50000000000003,29.0,27,FREESTYLE CANVAS ART PICTURE,2335,3702,0.001110161294483266
90120D,134.0,554.13,40.0,36,WHITE MURANO TWIST BRACELET,2335,3087,0.002841448859639779
17178,133.0,156.65,25.0,23,FLAT PALM T-LIGHT HOLDER,2336,3868,0.000803264511689624
21369,133.0,225.36,22.0,21,MIRRORED WALL ART SPLODGES,2336,3678,0.0011555932994214725
21632,133.0,1088.97,54.0,41,VINTAGE PINK DECORATIVE PARASOL,2336,2399,0.005583983117105968
82587,133.0,173.03,45.0,31,TEXRIO TOMATOES CANDLE+CUP,2336,3808,0.0008872573154015681
84924A,133.0,571.0,62.0,55,WAKE UP COCKEREL CALENDAR SIGN ,2336,3059,0.0029279542685909693
21185,132.0,876.29,44.0,30,HOME SWEET HOME  BLACKBOARD,2337,2643,0.004493409887957233
21308,132.0,705.9,6.0,6,LOUVRE VANITY MIRROR,2337,2852,0.0036196898742528287
23416,132.0,184.68,25.0,18,CHAMBRE HOOK,2337,3779,0.0009469957869060949
35916B,132.0,119.66999999999994,46.0,42,BLUE FELT HANGING HEART WITH FLOWER,2337,3979,0.000613639732613452
84563B,132.0,601.84,62.0,51,BLUE & WHITE BREAKFAST TRAY,2337,3012,0.0030860945656896476
90201D,132.0,388.46999999999997,56.0,53,GREEN ENAMEL FLOWER RING,2337,3346,0.001991983178142791
18096C,131.0,355.14,27.0,18,WHITE ROUND PORCELAIN TLIGHT HOLDER,2338,3396,0.0018210747442161065
20987,131.0,288.34999999999997,22.0,9,GEISHA GIRL CHOPSTICKS SET/5,2338,3536,0.0014785912668094673
82011C,131.0,595.1800000000001,71.0,65,BATHROOM SCALES FOOTPRINTS IN SAND,2338,3022,0.0030519436454990775
84933A,131.0,314.35,6.0,6,LARGE GREEN PEONY FOLDING STOOL,2338,3472,0.0016119131774633472
35633B,130.0,24.700000000000003,12.0,11,BLUE TINSEL GARLAND ,2339,4415,0.00012665581512118554
90104,130.0,108.95999999999992,51.0,46,PURPLE FRANGIPANI HAIRCLIP,2339,4014,0.0005587213609556423
35916A,129.0,112.04,44.0,39,YELLOW FELT HANGING HEART W FLOWER,2340,4004,0.0005745148796023331
72771B,129.0,61.94,10.0,4,BURG FLOCK GOLD CUP/CANDLE ,2340,4224,0.00031761381330389603
84405A,129.0,1042.1600000000003,50.0,42,S/3 PINK COL METAL BASKET W HANDLE,2340,2449,0.005343952400271043
84985B,129.0,197.93999999999988,25.0,24,SET OF 72 BLACK PAPER DOILIES ,2340,3745,0.0010149899613395728
90129E,129.0,263.1399999999999,60.0,52,PURPLE GLASS TASSLE BAG CHARM,2340,3596,0.0013493202911331475
22330,128.0,197.89999999999998,22.0,18,72 ROUND PINK DOILIES,2341,3746,0.001014784850707798
22877,128.0,271.6399999999999,28.0,27,NUMBER TILE COTTAGE GARDEN 9,2341,3578,0.0013929063003853773
22878,128.0,330.2599999999999,45.0,41,NUMBER TILE COTTAGE GARDEN No,2341,3447,0.0016934959312519318
90201A,128.0,377.03999999999996,53.0,49,PURPLE ENAMEL FLOWER RING,2341,3360,0.0019333728151130281
21129,127.0,970.2900000000008,62.0,58,SILVER FISHING GNOME ,2342,2534,0.004975419872628955
22871,127.0,289.3899999999998,30.0,29,NUMBER TILE COTTAGE GARDEN 3 ,2342,3533,0.0014839241432356217
20957,126.0,184.60999999999996,15.0,15,PORCELAIN HANGING BELL SMALL,2343,3780,0.0009466368433004881
21128,126.0,841.6300000000005,57.0,56,GOLD FISHING GNOME,2343,2680,0.004315681525524025
22874,126.0,272.0199999999999,29.0,26,NUMBER TILE COTTAGE GARDEN 6,2343,3575,0.001394854851387242
22882,126.0,255.07999999999996,50.0,44,NUMBER TILE VINTAGE FONT 3,2343,3611,0.0013079904988304455
84707A,126.0,1055.8300000000004,65.0,54,SILVER JEWELLED MIRROR TRINKET TRAY,2343,2430,0.005414048958680217
84901,126.0,482.37999999999994,77.0,62,BLACK FACE LAMB WITH PANTS,2343,3204,0.002473531663893015
22868,125.0,272.3299999999999,28.0,26,NUMBER TILE COTTAGE GARDEN 0 ,2344,3573,0.0013964444587834998
90134,125.0,368.0199999999996,95.0,83,OLD ROSE COMBO BEAD NECKLACE,2344,3376,0.0018871203676477184
17011E,124.0,80.60000000000001,1.0,1,ORIGAMI OPIUM SCENT INCENSE+FLOWER,2345,4126,0.0004132979230270265
21729,124.0,422.90000000000003,31.0,19,SMALL MARAKESH METAL  LANTERN ,2345,3286,0.002168532154443294
84458,124.0,105.39999999999999,20.0,17,S/3 RABBIT FLOWER/EGG/CARROT ROPE,2345,4029,0.00054046651472765
21769,123.0,7954.869999999996,48.0,42,VINTAGE POST OFFICE CABINET,2346,576,0.04079071028473946
22875,123.0,268.3499999999999,30.0,28,NUMBER TILE COTTAGE GARDEN 7,2346,3586,0.0013760359509218676
84620,123.0,758.51,51.0,46,BLUE GINGHAM ROSE CUSHION COVER,2346,2778,0.003889461632695159
21321,122.0,301.80000000000007,18.0,17,GLASS CHALICE BLUE  LARGE ,2347,3506,0.0015475597167438787
21420,122.0,338.66,34.0,30,OYSTER TRINKET BOX,2347,3427,0.0017365691639247244
23180,122.0,621.0899999999998,49.0,45,MUM'S KITCHEN CLOCK,2347,2978,0.003184804057231461
72789,122.0,461.53,46.0,39,BASKET/8 SCENTED LOVE TOKEN CANDLES,2347,3235,0.0023666177470801925
21659,121.0,1906.6500000000012,67.0,56,GLASS CAKE STAND,2348,1794,0.009776854651854596
23021,121.0,504.9700000000001,28.0,24,GLASS BONNE JAM JAR,2348,3172,0.0025893678931880595
23142,121.0,1220.8200000000006,40.0,30,IVORY WIRE KITCHEN ORGANISER,2348,2282,0.006260079037094971
35004P,121.0,651.6900000000004,44.0,31,SET OF 3 PINK FLYING DUCKS,2348,2928,0.0033417136905394915
72781,121.0,229.5,15.0,15,BLACK SILOUETTE CANDLE PLATE ,2348,3664,0.0011768222498102056
84358,121.0,1097.4800000000005,29.0,29,FLOOR LAMP SHADE WOOD BASE,2348,2390,0.005627620404016144
84873A,121.0,1384.4600000000003,76.0,22,FUNKY FLOWER PICNIC BAG FOR 4,2348,2141,0.00709918663168731
84899F,121.0,192.16999999999996,53.0,46,YELLOW PURPLE DAISY FELT PURSE KIT,2348,3757,0.0009854027527060008
22833,120.0,4163.54,13.0,12,HALL CABINET WITH 3 DRAWERS,2349,1046,0.021349657995532827
22873,120.0,262.4999999999999,31.0,31,NUMBER TILE COTTAGE GARDEN 5,2349,3597,0.0013460385210247445
79342B,120.0,838.5200000000003,35.0,30,BROWN FLOWER LIGHTS,2349,2684,0.004299734173903503
84823,120.0,1210.0,29.0,16,DANISH ROSE FOLDING CHAIR,2349,2288,0.006204596611199777
85072,120.0,66.0,1.0,1,OCCASIONS GIFT CARD ASSORTMENT,2349,4205,0.00033843254242907876
84782A,119.0,840.45,26.0,22,PINK 3 TIER GLASS PLATE STAND,2350,2682,0.004309630761886655
20940,118.0,342.75,22.0,10,SET/6 GARDEN GNOME T-LIGHT CANDLES,2351,3422,0.0017575417260237386
22876,118.0,252.21999999999989,23.0,22,NUMBER TILE COTTAGE GARDEN 8,2351,3617,0.0012933250886585181
23045,118.0,497.98000000000013,25.0,23,PAPER LANTERN 5 POINT STAR MOON ,2351,3188,0.0025535248102853438
23104,118.0,1405.42,46.0,39,IVORY CAFE HANGING LAMP ,2351,2121,0.0072066646027375125
35638B,118.0,313.28999999999996,11.0,11,PINK/BLUE STRING CURTAIN ,2351,3475,0.001606477745721304
85146,118.0,599.3799999999999,31.0,27,JARDIN ETCHED GLASS SMALL BELL JAR,2351,3016,0.003073480261835472
90201C,118.0,348.03999999999996,45.0,43,RED ENAMEL FLOWER RING,2351,3412,0.0017846676070760086
90210C,118.0,186.56,14.0,13,RED   ACRYLIC FACETED BANGLE,2351,3771,0.0009566359865995292
21582,117.0,193.05,17.0,10,KINGS CHOICE SMALL TUBE MATCHES,2352,3753,0.0009899151866050553
23580,117.0,236.87,26.0,10,SNACK TRAY HAPPY FOREST  ,2352,3646,0.001214613883714786
37475,117.0,1170.5100000000002,73.0,67,SET/4 COLOURFUL MIXING BOWLS,2352,2319,0.006002101139979713
84537B,117.0,49.14000000000001,11.0,11,FAIRY CAKES GIFT BAG,2352,4279,0.00025197841113583233
84972L,117.0,462.15,46.0,31,GIANT PINK HEART MEMO HOLDER,2352,3231,0.002369796961872708
21269,116.0,1053.8400000000001,66.0,64,ANTIQUE CREAM CUTLERY SHELF ,2353,2432,0.0054038447047494
79534,116.0,63.8,18.0,16,MULTICOLOUR GLASS PLATE,2353,4215,0.0003271514576814428
85179C,116.0,257.15,40.0,34,PINK BITTY LIGHT CHAIN,2353,3607,0.0013186049740248119
90089,116.0,94.17999999999998,27.0,26,PINK CRYSTAL SKULL PHONE CHARM,2353,4063,0.0004829329825147065
82607C,115.0,175.60999999999996,43.0,29,GLASS BONBON JAR. SUPERFINES,2354,3804,0.0009004869511510683
85163B,115.0,1268.6600000000003,66.0,54,BLACK BAROQUE WALL CLOCK ,2354,2245,0.006505391352698108
23479,114.0,880.2300000000004,45.0,30,WIRE EGG BASKET ,2355,2637,0.004513613285187092
35822P,114.0,43.32,1.0,1,"ACRYLIC BEAD CHAIN, PINK",2355,4320,0.00022213481421254078
79192A,114.0,152.64,35.0,33,RETRO PLASTIC 70'S TRAY,2355,3876,0.0007827021708541602
82553,114.0,237.73000000000008,42.0,26,POP'S GREASY SPOON METAL SIGN,2355,3643,0.0012190237622979533
85080,114.0,56.18000000000002,23.0,19,PADDED RED HEART DECORATION,2355,4246,0.00028807788232826744
21460,113.0,249.64999999999986,27.0,26,GREEN EASTER EGG HUNT START POST,2356,3624,0.0012801467305669615
22880,113.0,234.16999999999996,38.0,35,NUMBER TILE VINTAGE FONT 1,2356,3654,0.00120076891606996
23457,113.0,554.83,32.0,23,LARGE PARLOUR PICTURE FRAME,2356,3086,0.0028450382956958452
62086A,113.0,220.35,24.0,22,PINK RETRO BIG FLOWER BAG,2356,3692,0.0011299031927916288
84247N,113.0,297.4799999999998,53.0,50,PACK/12 BLUE FOLKART CARDS,2356,3515,0.0015254077685121557
84762B,113.0,837.7700000000003,48.0,39,PINK PICNIC BARBECUE BUCKET,2356,2686,0.004295888349557718
84830,113.0,1195.15,7.0,7,LARGE ENGLISH ARBORETUM,2356,2304,0.0061284492891532346
22770,112.0,1799.6200000000013,71.0,64,MIRROR CORNICE,2357,1858,0.009228029878882108
23496,112.0,154.52,31.0,18,PANTRY KITCHEN THERMOMETER ,2357,3874,0.0007923423705475948
84227,112.0,47.04,13.0,11,HEN HOUSE W CHICK IN NEST,2357,4292,0.0002412101029676343
84803A,112.0,189.27999999999997,17.0,16,PINK ALLIUM  ARTIFICIAL FLOWER,2357,3765,0.0009705835095602426
90013A,112.0,423.0800000000002,76.0,71,MIDNIGHT BLUE VINTAGE EARRINGS,2357,3285,0.0021694551522862837
21193,111.0,274.37,23.0,18,WHITE HONEYCOMB PAPER FAN ,2358,3569,0.0014069051010040354
22802,111.0,1953.540000000001,63.0,49,FAUX FUR CHOCOLATE THROW,2358,1776,0.010017295589953073
22881,111.0,214.68999999999997,35.0,32,NUMBER TILE VINTAGE FONT 2,2358,3710,0.001100880038395438
22885,111.0,206.12999999999994,34.0,31,NUMBER TILE VINTAGE FONT 6 ,2358,3732,0.001056986363195545
84671B,111.0,311.87,35.0,18,CROCHET BEAR WITH BLUE STRIPES,2358,3477,0.0015991963182932847
21331,110.0,946.6800000000001,30.0,27,MOROCCAN BEATEN METAL DISH LARGE,2359,2560,0.004854353322223641
22884,110.0,217.2599999999999,39.0,37,NUMBER TILE VINTAGE FONT 5,2359,3699,0.001114058396486994
23537,110.0,576.18,33.0,25,WALL ART I LOVE LONDON ,2359,3050,0.002954516095405857
72133,110.0,123.88,34.0,31,COLUMBIAN CANDLE RECTANGLE,2359,3963,0.0006352276266077921
72750D,110.0,226.49999999999994,11.0,11,F.FAIRY S/3 CANDLE/GLASS,2359,3673,0.0011614389524270653
84429A,110.0,374.73,43.0,39,MEDIUM PINK BUDDHA HEAD ,2359,3363,0.0019215276761280103
21003,109.0,647.7500000000003,64.0,53,ROSE DU SUD CUSHION COVER,2360,2936,0.0033215102933096346
22883,109.0,213.0499999999999,34.0,32,NUMBER TILE VINTAGE FONT 4,2360,3717,0.0010924705024926544
44242B,109.0,121.53,9.0,9,PINK FEATHERS CURTAIN,2360,3971,0.0006231773769909991
79303B,109.0,339.57,10.0,10,BLUE STAR BLOCK TABLE LAMP,2360,3425,0.00174123543079761
90108,109.0,125.82999999999996,21.0,21,BLUE BLOSSOM HAIR CLIP,2360,3957,0.0006452267699068328
20910,108.0,781.8200000000005,49.0,46,VINTAGE PHOTO ALBUM PARIS DAYS,2361,2750,0.004008989853362159
21699,108.0,82.44,3.0,3,SET 5 MINI CHOCOLATE FRIDGE MAGNETS,2361,4120,0.00042273301208868564
23460,108.0,1007.0799999999999,43.0,30,SWEETHEART WALL TIDY ,2361,2491,0.005164070376204191
35793,108.0,216.33000000000004,16.0,8,S/3 PUPPIES CHRISTMAS DECORATIONS,2361,3703,0.0011092895742982215
37492A,108.0,216.07,11.0,11,YELLOW RED FLOWER PIGGY BANK,2361,3704,0.0011079563551916825
84600,108.0,918.2700000000001,52.0,49,NEW BAROQUE JEWELLERY BOX ,2361,2596,0.004708673496005305
90115,108.0,278.96,60.0,54,SUMMER BUTTERFLIES BAG CHARM,2361,3557,0.0014304415460002393
90120C,108.0,458.16999999999996,57.0,53,GREEN MURANO TWIST BRACELET,2361,3237,0.0023493884540110757
20781,107.0,594.8100000000003,65.0,57,GOLD EAR MUFF HEADPHONES,2362,3023,0.003050046372155158
37462E,107.0,47.120000000000005,28.0,28,"PET MUG, GOLDFISH",2362,4291,0.00024162032423118471
85081,107.0,47.430000000000014,25.0,18,PADDED HOLLY CHRISTMAS DECORATION ,2362,4288,0.0002432099316274426
85097B,107.0,420.92,42.0,33,BLUE ROCKING SINGING CANARY,2362,3289,0.0021583791781704218
90129C,107.0,243.3799999999999,51.0,47,GREEN GLASS TASSLE BAG CHARM,2362,3635,0.0012479956390361994
84437A,106.0,90.94999999999999,20.0,17,S/6 PINK EASTER DECS IN BOX,2363,4076,0.00046637029899885917
85090,106.0,559.2799999999997,54.0,43,CANDY SPOT APRON,2363,3079,0.0028678568534808344
90005A,106.0,216.87000000000012,57.0,48,JADE GREEN ENAMEL HAIR COMB,2363,3700,0.001112058567827187
90116,106.0,225.52000000000007,63.0,56,FRUIT SALAD BAG CHARM,2363,3677,0.0011564137419485738
72812,105.0,288.4599999999999,31.0,30,LARGE ZINC GLASS CANDLEHOLDER,2364,3535,0.0014791553210468488
84762C,105.0,761.2500000000002,43.0,37,GREEN PICNIC BARBECUE BUCKET,2364,2775,0.003903511710971762
90082D,105.0,677.0500000000001,53.0,48,DIAMANTE BOW BROOCH BLACK COLOUR,2364,2893,0.003471753831084966
90120B,105.0,443.14,41.0,37,BLUE MURANO TWIST BRACELET,2364,3257,0.0022723181341215448
90175A,105.0,946.1499999999997,61.0,56,WHITE GLASS CHUNKY CHARM BRACELET,2364,2563,0.004851635606352617
90198B,105.0,446.14999999999986,50.0,45,VINTAGE ROSE BEAD BRACELET BLACK,2364,3254,0.0022877527091626276
23044,104.0,435.7400000000001,28.0,23,PAPER LANTERN 9 POINT HOLLY STAR S,2365,3264,0.0022343726672431337
35809B,104.0,227.53999999999994,33.0,26,ENAMEL BLUE RIM TEA CONTAINER,2365,3670,0.0011667718288532205
35913B,104.0,95.79,27.0,19,WHITE/PINK CHICK EASTER DECORATION,2365,4057,0.0004911886854436584
35963,104.0,39.52,16.0,11,FOLKART ZINC CLIP ON ANGEL WINGS,2365,4342,0.00020264930419389688
47562,104.0,390.0,42.0,34,ENGLISH ROSE IRONING BOARD COVER,2365,3341,0.0019998286598081924
84508C,104.0,282.37000000000006,44.0,43,BLUE CIRCLES DESIGN TEDDY,2365,3546,0.0014479272273590757
85089,104.0,332.2900000000001,32.0,27,CANDY SPOT BUNNY,2365,3441,0.0017039052958145243
85163A,104.0,1070.92,58.0,52,WHITE BAROQUE WALL CLOCK ,2365,2414,0.005491426944517409
90002D,104.0,365.74000000000007,34.0,32,FLOWER BURST SILVER RING CRYSTAL,2365,3379,0.0018754290616365347
90013B,104.0,428.91999999999973,79.0,71,BLACK VINTAGE EARRINGS,2365,3275,0.00219940130452546
90096,104.0,243.6100000000001,51.0,47,NECKLACE+BRACELET SET BLUE BLOSSOM,2365,3634,0.0012491750251689077
20892,103.0,1108.1000000000001,39.0,36,SET/3 TALL GLASS CANDLE HOLDER PINK,2366,2378,0.0056820772767524575
22486,103.0,848.1099999999998,39.0,36,PLASMATRONIC LAMP,2366,2670,0.004348909447871605
23042,103.0,711.5100000000001,28.0,26,PAPER LANTERN 7 POINT SNOW STAR,2366,2844,0.003648456640359301
47348A,103.0,62.01,16.0,16,FUSCHIA VOILE POINTY SHOE DEC,2366,4223,0.0003179727569095026
90210B,103.0,234.99,25.0,24,CLEAR ACRYLIC FACETED BANGLE,2366,3652,0.0012049736840213517
20785,102.0,3672.35,37.0,33,FUSCHIA RETRO BAR STOOL,2367,1154,0.018830950714991322
20906,102.0,371.1899999999998,49.0,36,VINTAGE NOTEBOOK BEAUTY GIRL,2367,3368,0.0019033753852159044
82095,102.0,616.2099999999998,49.0,44,HEART BUTTONS JEWELLERY BOX,2367,2985,0.003159780560154887
90092,102.0,87.51,12.0,9,BLUE CRYSTAL BOOT PHONE CHARM,2367,4089,0.00044873078466619215
16201A,101.0,213.36999999999998,9.0,7,PASTEL PINK PHOTO ALBUM,2368,3715,0.0010941113875468564
20784,101.0,3570.8699999999994,37.0,34,RED RETRO BAR STOOL,2368,1176,0.01831058504217764
45016,101.0,423.73,26.0,22,DECORATIVE NET CANOPY LEOPARD,2368,3283,0.002172788200052629
46775E,101.0,1282.9,51.0,29,CANDY POP CHUNKY KNITTED THROW ,2368,2231,0.006578410737610079
82607E,101.0,126.25,26.0,21,GLASS BONBON JAR. D'AMANDES,2368,3956,0.0006473804315404725
90088,101.0,86.7,14.0,11,CRYSTAL KEY+LOCK PHONE CHARM,2368,4094,0.00044457729437274437
22825,100.0,799.0200000000001,38.0,35,DECORATIVE PLANT POT WITH FRIEZE,2369,2733,0.0040971874250254935
35637C,100.0,331.13999999999993,19.0,19,PINK STRING CURTAIN WITH POLE,2369,3442,0.0016980083651509865
35838B,100.0,85.0,25.0,18,S/6 SILVER ORNAMENETAL CANDLE,2369,4103,0.0004358600925222984
79329,100.0,65.94,7.0,7,PINK FLOCK GLASS CANDLEHOLDER,2369,4207,0.00033812487648141596
84081,100.0,389.3,20.0,17,WHITE CERAMIC PARTY SET (5PCS),2369,3343,0.0019962392237521265
84462,100.0,114.86,14.0,13,3 PINK HEN+CHICKS IN BASKET,2369,3993,0.0005889751791424846
90199C,100.0,591.6400000000002,34.0,30,5 STRAND GLASS NECKLACE CRYSTAL,2369,3032,0.003033791354586973
90214D,100.0,90.82,50.0,49,"LETTER ""D"" BLING KEY RING",2369,4078,0.00046570368944558985
90214G,100.0,93.17999999999999,48.0,42,"LETTER ""G"" BLING KEY RING",2369,4066,0.0004778052167203266
20786,99.0,3533.899999999999,32.0,29,BLACK RETRO BAR STOOL,2370,1187,0.018121011540759412
20796,99.0,182.15999999999997,22.0,22,SMALL BLUE PROVENCAL CERAMIC BALL,2370,3787,0.0009340738171042572
23149,99.0,251.45,21.0,19,ANTIQUE IVORY WIRE BOWL SMALL,2370,3619,0.001289376708996846
84461,99.0,253.79000000000013,40.0,33,12 PINK HEN+CHICKS IN BASKET,2370,3612,0.0013013756809556961
85024C,99.0,163.35000000000008,45.0,41,PINK SMALL JEWELLED PHOTOFRAME,2370,3838,0.0008376205425119702
21734,98.0,533.24,31.0,27,SMALL MARAKESH LANTERN ON STICK,2371,3126,0.002734329832195181
22886,98.0,174.1599999999999,29.0,28,NUMBER TILE VINTAGE FONT 7,2371,3807,0.0008930516907492171
47351B,98.0,269.90000000000003,14.0,14,BLUE  VOILE LAMPSHADE,2371,3580,0.0013839839879031572
84712B,98.0,767.1600000000003,60.0,57,PINK JEWELLED PHOTO FRAME,2371,2763,0.003933816806816547
85121C,98.0,918.91,53.0,47,RETRO LAUNDRY TUB PISTACHIO,2371,2592,0.004711955266113709
90119,98.0,245.61999999999998,43.0,39,METALIC LEAVES BAG CHARMS,2371,3633,0.0012594818344156108
16202C,97.0,230.59000000000003,12.0,12,BEIGE PHOTO ALBUM,2372,3661,0.00118241151452608
17014C,97.0,43.75,2.0,2,ORIGAMI LAVENDER INCENSE CONES,2372,4317,0.00022433975350412416
21228,97.0,122.57,32.0,29,"POCKET MIRROR ""GLAMOROUS""",2372,3967,0.0006285102534171542
35922,97.0,575.9899999999998,36.0,32,EASTER BUNNY WREATH,2372,3051,0.002953541819904924
75172,97.0,100.31000000000002,11.0,10,PAINTED SEA SHELL METAL WINDCHIME,2372,4046,0.000514366186834256
79532,97.0,121.25,18.0,17,MOSAIC GLASS BALL CANDLEHOLDER,2372,3972,0.0006217416025685727
84497,97.0,387.13,39.0,35,BUTTONS AND STRIPES NOTEBOOK ,2372,3347,0.001985111971978322
84753A,97.0,92.17,24.0,18,PINK EAU DE COLOGNE BOTTLE,2372,4070,0.00047262617326800283
90160C,97.0,677.0000000000002,45.0,45,TURQ+RED BOUDICCA LARGE BRACELET,2372,2894,0.0034714974427952484
16206B,96.0,116.4,16.0,15,RED PURSE WITH PINK HEART,2373,3991,0.0005968719384658298
21303,96.0,985.5399999999998,30.0,23,FILIGREE WALL MIRROR  ANTIQUE WHITE,2373,2512,0.005053618300993245
84576,96.0,337.0399999999999,32.0,29,BLUE CAT BISCUIT BARREL PINK HEART,2373,3430,0.0017282621833378284
85135A,96.0,770.4900000000004,65.0,52,YELLOW DRAGONFLY HELICOPTER,2373,2760,0.003950892266911833
17014E,95.0,36.6,6.0,6,ORIGAMI OPIUM INCENSE CONES,2374,4355,0.0001876762280743073
35815B,95.0,43.940000000000005,3.0,3,"ACRYLIC JEWEL SNOWFLAKE,BLUE",2374,4316,0.00022531402900505642
35819P,95.0,66.55000000000001,7.0,7,"ACRYLIC HANGING JEWEL,PINK",2374,4202,0.0003412528136159878
72803B,95.0,424.85,41.0,34,OCEAN SCENT CANDLE JEWELLED DRAWER,2374,3280,0.0021785312977423347
90147,95.0,957.35,61.0,56,CHUNKY SILVER NECKLACE PASTEL FLOWE,2374,2547,0.004909066583249674
21132,94.0,480.86000000000007,48.0,44,SILVER STANDING GNOME   ,2375,3208,0.002465737459885558
35610C,94.0,81.56,8.0,8,WHITE CHRISTMAS FLOCK DROPLET ,2375,4122,0.00041822057818963123
35979,94.0,311.03000000000003,28.0,18,SIX STRING SCANDINAVIAN HEART DECS,2375,3482,0.0015948889950260056
84680,94.0,372.29999999999995,17.0,16,CLASSICAL ROSE URN,2375,3366,0.0019090672052476665
23117,93.0,501.22999999999996,45.0,32,POPPY FIELDS CHOPPING BOARD,2376,3180,0.0025701900491170776
82011B,93.0,348.8,48.0,47,BATHROOM SCALES RUBBER DUCKS,2376,3411,0.0017885647090797373
84454,93.0,85.52999999999999,18.0,14,WOBBLING METAL CHICKEN EASTER,2376,4102,0.0004385778083933197
84870C,93.0,330.35999999999996,41.0,36,GREEN GEISHA GIRL ,2376,3445,0.0016940087078313702
90059A,93.0,155.33000000000007,47.0,45,DIAMANTE HAIR GRIP PACK/2 CRYSTAL,2376,3873,0.0007964958608410428
90120A,93.0,395.6800000000001,41.0,35,PINK MURANO TWIST BRACELET,2376,3330,0.0020289543695202715
90192,93.0,464.20000000000005,52.0,49,JADE DROP EARRINGS W FILIGREE,2376,3229,0.0023803088817511875
20901,92.0,812.9300000000007,68.0,57,VINTAGE KEEPSAKE BOX PINK FLOWER,2377,2712,0.004168514647225322
21553,92.0,593.1700000000001,41.0,26,CERAMIC BIRDHOUSE FINCH BLUE  LARGE,2377,3026,0.0030416368362523737
22887,92.0,160.35999999999996,28.0,26,NUMBER TILE VINTAGE FONT 8,2377,3852,0.0008222885227867735
23477,92.0,123.46999999999998,13.0,12,WOODLAND LARGE BLUE FELT HEART,2377,3966,0.0006331252426320962
37508,92.0,237.2200000000001,48.0,40,NEW ENGLAND CERAMIC CAKE SERVER,2377,3644,0.0012164086017428196
84974,92.0,909.4000000000007,61.0,53,S/2 ZINC HEART DESIGN PLANTERS,2377,2602,0.004663190213409159
85145,92.0,812.9999999999998,31.0,26,JARDIN ETCHED GLASS LARGE BELL JAR,2377,2711,0.004168873590830923
90125C,92.0,101.35,10.0,9,TURQUOISE BERTIE GLASS BEAD CHARM,2377,4042,0.0005196990632604111
90214R,92.0,94.97999999999996,51.0,47,"LETTER ""R"" BLING KEY RING",2377,4061,0.0004870351951502104
23069,90.0,568.71,33.0,30,EDWARDIAN PHOTO FRAME,2378,3064,0.002916211684921839
84870B,90.0,322.60999999999996,40.0,38,BLUE GEISHA GIRL ,2378,3461,0.0016542685229249256
85165,90.0,872.7600000000007,58.0,50,CANDY PINK FRENCH BOUDOIR CLOCK,2378,2647,0.0044753088747030755
16162M,88.0,36.96,13.0,12,THE KING GIFT BAG 25x24x12cm,2379,4354,0.00018952222376028408
17090D,88.0,105.2,30.0,28,VANILLA INCENSE 40 CONES IN TIN,2379,4030,0.000539440961568774
72715,88.0,36.96,13.0,13,SPHERICAL IVORY CANDLE ,2379,4354,0.00018952222376028408
90210A,88.0,207.39000000000004,21.0,19,GREY ACRYLIC FACETED BANGLE,2379,3730,0.0010634473480964643
17129C,87.0,58.83,12.0,11,SKY BLUE COLOUR GLASS GEMS IN BAG,2380,4239,0.0003016664616833743
20818,87.0,268.5,30.0,28,GOLD TEDDY BEAR,2380,3585,0.0013768051157910248
84472,87.0,3402.3200000000006,30.0,25,PINK AND LILAC QUILTED THROW ,2380,1221,0.0174463001175349
90030C,87.0,151.3,16.0,15,BROWN KUKUI COCONUT SEED NECKLACE,2380,3878,0.0007758309646896912
90071,87.0,108.99000000000004,73.0,68,RUBY GLASS CLUSTER EARRINGS,2380,4013,0.0005588751939294743
21304,86.0,591.5799999999999,18.0,15,ARCHED GREY MIRROR,2381,3033,0.003033483688639309
84455,86.0,78.81000000000002,21.0,18,SET OF 3 RABBIT CARROTS EASTER,2381,4137,0.0004041192222550864
84705B,86.0,120.13,5.0,4,FAIRY CAKES PHOTO FRAME,2381,3978,0.0006159985048788671
84874B,86.0,141.76,37.0,34,BLUE TRAVEL FIRST AID KIT,2381,3897,0.0007269120790113061
85121B,86.0,936.7400000000001,48.0,40,RETRO LAUNDRY TUB PINK,2381,2573,0.004803383330227504
90013C,86.0,345.25,55.0,52,GREEN VINTAGE EARRINGS ,2381,3416,0.0017703611405096883
84745B,85.0,35.7,20.0,17,BLUE HANGING GINGHAM EASTER HEN,2382,4358,0.00018306123885936535
84706C,84.0,170.8,4.0,4,PINK FLOCK TABLE CLOCK ,2383,3815,0.0008758223976801007
84902,84.0,326.33,53.0,42,PINK KNITTED COW STUFFED TOY,2383,3452,0.001673343811680019
90112,84.0,91.24999999999999,21.0,19,PINK DOLLY HAIR CLIPS,2383,4075,0.00046790862873717317
21461,83.0,172.98999999999995,24.0,22,BLUE EASTER EGG HUNT START POST,2384,3809,0.0008870522047697927
23137,83.0,275.62,23.0,21,ZINC WIRE SWEETHEART LETTER TRAY,2384,3564,0.0014133148082470103
35603C,83.0,48.300000000000026,25.0,21,SET/16 WHITE SHINY & MATT BAUBLES,2384,4283,0.00024767108786855323
45008C,83.0,792.0699999999999,34.0,31,DECORATIVE NET CANOPY CREAM,2384,2743,0.004061549452754551
46775A,83.0,1044.23,32.0,15,BUBBLE GUM CHUNKY KNITTED THROW ,2384,2445,0.0053545668754654075
84464,83.0,181.64999999999998,12.0,9,S/60 PINK FLUFFY CHICKS IN BOX,2384,3789,0.0009314586565491234
90214H,83.0,77.71000000000001,53.0,47,"LETTER ""H"" BLING KEY RING",2384,4141,0.0003984786798812684
16202E,82.0,162.73000000000005,14.0,14,BLACK PHOTO ALBUM ,2385,3840,0.0008344413277194545
16248B,82.0,102.5,13.0,11,BLUE HOLE PUNCH,2385,4039,0.000525595993923948
21102,82.0,221.07999999999998,20.0,18,"CANDLE IN JAR COLLAGE , VANILLA",2385,3688,0.0011336464618215262
22879,82.0,134.4,21.0,20,NUMBER TILE VINTAGE FONT 0,2385,3924,0.0006891717227646694
23305,82.0,159.9,9.0,8,SET 4 PICNIC CUTLERY BLUEBERRY,2385,3855,0.000819929750521359
23019,81.0,629.0500000000001,28.0,25,SMALL APOTHECARY MEASURING JAR ,2386,2964,0.0032256210729547275
23043,81.0,543.51,23.0,20,PAPER LANTERN 9 POINT HOLLY STAR L,2386,3109,0.0027869919869034634
90129F,81.0,183.25999999999996,41.0,38,RED GLASS TASSLE BAG CHARM,2386,3784,0.0009397143594780752
90143,81.0,614.1299999999998,43.0,39,SILVER BRACELET W PASTEL FLOWER,2386,2989,0.0031491148073025765
90173,81.0,306.6400000000001,52.0,44,PAIR BUTTERFLY HAIR CLIPS,2386,3492,0.001572378103188678
20835,80.0,87.02,10.0,10,FRENCH LATTICE CUSHION COVER ,2387,4092,0.0004462181794269459
20847,80.0,334.35,27.0,26,ZINC HEART LATTICE CHARGER LARGE,2387,3434,0.0017144684933509467
21757,80.0,454.2999999999999,43.0,37,LIGHTHOUSE PRINTED METAL SIGN,2387,3241,0.002329544000386825
23462,80.0,1607.0400000000004,46.0,26,ROCOCO WALL MIRROR WHITE,2387,1975,0.008240524742200406
23487,80.0,795.5800000000002,44.0,28,SWEET HEART CAKE CARRIER,2387,2738,0.004079547910692826
90206C,80.0,402.5800000000001,57.0,50,CRYSTAL DIAMANTE STAR BROOCH,2387,3318,0.002064335953501493
23444,79.0,1200.0,79.0,57,Next Day Carriage,2388,2301,0.006153318953255977
84206A,79.0,15.010000000000002,10.0,9,3 BLACK CATS W HEARTS BLANK CARD,2388,4468,7.696776457364353e-05
84527,79.0,150.00999999999996,25.0,21,FLAMES SUNGLASSES PINK LENSES,2388,3883,0.0007692161468149407
84707B,79.0,618.5200000000004,51.0,48,PINK JEWELLED MIRROR TRINKET TRAY,2388,2981,0.0031716256991399083
84865,79.0,645.32,49.0,43,NEW BAROQUE BLACK PHOTO ALBUM,2388,2941,0.0033090498224292897
90030A,79.0,113.76,10.0,9,SPOTTED WHITE NATURAL SEED NECKLACE,2388,3997,0.0005833346367686667
90214N,79.0,77.64999999999999,45.0,41,"LETTER ""N"" BLING KEY RING",2388,4142,0.00039817101393360547
21270,78.0,899.9300000000003,53.0,43,ANTIQUE CREAM CUTLERY CUPBOARD,2389,2616,0.004614630271336378
21752,78.0,1259.76,38.0,30,GLASS CAKE STAND MIRRORED BASE,2389,2249,0.006459754237128125
22888,78.0,126.69999999999996,22.0,20,NUMBER TILE VINTAGE FONT 9 ,2389,3954,0.0006496879261479434
23116,78.0,392.34,23.0,21,VEGETABLE GARDEN CHOPPING BOARD,2389,3336,0.0020118276317670418
35597B,78.0,224.1,7.0,7,BLACKCHRISTMAS TREE 30CM,2389,3682,0.0011491323145205537
40002,78.0,66.3,1.0,1,WHITE BAMBOO RIBS LAMPSHADE,2389,4204,0.00033997087216739276
72799D,78.0,260.67,19.0,18,BLUE PILLAR CANDLE SILVER FLOCK,2389,3602,0.0013366547096210297
79303D,78.0,272.45,19.0,16,LILAC FLOWER BLOCK TABLE LAMP,2389,3572,0.0013970597906788258
84414B,78.0,536.24,9.0,9,FUSCHIA/GREEN STRIPE WOOLLY BLANKET,2389,3121,0.002749713129578321
84529C,78.0,414.7399999999999,37.0,29,YELLOW KNITTED KIDS RUCKSACK,2389,3301,0.002126689585561153
90205C,78.0,122.31000000000003,24.0,23,LARGE CRYSTAL DIAMANTE HAIRSLIDE,2389,3969,0.0006271770343106157
84226,77.0,58.31,18.0,17,HEN HOUSE W FAMILY IN BARN & NEST,2390,4242,0.0002990000234702967
85166A,77.0,158.9,12.0,10,WHITE METAL BAROQUE PHOTO FRAME,2390,3859,0.000814801984726979
90018A,77.0,325.49,57.0,52,SILVER M.O.P ORBIT DROP EARRINGS,2390,3456,0.00166903648841274
90158,77.0,386.3200000000001,63.0,60,ST TROPEZ NECKLACE,2390,3348,0.001980958481684875
90214P,77.0,66.58999999999999,33.0,32,"LETTER ""P"" BLING KEY RING",2390,4201,0.0003414579242477629
20845,76.0,502.2700000000001,24.0,23,ZINC HEART LATTICE 2 WALL PLANTER,2391,3176,0.0025755229255432334
21663,76.0,488.1599999999999,32.0,27,VINTAGE GLASS SUGAR CADDY,2391,3199,0.002503170150184531
22655,76.0,12845.0,53.0,45,VINTAGE RED KITCHEN CABINET,2391,360,0.06586615162881086
23492,76.0,635.38,28.0,19,VINTAGE JINGLE BELLS WREATH,2391,2956,0.0032580798304331525
78033,76.0,370.5999999999999,16.0,15,FLAG OF ST GEORGE CHAIR,2391,3369,0.0019003500033972205
84247K,76.0,236.42999999999995,29.0,26,"FOLK ART GREETING CARD,pack/12",2391,3648,0.0012123576667652587
84482,76.0,296.77,34.0,28,BUTTONS DESIGN JEWELLERY BOX,2391,3517,0.001521767054798147
90160D,76.0,529.2199999999999,25.0,24,PINK BOUDICCA LARGE BRACELET,2391,3131,0.002713716213701773
90186A,76.0,224.38000000000005,36.0,32,AMETHYST HOOP EARRING FLORAL LEAF,2391,3679,0.0011505680889429804
23428,75.0,659.61,32.0,16,IVORY RETRO KITCHEN WALL CLOCK,2392,2917,0.0033823255956309793
72129,75.0,49.759999999999984,19.0,18,COLUMBIAN CANDLE ROUND ,2392,4277,0.0002551576259283478
84549,75.0,137.26999999999998,16.0,16,CROCHET WHITE RABBIT KEYRING ,2392,3913,0.0007038884105945399
84925E,75.0,130.04999999999998,3.0,3,FLOWERS WALL THERMOMETER,2392,3939,0.0006668659415591165
90094,75.0,190.17000000000013,40.0,34,NECKLACE+BRACELET SET FRUIT SALAD ,2392,3762,0.0009751472211172417
90214B,75.0,72.32999999999998,40.0,37,"LETTER ""B"" BLING KEY RING",2392,4165,0.0003708912999075039
23016,74.0,575.2500000000001,24.0,23,GLASS TWIST BON BON JAR,2393,3052,0.0029497472732170848
72709,74.0,62.89999999999999,13.0,12,IVORY SCULPTED RND CANDLE ,2393,4220,0.00032253646846650073
84251J,74.0,37.04000000000001,17.0,15,"GREETING CARD, THE BLACK CAT",2393,4353,0.00018993244502383457
84367,74.0,126.29999999999998,8.0,8,LA STREGA CANVAS PICTURE ,2393,3955,0.0006476368198301915
84745A,74.0,31.08,19.0,15,PINK HANGING GINGHAM EASTER HEN,2393,4374,0.00015937096088932982
84782C,74.0,509.90000000000003,18.0,18,GREEN 3 TIER GLASS PLATE STAND,2393,3164,0.0026146477785543524
84877A,74.0,185.66,17.0,17,PINK ROUND COMPACT MIRROR,2393,3774,0.0009520209973845873
90145,74.0,449.63,44.0,42,SILVER HOOP EARRINGS WITH FLOWER,2393,3251,0.002305597334127071
90184C,74.0,669.7899999999998,50.0,45,BLACK CHUNKY BEAD BRACELET W STRAP,2393,2899,0.0034345262514177666
20660,73.0,91.25,29.0,19,VIP LUGGAGE TAG ,2394,4074,0.0004679086287371733
84247C,73.0,215.34999999999997,23.0,20,PACK/12 BLUE REINDEER CARD,2394,3707,0.0011042643638197287
90203,73.0,549.27,35.0,30,SILVER CHARM NECKLACE 70CM,2394,3094,0.0028165279178790923
21341,72.0,410.63999999999993,29.0,21,KASBAH LANTERN WITH GLASS ,2395,3309,0.002105665745804195
44217M,72.0,236.40000000000003,3.0,1,MULTICOLOUR FEATHERS CURTAIN,2395,3649,0.0012122038337914276
84388,72.0,92.34000000000002,24.0,20,WISE MAN STAR SHAPE EGG PAN,2395,4068,0.0004734978934530475
84596I,72.0,80.62,11.0,10,WRAP SWEETS LIGHT PINK SMALL BOWL,2395,4125,0.00041340047834291407
84616,72.0,1472.6200000000003,25.0,22,SILVER ROCCOCO CHANDELIER,2395,2070,0.007551250464119849
84619,72.0,1622.96,29.0,18,BLUE GINGHAM ROSE QUILT ,2395,1964,0.008322158773646934
23304,71.0,138.45000000000002,9.0,6,SET 4 PICNIC CUTLERY CHERRY ,2396,3909,0.0007099391742319084
46138B,71.0,156.28999999999996,25.0,25,BLUE CHENILLE SHAGGY CUSHION COVER ,2396,3869,0.0008014185160036471
47583A,71.0,612.8199999999999,6.0,6,SET OF 3 WICKER BASKET ROSE,2396,2992,0.0031423974341119394
90040B,71.0,255.97,36.0,34,MURANO STYLE GLASS BRACELET BLACK,2396,3610,0.0013125542103874436
90160B,71.0,490.91999999999985,29.0,29,RED BOUDICCA LARGE BRACELET,2396,3196,0.0025173227837770196
44241C,70.0,59.50000000000001,8.0,7,BLUE BUTTERFLY ON SPRING,2397,4234,0.0003051020647656089
79026B,70.0,90.5,38.0,32,"S/4 ICON COASTER,ELVIS LIVES",2397,4079,0.0004640628043913883
84447,70.0,73.27,20.0,15,6 RABBIT CHAIN EASTER,2397,4163,0.0003757113997542212
85168B,70.0,637.2500000000001,52.0,45,BLACK BAROQUE CARRIAGE CLOCK,2397,2955,0.0032676687524686434
90161A,70.0,349.9600000000001,43.0,41,ANT COPPER RED BOUDICCA BRACELET,2397,3410,0.0017945129174012184
90195A,70.0,585.1999999999999,44.0,37,PURPLE GEMSTONE BRACELET,2397,3042,0.0030007685428711643
20787,69.0,2535.1,32.0,26,BLUE RETRO BAR STOOL,2398,1496,0.012999399065332689
20879,69.0,75.60000000000001,13.0,8,TREE OF NOAH FESTIVE SCENTED CANDLE,2398,4153,0.0003876590940551266
21118,69.0,104.25,7.0,6,SHOPPING BAG DOORSTOP,2398,4034,0.000534569584064113
90184B,69.0,625.4799999999996,47.0,44,AMETHYST CHUNKY BEAD BRACELET W STR,2398,2972,0.003207314949068788
90185D,69.0,293.33000000000004,35.0,30,CRYSTAL DIAMANTE EXPANDABLE RING,2398,3525,0.00150412754046548
37487B,68.0,19.72,2.0,2,YELLOW/ORANGE FLOWER DESIGN PLATE,2399,4444,0.00010111954146517323
44089C,68.0,28.560000000000002,18.0,15,LILAC GAUZE BUTTERFLY LAMPSHADE,2399,4391,0.00014644899108749224
84882,68.0,296.93000000000006,38.0,34,GREEN WIRE STANDING CANDLE HOLDER,2399,3516,0.0015225874973252482
90019A,68.0,354.5899999999999,51.0,49,SILVER M.O.P ORBIT BRACELET,2399,3399,0.001818254473029197
90129D,68.0,164.51999999999995,35.0,32,AMBER GLASS TASSLE BAG CHARM,2399,3837,0.0008436200284913943
90214Y,68.0,25.339999999999996,10.0,10,"LETTER ""Y"" BLING KEY RING",2399,4409,0.0001299375852295887
23017,67.0,826.28,22.0,21,APOTHECARY MEASURING JAR,2400,2696,0.00423697032058029
23141,67.0,263.42999999999995,24.0,23,TRIPLE WIRE HOOK PINK HEART,2400,3595,0.0013508073432135182
47592B,67.0,131.89999999999998,29.0,25,SCOTTIE DOGS CHILDRENS OVERALL,2400,3932,0.0006763523082787194
72369A,67.0,101.28999999999999,15.0,14,PINK CLEAR GLASS CANDLE PLATE,2400,4043,0.0005193913973127483
90164B,67.0,362.9399999999999,35.0,34,WHITE  ROSEBUD PEARL BRACELET,2400,3382,0.0018610713174122696
23471,66.0,626.7399999999999,28.0,22,SIX DRAWER OFFICE TIDY,2401,2969,0.0032137759339697087
37468,66.0,40.20000000000001,15.0,13,HARDMAN MUG 3 ASSORTED,2401,4338,0.0002061361849340753
84255B,66.0,192.25999999999996,19.0,15,ORANGE COCKTAIL GLASS LAMP,2401,3755,0.000985864251627495
84906,66.0,307.46999999999997,21.0,21,PINK BUTTERFLY CUSHION COVER,2401,3491,0.0015766341487980125
85205A,66.0,168.29999999999998,23.0,16,IVORY FELT EASTER RABBIT GARLAND,2401,3823,0.0008630029831941507
90185B,66.0,280.28,33.0,29,AMETHYST DIAMANTE EXPANDABLE RING,2401,3551,0.0014372101968488208
21686,65.0,2460.1399999999994,33.0,33,MEDINA STAMPED METAL STOOL,2402,1523,0.012615021741385964
21761,65.0,1814.7500000000007,24.0,23,WOOD AND GLASS MEDICINE CABINET,2402,1850,0.009305612975351074
22657,65.0,55.25,8.0,7,HEN & 2 CHICKS IN BASKET,2402,4252,0.00028330906013949395
23303,65.0,126.75,6.0,6,SET 4 PICNIC CUTLERY FONDANT,2402,3953,0.0006499443144376626
72740A,65.0,141.23,12.0,9,LARGE STRAWBERRY CHOCOLATE CANDLE,2402,3898,0.0007241943631402846
18010,64.0,30.160000000000004,9.0,8,ASSORTED FRAGRANCE BATH CONFETTI,2403,4380,0.00015465341635850026
37474,64.0,661.0000000000001,46.0,42,SET/4 2 TONE EGG SHAPE MIXING BOWLS,2403,2916,0.0033894531900851683
44236,64.0,112.32000000000001,13.0,12,PINK/PURPLE CIRCLE CURTAIN,2403,4002,0.0005759506540247595
77079,64.0,135.68,12.0,12,DOLPHIN WINDMILL,2403,3921,0.0006957352629814758
90084,64.0,54.4,9.0,7,PINK CRYSTAL GUITAR PHONE CHARM,2403,4260,0.00027895045921427097
90185C,64.0,271.96000000000004,32.0,28,BLACK DIAMANTE EXPANDABLE RING,2403,3576,0.0013945471854395798
90197B,64.0,322.52000000000004,51.0,47,BLACK GLASS BRACELET W HEART CHARMS,2403,3462,0.0016538070240034316
84402B,63.0,54.09,5.0,3,PURPLE DRESS JEWELLERY STAND,2404,4263,0.0002773608518180132
90010B,63.0,578.0199999999999,34.0,31,BLACK/WHITE GLASS/SILVER BRACELET,2404,3047,0.0029639511844675157
90042A,63.0,160.79000000000002,33.0,30,FRESHWATER PEARL BRACELET GOLD,2404,3848,0.0008244934620783573
90070,63.0,385.15000000000015,35.0,32,RUBY GLASS CLUSTER BRACELET,2404,3351,0.0019749589957054506
90130B,63.0,185.19000000000008,48.0,47,TURQ STONE/CRYSTAL EARRINGS,2404,3776,0.0009496109474612291
17013F,62.0,26.7,5.0,5,ORIGAMI SANDLEWOOD INCENSE IN TUBE,2405,4400,0.00013691134670994548
35611B,62.0,45.76,4.0,3,BLACK ASSORTED DROPLET DECORATION,2405,4304,0.00023464656275082793
84288B,62.0,120.90000000000005,25.0,19,SET/2 BLUE  NOODLE BASKETS,2405,3974,0.00061994688454054
84613C,62.0,258.06,12.0,12,BLUE NEW BAROQUE FLOCK CANDLESTICK,2405,3605,0.0013232712408976978
90059D,62.0,103.44000000000005,39.0,37,DIAMANTE HAIR GRIP PACK/2 PERIDOT,2405,4036,0.0005304160937706655
90149,62.0,410.26000000000005,9.0,8,SILVER FLOWR PINK SHELL NECKLACE,2405,3310,0.0021037171948023316
90214I,62.0,60.99999999999999,27.0,27,"LETTER ""I"" BLING KEY RING",2405,4228,0.00031279371345717876
17014F,61.0,23.699999999999996,4.0,4,ORIGAMI SANDLEWOOD INCENSE CONES,2406,4421,0.00012152804932680553
22824,61.0,2153.9500000000003,48.0,44,3 TIER SWEETHEART GARDEN SHELF,2406,1659,0.011044951132804761
35645,61.0,301.81,34.0,33,VINTAGE BEAD PINK JEWEL BOX,2406,3505,0.001547610994401822
44091C,61.0,30.660000000000004,17.0,17,MULTICOLOUR CRUSOE CHECK LAMPSHADE,2406,4375,0.00015721729925569024
72821,61.0,100.64999999999998,15.0,14,CUPID SCENTED CANDLE IN GLASS,2406,4045,0.0005161096272043449
85142,61.0,534.3799999999999,38.0,33,JARDIN ETCHED GLASS GINGER JAR,2406,3123,0.0027401754852007733
85147,61.0,301.95000000000005,19.0,14,JARDIN ETCHED GLASS CANDLEHLDR LONG,2406,3504,0.0015483288816130355
23578,60.0,125.72,14.0,9,SNACK TRAY RED GINGHAM,2407,3958,0.0006446627156694512
79331,60.0,73.60000000000001,9.0,9,PINK FLOCK GLASS CANDLEHOLDER,2407,4162,0.0003774035624663666
90003D,60.0,226.1699999999999,32.0,30,CRYSTAL PAIR HEART HAIR SLIDES,2407,3675,0.0011597467897149197
90082B,60.0,381.00000000000006,27.0,25,DIAMANTE BOW BROOCH RED COLOUR,2407,3354,0.0019536787676587733
90195B,60.0,532.29,27.0,23,BLACK GEMSTONE BRACELET,2407,3127,0.00272945845469052
22803,59.0,2237.8399999999992,36.0,25,IVORY EMBROIDERED QUILT ,2408,1623,0.011475119405295293
23472,59.0,909.3700000000001,34.0,26, NINE DRAWER OFFICE TIDY,2408,2603,0.004663036380435324
37491C,59.0,169.17,11.0,10,GREEN/BLUE CERAMIC CANDLE HOLDER,2408,3819,0.0008674641394352614
82011A,59.0,246.57999999999998,34.0,33,"BATHROOM SCALES, TROPICAL BEACH",2408,3632,0.0012644044895782156
84533B,59.0,377.92999999999995,24.0,23,FAIRY CAKES ROUND NESTING BOXES,2408,3359,0.0019379365266700259
84762A,59.0,517.4300000000001,29.0,23,WHITE PICNIC BARBECUE BUCKET,2408,3156,0.002653259854986034
85136B,59.0,473.7699999999997,47.0,40,BLUE SHARK HELICOPTER,2408,3219,0.002429381600403402
90042C,59.0,150.20999999999998,26.0,25,FRESHWATER PEARL BRACELET IVORY,2408,3882,0.0007702416999738168
90154,59.0,439.65,7.0,7,LAZER CUT NECKLACE W PASTEL BEADS,2408,3261,0.0022544222314991587
10124A,58.0,24.360000000000003,18.0,18,SPOTS ON RED BOOKCOVER TAPE,2409,4417,0.00012491237475109637
22826,58.0,6210.0,41.0,36,LOVE SEAT ANTIQUE WHITE METAL,2409,742,0.03184342558309968
23047,58.0,333.5,26.0,23,PAPER LANTERN 5 POINT SEQUIN STAR,2409,3436,0.0017101098924257236
35597D,58.0,25.28,8.0,7,PINK/WHITE CHRISTMAS TREE 30CM,2409,4410,0.00012962991928192592
84539,58.0,95.69999999999999,13.0,11,KNITTED RABBIT DOLL ,2409,4059,0.0004907271865221641
85185C,58.0,171.1,29.0,23,COW  SOCK PUPPET,2409,3814,0.0008773607274184148
20664,57.0,155.41000000000003,31.0,30,TROPICAL HOLIDAY PURSE ,2410,3872,0.000796906082104593
21277,57.0,1375.2400000000007,51.0,46,FRENCH STYLE EMBOSSED HEART CABINET,2410,2148,0.007051908631063128
47369B,57.0,162.03,32.0,27,BLUE GREEN EMBROIDERY COSMETIC BAG,2410,3844,0.0008308518916633883
90175D,57.0,518.6699999999996,40.0,39,TIGRIS EYE CHUNKY CHARM BRACELET,2410,3149,0.0026596182845710628
90186B,57.0,168.26,31.0,29,CRYSTAL HOOP EARRING FLORAL LEAF,2410,3824,0.0008627978725623755
90214T,57.0,55.56999999999998,24.0,22,"LETTER ""T"" BLING KEY RING",2410,4251,0.00028494994519369545
84623,56.0,310.44,14.0,12,PINK GINGHAM ROSE FLOOR CUSHION,2411,3484,0.0015918636132073213
90010E,56.0,501.64999999999975,35.0,34,AMBER GLASS/SILVER BRACELET,2411,3179,0.0025723437107507165
90122A,56.0,278.84000000000003,32.0,30,PINK CRYSTAL+GLASS BRACELET,2411,3558,0.001429826214104914
23466,55.0,498.03,27.0,23,TUSCAN VILLA DOVECOTE BIRD FEEDER,2412,3187,0.002553781198575062
72793,55.0,268.75,10.0,10,BLACK BOX MIRROR LANTERN,2412,3584,0.0013780870572396198
90082A,55.0,353.71,32.0,31,DIAMANTE BOW BROOCH GREEN COLOUR,2412,3400,0.001813742039130143
90162B,55.0,162.25000000000006,20.0,18,ANT SILVER LIME GREEN BOUDICCA RING,2412,3843,0.0008319800001381521
90185A,55.0,233.29000000000002,26.0,25,AMBER DIAMANTE EXPANDABLE RING,2412,3656,0.001196256482170906
90190C,55.0,161.82000000000005,36.0,32,SILVER/AMETHYST DROP EARRINGS LEAF,2412,3846,0.0008297750608465688
21370,54.0,251.97,22.0,21,MIRRORED WALL ART FOXY,2413,3618,0.0012920431472099238
47344B,54.0,56.16,10.0,10,BLUE FLOWER DES PURSE,2413,4247,0.00028797532701237973
62043B,54.0,75.16,10.0,10,BLUE CHECK BAG W HANDLE 34X20CM,2413,4154,0.0003854028771055994
72771C,54.0,42.08,6.0,4,BLACK FLOCK GOLD CANDLE,2413,4326,0.0002157763846275096
84532B,54.0,417.57999999999987,31.0,27,FAIRY CAKES RECTANGLUAR BOXES,2413,3298,0.0021412524404171916
84723,54.0,201.29999999999998,12.0,12,CHERRY BLOSSOM CANVAS ART PICTURE,2413,3738,0.00103221925440869
84926B,54.0,67.5,10.0,9,SCOTTS ROSES TILE COASTER,2413,4199,0.0003461241911206487
90014A,54.0,491.6099999999997,39.0,38,SILVER M.O.P. ORBIT NECKLACE,2413,3194,0.002520860942175141
90122C,54.0,269.1000000000001,30.0,29,TURQUOISE CRYSTAL+GLASS BRACELET,2413,3583,0.0013798817752676531
90157,54.0,268.23,25.0,24,RIVIERA NECKLACE,2413,3587,0.0013754206190265423
21300,53.0,841.7,12.0,6,ANTIQUE EDWARDIAN DRESSER,2414,2679,0.00431604046912963
35910A,53.0,103.35000000000001,13.0,13,MULTICOLOUR EASTER RABBIT ,2414,4037,0.000529954594849171
46307,53.0,249.32999999999996,34.0,25,ROSES BLUE BASE CUSHION COVER ,2414,3626,0.0012785058455127604
84030C,53.0,330.78,19.0,7,KNITTED RAINBOW HOT WATER BOTTLE,2414,3444,0.0016961623694650102
84858A,53.0,128.83,8.0,8,NATURAL RIVIERA HANDBAG,2414,3946,0.000660610067289973
84899E,53.0,73.92999999999999,21.0,18,YELLOW BROWN BEAR FELT PURSE KIT,2414,4160,0.00037909572517851194
90040A,53.0,207.05,34.0,33,MURANO STYLE GLASS BRACELET RED,2414,3731,0.001061703907726375
90144,53.0,199.44999999999993,33.0,33,SILVER DROP EARRINGS WITH FLOWER,2414,3741,0.0010227328876890869
16151A,52.0,72.5,5.0,5,FLOWERS HANDBAG blue and orange,2415,4164,0.0003717630200925486
17061,52.0,2.08,1.0,1,ASSORTED SHAPED STENCIL FOR HENNA,2415,4576,1.066575285231036e-05
20833,52.0,811.8,5.0,5,SHAKER THROW  QUILTED,2415,2715,0.004162720271877669
21298,52.0,755.8,14.0,8,EDWARDIAN 2 DRAWER WALL CABINET ,2415,2783,0.0038755653873923895
79062D,52.0,19.4,4.0,4,"RETRO TIN ASHTRAY,REVOLUTIONARY",2415,4446,9.947865641097162e-05
84450A,52.0,24.18,5.0,5,PINK RABBIT SITTING EASTER,2415,4418,0.00012398937690810794
84881,52.0,342.9399999999999,24.0,24,BLUE WIRE SPIRAL CANDLE HOLDER,2415,3421,0.0017585160015246698
90031,52.0,71.9,9.0,9,BILI NUT AND WOOD NECKLACE,2415,4167,0.00036868636061592066
90059E,52.0,86.66000000000001,32.0,31,DIAMANTE HAIR GRIP PACK/2 RUBY,2415,4095,0.0004443721837409692
90083,52.0,48.08,15.0,15,CRYSTAL CZECH CROSS PHONE CHARM,2415,4285,0.00024654297939378947
90101,52.0,131.15999999999997,29.0,29,WHITE FRANGIPANI NECKLACE,2415,3936,0.0006725577615908781
90160A,52.0,362.50999999999993,25.0,25,PURPLE BOUDICCA LARGE BRACELET,2415,3383,0.0018588663781206865
23018,51.0,612.16,21.0,16,LARGE APOTHECARY MEASURING JAR ,2416,2995,0.003139013108687649
23458,51.0,762.4499999999998,30.0,22,DOLLY CABINET 3 DRAWERS ,2416,2774,0.003909665029925016
35973,51.0,63.75,18.0,11,GERANIUM FOLKART HEART DECORATION,2416,4216,0.00032689506939172376
71050,51.0,17.85,8.0,8,SMALL SINGLE FLAME CANDLE HOLDER,2416,4452,9.153061942968268e-05
79161A,51.0,150.45,16.0,15,ST GEORGE SET OF 10 PARTY LIGHTS,2416,3880,0.000771472363764468
84029D,51.0,183.98000000000002,15.0,12,LEOPARD PRINT HOT WATER BOTTLE,2416,3781,0.0009434063508500289
84627,51.0,303.45,21.0,19,CANDY STRIPE ROSE C/COVER ,2416,3500,0.0015560205303046053
85161,51.0,863.8500000000005,33.0,30,ACRYLIC GEOMETRIC LAMP,2416,2656,0.004429620481475148
90000D,51.0,313.75000000000006,34.0,33,COPPER/OLIVE GREEN FLOWER NECKLACE,2416,3473,0.0016088365179867195
90165B,51.0,129.17000000000007,34.0,33,WHITE ROSEBUD  PEARL EARRINGS,2416,3945,0.0006623535076600625
90183A,51.0,149.85000000000002,30.0,29,AMBER DROP EARRINGS W LONG BEADS,2416,3884,0.0007683957042878402
17084G,50.0,10.5,2.0,2,MOON INCENSE,2417,4505,5.38415408409898e-05
23151,50.0,107.34,21.0,18,ZINC SWEETHEART SOAP DISH,2417,4018,0.0005504143803687472
23692,50.0,21.0,2.0,2,WRAP A PRETTY THANK YOU,2417,4437,0.0001076830816819796
35071,50.0,51.14,7.0,6,ASSORTED SANTA CHRISTMAS DECORATION,2417,4269,0.00026223394272459225
35603B,50.0,21.0,2.0,2,S/16 BLACK SHINY/MAT BAUBLES,2417,4437,0.0001076830816819796
47574B,50.0,212.5,29.0,23,ENGLISH ROSE SCENTED HANGING HEART,2417,3719,0.001089650231305746
84529A,50.0,290.78000000000003,19.0,14,PINK KNITTED KIDS RUCKSACK,2417,3530,0.0014910517376898111
84838,50.0,312.5,4.0,3,ANT WHITE HIGH RISE BIRD BOX,2417,3476,0.001602426810743744
90003C,50.0,187.81,34.0,33,MIDNIGHT BLUE PAIR HEART HAIR SLIDE,2417,3770,0.0009630456938425042
90073,50.0,250.33999999999997,34.0,34,VINTAGE ENAMEL & CRYSTAL EARRINGS,2417,3621,0.0012836848889650843
90081A,50.0,247.74999999999997,25.0,23,LILY BROOCH AMETHYST COLOUR,2417,3628,0.0012704039755576401
90081C,50.0,250.46999999999994,36.0,36,LILY BROOCH OLIVE COLOUR,2417,3620,0.0012843514985183535
90204,50.0,168.4599999999999,37.0,34,PAIR OF ENAMEL BUTTERFLY HAIRCLIP,2417,3821,0.000863823425721251
21309,49.0,325.59999999999997,5.0,4,LOUVRE CHALKBOARD,2418,3454,0.0016696005426501217
35240,49.0,416.0100000000001,39.0,34,ENAMEL BLUE RIM OVAL TRAY SET/2,2418,3299,0.0021332018481200164
37485,49.0,207.69000000000003,16.0,15,ENGLISH ROSE TEA SET IN GIFT BOX,2418,3729,0.0010649856778347784
72779,49.0,82.81,16.0,14,SET/6 BLACK ROSE T-LIGHT CANDLES,2418,4114,0.0004246302854326062
22761,48.0,1182.7800000000007,34.0,34,CHEST 7 DRAWER MA CAMPAGNE,2419,2311,0.006065018826276757
44228,48.0,40.8,3.0,3,CANNABIS LEAF BEAD CURTAIN,2419,4334,0.0002092128444107032
45013,48.0,131.99999999999997,8.0,8,FOLDING SHOE TIDY,2419,3931,0.0006768650848581573
47341B,48.0,67.5,14.0,14,BLUE TABLE RUN FLOWER,2419,4199,0.0003461241911206487
47369A,48.0,140.40000000000003,25.0,23,PINK GREEN EMBROIDERY COSMETIC BAG,2419,3900,0.0007199383175309495
84306,48.0,557.4799999999998,31.0,27,S/3 PINK SQUARE PLANTERS ROSES,2419,3082,0.0028586268750509505
84548,48.0,79.19999999999999,14.0,13,CROCHET BEAR RED/BLUE  KEYRING,2419,4132,0.00040611905091489446
85050,48.0,100.80000000000001,1.0,1,FRENCH ENAMEL SOAP DISH WITH LID,2419,4044,0.0005168787920735022
90010A,48.0,434.2799999999998,29.0,28,MIDNIGHT BLUE GLASS/SILVER BRACELET,2419,3267,0.002226886129183337
90032,48.0,271.88,24.0,23,IVORY SHELL HEART NECKLACE,2419,3577,0.0013941369641760292
90174,48.0,121.15999999999998,31.0,31,BUTTERFLY HAIR BAND,2419,3973,0.0006212801036470784
20698,47.0,114.44999999999999,22.0,20,LITTLE PINK MONSTER SOFT TOY,2420,3994,0.0005868727951667888
20861,47.0,98.7,18.0,16,GOLD COSMETIC BAG PINK STAR,2420,4051,0.0005061104839053041
20994,47.0,39.95,12.0,10,JAZZ HEARTS SPIRAL NOTEPAD,2420,4339,0.00020485424348548026
37489A,47.0,48.51000000000002,25.0,23,YELLOW/PINK FLOWER DESIGN BIG MUG,2420,4282,0.00024874791868537296
47581B,47.0,766.52,37.0,33,FAIRY CAKE WICKER PICNIC BASKET ,2420,2766,0.003930535036708143
84555A,47.0,133.85000000000005,17.0,16,YELLOW VW BEETLE CERAMIC MONEY BOX,2420,3926,0.0006863514515777607
90059F,47.0,78.22000000000001,26.0,25,DIAMANTE HAIR GRIP PACK/2 LT ROSE,2420,4139,0.00040109384043640216
90133,47.0,236.45999999999992,36.0,33,TEAL/FUSCHIA COL BEAD NECKLACE,2420,3647,0.0012125114997390898
90171,47.0,59.650000000000006,27.0,21,DAISY RING,2420,4233,0.0003058712296347659
90202D,47.0,138.59000000000003,23.0,23,PINK ENAMEL FLOWER HAIR TIE,2420,3908,0.0007106570614431217
22827,46.0,7150.0,35.0,31,RUSTIC  SEVENTEEN DRAWER SIDEBOARD,2421,635,0.036663525429816865
37489D,46.0,28.860000000000003,21.0,20,PINK/GREEN FLOWER DESIGN BIG MUG,2421,4390,0.00014798732082580627
90013D,46.0,178.11000000000004,17.0,16,PURPLE VINTAGE EARRINGS,2421,3801,0.0009133063656370186
90122B,46.0,228.98999999999995,26.0,26,JADE CRYSTAL+GLASS BRACELET,2421,3665,0.0011742070892550717
90177D,46.0,135.76000000000005,25.0,24,DROP DIAMANTE EARRINGS PURPLE,2421,3919,0.0006961454842450265
22656,45.0,9290.0,37.0,33,VINTAGE BLUE KITCHEN CABINET,2422,505,0.04763694422979002
23429,45.0,383.71000000000004,22.0,11,RED RETRO KITCHEN WALL CLOCK,2422,3353,0.0019675750129615425
35840,45.0,107.12999999999998,11.0,7,FLAT GLASS  BAUBLE WHITE FLOCK ,2422,4020,0.0005493375495519273
46137D,45.0,132.75,4.0,4,GREEN CHENILLE SHAGGY RUG,2422,3928,0.0006807109092039424
90036E,45.0,358.8699999999998,28.0,28,"FLOWER GLASS GARLD NECKL36""AMETHYST",2422,3387,0.0018402013106291427
90190B,45.0,132.58,15.0,15,GOLD/AMBER DROP EARRINGS W LEAF,2422,3929,0.000679839189018898
90214F,45.0,37.52999999999999,28.0,26,"LETTER ""F"" BLING KEY RING",2422,4350,0.0001924450502630806
20899,44.0,129.80000000000004,13.0,11,VINTAGE NOTEBOOK RED ROSE,2423,3940,0.0006655840001105217
21674,44.0,697.7999999999998,10.0,9,RIDGED GLASS PENDANT LAMPSHADE,2423,2865,0.00357815497131835
23038,44.0,42.919999999999995,8.0,8,T-LIGHT HOLDER SILVER SAUCER,2423,4322,0.00022008370789478873
72708,44.0,9.24,5.0,5,SCULPTED ROUND IVORY CANDLE ,2423,4512,4.738055594007102e-05
84292,44.0,385.97999999999996,14.0,13,ROSE PINK METAL FOLDING CHAIR,2423,3350,0.001979215041314785
85151,44.0,55.0,8.0,5,WELCOME METAL SIGN,2423,4254,0.000282027118690899
90003B,44.0,165.80999999999997,26.0,24,ROSE COLOUR PAIR HEART HAIR SLIDES,2423,3832,0.0008502348463661444
90103,44.0,110.84999999999998,30.0,27,PURPLE FRANGIPANI NECKLACE,2423,4009,0.0005684128383070208
90125B,44.0,79.57,17.0,17,AQUA BERTIE GLASS BEAD BAG CHARM,2423,4129,0.00040801632425881503
90180A,44.0,396.64,28.0,26,BLACK+WHITE NECKLACE W TASSEL,2423,3329,0.0020338770246828754
90190A,44.0,129.59000000000003,31.0,27,SILVER/CRYSTAL DROP EARRINGS W LEAF,2423,3942,0.0006645071692937019
20968,43.0,185.11,20.0,13,GREEN FLORAL FELTCRAFT SHOULDER BAG,2424,3777,0.0009492007261976783
21763,43.0,1157.9,17.0,17,VINTAGE WOODEN BAR STOOL,2424,2331,0.005937440013312581
23626,43.0,107.07,16.0,15,SET 10 CARDS DINKY TREE 17076,2424,4021,0.0005490298836042645
72753C,43.0,107.68,6.0,6,S/3 FLWR FAIRY ROSE CANDLES,2424,4016,0.0005521578207388363
72783,43.0,90.30000000000001,9.0,9,BLACK SIL'T SQU CANDLE PLATE ,2424,4080,0.00046303725123251235
90035B,43.0,380.89,4.0,4,"PEARL & SHELL 42""NECKL. PINK",2424,3356,0.001953114713421391
90039D,43.0,162.65999999999994,24.0,23,FIRE POLISHED GLASS BRACELET GREEN,2424,3841,0.0008340823841138474
90072,43.0,172.16000000000003,29.0,28,RUBY DROP CHANDELIER EARRINGS,2424,3812,0.0008827961591604577
20697,42.0,101.69999999999997,23.0,20,LITTLE GREEN MONSTER SOFT TOY,2425,4041,0.0005214937812884439
20821,42.0,286.4199999999999,25.0,25,GOLDIE LOOKING MIRROR,2425,3539,0.0014686946788263135
21335,42.0,989.6199999999998,28.0,25,LIBRARY LAMP,2425,2508,0.005074539585434315
23442,42.0,87.36,10.0,6,12 HANGING EGGS HAND PAINTED,2425,4090,0.0004479616197970351
84247H,42.0,109.13000000000005,20.0,20,PACK/12 DECOUPAGE CARD,2425,4012,0.0005595930811406876
84711A,42.0,390.9499999999999,24.0,23,SILVER OVAL SHAPE TRINKET BOX,2425,3338,0.0020047000373128528
84803B,42.0,70.97999999999999,11.0,10,WHITE ALLIUM  ARTIFICIAL FLOWER,2425,4177,0.000363968816085091
84845C,42.0,52.5,14.0,13,CARNATION SQUARE HANDY TIN,2425,4267,0.000269207704204949
90099,42.0,129.69,25.0,24,NECKLACE+BRACELET SET BLUE HIBISCUS,2425,3941,0.0006650199458731398
90118,42.0,107.38999999999999,29.0,28,PINK DAISY BAG CHARM,2425,4017,0.000550670768658466
90162C,42.0,123.90000000000005,16.0,16,ANT SILVER FUSCHIA BOUDICCA RING,2425,3962,0.0006353301819236799
90165A,42.0,106.49000000000004,27.0,26,PINK ROSEBUD PEARL EARRINGS,2425,4023,0.0005460557794435243
90184A,42.0,380.8199999999998,25.0,24,AMBER CHUNKY BEAD BRACELET W STRAP,2425,3357,0.0019527557698157836
23015,41.0,346.63,20.0,18,CORDIAL GLASS JUG,2426,3415,0.001777437457305933
37379A,41.0,159.2,16.0,14,PINK CHERRY BLOSSOM CUP & SAUCER,2426,3857,0.0008163403144652929
84845D,41.0,51.25,11.0,10,GERANIUM SQUARE HANDY TIN,2426,4268,0.000262797996961974
90040C,41.0,146.75,21.0,21,MURANO STYLE GLASS BRACELET GOLD,2426,3891,0.0007524996303252622
90040D,41.0,148.87,25.0,22,MURANO STYLE GLASS BRACELET PINK,2426,3886,0.0007633704938093478
90059C,41.0,68.17999999999999,23.0,23,DIAMANTE HAIR GRIP PACK/2 MONTANA,2426,4190,0.0003496110718608271
90146,41.0,276.49,20.0,19,FINE SILVER NECKLACE W PASTEL FLOWE,2426,3561,0.001417775964488121
90168,41.0,120.86000000000004,23.0,22,2 DAISIES HAIR COMB,2426,3975,0.0006197417739087647
20667,40.0,108.68999999999994,24.0,24,CHERRY BLOSSOM PURSE,2427,4015,0.0005573368641911599
20896,40.0,118.0,16.0,14,VINTAGE NOTEBOOK PINK FLOWER,2427,3986,0.0006050763637368377
21511,40.0,16.8,2.0,2,VINTAGE COLLAGE  GREETING  CARD ,2427,4458,8.614646534558368e-05
44089A,40.0,16.8,13.0,11,PINK GAUZE BUTTERFLY LAMPSHADE,2427,4458,8.614646534558368e-05
84751B,40.0,117.44,21.0,18,BLACK MEDIUM GLASS CAKE STAND,2427,3987,0.000602204814891985
90019C,40.0,213.38,34.0,32,SILVER BLACK ORBIT BRACELET,2427,3714,0.0010941626652048004
90164A,40.0,230.3899999999999,25.0,25,PINK ROSEBUD PEARL BRACELET,2427,3662,0.0011813859613672031
90166,40.0,168.94000000000005,31.0,29,PINK & WHITE ROSEBUD RING,2427,3820,0.0008662847533025544
20848,39.0,115.05000000000001,12.0,12,ZINC HEART LATTICE CHARGER SMALL,2428,3992,0.0005899494546434169
35085E,39.0,44.25,9.0,9,IVORY ROSE LAMPSHADE ,2428,4314,0.00022690363640131417
35638A,39.0,88.05,6.0,6,PINK AND BLACK STRING CURTAIN,2428,4086,0.0004514997781951573
48175,39.0,158.04,2.0,2,DOOR MAT CAMOUFLAGE,2428,3862,0.0008103921061438122
84201B,39.0,7.410000000000001,8.0,8,HAPPY BIRTHDAY CARD STRIPEY TEDDY,2428,4524,3.7996744536355664e-05
84551,39.0,64.35,8.0,8,CROCHET DOG KEYRING,2428,4213,0.0003299717288683517
84711B,39.0,357.70999999999987,30.0,29,PINK OVAL SHAPE TRINKET BOX,2428,3391,0.0018342531023076622
90002A,39.0,146.25,17.0,14,FLOWER BURST SILVER RING OPAL,2428,3892,0.0007499357474280722
90022,39.0,147.17000000000002,34.0,30,EDWARDIAN DROP EARRINGS JET BLACK,2428,3889,0.0007546532919589019
90124B,39.0,391.17999999999984,30.0,29,BLUE MURANO TWIST NECKLACE,2428,3337,0.00200587942344556
90214V,39.0,30.229999999999986,25.0,24,"LETTER ""V"" BLING KEY RING",2428,4379,0.00015501235996410675
20958,38.0,70.5,10.0,10,PORCELAIN HANGING BELL LARGE,2429,4181,0.00036150748850378864
37489B,38.0,30.419999999999995,17.0,17,BLUE/YELLOW FLOWER DESIGN BIG MUG,2429,4377,0.000155986635465039
62074B,38.0,15.96,13.0,11,ELEPHANT CLIP W SUCTION CUP,2429,4460,8.18391420783045e-05
84313A,38.0,212.42,19.0,19,PINK TV TRAY TABLE ,2429,3720,0.0010892400100421956
84824,38.0,676.4500000000003,32.0,29,DANISH ROSE UMBRELLA STAND,2429,2895,0.00346867717160834
90018B,38.0,160.47000000000003,30.0,30,GOLD M.O.P ORBIT DROP EARRINGS,2429,3850,0.0008228525770241558
90036D,38.0,302.29,16.0,16,"FLOWER GLASS GARLAND NECKL.36""BLACK",2429,3503,0.0015500723219831246
90159,38.0,188.57999999999998,20.0,20,COTE D'AZURE NECKLACE,2429,3768,0.0009669940735041768
90169,38.0,96.39,22.0,20,DAISY HAIR COMB,2429,4056,0.0004942653449202864
90191,38.0,317.64,20.0,20,SILVER LARIAT 40CM,2429,3467,0.0016287835269268571
90205A,38.0,63.459999999999994,22.0,22,LARGE MINT DIAMANTE HAIRSLIDE,2429,4218,0.00032540801731135353
23611,37.0,92.13000000000001,15.0,15,SET 10 CARDS RED RIDING HOOD 17214,2430,4071,0.00047242106263622774
35932,37.0,15.63,10.0,10,PINK CHRISTMAS TREE DECORATION,2430,4463,8.014697936615911e-05
84456,37.0,33.150000000000006,16.0,15,SET OF 3 RABBIT EGG EASTER,2430,4369,0.00016998543608369638
85185F,37.0,109.15000000000005,20.0,16,LION SOCK PUPPET,2430,4011,0.0005596956364565752
90123A,37.0,220.01999999999995,20.0,18,PINK HEART OF GLASS BRACELET,2430,3694,0.0011282110300794832
90175C,37.0,332.9499999999999,20.0,19,BLUE GLASS CHUNKY CHARM BRACELET,2430,3438,0.001707289621238814
90212B,37.0,140.07,28.0,27,JET BLACK LAS VEGAS BRACELET ROUND,2430,3903,0.0007182461548188039
17174,36.0,15.12,7.0,6,ASSTD RASTA KEY-CHAINS,2431,4467,7.753181881102532e-05
23410,36.0,290.1000000000001,18.0,16,CURIO CABINET LINEN AND LACE ,2431,3532,0.0014875648569496328
35936,36.0,13.68,9.0,9,CERISE+GOLD CHRISTMAS TREE DEC,2431,4479,7.014783606711814e-05
72724,36.0,45.0,11.0,7,SET/6 CHRISTMAS ICICLE T-LIGHTS,2431,4305,0.00023074946074709915
84855,36.0,196.70000000000005,16.0,11,BLOKEY SILVER TOOL SET,2431,3748,0.0010086315317545424
85018C,36.0,127.2,4.0,4,S/6 PAPER BOXES CURIOUS IMAGES ,2431,3950,0.0006522518090451336
90016B,36.0,303.81999999999994,29.0,28,GOLD/M.O.P PENDANT ORBIT NECKLACE,2431,3499,0.0015579178036485254
90038A,36.0,135.8,22.0,22,GLASS AND PAINTED BEADS BRACELET TO,2431,3918,0.0006963505948768016
90175B,36.0,322.8499999999999,27.0,25,PINK GLASS CHUNKY CHARM BRACELET,2431,3460,0.0016554991867155765
90177C,36.0,106.13000000000004,23.0,22,DROP DIAMANTE EARRINGS CRYSTAL,2431,4024,0.0005442097837575476
90199B,36.0,228.60999999999993,31.0,29,5 STRAND GLASS NECKLACE AMETHYST,2431,3667,0.001172258538253207
90214O,36.0,31.419999999999998,18.0,17,"LETTER ""O"" BLING KEY RING",2431,4372,0.000161114401259419
48103,35.0,201.73000000000002,10.0,10,DOORMAT KISS MY.......,2432,3737,0.0010344241937002736
84720,35.0,147.05,3.0,2,DOT MATRIX CANVAS ART PICTURE,2432,3890,0.0007540379600635763
90014B,35.0,343.65999999999985,29.0,28,GOLD M.O.P. ORBIT NECKLACE,2432,3418,0.0017622079928966234
90163A,35.0,265.7499999999999,23.0,23,PINK ROSEBUD & PEARL NECKLACE,2432,3591,0.0013627037598564794
90211B,35.0,208.20999999999998,26.0,26,JET BLACK LAS VEGAS NECKLACE 45CM,2432,3726,0.0010676521160478557
16201B,34.0,81.10000000000001,5.0,4,PASTEL BLUE PHOTO ALBUM,2433,4123,0.0004158618059242165
17007B,34.0,71.4,7.0,6,S/3 POT POURI CUSHIONS BLUE COLOURS,2433,4171,0.0003661224777187307
23430,34.0,285.58,17.0,13,BLUE RETRO KITCHEN WALL CLOCK,2433,3541,0.001464387355559035
37506,34.0,202.2999999999999,27.0,26,NEW ENGLAND MILK JUG W GIFT BOX,2433,3736,0.0010373470202030696
40005B,34.0,28.900000000000002,14.0,13,BLUE ORGANDY ROUND LAMPSHADE W BEA,2433,4389,0.00014819243145758145
48179,34.0,214.47,11.0,10,DOOR MAT SWEET HOME,2433,3711,0.0010997519299206745
84706F,34.0,208.29999999999995,18.0,17,RED PEONY TABLE CLOCK,2433,3725,0.0010681136149693498
84893,34.0,192.3,16.0,15,ANT WHITE IRON BASKET,2433,3754,0.0009860693622592703
10124G,33.0,14.28,10.0,10,ARMY CAMO BOOKCOVER TAPE,2434,4476,7.322449554374612e-05
17191A,33.0,123.75,12.0,12,ROSE FLOWER CANDLE+INCENSE 16X16CM,2434,3964,0.0006345610170545227
20693,33.0,161.89000000000001,18.0,16,FLORAL DINOSAUR GREEN,2434,3845,0.0008301340044521752
20953,33.0,54.45,9.0,9,PORCELAIN CHERUB BELL LARGE,2434,4258,0.00027920684750398994
21097,33.0,28.05,8.0,7,SET/6 GREEN SPRING  PAPER PLATE,2434,4392,0.00014383383053235847
21337,33.0,103.53000000000003,12.0,11,SILVER WASHBAG,2434,4035,0.0005308775926921596
23459,33.0,412.5,19.0,17,DOLLY CABINET 2 DRAWERS ,2434,3305,0.0021152033901817423
81950V,33.0,19.089999999999996,12.0,9,FLOWER PURPLE CLOCK WITH SUCKER,2434,4447,9.788904901471381e-05
81953P,33.0,9.57,6.0,6,ROUND ARTICULATED PINK CLOCK W/SUCK,2434,4510,4.907271865221642e-05
84465,33.0,99.46000000000004,24.0,23,15 PINK FLUFFY CHICKS IN BOX,2434,4048,0.0005100075859090331
84816,33.0,1278.3500000000004,20.0,20,DANISH ROSE BEDSIDE CABINET,2434,2236,0.0065550794032456505
84966B,33.0,428.0,4.0,4,BLUE KASHMIRI BOXED MIRROR,2434,3276,0.0021946837599946317
90000A,33.0,198.98000000000002,21.0,19,RASPBERRY ANT COPPER FLOWER NECKLAC,2434,3743,0.0010203228377657287
90002C,33.0,124.38,19.0,17,FLOWER BURST SILVER RING MIDN'T BLU,2434,3960,0.000637791509504982
90067A,33.0,97.24000000000004,16.0,16,PINK VINTAGE VICTORIAN EARRINGS,2434,4055,0.0004986239458455096
90128A,33.0,48.709999999999994,11.0,10,PINK LEAVES AND BEADS PHONE CHARM,2434,4281,0.00024977347184424885
16010,32.0,3.84,4.0,4,FOLDING CAMPING SCISSOR W/KNIF & S,2435,4562,1.9690620650419126e-05
22823,32.0,3655.0,18.0,18,CHEST NATURAL WOOD 20 DRAWERS,2435,1156,0.01874198397845883
90003E,32.0,120.35,22.0,20,GREEN PAIR HEART HAIR SLIDES,2435,3976,0.0006171266133536308
90194,32.0,135.84,21.0,20,SILVER LARIAT BLACK STONE EARRINGS,2435,3917,0.0006965557055085767
23467,31.0,113.83000000000001,10.0,8,VINTAGE ZINC PLANTER  ,2436,3996,0.0005836935803742733
35751C,31.0,12.61,2.0,2,PURPLE CURRENT CANDLE RING,2436,4491,6.466112666713156e-05
37488A,31.0,19.770000000000003,5.0,5,YELLOW PINK FLOWER DESIGN BIG BOWL,2436,4443,0.00010137592975489224
47016,31.0,65.10000000000001,5.0,5,LIGHT DECORATION BATTERY OPERATED,2436,4211,0.0003338175532141368
79149B,31.0,13.020000000000001,13.0,12,SILICON STAR BULB  BLUE,2436,4486,6.676351064282736e-05
82545A,31.0,38.75,11.0,11,COGNAC AUX OEUFS METAL 1 HOOK,2436,4343,0.00019870092453222427
90019B,31.0,163.22000000000008,27.0,27,GOLD M.O.P ORBIT BRACELET,2436,3839,0.0008369539329587009
90023,31.0,131.74,21.0,21,FILIGREE DIAMANTE EARRINGS,2436,3934,0.0006755318657516187
90036C,31.0,246.82999999999998,15.0,15,"FLOWER GLASS GARLAND NECKL.36""BLUE",2436,3631,0.0012656864310268106
90048,31.0,158.89,8.0,7,GREEN WITH METAL BAG CHARM,2436,3860,0.0008147507070690351
90177B,31.0,91.38000000000001,19.0,18,DROP DIAMANTE EARRINGS BLACK DIAMON,2436,4073,0.00046857523829044276
90202A,31.0,90.9,23.0,21,PURPLE ENAMEL FLOWER HAIR TIE,2436,4077,0.00046611391070914025
90214Z,31.0,21.49,18.0,18,"LETTER ""Z"" BLING KEY RING",2436,4431,0.00011019568692122579
20870,30.0,54.3,8.0,6,OPULENT VELVET CANDLE IN BOX,2437,4262,0.00027843768263483297
21339,30.0,544.5,13.0,11,MARAKESH LANTERN LARGE,2437,3107,0.0027920684750398998
21759,30.0,1274.47,13.0,11,METAL WALL SHELF UNIT WITH HOOKS,2437,2239,0.0065351836719634545
79413,30.0,37.5,9.0,6,GLASS WINE GLASS DECORATIONS,2437,4351,0.0001922912172892493
84371,30.0,257.1,6.0,5,BIG PINK POODLE,2437,3608,0.0013183485857350932
84921,30.0,112.5,17.0,14,CREAM AND PINK FLOWERS PONY ,2437,4000,0.0005768736518677478
90028,30.0,253.28999999999996,25.0,24,NEW BAROQUE LARGE NECKLACE BLK/WHIT,2437,3614,0.001298811798058505
90100,30.0,76.49999999999999,12.0,11,NECKLACE+BRACELET SET PINK DAISY,2437,4148,0.00039227408327006843
90124A,30.0,299.27999999999986,20.0,19,PINK MURANO TWIST NECKLACE,2437,3512,0.00153463774694204
90162A,30.0,88.50000000000001,11.0,9,ANT SILVER TURQUOISE BOUDICCA RING,2437,4085,0.0004538072728026284
90202C,30.0,88.56000000000002,24.0,23,GREEN ENAMEL FLOWER HAIR TIE,2437,4084,0.0004541149387502912
23465,29.0,247.63,16.0,15,TUSCAN VILLA BIRD FEEDER,2438,3629,0.0012697886436623146
35596,29.0,24.65,4.0,4,WOOD XMAS TREE 9 FIG SHELVES,2438,4416,0.00012639942683146654
35910B,29.0,61.07000000000001,8.0,7,PINK FLOWERS RABBIT EASTER,2438,4227,0.0003131526570627855
37509,29.0,73.94999999999999,15.0,14,NEW ENGLAND MUG W GIFT BOX,2438,4159,0.00037919828049439954
47341A,29.0,46.25,7.0,7,FUSCHIA TABLE RUN FLOWER ,2438,4300,0.00023715916799007413
84621,29.0,247.26,15.0,15,BLUE GINGHAM ROSE FLOOR CUSHION ,2438,3630,0.0012678913703183942
90000B,29.0,177.29,21.0,20,MIDNIGHT BLUE COPPER FLOWER NECKLAC,2438,3803,0.0009091015976856268
90014C,29.0,284.6799999999999,20.0,20,SILVER AND BLACK ORBIT NECKLACE,2438,3542,0.0014597723663440925
90016A,29.0,207.85999999999999,16.0,16,SILVER/M.O.P PENDANT ORBIT NECKLACE,2438,3728,0.0010658573980198227
90060F,29.0,172.08999999999997,19.0,18,FIRE POLISHED GLASS NECKL GREEN,2438,3813,0.0008824372155548507
90123D,29.0,172.38999999999996,14.0,14,WHITE HEART OF GLASS BRACELET,2438,3811,0.0008839755452931647
90155,29.0,218.67999999999998,20.0,19,RESIN NECKLACE W PASTEL BEADS,2438,3698,0.001121339823915014
90162D,29.0,85.55,15.0,14,ANT SILVER PURPLE BOUDICCA RING,2438,4101,0.0004386803637092074
21489,28.0,157.60000000000002,14.0,7,BLUE WHITE SCARF HOT WATER BOTTLE,2439,3864,0.0008081358891942851
35751D,28.0,5.32,1.0,1,PINK CURRENT CANDLE RING,2439,4544,2.7279714026101497e-05
37489C,28.0,28.009999999999998,13.0,12,GREEN/BLUE FLOWER DESIGN BIG MUG,2439,4393,0.00014362871990058327
72798C,28.0,53.109999999999985,15.0,15,SET/4 GARDEN ROSE DINNER CANDLE,2439,4264,0.0002723356413395207
84250M,28.0,15.899999999999997,13.0,13,"GREETING CARD, BLACKPOOL ROCK",2439,4462,8.153147613064168e-05
84690,28.0,222.60000000000002,15.0,14,S/2 BEACH HUT STOOLS,2439,3684,0.001141440665828984
84732B,28.0,18.48,6.0,6,CUTE BIRD CEATURE SCREEN,2439,4449,9.476111188014204e-05
84925C,28.0,71.39999999999999,10.0,10,FAIRY CAKES  WALL THERMOMETER,2439,4172,0.0003661224777187306
90018C,28.0,118.51000000000003,20.0,19,SILVER BLACK ORBIT DROP EARRINGS,2439,3983,0.0006076915242919718
90035C,28.0,301.0,5.0,5,"PEARL & SHELL 42""NECKL. IVORY",2439,3507,0.0015434575041083742
90037B,28.0,71.17,10.0,10,TINY CRYSTAL BRACELET GREEN,2439,4174,0.0003649430915860232
90065A,28.0,193.96,17.0,15,WHITE VINTAGE CRYSTAL BRACELET,2439,3751,0.0009945814534779412
90123B,28.0,166.59,15.0,13,TURQUOISE HEART OF GLASS BRACELET,2439,3828,0.000854234503685761
90130A,28.0,82.51000000000003,16.0,15,WHITE STONE/CRYSTAL EARRINGS,2439,4118,0.0004230919556942924
90148,28.0,356.73,19.0,17,LONG SILVER NECKLACE PASTEL FLOWER,2439,3393,0.0018292278918291705
90177E,28.0,82.71000000000001,22.0,21,DROP DIAMANTE EARRINGS GREEN,2439,4116,0.0004241175088531682
90178A,28.0,334.3599999999999,22.0,21,AMBER CHUNKY GLASS+BEAD NECKLACE,2439,3433,0.00171451977100889
90183B,28.0,81.93000000000004,24.0,24,AMETHYST DROP EARRINGS W LONG BEADS,2439,4121,0.000420117851533552
90211A,28.0,166.57,21.0,20,DIAMOND LAS VEGAS NECKLACE 45CM,2439,3829,0.0008541319483698735
47583B,27.0,332.6,6.0,5,SET OF 3 WICKER BASKET TEA AND CAKE,2440,3440,0.0017054949032107817
72796B,27.0,44.55,13.0,12,S/3 FRENCH VANILLA SQU CANDLE,2440,4311,0.00022844196613962814
84415A,27.0,71.25,6.0,6,PINK FLOCK SUEDE CUSHION COVER ,2440,4173,0.0003653533128495736
84965B,27.0,1359.95,4.0,4,BLUE KASHMIRI COFFEE TABLE ,2440,2161,0.006973505092067055
90036A,27.0,215.75999999999993,20.0,20,FLOWER GARLAND NECKLACE RED,2440,3706,0.0011063667477954242
90037C,27.0,68.63,14.0,13,TINY CRYSTAL BRACELET BLUE,2440,4189,0.0003519185664682981
90059B,27.0,44.87,16.0,15,DIAMANTE HAIR GRIP PACK/2 BLACK DIA,2440,4307,0.00023008285119382975
90123C,27.0,160.75,12.0,12,GREEN HEART OF GLASS BRACELET,2440,3849,0.000824288351446582
23143,26.0,224.17000000000002,15.0,13,ZINC WIRE KITCHEN ORGANISER,2441,3681,0.0011494912581261603
23614,26.0,86.58,11.0,8,SET 10 CARDS 12 DAYS WRAP  17058,2441,4097,0.00044396196247741877
37491D,26.0,63.27999999999999,13.0,13,PURPLE/BLUE CERAMIC CANDLE HOLDER,2441,4219,0.00032448501946836513
84593,26.0,76.7,9.0,7,CROCHET ROSE DES CLOTHES HANGER,2441,4146,0.00039329963642894454
90024B,26.0,220.73999999999992,23.0,22,NEW BAROQUE B'FLY NECKLACE RED,2441,3690,0.0011319030214514366
90037A,26.0,66.31,12.0,12,TINY CRYSTAL BRACELET RED,2441,4203,0.00034002214982533654
90137,26.0,132.52000000000004,15.0,14,PINK COMBO MINI CRYSTALS NECKLACE,2441,3930,0.0006795315230712352
16169A,25.0,10.5,1.0,1,WRAP CHRISTMAS DECOUPAGE,2442,4505,5.38415408409898e-05
16169G,25.0,10.5,1.0,1,WRAP ROMANTIC DECOUPAGE,2442,4505,5.38415408409898e-05
21387,25.0,21.249999999999996,4.0,3,IVORY HANGING DECORATION  RABBIT,2442,4434,0.00010896502313057457
21496,25.0,10.5,1.0,1,WOODLAND CREATURES  WRAP,2442,4505,5.38415408409898e-05
23448,25.0,41.24999999999999,3.0,3,CREAM BUNNY EASTER EGG BASKET,2442,4331,0.00021152033901817416
35644,25.0,48.75,9.0,6,PAIR PINK/BLACK COATHANGERS,2442,4280,0.00024997858247602405
44092C,25.0,21.250000000000004,12.0,10,PURPLE/COPPER HANGING LAMPSHADE,2442,4433,0.00010896502313057462
84709A,25.0,148.75000000000003,15.0,13,SILVER OVAL JEWELLED MIRROR,2442,3887,0.0007627551619140224
90156,25.0,137.37,14.0,13,RESIN BRACELET W PASTEL BEADS,2442,3912,0.0007044011871739779
20816,24.0,123.6,7.0,6,GOLD FLOWER CUSHION COVER ,2443,3965,0.0006337918521853657
20988,24.0,46.800000000000004,9.0,8,TRELLIS FLOWER CHOPSTICKS SET/5,2443,4294,0.0002399794391769831
21267,24.0,74.6,10.0,7,VINTAGE PINK TINSEL REEL ,2443,4157,0.0003825313282607465
23629,24.0,59.76000000000001,10.0,10,SET 10 CARDS DRESSING UP 17077,2443,4231,0.0003064352838721477
72083A,24.0,50.400000000000006,7.0,5,STRAWBERY SWIRL FLARE CANDLE,2443,4274,0.0002584393960367511
79172D,24.0,20.4,4.0,4,PURPLE TINT ACRYLIC FLOWER VASE,2443,4439,0.0001046064222053516
84086B,24.0,70.8,13.0,12,YELLOW/BLUE RETRO RADIO,2443,4178,0.00036304581824210265
84415B,24.0,80.0,7.0,7,BLUE FLOCK CUSHION COVER ,2443,4127,0.00041022126355039847
84575A,24.0,98.80000000000003,13.0,13,PINK DOG CANNISTER,2443,4050,0.0005066232604847422
84629,24.0,237.79999999999995,13.0,12,WHITE 3 FRAME BIRDS AND TREE ,2443,3642,0.0012193827059035593
84746,24.0,75.80999999999997,17.0,16,PINK EASTER HENS+FLOWER,2443,4152,0.0003887359248719462
84857B,24.0,46.8,1.0,1,BLUE MONTE CARLO HANDBAG,2443,4295,0.0002399794391769831
84967B,24.0,1249.45,11.0,11,BLUE KASHMIRI OCCASIONAL TABLE,2443,2261,0.006406886971788067
85079,24.0,33.1,10.0,7,EMBROIDERED REINDEER DECORATION,2443,4370,0.00016972904779397738
85230C,24.0,6.959999999999999,1.0,1,ROSE SCENTED VOTIVE CANDLE,2443,4526,3.568924992888466e-05
85230D,24.0,6.959999999999999,1.0,1,VANILLA SCENTED VOTIVE CANDLE,2443,4526,3.568924992888466e-05
90035A,24.0,257.55,16.0,15,"PEARL & SHELL 42""NECKL. GREEN",2443,3606,0.0013206560803425641
90036F,24.0,192.17,15.0,15,"FLOWER GLASS GARLD NECKL36""TURQUOIS",2443,3756,0.0009854027527060008
90065B,24.0,168.37,18.0,14,BLACK VINT ART DEC CRYSTAL BRACELET,2443,3822,0.0008633619267997574
90130C,24.0,70.72000000000001,23.0,22,GREEN STONE/CRYSTAL EARRINGS,2443,4179,0.0003626355969785523
90181B,24.0,222.1200000000001,23.0,23,AMETHYST GLASS/SHELL/PEARL NECKLACE,2443,3685,0.0011389793382476818
90202B,24.0,70.49000000000001,16.0,16,WHITE ENAMEL FLOWER HAIR TIE,2443,4182,0.0003614562108458449
21266,23.0,98.89999999999999,9.0,7,VINTAGE SILVER TINSEL REEL,2444,4049,0.0005071360370641801
22929,23.0,1459.75,17.0,16,SCHOOL DESK AND CHAIR ,2444,2084,0.0074852561183461775
81985A,23.0,58.65,7.0,7,"ICON ALARM CLOCK,FUSCHIA  PIN UP",2444,4240,0.0003007434638403859
84424A,23.0,86.25,10.0,10,FOUR PICTURE WHITE GLASS FRAME,2444,4098,0.00044226979976527334
84622,23.0,152.59999999999997,9.0,7,PINK GINGHAM ROSE CUSHION COVER,2444,3877,0.0007824970602223849
84963A,23.0,763.3499999999999,9.0,9,PINK PAINTED KASHMIRI CHAIR,2444,2772,0.003914280019139958
84966C,23.0,276.0,2.0,2,GREEN KASHMIRI BOXED MIRROR,2444,3563,0.0014152633592488747
85023C,23.0,58.64999999999999,12.0,10,PINK LARGE JEWELED PHOTOFRAME,2444,4241,0.0003007434638403858
90029,23.0,195.14,12.0,12,NEW BAROQUE SMALL NECKLACE BLACK,2444,3749,0.0010006322171153095
90039C,23.0,86.65000000000002,12.0,11,FIRE POLISHED GLASS BRACELET BLACK,2444,4096,0.00044432090608302545
90138,23.0,120.24000000000004,16.0,16,WHITE/PINK MINI CRYSTALS NECKLACE,2444,3977,0.0006165625591162491
90139,23.0,118.24,18.0,12,FLOWER BROOCH 4 ASSORTED COLOURS,2444,3985,0.0006063070275274889
23441,22.0,9.24,3.0,3,HAND PAINTED HANGING EASTER EGG,2445,4512,4.738055594007102e-05
35265,22.0,86.95000000000003,17.0,16,COLOURFUL FLOWER FRUIT BOWL,2445,4093,0.0004458592358213395
84613A,22.0,102.30000000000001,10.0,10,PINK NEW BAROQUE FLOCK CANDLESTICK,2445,4040,0.0005245704407650721
84656,22.0,130.9,13.0,13,WHITE ROSE C/COVER,2445,3937,0.0006712245424843395
84705D,22.0,97.89999999999999,15.0,14,CHERRY BLOSSOM PHOTO FRAME ,2445,4053,0.0005020082712698001
85023A,22.0,56.09999999999999,10.0,9,CRYSTAL LARGE JEWELLED PHOTO FRAME,2445,4248,0.0002876676610647169
85168A,22.0,218.89999999999998,15.0,15,WHITE BAROQUE CARRIAGE CLOCK,2445,3696,0.0011224679323897776
90002B,22.0,82.74000000000001,11.0,11,FLOWER BURST SILVER RING ROSE,2445,4115,0.00042427134182699964
90027D,22.0,68.85999999999999,15.0,14,GLASS BEAD HOOP EARRINGS AMETHYST,2445,4188,0.00035309795260100537
90033,22.0,55.879999999999974,18.0,18,IVORY SHELL HEART EARRINGS,2445,4250,0.0002865395525899532
90124C,22.0,220.20999999999995,16.0,16,GREEN MURANO TWIST NECKLACE,2445,3693,0.0011291853055804154
90188,22.0,56.08999999999999,20.0,17,DROP EARRINGS W FLOWER & LEAF,2445,4249,0.0002876163834067731
90199A,22.0,139.5,16.0,15,5 STRAND GLASS NECKLACE BLACK,2445,3905,0.0007153233283160073
90199D,22.0,139.28,16.0,16,5 STRAND GLASS NECKLACE AMBER,2445,3906,0.0007141952198412438
84340,21.0,65.76,11.0,11,LARGE FIBRE OPTIC CHRISTMAS TREE,2446,4208,0.0003372018786384276
84546,21.0,34.64999999999999,3.0,3,CROCHET POODLE KEYRING,2446,4365,0.0001776770847752663
84564,21.0,175.48,11.0,11,6 SEGMENT COLOURED SNACK BOWL ,2446,3805,0.000899820341597799
90038B,21.0,79.19000000000003,13.0,13,GLASS AND PAINTED BEADS BRACELET OL,2446,4133,0.00040606777325695085
90039B,21.0,78.99000000000001,11.0,11,FIRE POLISHED GLASS BRACELET MONTAN,2446,4135,0.00040504222009807474
90063A,21.0,178.48000000000002,13.0,13,WHITE VINT ART DECO CRYSTAL NECKLAC,2446,3800,0.000915203638980939
90064B,21.0,78.75,12.0,12,BLACK VINTAGE  CRYSTAL EARRINGS,2446,4138,0.0004038115563074235
90079,21.0,104.77000000000001,13.0,13,VINTAGE ENAMEL & CRYSTAL NECKLACE,2446,4033,0.0005372360222771907
90126C,21.0,42.099999999999994,5.0,5,AMBER BERTIE MOBILE PHONE CHARM,2446,4325,0.00021587893994339715
90187B,21.0,70.6,15.0,15,GREEN DROP EARRINGS W BEAD CLUSTER,2446,4180,0.0003620202650832266
20860,20.0,42.00000000000001,11.0,11,GOLD COSMETICS BAG WITH BUTTERFLY,2447,4327,0.00021536616336395925
20964,20.0,51.0,6.0,6,POLYESTER FILLER PAD 60x40cm,2447,4270,0.00026151605551337904
21343,20.0,92.00000000000001,3.0,3,GOLD JEWELERY BOX,2447,4072,0.0004717544530829583
23603,20.0,49.80000000000001,14.0,12,SET 10 CARD KRAFT REINDEER 17084,2447,4276,0.0002553627365601231
35909A,20.0,59.000000000000014,5.0,5,RABBIT EASTER DECORATION,2447,4238,0.00030253818186841896
44091A,20.0,8.4,7.0,6,BLUE CRUSOE CHECK LAMPSHADE,2447,4519,4.307323267279184e-05
84612B,20.0,50.99999999999999,4.0,4,SET/4 BLACK  BAROQUE FLOCK COASTER,2447,4271,0.000261516055513379
84706B,20.0,188.73,9.0,9,FAIRY CAKES TABLE CLOCK,2447,3767,0.0009677632383733338
84721,20.0,87.8,2.0,2,MANHATTAN CANVAS ART PICTURE,2447,4088,0.0004502178367465623
84965A,20.0,1050.0,3.0,3,PINK KASHMIRI COFFEE TABLE ,2447,2440,0.00538415408409898
90001D,20.0,84.96000000000001,11.0,11,ANTIQUE OLIVE GREEN FLOWER EARRINGS,2447,4104,0.0004356549818905232
90011B,20.0,59.06,15.0,14,BLACK CRYSTAL DROP EARRINGS,2447,4237,0.00030284584781608165
90049,20.0,114.24000000000001,6.0,5,IVORY GOLD METAL BAG CHARM,2447,3995,0.000585795964349969
90063B,20.0,170.17,14.0,14,BLACK VINT ART DEC CRYSTAL NECKLACE,2447,3816,0.0008725919052296414
90064A,20.0,79.14000000000001,12.0,12,WHITE VINTAGE CRYSTAL EARRINGS,2447,4134,0.00040581138496723177
90126A,20.0,37.14,6.0,5,PINK BERTIE MOBILE PHONE CHARM,2447,4352,0.00019044522160327249
90141A,20.0,104.95000000000002,17.0,17,GREEN PENDANT TRIPLE SHELL NECKLACE,2447,4032,0.0005381590201201791
17011B,19.0,11.100000000000001,2.0,2,ORIGAMI JASMINE INCENSE+FLOWER ,2448,4502,5.69182003176178e-05
17091F,19.0,27.71,8.0,7,SANDALWOOD INCENSE IN TIN,2448,4394,0.00014209039016226926
21353,19.0,160.45,9.0,6,SILVER SLEIGHBELL  WREATH,2448,3851,0.0008227500217082678
23468,19.0,156.75,11.0,9,TUSCAN VILLA BIRD TABLE ,2448,3867,0.000803777288269062
85225,19.0,22.5,11.0,11,BLING KEY RING STAND,2448,4427,0.00011537473037354957
90038C,19.0,71.46,9.0,9,GLASS AND BEADS BRACELET IVORY,2448,4168,0.0003664301436663934
90056,19.0,207.94,14.0,14,CHUNKY CRACKED GLAZE NECKLACE IVORY,2448,3727,0.0010662676192833731
90102,19.0,16.11,4.0,4,WHITE FRANGIPANI HAIR CLIP,2448,4459,8.26083069474615e-05
90121B,19.0,80.75,9.0,7,VINTAGE ROSE BEAD BRACELET BLUE,2448,4124,0.00041406708789618345
90179C,19.0,112.78000000000002,16.0,14,BLACK FINE BEAD NECKLACE W TASSEL,2448,3998,0.0005783094262901743
90196A,19.0,242.25,11.0,11,PURPLE GEMSTONE NECKLACE 45CM,2448,3637,0.0012422012636885504
90196B,19.0,241.98,14.0,13,BLACK GEMSTONE NECKLACE 45CM,2448,3639,0.0012408167669240677
90214W,19.0,10.17,8.0,8,"LETTER ""W"" BLING KEY RING",2448,4508,5.21493781288444e-05
18097A,18.0,45.89999999999999,13.0,11,PINK TALL PORCELAIN T-LIGHT HOLDER ,2449,4303,0.00023536444996204107
20887,18.0,118.39,8.0,5,BOX OF 6 PEBBLE CANDLES,2449,3984,0.0006070761923966459
35591T,18.0,22.5,10.0,9,TURQUOISE CHRISTMAS TREE ,2449,4427,0.00011537473037354957
35652,18.0,21.5,2.0,2,VINTAGE BEAD CHAISE LONG JEWEL BOX,2449,4430,0.00011024696457916959
37491A,18.0,48.3,13.0,12,YELLOW/PINK CERAMIC CANDLE HOLDER,2449,4284,0.00024767108786855307
84425A,18.0,76.6,9.0,9,WHITE GLASS TV TRIPLE FRAME,2449,4147,0.0003927868598495065
84963B,18.0,591.5,6.0,6,BLUE PAINTED KASHMIRI CHAIR,2449,3034,0.0030330734673757586
90002E,18.0,67.77,11.0,11,FLOWER BURST SILVER RING GREEN,2449,4195,0.0003475086878851313
90036B,18.0,143.10000000000002,10.0,10,"FLOWER GLASS GARLAND NECKL.36""GREEN",2449,3894,0.0007337832851757754
90125E,18.0,44.19000000000001,17.0,17,AMBER BERTIE GLASS BEAD BAG CHARM,2449,4315,0.0002265959704536514
90128B,18.0,23.759999999999998,6.0,6,BLUE LEAVES AND BEADS PHONE CHARM,2449,4420,0.00012183571527446835
90177A,18.0,52.78999999999999,13.0,13,CLASSIC DIAMANTE EARRINGS JET,2449,4266,0.0002706947562853191
90180B,18.0,179.87999999999994,14.0,14,PURPLE AMETHYST NECKLACE W TASSEL,2449,3796,0.0009223825110930706
90182C,18.0,52.839999999999996,12.0,12,BLACK 3 BEAD DROP EARRINGS,2449,4265,0.0002709511445750382
21764,17.0,659.1500000000002,11.0,9,VINTAGE WOODEN PLATE RACK,2450,2918,0.0033799668233655653
22828,17.0,2565.0,11.0,10,REGENCY MIRROR WITH SHUTTERS,2450,1488,0.01315271926258465
35001B,17.0,59.33,6.0,6,HAND OPEN SHAPE BLACK,2450,4236,0.0003042303445805643
82069,17.0,109.85,11.0,11,BEECH WOOD P/FRAME,2450,4010,0.0005632850725126409
84427B,17.0,72.25,5.0,5,BLACK GLASS TV DOUBLE P/FRAME 15X10,2450,4166,0.00037048107864395363
84614A,17.0,124.83000000000001,10.0,10,PINK BAROQUE FLOCK CANDLE HOLDER,2450,3959,0.0006400990041124531
84867A,17.0,119.39000000000001,5.0,4,PINK BABY GIRLS PHOTO ALBUM,2450,3981,0.0006122039581910261
84964B,17.0,990.0,2.0,2,BLUE PAINTED KASHMIRI TABLE ,2450,2507,0.0050764881364361815
90012B,17.0,85.9,6.0,6,BLACK DROP CRYSTAL NECKLACE,2450,4100,0.00044047508173724036
90016C,17.0,144.07,14.0,14,SILVER/BLACK PENDANT ORBIT NECKLACE,2450,3893,0.0007387572179963238
90042B,17.0,43.35,6.0,6,FRESHWATER PEARL BRACELET PINK,2450,4319,0.00022228864718637219
90054,17.0,43.01999999999999,17.0,17,CRACKED GLAZE EARRINGS RED,2450,4321,0.00022059648447422673
90128C,17.0,25.04,6.0,6,GREEN LEAVES AND BEADS PHONE CHARM,2450,4412,0.00012839925549127472
20895,16.0,47.20000000000001,4.0,4,VINTAGE NOTEBOOK FRENCH LETTER ,2451,4289,0.00024203054549473514
35443,16.0,13.599999999999998,10.0,10,RASTA IN BATH W SPLIFF ASHTRAY,2451,4481,6.973761480356773e-05
35909B,16.0,47.2,7.0,6,PINK FLOWERS RABBIT EASTER,2451,4290,0.0002420305454947351
37477B,16.0,60.0,14.0,8,"FLOWER FAIRY MUG+COASTER,LAVENDER",2451,4229,0.00030766594766279886
84798C,16.0,40.8,3.0,3,WHITE FOXGLOVE ARTIIFCIAL FLOWER,2451,4334,0.0002092128444107032
84875A,16.0,60.0,12.0,12,PINK SQUARE COMPACT MIRROR,2451,4229,0.00030766594766279886
90024E,16.0,135.98,11.0,10,NEW BAROQUE B'FLY NECKLACE MONTANA,2451,3916,0.0006972735927197897
90067B,16.0,47.120000000000005,6.0,6,BROWN VINTAGE VICTORIAN EARRINGS,2451,4291,0.00024162032423118471
90141C,16.0,83.69000000000001,13.0,12,TURQ PENDANT TRIPLE SHELL NECKLACE,2451,4112,0.0004291427193316607
90151,16.0,136.17000000000002,9.0,9,SILVER/NATURAL SHELL NECKLACE,2451,3915,0.0006982478682207221
90178B,16.0,191.41,11.0,11,PURPLE CHUNKY GLASS+BEAD NECKLACE,2451,3760,0.0009815056507022722
90206A,16.0,79.60000000000001,12.0,11,GOLD DIAMANTE STAR BROOCH,2451,4128,0.0004081701572326465
20620,15.0,61.760000000000005,14.0,11,RED SPOTTY PASSPORT COVER,2452,4225,0.0003166908154609077
21760,15.0,1740.0,13.0,12,FRENCH STYLE WALL DRESSER,2452,1889,0.008922312482221167
22351,15.0,29.809999999999995,3.0,3,DOTCOMGIFTSHOP TEA TOWEL,2452,4386,0.0001528586983304672
23632,15.0,31.199999999999996,10.0,10,SET 10 CARDS CHEERFUL ROBIN 17065,2452,4373,0.0001599862927846554
44092B,15.0,12.75,6.0,6,BLUE WHITE PLASTIC RINGS LAMPSHADE,2452,4489,6.537901387834476e-05
71496B,15.0,8.67,6.0,6,A4 WALL TIDY RED FLOWERS,2452,4514,4.4457729437274436e-05
78034B,15.0,29.25,10.0,9,BLUE NETTING STORAGE HANGER,2452,4388,0.00014998714948561445
79140,15.0,6.3,2.0,2,ASS WINDPROOF MARIJUANA LIGHTERS,2452,4532,3.230492450459388e-05
84550,15.0,24.749999999999996,5.0,5,CROCHET LILAC/RED BEAR KEYRING,2452,4414,0.00012691220341090451
84582,15.0,63.75,12.0,8,PINK CROCHET CAT WITH SCARF,2452,4216,0.00032689506939172376
84586L,15.0,44.25000000000001,9.0,8,"PINK ROSES/GINGHAM PATCH RABBIT 8""",2452,4313,0.0002269036364013142
84599,15.0,160.14999999999998,6.0,5,CANDY STRIPE ROSE FLOOR CUSHION,2452,3854,0.0008212116919699539
84632,15.0,859.2500000000001,11.0,11,DECORATIVE HANGING SHELVING UNIT,2452,2659,0.004406032758821
84705A,15.0,69.75,8.0,7,ENGLISH ROSE PHOTO FRAME ,2452,4185,0.00035766166415800366
84732D,15.0,10.89,6.0,5,CUTE RABBIT CEATURE SCREEN ,2452,4504,5.584136950079799e-05
85018A,15.0,63.75,10.0,10,S/6 PAPER BOXES ROMANTIC IMAGES,2452,4216,0.00032689506939172376
85018B,15.0,63.75,10.0,10,S/6 PAPER BOXES BLOSSOM IMAGES ,2452,4216,0.00032689506939172376
90011A,15.0,44.28,15.0,15,MIDNIGHT BLUE CRYSTAL DROP EARRINGS,2452,4312,0.00022705746937514557
90024D,15.0,127.5,13.0,13,NEW BAROQUE B'FLY NECKLACE PINK,2452,3949,0.0006537901387834475
90051,15.0,105.72000000000001,11.0,11,CRACKED GLAZE NECKLACE RED,2452,4026,0.0005421073997818517
90212C,15.0,56.25,7.0,7,PURPLE LAS VEGAS BRACELET ROUND,2452,4245,0.0002884368259338739
22206,14.0,11.82,10.0,10,"MUG , DOTCOMGIFTSHOP.COM ",2453,4496,6.061019168957137e-05
23464,14.0,79.4,7.0,7,VINTAGE ZINC WATERING CAN SMALL,2453,4131,0.0004071446040737705
23574,14.0,105.0,14.0,12,PACKING CHARGE,2453,4031,0.000538415408409898
35051B,14.0,5.88,2.0,2,PINK BEADED CONE CHRISTMAS,2453,4538,3.015126287095429e-05
37348,14.0,35.7,7.0,7,SET OF 4 PASTEL STACKING MUGS,2453,4358,0.00018306123885936535
37491B,14.0,30.08,8.0,8,BLUE/YELLOW CERAMIC CANDLE HOLDER,2453,4381,0.00015424319509494983
44242A,14.0,11.98,2.0,2,LILAC FEATHERS CURTAIN,2453,4495,6.143063421667217e-05
81953B,14.0,4.64,8.0,6,ROUND BLUE CLOCK WITH SUCKER,2453,4556,2.3792833285923107e-05
84653,14.0,750.4800000000001,12.0,12,GREEN ROSE QUILT ,2453,2793,0.003848285673366289
84679,14.0,103.3,4.0,4,CLASSICAL ROSE TABLE LAMP,2453,4038,0.000529698206559452
85184B,14.0,41.300000000000004,7.0,6,SET 4 EASTER DECOUPAGE OVAL BOXES,2453,4330,0.00021177672730789322
85186B,14.0,5.88,2.0,2,BUNNY BUNCH OF FLOWERS,2453,4538,3.015126287095429e-05
90027C,14.0,41.169999999999995,12.0,12,GLASS BEAD HOOP EARRINGS GREEN,2453,4332,0.00021111011775462376
90037D,14.0,35.87,8.0,7,TINY CRYSTALS BRACELET BLACK,2453,4357,0.0001839329590444099
90127A,14.0,19.92,2.0,2,PINK BEADS+HAND PHONE CHARM,2453,4441,0.00010214509462404923
90181A,14.0,128.64000000000004,14.0,14,AMBER GLASS/SHELL/PEARL NECKLACE,2453,3947,0.0006596357917890409
21450,13.0,77.35000000000001,3.0,3,DISTRESSED CANDLE STICK WHITE,2454,4143,0.0003966326841952916
35537,13.0,5.46,3.0,3,CANDLE RING W/CLEAR BEADS,2454,4542,2.7997601237314695e-05
47552A,13.0,25.349999999999994,12.0,9,DOTS IRONING BOARD COVER,2454,4408,0.0001299888628875325
84529B,13.0,62.35000000000001,5.0,5,BLUE KNITTED KID'S RUCKSACK,2454,4221,0.00031971619727959186
84886,13.0,129.35,10.0,9,BLUE METAL WALL SHELF,2454,3943,0.0006632765055030505
84966A,13.0,225.95,4.0,4,PINK KASHMIRI BOXED MIRROR,2454,3676,0.0011586186812401567
90001B,13.0,55.12,10.0,9,ANTIQUE MID BLUE FLOWER EARRINGS,2454,4253,0.0002826424505862246
90012A,13.0,74.38,7.0,7,MIDNIGHT BLUE DROP CRYSTAL NECKLACE,2454,4158,0.00038140321978598297
90027B,13.0,38.279999999999994,10.0,10,GLASS BEAD HOOP EARRINGS MONTANA,2454,4345,0.00019629087460886564
90046,13.0,64.35000000000001,7.0,6,WHITE WITH METAL BAG CHARM,2454,4212,0.0003299717288683518
90128D,13.0,21.240000000000002,7.0,7,PURPLE LEAVES AND BEADS PHONE CHAR,2454,4435,0.0001089137454726308
90130D,13.0,38.31,8.0,8,RED STONE/CRYSTAL EARRINGS,2454,4344,0.00019644470758269707
90150,13.0,97.5,8.0,8,BLUE SHELL+SILVER NECKLACE,2454,4054,0.0004999571649520481
90163B,13.0,98.45,9.0,9,WHITE ROSEBUD & PEARL NECKLACE,2454,4052,0.0005048285424567091
90183C,13.0,38.11999999999999,13.0,13,BLACK DROP EARRINGS W LONG BEADS,2454,4346,0.00019547043208176481
90214U,13.0,4.7299999999999995,2.0,2,"LETTER ""U"" BLING KEY RING",2454,4554,2.4254332207417308e-05
20877,12.0,5.04,5.0,5,MODERN CHRISTMAS BAUBLE CANDLE ,2455,4551,2.5843939603675105e-05
20939,12.0,10.2,1.0,1,ORANGE CANDLE,2455,4507,5.23032111026758e-05
23449,12.0,15.0,1.0,1,SET OF 6 EASTER RAINBOW CHICKS,2455,4469,7.691648691569972e-05
35233,12.0,45.0,10.0,8,PASTA ENAMEL/BRASS CONTAINER,2455,4305,0.00023074946074709915
35654,12.0,59.400000000000006,5.0,5,VINTAGE BEAD FILLED PINK CUSHION,2455,4235,0.0003045892881861709
78026,12.0,139.95,2.0,2,SEAGRASS S/3 SQU LAUNDRY BOX,2455,3904,0.0007176308229234782
84891B,12.0,95.4,7.0,5,GREEN WIRE GOBLET CANDLEHOLDER,2455,4060,0.0004891888567838501
90011C,12.0,35.330000000000005,7.0,7,GREEN CRYSTAL DROP EARRINGS,2455,4360,0.00018116396551544475
90060D,12.0,71.40000000000002,8.0,8,FIRE POLISHED GLASS NECKL BRONZE,2455,4170,0.00036612247771873076
90076,12.0,33.0,7.0,7,MONTANA DIAMOND CLUSTER EARRINGS,2455,4371,0.00016921627121453938
90141B,12.0,59.96,8.0,8,IVORY PENDANT TRIPLE SHELL NECKLACE,2455,4230,0.00030746083703102366
90179A,12.0,71.0,9.0,9,AMBER FINE BEAD NECKLACE W TASSEL,2455,4175,0.00036407137140097865
16245A,11.0,13.75,7.0,6,PINK MINI STATIONERY SET W CASE,2456,4478,7.050677967272474e-05
20820,11.0,54.449999999999996,8.0,8,SILVER LOOKING MIRROR,2456,4259,0.00027920684750398994
23463,11.0,119.50000000000001,7.0,7,VINTAGE ZINC WATERING CAN,2456,3980,0.0006127680124284078
23613,11.0,27.39,6.0,5,SET 10 XMAS CARDS & BADGES 17070,2456,4395,0.0001404495051080677
23637,11.0,27.39,9.0,9,SET 10 CARDS OUT OF ORDER 17216,2456,4395,0.0001404495051080677
62097B,11.0,13.370000000000001,4.0,4,BLUE STRIPES SHOULDER BAG,2456,4483,6.855822867086034e-05
72796A,11.0,18.150000000000002,6.0,5,S/3 ENGLISH LAVENDER SQU CANDLE,2456,4450,9.306894916799667e-05
79151B,11.0,4.62,2.0,2,"SILICON CUBE 25W, BLUE",2456,4557,2.369027797003551e-05
84311,11.0,18.15,1.0,1,CAMOFLAGE CUSHION COVER,2456,4451,9.306894916799664e-05
84387A,11.0,21.45,1.0,1,BIRD ON BRANCH CANVAS SCREEN,2456,4432,0.00010999057628945059
84617,11.0,140.25,7.0,7,NEW BAROQUE BLACK BOXES,2456,3901,0.0007191691526617924
84964A,11.0,630.0,2.0,2,PINK PAINTED KASHMIRI TABLE,2456,2963,0.003230492450459388
90001A,11.0,46.599999999999994,10.0,10,ANTIQUE RASPBERRY FLOWER EARRINGS,2456,4297,0.00023895388601810705
90001C,11.0,46.7,10.0,10,ANTIQUE OPAL WHITE FLOWER EARRINGS,2456,4296,0.0002394666625975451
90024C,11.0,93.47999999999999,10.0,10,NEW BAROQUE B'FLY NECKLACE GREEN,2456,4064,0.0004793435464586405
90026A,11.0,93.47,9.0,9,GLASS BEAD HOOP NECKLACE BLACK,2456,4065,0.0004792922688006968
90069,11.0,82.5,5.0,5,RUBY GLASS CLUSTER NECKLACE,2456,4119,0.00042304067803634844
90135A,11.0,54.620000000000005,4.0,4,ORANGE/FUSCHIA STONES NECKLACE,2456,4255,0.00028007856768903457
90142D,11.0,54.589999999999996,5.0,5,MOP PENDANT SHELL NECKLACE,2456,4256,0.00027992473471520314
90176D,11.0,82.81,7.0,7,DIAMANTE NECKLACE PURPLE,2456,4114,0.0004246302854326062
90179B,11.0,65.31,9.0,9,PURPLE FINE BEAD NECKLACE W TASSEL,2456,4210,0.0003348943840309566
90189A,11.0,82.64,8.0,8,SILVER 2 STRAND NECKLACE-LEAF CHARM,2456,4117,0.00042375856524756164
20905,10.0,63.5,4.0,4,VINTAGE KEEPSAKE BOX BEAUTY GIRL,2457,4217,0.0003256131279431288
21596,10.0,42.64,9.0,6,Hypochondriac Pill Stress Ball,2457,4323,0.00021864793347236238
23620,10.0,24.900000000000002,7.0,7,SET 10 CARDS PERFECT POST 17090,2457,4413,0.00012768136828006152
35597A,10.0,12.5,4.0,4,DUSTY PINK CHRISTMAS TREE 30CM,2457,4492,6.409707242974976e-05
35598A,10.0,29.500000000000004,3.0,3,DUSTY PINK CHRISTMAS TREE 60CM,2457,4387,0.00015126909093420945
35918B,10.0,12.5,5.0,4,BLUE FLORIBUNDA EGG WARMER,2457,4492,6.409707242974976e-05
37112,10.0,37.5,6.0,4,YELLOW BIRDS FELT DES FOODCOVER,2457,4351,0.0001922912172892493
51012L,10.0,12.5,6.0,5,"FEATHER DUSTER, LIGHT PINK",2457,4492,6.409707242974976e-05
72805,10.0,16.9,3.0,3,VANILLA CANDLE IN EMBOSSED ZINC POT,2457,4457,8.665924192502167e-05
84201C,10.0,1.9,3.0,3,HAPPY BIRTHDAY CARD TEDDY/CAKE,2457,4580,9.742755009321963e-06
84206C,10.0,1.9000000000000001,4.0,4,CHAMPAGNE TRAY BLANK CARD,2457,4579,9.742755009321963e-06
84247J,10.0,12.780000000000001,9.0,8,PACK/12 RUSSIAN DOLL CARDS,2457,4488,6.553284685217616e-05
84562B,10.0,106.59,7.0,6,BLUE/WHITE RIBBED MELAMINE JUG,2457,4022,0.0005465685560229621
84705F,10.0,46.5,7.0,5,RED PEONY PHOTO FRAME ,2457,4298,0.0002384411094386691
84743C,10.0,12.5,6.0,5,ORANGE FELT VASE + FLOWERS,2457,4492,6.409707242974976e-05
84782B,10.0,127.5,6.0,6,BLACK 3 TIER GLASS PLATE STAND,2457,3949,0.0006537901387834475
84795E,10.0,79.5,6.0,5,RIO PINK STRIPE HAMMOCK,2457,4130,0.00040765738065320846
90026D,10.0,85.0,8.0,8,GLASS BEAD HOOP NECKLACE AMETHYST,2457,4103,0.0004358600925222984
90039A,10.0,37.61,5.0,5,FIRE POLISHED GLASS BRACELET RED,2457,4349,0.0001928552715266311
90043,10.0,54.510000000000005,6.0,6,COPPER AND BRASS BAG CHARM,2457,4257,0.0002795145134516528
90050,10.0,70.16,6.0,6,CRACKED GLAZE NECKLACE IVORY,2457,4183,0.00035976404813369944
90053,10.0,25.23,10.0,10,CRACKED GLAZE EARRINGS IVORY,2457,4411,0.00012937353099220692
90075,10.0,92.17999999999999,8.0,8,MONTANA DIAMOND CLUSTER NECKLACE,2457,4069,0.00047267745092594666
90131,10.0,69.62,5.0,5,PINK/AMETHYST/GOLD NECKLACE,2457,4186,0.0003569950546047343
90141E,10.0,50.06,5.0,5,ORANGE PENDANT TRIPLE SHELL NECKLAC,2457,4275,0.00025669595566666184
90176A,10.0,75.88,7.0,7,CLASSIC DIAMANTE NECKLACE JET,2457,4151,0.00038909486847755293
90176C,10.0,77.0,6.0,6,DIAMANTE NECKLACE,2457,4144,0.00039483796616725854
21595,9.0,76.95,9.0,9,Dad's Cab Electronic Meter,2458,4145,0.0003945815778775395
23625,9.0,44.91000000000001,4.0,4,SET 6 CARDS SPARKLY REINDEER 17262,2458,4306,0.000230287961825605
23636,9.0,26.19,7.0,6,SET 10 CARDS WISHING TREE 17116,2458,4403,0.0001342961861548117
23640,9.0,22.410000000000004,8.0,8,SET 10 CARDS SCOTTIE DOG 17211,2458,4428,0.0001149132314520554
23645,9.0,22.41,4.0,4,SET 10 CHRISTMAS CARDS HOHOHO 16956,2458,4429,0.00011491323145205537
72785B,9.0,10.9,3.0,3,S/4 CONTEMPORY RED ROSEBUD CANDLES,2458,4503,5.589264715874179e-05
84206B,9.0,1.71,2.0,2,CAT WITH SUNGLASSES BLANK CARD,2458,4581,8.768479508389768e-06
84292B,9.0,59.75,6.0,5,BLUE COL METAL FOLDING CHAIR,2458,4232,0.0003063840062142039
84567,9.0,14.85,1.0,1,FROSTED GLASS WITH SILVER SURROUND,2458,4472,7.614732204654271e-05
84765,9.0,140.23,6.0,6,SILVER ROCOCO CANDELABRA,2458,3902,0.0007190665973459046
84967C,9.0,419.84999999999997,4.0,4,GREEN KASHMIRI OCCASIONAL TABLE,2458,3292,0.002152892468770435
90027A,9.0,26.52,6.0,6,GLASS BEAD HOOP EARRINGS BLACK,2458,4401,0.0001359883488669571
90055,9.0,22.8,9.0,9,CRACKED GLAZE EARRINGS BROWN,2458,4425,0.00011691306011186356
90078,9.0,67.64,5.0,5,PINK/WHITE GLASS DEMI CHOKER,2458,4197,0.0003468420783318619
90135,9.0,44.75,3.0,3,ORANGE/WHT/FUSCHIA STONES NECKLACE,2458,4309,0.00022946751929850414
90140,9.0,67.9,7.0,7,PINK SWEETIE NECKLACE,2458,4193,0.0003481752974384008
90182A,9.0,26.159999999999997,9.0,8,AMBER 3 BEAD DROP EARRINGS,2458,4404,0.00013414235318098027
90197D,9.0,44.550000000000004,4.0,4,AMBER GLASS BRACELET HEART CHARMS,2458,4310,0.00022844196613962814
16215,8.0,5.2,3.0,1,FUNKY GIRLZ MAGNETIC TO DO LIST ,2459,4545,2.66643821307759e-05
21347,8.0,47.60000000000001,4.0,4,GOTHIC CARRIAGE LANTERN,2459,4287,0.00024408165181248715
22850,8.0,123.6,2.0,1,BREAD BIN DINER STYLE BLACK,2459,3965,0.0006337918521853657
23601,8.0,19.92,4.0,4,SET 10 CARDS SNOWY SNOWDROPS  17100,2459,4441,0.00010214509462404923
23607,8.0,13.28,7.0,7,SET 10 CARDS HATS & STOCKINGS 17081,2459,4485,6.809672974936615e-05
23623,8.0,23.28,6.0,6,SET 10 CARD CHRISTMAS WELCOME 17112,2459,4423,0.00011937438769316595
23646,8.0,19.92,5.0,5,SET 10 CARDS JINGLE BELLS 16957,2459,4441,0.00010214509462404923
37409,8.0,6.8,4.0,3,ASSORTED DESIGN FLOWER MUGS,2459,4527,3.486880740178387e-05
44265,8.0,34.0,4.0,4,M/COLOUR POM-POM CURTAIN,2459,4367,0.00017434403700891936
47563B,8.0,30.0,6.0,6,WAVELINE SURF IRONING BOARD COVER,2459,4382,0.00015383297383139943
72785A,8.0,16.8,4.0,4,S/4 CONTEMPORY PINK ROSEBUD CANDLES,2459,4458,8.614646534558368e-05
84857A,8.0,68.0,3.0,3,SILVER MONTE CARLO HANDBAG,2459,4192,0.0003486880740178387
84876C,8.0,30.0,5.0,3,SILVER HEART COMPACT MIRROR,2459,4382,0.00015383297383139943
90011E,8.0,23.61,8.0,8,AMBER CRYSTAL DROP EARRINGS,2459,4422,0.00012106655040531134
90024F,8.0,67.61,6.0,6,NEW BAROQUE B'FLY NECKLACE CRYSTAL,2459,4198,0.0003466882453580305
90025F,8.0,30.23,8.0,8,BAROQUE BUTTERFLY EARRINGS CRYSTAL,2459,4378,0.00015501235996410683
90026B,8.0,67.82,7.0,7,GLASS BEAD HOOP NECKLACE MONTANA,2459,4194,0.00034776507617485027
90026C,8.0,67.82,6.0,6,GLASS BEAD HOOP NECKLACE GREEN,2459,4194,0.00034776507617485027
90095,8.0,22.909999999999997,3.0,3,NECKLACE+BRACELET SET PINK BLOSSOM,2459,4424,0.00011747711434924534
90111,8.0,8.4,7.0,6,BLUE HIBISCUS  HAIR CLIP,2459,4519,4.307323267279184e-05
90187A,8.0,27.040000000000003,7.0,7,BLUE DROP EARRINGS W BEAD CLUSTER,2459,4398,0.0001386547870800347
18097B,7.0,17.849999999999998,4.0,3,BLUE TALL PORCELAIN T-LIGHT HOLDER,2460,4453,9.153061942968265e-05
23616,7.0,17.43,6.0,6,SET 10 CARDS JINGLE BELLS 17217,2460,4455,8.937695779604307e-05
23627,7.0,17.43,2.0,2,SET 10 CARDS XMAS GRAPHIC  17218,2460,4455,8.937695779604307e-05
84611B,7.0,41.65,4.0,4,BLACK NEW BAROQUE FLOCK BOX,2460,4329,0.0002135714453359262
84814B,7.0,13.65,3.0,2,RHOMBUS CRYSTAL PERFUME BOTTLE,2460,4480,6.999400309328674e-05
84864A,7.0,67.71000000000001,4.0,4,PINK PAISLEY PHOTO ALBUM,2460,4196,0.00034720102193746855
90025E,7.0,26.5,7.0,7,BAROQUE BUTTERFLY EARRINGS MONTANA,2460,4402,0.0001358857935510695
90041,7.0,25.67,6.0,6,PEARL AND CHERRY QUARTZ BRACLET,2460,4405,0.00013162974794173412
90052,7.0,49.580000000000005,5.0,5,CRACKED GLAZE NECKLACE BROWN,2460,4278,0.0002542346280853595
90060B,7.0,41.650000000000006,5.0,4,FIRE POLISHED GLASS NECKL GOLD,2460,4328,0.00021357144533592625
90060C,7.0,41.650000000000006,3.0,3,FIRE POLISHED GLASS NECKL SILVER,2460,4328,0.00021357144533592625
90074,7.0,64.09,6.0,6,BLACK DIAMOND CLUSTER NECKLACE,2460,4214,0.00032863850976181297
90081B,7.0,34.650000000000006,3.0,3,LILY BROOCH WHITE/SILVER COLOUR,2460,4364,0.00017767708477526637
90132,7.0,35.629999999999995,7.0,7,LIGHT TOPAZ TEAL/AQUA COL NECKLACE,2460,4359,0.0001827022952537587
90141D,7.0,36.33,5.0,5,ROSE PENDANT TRIPLE SHELL NECKLACE,2460,4356,0.0001862917313098247
90152A,7.0,40.339999999999996,7.0,7,SILVER/NAT SHELL NECKLACE W PENDANT,2460,4337,0.0002068540721452884
90152C,7.0,41.650000000000006,4.0,4,BLUE/NAT SHELL NECKLACE W PENDANT,2460,4328,0.00021357144533592625
17028J,6.0,2.52,1.0,1,INCENSE BAZAAR PEACH,2461,4573,1.2921969801837552e-05
20680,6.0,19.5,5.0,4,PINK FLOWERS CHILDS UMBRELLA,2461,4445,9.999143299040963e-05
20942,6.0,7.5,4.0,3,SET/6 GINGERBREAD TREE T-LIGHTS,2461,4522,3.845824345784986e-05
21310,6.0,179.7,4.0,4,CAPIZ CHANDELIER,2461,3798,0.0009214595132500825
21919,6.0,30.469999999999995,5.0,5,Electronic Talking Breath-A-Loser,2461,4376,0.000156243023754758
37432,6.0,3.9000000000000004,1.0,1,MUG PINK AND PURPLE ARABIC DESIGN,2461,4560,1.9998286598081927e-05
37477C,6.0,22.5,1.0,1,"FLOWER FAIRY MUG+COASTER,ROSE",2461,4427,0.00011537473037354957
37481,6.0,15.299999999999999,1.0,1,CUBIC MUG TEATIME CAKES,2461,4466,7.84548166540137e-05
46037A,6.0,7.5,2.0,2,PINK CANVAS DES CUSHION COVER ,2461,4522,3.845824345784986e-05
71101A,6.0,5.1,1.0,1,ANGEL ON KNEES METAL POLE 100CM H,2461,4547,2.61516055513379e-05
78027,6.0,100.15,5.0,5,SEAGRASS S/2 CORNER LAUNDRY ,2461,4047,0.0005135457443071551
84030B,6.0,27.21,4.0,4,KNITTED POM POM HOT WATER BOTTLE,2461,4396,0.00013952650726507929
84608,6.0,47.7,4.0,4,ORNATE EDWARDIAN CANDLE HOLDER,2461,4286,0.00024459442839192507
84914A,6.0,155.7,5.0,5,PINK ROSE PICNIC RUG,2461,3871,0.0007983931341849629
85115B,6.0,37.62,2.0,2,S/4 BLACK DISCO PARTITION PANEL,2461,4348,0.00019290654918457486
90020,6.0,76.23,4.0,4,FILIGREE DIAMANTE CHAIN,2461,4149,0.00039088958650558596
90025C,6.0,22.560000000000002,6.0,6,BAROQUE BUTTERFLY EARRINGS GREEN,2461,4426,0.00011568239632121237
90152B,6.0,35.26,5.0,5,BLUE/GREEN SHELL NECKLACE W PENDANT,2461,4362,0.00018080502190983812
90182B,6.0,17.53,6.0,6,AMETHYST 3 BEAD DROP EARRINGS,2461,4454,8.988973437548106e-05
20673,5.0,6.25,2.0,2,STRAWBERRIES PRINT BOWL,2462,4533,3.204853621487488e-05
20791,5.0,63.75,1.0,1,BLUE TILED SET OF 3 DRAWERS,2462,4216,0.00032689506939172376
20812,5.0,12.75,3.0,3,EMBOSSED FLOWER TRELLIS PHOTO FRAME,2462,4489,6.537901387834476e-05
21594,5.0,21.06,5.0,5,Dr. Jam's Arouzer Stress Ball,2462,4436,0.0001079907476296424
23612,5.0,8.299999999999999,2.0,2,SET 10 MINICARDS CUTE SNOWMAN 17071,2462,4521,4.256045609335384e-05
23634,5.0,14.55,5.0,5,SET 10 CARDS XMAS CHOIR 17068,2462,4474,7.460899230822872e-05
23654,5.0,12.450000000000001,4.0,4,SET 10 CARD SNOWMAN 16965,2462,4493,6.384068414003076e-05
35995,5.0,3.78,5.0,5,SET/6 BLACK GLITTER REINDEER CANDLE,2462,4563,1.938295470275633e-05
37408,5.0,6.25,1.0,1,ASSORTED DESIGN GEISHA GIRL MUGS,2462,4533,3.204853621487488e-05
46775B,5.0,84.75,4.0,4,BERRIES CHUNKY KNITTED THROW ,2462,4107,0.0004345781510737034
47504J,5.0,67.25,4.0,3,ENGLISH ROSE SET/3 GARDEN TOOLS,2462,4200,0.00034484224967205375
79157B,5.0,4.25,3.0,3,UBO-LIGHT TRIOBASE BLUE,2462,4558,2.179300462611492e-05
79157V,5.0,4.25,3.0,3,UBO-LIGHT TRIOBASE PURPLE,2462,4558,2.179300462611492e-05
82072,5.0,6.25,3.0,3,WHITE WOOD SINGLE P/FRAME,2462,4533,3.204853621487488e-05
84757,5.0,74.75,4.0,4,ENCHANTED GARDEN WROUGHT IRON TABLE,2462,4156,0.0003833004931299036
84868B,5.0,34.75,4.0,4,BLUE BABY BOY'S MEMORY BOX,2462,4363,0.00017818986135470434
85083,5.0,12.75,2.0,2,KISS REINDEER SCANDINAVIAN STOCKING,2462,4489,6.537901387834476e-05
90011D,5.0,14.75,5.0,5,PURPLE CRYSTAL DROP EARRINGS,2462,4473,7.563454546710471e-05
90021,5.0,59.75,4.0,4,LASER CUT MULTI STRAND NECKLACE,2462,4232,0.0003063840062142039
90024A,5.0,42.5,4.0,4,NEW BAROQUE B'FLY NECKLACE BLACK,2462,4324,0.0002179300462611492
90025D,5.0,18.69,5.0,5,BAROQUE BUTTERFLY EARRINGS PINK,2462,4448,9.583794269696186e-05
90034,5.0,50.480000000000004,5.0,5,WHITE SILVER NECKLACE SHELL GLASS,2462,4273,0.00025884961730030144
90066A,5.0,33.75,2.0,2,PINK VINTAGE VICTORIAN CHOKER,2462,4368,0.00017306209556032436
90077,5.0,14.4,5.0,5,BLACK DIAMOND CLUSTER EARRINGS,2462,4475,7.383982743907172e-05
90142A,5.0,25.45,4.0,4,GREEN PENDANT SHELL NECKLACE,2462,4407,0.00013050163946697052
90176B,5.0,37.620000000000005,4.0,4,DIAMANTE NECKLACE BLACK ,2462,4347,0.00019290654918457492
90181C,5.0,46.93,5.0,5,BLACK GLASS/SHELL/PEARL NECKLACE,2462,4293,0.0002406460487302525
10002R,4.0,20.57,3.0,3,ROBOT PENCIL SHARPNER,2463,4438,0.00010547814239039621
10109,4.0,1.68,1.0,1,BENDY COLOUR PENCILS,2463,4584,8.614646534558368e-06
20678,4.0,6.6,1.0,1,LARGE BLACK DIAMANTE HAIRSLIDE,2463,4530,3.3843254242907876e-05
20858,4.0,6.6,1.0,1,SILVER PURSE GOLD PINK BUTTERFLY,2463,4530,3.3843254242907876e-05
21081,4.0,3.4,4.0,4,SET/20 POSIES PAPER NAPKINS,2463,4567,1.7434403700891936e-05
21560,4.0,15.440000000000001,4.0,2,TOADSTOOL  LUNCHBOX WITH CUTLERY,2463,4464,7.917270386522692e-05
23604,4.0,6.64,2.0,2,SET 10 MINI SANTA & SNOWMAN  17087,2463,4529,3.4048364874683076e-05
23605,4.0,11.64,1.0,1,SET 10 CARDS 12 DAYS OF XMAS 17059,2463,4498,5.968719384658298e-05
23608,4.0,11.64,3.0,3,SET 10 CARDS RUDOLPHS NOSE 17097,2463,4498,5.968719384658298e-05
23615,4.0,9.96,4.0,4,SET 10 CARDS PRINTED GRAPHIC 17219,2463,4509,5.1072547312024615e-05
23619,4.0,9.96,2.0,2,SET 10 CARDS POINSETTIA 17093,2463,4509,5.1072547312024615e-05
23624,4.0,9.96,4.0,4,SET 10 CARD PERFECT NATIVITY 17089,2463,4509,5.1072547312024615e-05
23639,4.0,13.32,4.0,4,SET 10 CARDS MAGICAL TREE 17086,2463,4484,6.830184038114134e-05
23644,4.0,13.32,4.0,4,SET 10 CARDS CHRISTMAS TREE 16955,2463,4484,6.830184038114134e-05
23650,4.0,9.96,4.0,4,SET 10 CARDS FILIGREE BAUBLE 16961,2463,4509,5.1072547312024615e-05
23702,4.0,27.0,3.0,3,High Resolution Image,2463,4399,0.00013844967644825948
35980B,4.0,1.52,2.0,2,RED TOP SCANDINAVIAN HEART ,2463,4586,7.794204007457571e-06
79065A,4.0,39.8,1.0,1,TEATIME ROUND CAKE TINS ,2463,4341,0.00020408507861632323
84570B,4.0,19.8,2.0,2,WHITE SATIN DRESS JEWEL STAND,2463,4442,0.00010152976272872363
84575B,4.0,23.8,3.0,3,BROWN DOG CANNISTER W BONE,2463,4419,0.00012204082590624355
85185E,4.0,11.8,2.0,2,DUCK SOCK PUPPET,2463,4497,6.050763637368377e-05
90136,4.0,40.47,3.0,3,PALE PINK/AMETHYST STONE NECKLACE,2463,4336,0.00020752068169855784
90176E,4.0,29.98,3.0,3,DIAMANTE NECKLACE GREEN,2463,4383,0.00015373041851551183
16192,3.0,12.899999999999999,1.0,1,PINK BALLET OPENING CUBE BOX ,2464,4487,6.614817874750175e-05
18098B,3.0,8.850000000000001,3.0,3,BLUE PORCELAIN B'FLY OIL BURNER,2464,4513,4.538072728026284e-05
20881,3.0,2.55,2.0,2,MODERN CHRISTMAS TREE CANDLE,2464,4572,1.307580277566895e-05
20882,3.0,8.850000000000001,2.0,2,MODERN CHRISTMAS TREE CANDLE,2464,4513,4.538072728026284e-05
20884,3.0,6.300000000000001,3.0,3,MODERN CHRISTMAS TREE CANDLE ,2464,4531,3.2304924504593887e-05
20954,3.0,25.590000000000003,3.0,2,*USB Office Mirror Ball,2464,4406,0.00013121952667818372
21119,3.0,41.01,3.0,3,Glow In The Dark Shot Glasses ,2464,4333,0.00021028967522752302
21685,3.0,44.849999999999994,2.0,2,MEDINA STAMPED METAL TRAY ,2464,4308,0.0002299802958779421
21853,3.0,15.399999999999999,3.0,3,GUMBALL CUSTOM CARS TOP TRUMPS GAME,2464,4465,7.896759323345169e-05
23610,3.0,6.24,3.0,3,SET 10 CARDS CHRISTMAS ROBIN 17095,2464,4534,3.199725855693108e-05
23621,3.0,7.470000000000001,3.0,3,SET 10 CARDS DAVID'S MADONNA 17074,2464,4523,3.8304410484018464e-05
23633,3.0,7.470000000000001,3.0,3,SET 10 CARDS WORLD CHILDREN 17067,2464,4523,3.8304410484018464e-05
35598C,3.0,8.850000000000001,3.0,3,WHITE CHRISTMAS TREE 60CM,2464,4513,4.538072728026284e-05
35650,3.0,14.850000000000001,3.0,3,VINTAGE BEAD PINK JEWEL STAND,2464,4471,7.614732204654273e-05
37326,3.0,5.859999999999999,3.0,2,FAIRY DESIGN MUGS,2464,4539,3.004870755506669e-05
40046C,3.0,3.75,3.0,3,PINK BUTTERFLY PAPER LAMPSHADE,2464,4564,1.922912172892493e-05
62097A,3.0,8.850000000000001,3.0,3,PINK STRIPES SHOULDER BAG,2464,4513,4.538072728026284e-05
72752B,3.0,12.75,2.0,2,"F.FAIRY,CANDLE IN GLASS,LAVENDER",2464,4489,6.537901387834476e-05
78056,3.0,29.849999999999998,2.0,2,CAMOUFLAGE BACKPACK ON WHEELS,2464,4385,0.00015306380896224243
84366,3.0,11.25,3.0,3,VENDETTA CANVAS PICTURE,2464,4501,5.768736518677479e-05
84614C,3.0,17.85,1.0,1,BLUE BAROQUE FLOCK CANDLE HOLDER,2464,4452,9.153061942968268e-05
84731,3.0,3.69,3.0,3,3 BIRDS CANVAS SCREEN,2464,4565,1.892145578126213e-05
84942,3.0,5.07,3.0,3,KASHMIR FOLKART HEART DISHES,2464,4549,2.5997772577506505e-05
84962,3.0,179.85000000000002,2.0,2,SET/3 COLOUR PAINTED KASHMIRI STOOL,2464,3797,0.0009222286781192398
84967A,3.0,174.9,3.0,3,PINK KASHMIRI OCCASIONAL TABLE,2464,3806,0.0008968462374370587
85069,3.0,50.849999999999994,1.0,1,CREAM SWEETHEART DOUBLE SHELF,2464,4272,0.00026074689064422196
85070,3.0,320.0,3.0,3,ANT WHITE SWEETHEART TABLE W 3 DRAW,2464,3464,0.0016408850542015939
85192S,3.0,1.9500000000000002,2.0,2,HANGING SPRING FLOWER HEART SMALL,2464,4577,9.999143299040964e-06
90025B,3.0,11.290000000000001,3.0,3,BAROQUE BUTTERFLY EARRINGS RED,2464,4499,5.789247581854999e-05
90082C,3.0,19.93,3.0,3,DIAMANTE BOW BROOCH WHITE COLOUR,2464,4440,0.00010219637228199302
90091,3.0,2.55,2.0,2,CRYSTAL DRAGONFLY PHONE CHARM,2464,4572,1.307580277566895e-05
90126B,3.0,8.48,3.0,3,BLUE BERTIE MOBILE PHONE CHARM,2464,4518,4.348345393634224e-05
90189B,3.0,22.5,2.0,2,GOLD 2 STRAND NECKLACE-LEAF CHARMS,2464,4427,0.00011537473037354957
18098A,2.0,5.9,2.0,2,PINK PORCELAIN B'FLY OIL BURNER,2465,4537,3.0253818186841886e-05
20822,2.0,9.3,1.0,1,SILVER WINE GOBLET,2465,4511,4.768822188773383e-05
21225,2.0,2.5,2.0,2,POCKET MIRROR BUTTERFLY ,2465,4575,1.2819414485949952e-05
21290,2.0,2.5,1.0,1,LARGE SPOTTY CHOCOLATE GIFT BAG,2465,4575,1.2819414485949952e-05
21525,2.0,13.5,2.0,1,BEWARE OF THE CAT DOORMAT,2465,4482,6.922483822412974e-05
21852,2.0,13.9,2.0,2,EMPIRE TEDDY,2465,4477,7.127594454188173e-05
21857,2.0,10.23,2.0,2,STAR WARS TOP TRUMPS GAME,2465,4506,5.2457044076507204e-05
21858,2.0,10.23,2.0,2,HIGH SCHOOL MUSICAL 3 TOP TRUMPS ,2465,4506,5.2457044076507204e-05
23617,2.0,5.82,1.0,1,SET 10 CARDS SWIRLY XMAS TREE 17104,2465,4540,2.984359692329149e-05
23630,2.0,5.48,2.0,2,SET 10 CARDS HANGING BAUBLES 17080,2465,4541,2.8100156553202295e-05
23635,2.0,8.32,2.0,2,SET 10 CARDS CHRISTMAS HOLLY  17259,2465,4520,4.266301140924144e-05
23638,2.0,5.82,2.0,2,SET 10 CARDS ROBIN WATERPUMP  17096,2465,4540,2.984359692329149e-05
23649,2.0,4.98,2.0,2,SET 10 CARDS DECK THE HALLS 16960,2465,4552,2.5536273656012307e-05
23652,2.0,5.82,1.0,1,SET 10 CARD CHRISTMAS STAMPS 16963,2465,4540,2.984359692329149e-05
35001P,2.0,6.98,2.0,2,HAND OPEN SHAPE PINK,2465,4525,3.5791805244772266e-05
35821P,2.0,5.9,2.0,2,"JEWELLED DECORATION,PINK",2465,4537,3.0253818186841886e-05
35823P,2.0,5.9,2.0,2,"ACRYLIC BEAD GARLAND,PINK",2465,4537,3.0253818186841886e-05
35837,2.0,1.7,1.0,1,SET OF SIX SILVER+RED FLOCK BAUBLES,2465,4582,8.717201850445968e-06
37438,2.0,7.5,2.0,1,FUNKY FLOWER COFFEE POT,2465,4522,3.845824345784986e-05
71434B,2.0,5.1,2.0,2,"BLACK RND BULLET""KEEP CLEAN"" BIN",2465,4547,2.61516055513379e-05
72084B,2.0,3.9,1.0,1,CHOCOLATE ICE CREAM CANDLE,2465,4561,1.9998286598081927e-05
79303A,2.0,5.9,1.0,1,WHITE ROHMBIC BLOCK TABLE LAMP,2465,4537,3.0253818186841886e-05
82011E,2.0,7.5,2.0,1,"BATHROOM SCALES, FAG BREAK",2465,4522,3.845824345784986e-05
84205C,2.0,0.38,1.0,1,HAPPY BIRTHDAY GINGER CAT CARD,2465,4589,1.9485510018643928e-06
84255A,2.0,4.2,2.0,2,PINK GLASS COCKTAIL LAMP,2465,4559,2.153661633639592e-05
84630,2.0,15.9,1.0,1,FLOWERS AND BIRDS WALL PLAQUE,2465,4461,8.15314761306417e-05
84867B,2.0,27.14,1.0,1,BLUE BABY BOY'S PHOTO ALBUM,2465,4397,0.00013916756365947268
84868A,2.0,13.9,2.0,2,PINK BABY GIRL'S MEMORY BOX,2465,4477,7.127594454188173e-05
90000C,2.0,12.32,2.0,2,OPAL WHITE/SILVER FLOWER NECKLACE,2465,4494,6.317407458676137e-05
90013E,2.0,8.57,2.0,2,AMBER VINTAGE EARRINGS ,2465,4516,4.3944952857836435e-05
90025A,2.0,7.5,2.0,2,BAROQUE BUTTERFLY EARRINGS BLACK,2465,4522,3.845824345784986e-05
90068,2.0,15.0,2.0,2,"RUBY GLASS NECKLACE 42""",2465,4469,7.691648691569972e-05
90127B,2.0,2.5,2.0,2,BLUE BEADS+HAND PHONE CHARM,2465,4575,1.2819414485949952e-05
20683,1.0,3.25,1.0,1,RAIN GIRL CHILDS UMBRELLA,2466,4569,1.6665238831734938e-05
20721,1.0,0.85,1.0,1,OWLS CHARLOTTE BAG,2466,4588,4.358600925222984e-06
20737,1.0,1.7,1.0,1,RED MINI TAPE MEASURE ,2466,4582,8.717201850445968e-06
20739,1.0,8.65,1.0,1,*USB Office Glitter Lamp,2466,4515,4.4355174121386835e-05
20885,1.0,2.95,1.0,1,BOX OF 3 PEBBLE CANDLES,2466,4570,1.5126909093420943e-05
21008,1.0,2.51,1.0,1,ETCHED GLASS HEART TREE DECORATION,2466,4574,1.287069214389375e-05
21036,1.0,2.55,1.0,1,SET/2 TEA TOWELS MODERN VINTAGE,2466,4572,1.307580277566895e-05
21120,1.0,16.98,1.0,1,*Boombox Ipod Classic,2466,4456,8.706946318857208e-05
21406,1.0,8.65,1.0,1,SPOTTY CAT DOORSTOP ,2466,4515,4.4355174121386835e-05
21409,1.0,4.25,1.0,1,SPOTTY COCKEREL DOORSTOP,2466,4558,2.179300462611492e-05
21475,1.0,14.95,1.0,1,SWEETHEART CREAM STEEL FOLDIN CHAIR,2466,4470,7.666009862598072e-05
21585,1.0,1.65,1.0,1,SWALLOW SMALL TUBE MATCHES,2466,4585,8.460813560726969e-06
21767,1.0,29.95,1.0,1,FRENCH STYLE WIRE DOOR CABINET ,2466,4384,0.00015357658554168043
21772,1.0,12.75,1.0,1,VINTAGE METAL CAKE STAND CREAM ,2466,4489,6.537901387834476e-05
21838,1.0,5.45,1.0,1,DADDY MOUSE RED GINGHAM BOW TIE,2466,4543,2.7946323579370895e-05
21854,1.0,5.17,1.0,1,EURO FOOTBALL STARS TOP TRUMPS GAME,2466,4546,2.6510549156944502e-05
21860,1.0,5.17,1.0,1,DR WHO TOP TRUMPS GAME,2466,4546,2.6510549156944502e-05
22016,1.0,83.33,1.0,1,Dotcomgiftshop Gift Voucher £100.00,2466,4113,0.0004272967236456838
23602,1.0,2.91,1.0,1,SET 10 CARDS 3 WISE MEN 17107,2466,4571,1.4921798461645744e-05
23609,1.0,2.91,1.0,1,SET 10 CARDS SNOWY ROBIN 17099,2466,4571,1.4921798461645744e-05
23628,1.0,2.91,1.0,1,SET 10 CARDS TRIANGLE ICONS  17220,2466,4571,1.4921798461645744e-05
23643,1.0,3.33,1.0,1,SET 10 CARDS CHRISTMAS BAUBLE 16954,2466,4568,1.7075460095285335e-05
23664,1.0,1.65,1.0,1,FLOWER SHOP DESIGN MUG,2466,4585,8.460813560726969e-06
30086C,1.0,1.7,1.0,1,ASSORTED FRUIT STRAWS,2466,4582,8.717201850445968e-06
35818C,1.0,3.43,1.0,1,"ACRYLIC JEWEL ICICLE, CLEAR ",2466,4566,1.7588236674723336e-05
35930,1.0,0.38,1.0,1,PINK HEART CHRISTMAS DECORATION,2466,4589,1.9485510018643928e-06
35945,1.0,1.95,1.0,1,GOLD CHRISTMAS STOCKING DECORATION,2466,4578,9.999143299040964e-06
35950,1.0,1.25,1.0,1,FOLKART HEART CHRISTMAS DECORATIONS,2466,4587,6.409707242974976e-06
35974,1.0,3.75,1.0,1,S/6 CHRISTMAS TREE PLACE SETTING,2466,4564,1.922912172892493e-05
35976B,1.0,1.25,1.0,1,WHITE SCANDINAVIAN HEART CHRISTMAS,2466,4587,6.409707242974976e-06
35999,1.0,2.55,1.0,1,S/6 SCANDINAVIAN HEART T-LIGHT,2466,4572,1.307580277566895e-05
37451,1.0,4.95,1.0,1,CERAMIC CAKE TEAPOT WITH CHERRY,2466,4553,2.5382440682180907e-05
37484,1.0,6.75,1.0,1,ENGLISH ROSE TEA FOR ONE GIFT BOX,2466,4528,3.461241911206487e-05
45014,1.0,4.65,1.0,1,FOLDING SHIRT TIDY,2466,4555,2.3844110943866914e-05
46138D,1.0,1.95,1.0,1,GREEN CHENILLE SHAGGY C/COVER,2466,4578,9.999143299040964e-06
47554,1.0,2.55,1.0,1,S/3 COLOURS FLOCK TEA TOWELS,2466,4572,1.307580277566895e-05
47556,1.0,2.55,1.0,1,SET/2 SPOTTY + ROSE TEA TOWELS ,2466,4572,1.307580277566895e-05
47569,1.0,2.55,1.0,1,ENGLISH ROSE DESIGN SHOPPING BAG,2466,4572,1.307580277566895e-05
48173A,1.0,6.75,1.0,1,DOOR MAT BLUE FLOCK,2466,4528,3.461241911206487e-05
72740B,1.0,5.06,1.0,1,LARGE WHITE CHOCOLATE CANDLE,2466,4550,2.59464949195627e-05
72751A,1.0,5.95,1.0,1,"F.FAIRY S/3 SML CANDLE,LILY/VALLEY",2466,4536,3.0510206476560886e-05
72751B,1.0,5.95,1.0,1,"F.FAIRY S/3 SML CANDLE, LAVENDER",2466,4536,3.0510206476560886e-05
72751C,1.0,5.95,1.0,1,"F.FAIRY S/3 SML CANDLE, ROSE",2466,4536,3.0510206476560886e-05
72752A,1.0,4.25,1.0,1,"F.FAIRY,CANDLE IN GLASS,LILY/VALLEY",2466,4558,2.179300462611492e-05
72754D,1.0,1.69,1.0,1,F FAIRY POTPOURRI CUSHIONS SUMMER,2466,4583,8.665924192502168e-06
72796C,1.0,1.65,1.0,1,S/3 ROSE GARDEN SCENT SQU CANDLE,2466,4585,8.460813560726969e-06
79070B,1.0,11.26,1.0,1,ENGLISH ROSE SQUARE CAKE TINS,2466,4500,5.773864284471859e-05
79301,1.0,2.95,1.0,1,FEATHER HEART LIGHTS,2466,4570,1.5126909093420943e-05
84572,1.0,8.49,1.0,1,6 HOOK JEWEL STAND LILAC DRESS,2466,4517,4.353473159428604e-05
84626,1.0,45.95,1.0,1,CANDY STRIPE ROSE QUILT,2466,4302,0.00023562083825176013
84648,1.0,12.75,1.0,1,NEW BAROQUE WALL MIRROR,2466,4489,6.537901387834476e-05
84814A,1.0,1.95,1.0,1,HEXAGONAL CRYSTAL PERFUME BOTTLE,2466,4578,9.999143299040964e-06
84845A,1.0,1.25,1.0,1,HOLLYHOCK SQUARE HANDY TIN,2466,4587,6.409707242974976e-06
85024A,1.0,1.65,1.0,1,CRYSTAL SMALL JEWELLED PHOTOFRAME,2466,4585,8.460813560726969e-06
85043,1.0,4.95,1.0,1,RED HEART CANDY POP LIGHTS,2466,4553,2.5382440682180907e-05
85077,1.0,5.95,1.0,1,KISSING REINDEER TABLE RUNNER,2466,4536,3.0510206476560886e-05
85123B,1.0,6.04,1.0,1,ZINC HANGING HEART T-LITE HLDR,2466,4535,3.0971705398055084e-05
85157,1.0,12.72,1.0,1,SET OF 2 CHESTS CHOCOLAT AU LAIT,2466,4490,6.522518090451336e-05
85171,1.0,2.55,1.0,1,S/2 HYACINTH BULB CANDLES,2466,4572,1.307580277566895e-05
85232C,1.0,4.95,1.0,1,RUSSIAN FOLKART STACKING TINS,2466,4553,2.5382440682180907e-05
90004A,1.0,3.75,1.0,1,JADE GREEN PAIR ENAMEL HAIR SLIDES,2466,4564,1.922912172892493e-05
90142B,1.0,5.09,1.0,1,IVORY PENDANT SHELL NECKLACE,2466,4548,2.61003278933941e-05
90142C,1.0,5.09,1.0,1,ROSE PINK PENDANT SHELL NECKLACE,2466,4548,2.61003278933941e-05
